date,year,day_of_year,tmax,tmin,night_temp,temp,humidity,wind,radiation,utci_c
1995-01-01,1995,1,26.448,11.048,13.259111,25.8605,23.199123,1.0016708,679.5,31.3
1995-01-02,1995,2,26.498,10.148,13.131333,25.998,25.870317,1.7022216,679.75,30.9
1995-01-03,1995,3,25.348,10.598,13.609111,24.798,37.418068,1.9733838,667.5,29.8
1995-01-04,1995,4,24.998,12.848,14.725778,24.710499,24.346241,2.910035,677.0,28.1
1995-01-05,1995,5,26.348,12.498,14.247999,25.522999,28.667809,3.4812815,678.0,28.3
1995-01-06,1995,6,27.748,15.748,16.653557,26.810501,35.483356,3.3351903,664.0,29.9
1995-01-07,1995,7,24.648,16.848,18.60911,24.248,55.00195,3.1331787,517.25,27.0
1995-01-08,1995,8,21.598,14.398,15.686888,21.2355,63.00061,3.5441833,355.25,21.8
1995-01-09,1995,9,22.498,9.448,11.925777,22.098,27.067188,1.1308577,692.25,28.5
1995-01-10,1995,10,23.448,10.848,12.364666,23.023,31.993212,3.3302279,658.5,25.9
1995-01-11,1995,11,23.898,13.298,13.970222,23.460499,36.83822,3.1449459,672.0,26.8
1995-01-12,1995,12,22.998,11.598,13.003555,22.4355,31.244444,3.4152346,699.0,25.5
1995-01-13,1995,13,23.798,10.398,11.986889,23.223,31.880362,2.680396,693.0,27.4
1995-01-14,1995,14,25.348,11.848,13.725778,24.548,31.565775,1.257532,692.75,30.4
1995-01-15,1995,15,24.248,12.548,14.353557,23.5355,39.832203,2.3893235,645.25,27.9
1995-01-16,1995,16,25.298,13.048,14.898,24.4105,38.419426,3.2305372,700.5,28.0
1995-01-17,1995,17,24.598,14.148,15.542445,23.8105,28.997765,4.9173217,719.5,25.0
1995-01-18,1995,18,24.498,13.148,14.575779,23.598,30.610195,3.3012767,718.75,27.0
1995-01-19,1995,19,25.798,11.448,13.186889,24.998001,30.629322,0.62194467,711.5,31.4
1995-01-20,1995,20,26.548,11.248,13.953556,25.723,22.405184,1.3231792,713.5,31.3
1995-01-21,1995,21,27.448,12.448,15.142445,26.585499,27.951935,0.80106807,713.0,32.5
1995-01-22,1995,22,27.898,14.148,16.08689,27.272999,24.834602,2.5238574,719.25,31.5
1995-01-23,1995,23,27.048,13.098,14.864666,26.310501,19.033361,0.98286164,732.0,32.0
1995-01-24,1995,24,27.698,11.998,13.936889,26.923,23.614141,0.9169761,721.25,32.6
1995-01-25,1995,25,28.098,13.148,15.6368885,27.423,40.55578,0.71022063,681.75,33.6
1995-01-26,1995,26,29.398,15.148,17.320223,28.935501,24.20032,1.4178281,721.5,34.1
1995-01-27,1995,27,29.898,15.898,17.470222,29.173,23.520754,1.1548237,728.0,34.5
1995-01-28,1995,28,30.098,15.648,17.686888,29.398,24.389423,1.1681428,731.0,34.8
1995-01-29,1995,29,29.898,15.948,18.131334,29.248,22.564064,1.2301505,738.0,34.6
1995-01-30,1995,30,29.498,16.248,18.003555,28.973,24.094568,0.93443537,739.5,34.6
1995-01-31,1995,31,29.948,16.648,18.148,29.310501,24.99147,1.3072543,740.5,34.7
1995-02-01,1995,32,30.148,16.148,18.142445,29.498001,25.907475,1.635208,743.0,34.8
1995-02-02,1995,33,30.198,16.448,18.220222,29.6605,24.178905,1.2513354,749.75,35.1
1995-02-03,1995,34,29.198,15.598,17.986889,28.548,26.03998,1.6763908,755.0,33.9
1995-02-04,1995,35,29.898,15.898,17.748,29.060501,30.85362,2.3787534,748.0,33.9
1995-02-05,1995,36,29.998,17.648,19.020222,29.3105,20.523151,4.2860794,765.75,32.0
1995-02-06,1995,37,29.998,17.498,18.925777,29.2855,19.116566,4.3147507,763.75,31.9
1995-02-07,1995,38,30.948,17.548,19.159111,30.1105,21.278744,3.0651932,760.75,34.0
1995-02-08,1995,39,31.948,16.498,18.503555,30.9855,23.485031,0.9849008,765.0,36.6
1995-02-09,1995,40,32.698,15.698,18.325779,31.898003,21.057587,2.3174222,766.5,36.6
1995-02-10,1995,41,32.648003,16.598,19.35911,31.760502,23.071426,1.8172938,782.5,37.1
1995-02-11,1995,42,30.898,14.998,17.55911,29.948,31.43824,1.7038134,773.0,35.6
1995-02-12,1995,43,29.648,17.248,19.381332,28.773,40.461853,2.3439078,769.75,34.2
1995-02-13,1995,44,28.948,17.598,19.398,28.048,32.695904,3.4800308,769.75,31.8
1995-02-14,1995,45,26.798,16.198,18.681334,26.273,35.908306,3.1257951,707.25,30.0
1995-02-15,1995,46,27.698,15.298,16.286888,27.1105,25.706018,1.8274082,794.75,32.8
1995-02-16,1995,47,28.548,12.448,15.214667,28.073,15.269066,0.43901557,818.75,34.0
1995-02-17,1995,48,28.548,11.848,14.964667,27.898,19.936506,2.2007911,811.5,33.1
1995-02-18,1995,49,29.548,14.198,15.964667,28.673,31.420502,2.2177873,800.25,34.1
1995-02-19,1995,50,30.398,15.048,17.536888,29.7605,17.826029,3.2809784,809.5,33.7
1995-02-20,1995,51,30.148,15.898,18.620222,29.5355,19.702621,1.8289821,815.0,35.0
1995-02-21,1995,52,30.048,15.798,18.009111,29.548,19.428633,1.8742857,756.25,34.5
1995-02-22,1995,53,27.398,16.598,17.870222,26.810501,33.688023,4.5100546,812.5,29.7
1995-02-23,1995,54,26.548,12.848,15.503555,25.873001,20.044285,1.5690117,844.5,32.2
1995-02-24,1995,55,28.798,14.198,15.848001,28.0105,17.49708,3.607443,838.75,31.9
1995-02-25,1995,56,30.348,15.948,17.664665,29.647999,18.15772,1.8175359,820.75,35.1
1995-02-26,1995,57,31.248,16.798,18.442444,30.373001,19.09552,1.2474701,826.25,36.2
1995-02-27,1995,58,28.448,16.698,18.386889,27.9105,26.533043,2.9956787,833.5,32.6
1995-02-28,1995,59,29.498,14.948,17.970222,28.8605,28.805416,1.5272143,812.5,34.9
1995-03-01,1995,60,30.298,17.648,19.831333,29.685501,24.892763,1.015436,792.5,35.6
1995-03-02,1995,61,30.648,17.948,19.892445,30.073,28.748753,1.9182072,825.5,35.9
1995-03-03,1995,62,30.498,18.398,20.286888,29.9105,24.427702,2.979973,832.75,34.6
1995-03-04,1995,63,30.448,17.698,20.520224,29.647999,20.86942,3.3297591,804.25,33.6
1995-03-05,1995,64,29.748,20.098,21.031334,29.248,22.903587,2.891426,808.25,33.7
1995-03-06,1995,65,28.348,17.548,19.581333,27.8105,36.5637,2.282962,751.25,33.0
1995-03-07,1995,66,29.898,17.998,19.259111,29.5105,22.091892,0.6415813,839.0,35.8
1995-03-08,1995,67,30.948,15.298,18.275778,30.573,19.587017,1.7834989,865.75,36.4
1995-03-09,1995,68,31.048,17.298,19.575779,30.648,16.423529,2.9848552,867.0,35.3
1995-03-10,1995,69,29.948,17.248,19.025778,29.473,14.605146,4.5592985,892.5,32.9
1995-03-11,1995,70,30.448,16.198,18.070223,29.7605,20.466375,4.0209455,887.0,33.7
1995-03-12,1995,71,32.098003,18.598,20.475777,31.260502,18.26118,5.1222734,871.0,34.4
1995-03-13,1995,72,33.198,21.098,22.58689,32.448,22.10749,3.0342996,805.25,36.9
1995-03-14,1995,73,34.998,23.048,24.303555,34.1605,22.68901,3.4704351,870.0,39.0
1995-03-15,1995,74,33.298,19.698,22.575779,32.5105,21.361162,3.1359951,876.0,37.4
1995-03-16,1995,75,32.448,20.148,21.970222,31.7355,34.894444,1.9621276,851.75,38.1
1995-03-17,1995,76,32.348003,19.398,21.959112,31.698002,25.074505,2.16828,889.0,37.6
1995-03-18,1995,77,33.098003,17.298,21.031334,32.460503,23.972506,1.4166787,857.25,38.6
1995-03-19,1995,78,33.848003,18.998,21.186888,32.948,27.312061,1.017508,888.0,39.7
1995-03-20,1995,79,34.798,19.098,22.114666,34.123,22.02435,2.0540185,892.0,40.2
1995-03-21,1995,80,36.198,20.048,23.075777,35.6105,19.189034,1.4804224,892.25,41.9
1995-03-22,1995,81,37.198,21.348,24.225777,36.673,21.065773,0.7378433,889.25,43.2
1995-03-23,1995,82,37.898003,22.098,24.93689,37.235504,19.1112,1.8789814,899.0,43.6
1995-03-24,1995,83,35.948,21.998,24.970222,34.835503,25.92796,2.5480697,876.75,40.7
1995-03-25,1995,84,34.598003,22.648,24.681334,33.898003,28.345215,3.0664287,835.75,39.0
1995-03-26,1995,85,32.398003,19.448,22.470222,31.8355,27.35327,2.155513,894.5,37.9
1995-03-27,1995,86,34.198,18.398,21.198,33.723,20.630352,1.3904681,902.75,40.1
1995-03-28,1995,87,35.598003,21.648,23.770224,34.673,20.970728,3.3996704,894.75,39.8
1995-03-29,1995,88,35.248,21.198,23.409111,34.023003,24.173836,4.5192003,912.5,38.5
1995-03-30,1995,89,32.448,18.648,21.164665,31.7355,20.575218,2.1193726,928.0,37.8
1995-03-31,1995,90,32.798,19.048,21.131334,32.098,27.533344,0.8888043,907.25,39.0
1995-04-01,1995,91,34.048,20.298,22.320223,33.6605,17.843834,1.4579889,921.75,39.9
1995-04-02,1995,92,35.548,18.598,21.570223,34.835503,16.894062,1.4711179,929.25,41.1
1995-04-03,1995,93,37.098003,23.148,24.792444,36.5105,13.556991,3.539702,928.75,41.7
1995-04-04,1995,94,37.148003,22.548,25.103556,36.673,13.880843,1.3842366,932.5,42.8
1995-04-05,1995,95,37.548,19.048,22.670221,36.948,10.032778,1.958888,952.5,42.7
1995-04-06,1995,96,37.348003,19.098,22.542444,36.323,12.132266,2.7758644,946.5,41.9
1995-04-07,1995,97,36.648003,19.998,22.875778,35.598,14.472092,3.4630153,944.25,40.8
1995-04-08,1995,98,36.998,20.148,23.275778,35.948,18.914213,4.280608,932.0,40.9
1995-04-09,1995,99,35.798,21.548,24.181334,34.948,26.59254,2.9346843,889.0,40.7
1995-04-10,1995,100,35.448,21.598,24.453556,34.648003,26.928062,1.3035676,912.5,41.6
1995-04-11,1995,101,37.298,22.898,25.18689,36.673,17.306187,1.4215696,929.75,43.1
1995-04-12,1995,102,38.548,22.848,25.386889,38.1355,12.055441,2.6872325,943.0,43.9
1995-04-13,1995,103,38.648003,20.948,24.892445,38.148003,9.978677,2.0511422,952.5,44.0
1995-04-14,1995,104,35.548,20.898,23.603556,34.6105,16.42549,2.7400486,947.75,40.3
1995-04-15,1995,105,35.998,20.148,22.942444,34.7855,23.123291,3.2814581,929.0,40.3
1995-04-16,1995,106,36.198,21.048,24.220222,35.098003,25.01516,3.497165,886.25,40.3
1995-04-17,1995,107,35.598003,22.298,24.886889,33.898003,31.827612,1.5500603,808.25,40.2
1995-04-18,1995,108,37.948,21.648,24.68689,37.3855,22.317762,1.3261089,896.0,44.1
1995-04-19,1995,109,39.148003,24.998,27.653555,38.598003,18.350044,1.6220319,877.75,45.0
1995-04-20,1995,110,39.098003,25.448,27.236889,38.523003,16.550806,2.1931326,929.5,44.9
1995-04-21,1995,111,39.248,22.948,26.420221,38.6855,16.271551,1.8093144,933.25,45.2
1995-04-22,1995,112,38.998,24.198,26.448,38.298004,16.692688,2.1371055,935.0,44.7
1995-04-23,1995,113,38.698,23.198,25.864666,37.9105,19.769579,2.9692605,940.75,44.1
1995-04-24,1995,114,39.348003,25.348,27.30911,38.960503,20.92318,2.8217578,841.25,44.8
1995-04-25,1995,115,38.748,26.248,28.098,38.248,14.820866,3.5715764,916.25,43.7
1995-04-26,1995,116,39.098003,24.748,27.681332,38.3105,22.318426,3.2706597,932.5,44.5
1995-04-27,1995,117,40.298,26.648,28.653555,39.7855,21.15306,2.6247122,898.0,46.3
1995-04-28,1995,118,40.348003,27.398,29.375776,39.6355,24.348225,1.8530347,859.0,46.5
1995-04-29,1995,119,40.298,27.798,29.386889,39.7855,18.034763,2.6225667,891.5,46.1
1995-04-30,1995,120,39.898003,26.698,27.970222,39.473003,17.468176,2.9463418,930.0,45.8
1995-05-01,1995,121,39.798,26.298,28.114666,39.123,17.711487,3.140305,932.0,45.3
1995-05-02,1995,122,39.598003,25.648,27.803555,38.898003,21.040226,1.3532773,911.75,45.8
1995-05-03,1995,123,40.648003,26.748,28.970222,40.2355,15.643703,1.3195755,885.0,46.6
1995-05-04,1995,124,41.098003,26.098,28.042444,40.6855,11.623506,1.0726082,950.75,47.0
1995-05-05,1995,125,41.448,25.698,27.925777,40.6855,14.457154,3.2402964,931.0,46.8
1995-05-06,1995,126,42.398003,26.048,28.348,41.873,13.353616,3.4966898,911.5,47.9
1995-05-07,1995,127,43.198,28.098,30.003557,42.648003,11.748007,3.5187652,889.5,48.5
1995-05-08,1995,128,42.648003,26.448,30.242445,41.648003,14.877916,2.3762333,931.5,48.3
1995-05-09,1995,129,42.648003,26.348,29.492445,41.1355,16.552092,4.5050707,919.75,47.1
1995-05-10,1995,130,43.198,27.948,30.153555,42.073,19.131344,3.912825,918.25,48.6
1995-05-11,1995,131,42.098003,27.048,29.270224,40.335503,24.997448,3.689612,920.5,46.9
1995-05-12,1995,132,41.998,26.948,28.653555,40.148003,27.00871,3.0388565,916.5,47.0
1995-05-13,1995,133,42.548,28.048,29.003557,40.923004,24.54332,2.4823828,911.0,48.1
1995-05-14,1995,134,41.848003,27.448,29.009111,40.5605,23.167137,3.19876,919.75,47.3
1995-05-15,1995,135,40.148003,27.448,28.831333,38.748,34.442028,4.7141848,895.5,44.7
1995-05-16,1995,136,39.748,25.298,27.464668,38.335503,28.479696,5.8375163,905.25,43.7
1995-05-17,1995,137,38.298,25.398,27.492445,36.9355,25.544735,6.292494,918.5,41.8
1995-05-18,1995,138,38.948,26.648,27.881334,37.423,30.542242,5.303454,855.25,42.3
1995-05-19,1995,139,37.448,25.748,27.420221,36.148003,32.55626,4.364978,898.0,41.4
1995-05-20,1995,140,37.048,26.198,27.60911,36.085503,33.09859,3.0563385,895.0,42.2
1995-05-21,1995,141,36.998,26.098,27.386889,35.748,35.320896,2.897204,802.0,41.4
1995-05-22,1995,142,37.448,24.798,26.83689,36.0105,29.189041,4.101378,928.0,41.5
1995-05-23,1995,143,37.548,25.098,26.909111,36.098,28.624819,2.552451,932.5,42.7
1995-05-24,1995,144,38.748,25.298,27.325779,37.460503,29.214561,2.2841432,915.0,44.4
1995-05-25,1995,145,40.298,25.648,27.914665,39.3855,22.23376,2.6137135,901.25,46.0
1995-05-26,1995,146,41.498,25.698,28.125778,41.110504,17.250065,2.2198324,862.0,47.5
1995-05-27,1995,147,42.898003,29.148,31.270224,42.4355,11.692252,2.2697794,919.75,48.8
1995-05-28,1995,148,43.098003,30.098,31.086891,42.610504,12.735711,4.0546694,915.5,48.6
1995-05-29,1995,149,43.598003,29.748,30.87578,42.973,11.740826,3.5765603,922.5,49.1
1995-05-30,1995,150,43.348003,29.498,30.975779,42.523003,12.105234,3.7525234,926.25,48.6
1995-05-31,1995,151,42.648003,27.198,29.831333,41.5605,13.24766,3.8856373,921.0,47.5
1995-06-01,1995,152,42.298,26.698,29.43689,41.198,16.229067,4.3601413,918.5,47.2
1995-06-02,1995,153,42.848003,26.798,29.614668,41.6355,20.452915,4.0701604,912.0,48.1
1995-06-03,1995,154,43.048,27.998,30.364668,41.923,20.80785,3.2658448,902.25,48.6
1995-06-04,1995,155,43.598003,28.398,30.425777,42.360504,18.329847,3.955154,901.75,48.8
1995-06-05,1995,156,42.948,27.748,29.67022,40.985504,21.287605,3.4491339,902.5,47.4
1995-06-06,1995,157,42.348003,26.598,28.703556,39.923,27.971634,4.2965393,901.25,46.1
1995-06-07,1995,158,41.548,26.448,28.620222,39.198,33.181038,4.323825,894.5,45.3
1995-06-08,1995,159,41.848003,26.998,28.95911,39.698,26.806437,4.680249,899.5,45.6
1995-06-09,1995,160,39.948,25.648,28.114666,38.198,27.758049,4.8302717,904.75,43.7
1995-06-10,1995,161,38.548,26.798,28.698002,37.048004,32.667866,5.3101606,828.25,41.7
1995-06-11,1995,162,39.198,27.848,29.298,37.398003,34.793625,3.855339,872.0,43.2
1995-06-12,1995,163,38.748,27.448,29.153555,37.598,35.32982,3.923488,877.25,43.5
1995-06-13,1995,164,39.148003,28.398,29.575779,38.1855,36.37241,3.6307075,863.25,44.4
1995-06-14,1995,165,40.648003,29.098,30.925777,39.4855,37.441654,1.0318912,831.25,47.5
1995-06-15,1995,166,39.848003,30.348,31.353556,39.298,39.120983,4.615634,807.25,45.2
1995-06-16,1995,167,38.748,28.948,30.098,38.210503,39.189255,4.379547,760.25,43.5
1995-06-17,1995,168,38.098003,29.548,31.51467,36.835503,43.244873,4.57049,658.25,41.2
1995-06-18,1995,169,37.448,28.798,30.681335,37.023003,39.25651,4.8229523,657.25,41.1
1995-06-19,1995,170,37.298,28.948,30.092445,36.7855,41.64808,5.1913915,695.5,41.0
1995-06-20,1995,171,37.198,28.448,29.870222,36.648003,39.493286,5.2730627,492.25,39.3
1995-06-21,1995,172,38.298,28.398,29.93689,37.248,35.8136,4.9497433,588.25,40.6
1995-06-22,1995,173,38.698,28.348,29.948002,37.035503,37.520416,3.8091083,731.75,42.0
1995-06-23,1995,174,37.648003,28.398,29.814667,36.748,39.85425,2.333894,803.0,43.4
1995-06-24,1995,175,39.198,28.848,30.298,38.273003,39.181175,3.1290176,844.0,44.9
1995-06-25,1995,176,39.048,28.598,30.264666,37.873,38.153107,2.987986,752.5,43.8
1995-06-26,1995,177,40.098003,28.498,30.242445,38.735504,33.693497,3.7164032,871.5,44.9
1995-06-27,1995,178,39.848003,28.398,29.981333,38.485504,36.596592,3.515668,841.25,44.7
1995-06-28,1995,179,40.148003,28.748,30.370222,38.398003,35.66539,3.3575377,798.75,44.3
1995-06-29,1995,180,40.598003,28.948,30.570225,38.973,33.186672,3.704245,845.5,45.0
1995-06-30,1995,181,40.748,28.498,30.159111,38.573,34.28439,4.5942545,841.25,44.1
1995-07-01,1995,182,40.548,27.898,29.598001,38.823,32.830524,5.9903607,871.75,44.3
1995-07-02,1995,183,39.448,28.348,29.848,38.148003,32.14907,6.364404,689.75,42.2
1995-07-03,1995,184,39.748,28.148,29.87578,38.1855,32.76531,5.779564,741.0,42.6
1995-07-04,1995,185,38.798,28.198,29.714668,37.298,36.24138,5.001833,838.75,42.4
1995-07-05,1995,186,38.098003,27.548,29.259111,37.2605,34.640472,5.144943,859.0,42.3
1995-07-06,1995,187,38.248,27.998,29.45911,37.2605,35.579895,4.0928926,849.5,42.8
1995-07-07,1995,188,39.098003,28.948,29.970222,37.835503,35.02337,3.7902777,816.25,43.4
1995-07-08,1995,189,38.398003,29.298,30.009111,37.798,36.77347,4.468919,668.5,42.1
1995-07-09,1995,190,37.848003,28.498,29.131334,37.085503,43.483932,3.4265082,786.5,43.1
1995-07-10,1995,191,36.248,29.048,29.520224,35.273003,51.052116,2.9997184,555.5,40.2
1995-07-11,1995,192,35.398003,28.248,28.898,33.973003,54.794407,2.9178655,518.75,38.7
1995-07-12,1995,193,34.298,27.098,27.553555,33.7355,55.39197,4.0485096,536.5,37.6
1995-07-13,1995,194,34.298,26.898,27.564667,33.723,53.43534,4.877987,593.25,37.3
1995-07-14,1995,195,32.898003,27.048,27.398,31.035501,70.07691,4.4337454,474.25,34.6
1995-07-15,1995,196,33.098003,26.298,26.831333,31.973001,63.95722,3.316884,530.5,36.7
1995-07-16,1995,197,31.698,25.798,26.325779,29.7855,73.986565,4.279806,421.25,32.9
1995-07-17,1995,198,30.848,25.198,25.742443,29.773,73.54353,3.984276,341.0,32.5
1995-07-18,1995,199,32.198,26.048,26.520224,30.698,73.41295,3.6766815,431.0,34.8
1995-07-19,1995,200,30.248,26.048,26.503555,29.3855,75.50383,3.0703542,242.25,32.3
1995-07-20,1995,201,31.148,25.698,26.081333,30.435501,73.73782,4.1629677,550.0,34.9
1995-07-21,1995,202,27.498,25.298,25.914665,26.6355,89.384964,4.8875213,144.5,27.0
1995-07-22,1995,203,30.448,24.848,25.514668,30.0355,74.93749,3.8414695,478.25,34.2
1995-07-23,1995,204,31.548,25.948,26.792444,31.123001,65.67198,3.9931862,502.5,34.8
1995-07-24,1995,205,31.348,25.798,26.398,30.498001,72.26892,4.266355,527.75,34.6
1995-07-25,1995,206,27.498,25.298,25.848,27.248,88.47577,5.1507487,141.75,27.6
1995-07-26,1995,207,30.148,25.948,26.264668,29.298,74.17015,5.0432863,406.75,31.5
1995-07-27,1995,208,31.798,25.498,25.709112,30.723,68.54525,4.12905,532.25,34.7
1995-07-28,1995,209,30.998,25.198,25.748,29.9105,78.13488,2.6874943,445.5,35.4
1995-07-29,1995,210,29.998,25.098,25.992445,29.460499,78.44223,2.7377334,343.0,33.9
1995-07-30,1995,211,29.048,24.848,25.514668,27.810501,88.81468,1.837461,205.0,32.7
1995-07-31,1995,212,30.548,24.598,25.35911,29.923,77.5266,2.0385845,408.0,35.8
1995-08-01,1995,213,30.798,25.648,26.08689,30.3105,74.7406,2.952798,434.0,35.2
1995-08-02,1995,214,31.748,26.048,26.470222,31.185501,64.28273,5.275096,544.25,34.2
1995-08-03,1995,215,31.598,25.848,26.598,31.3105,64.33736,5.573619,488.25,33.9
1995-08-04,1995,216,31.498,26.298,27.036888,31.2855,64.28987,5.2588806,452.25,33.7
1995-08-05,1995,217,31.548,25.498,26.764668,30.998,65.869675,5.09827,567.5,34.3
1995-08-06,1995,218,31.498,25.698,26.731333,31.1605,63.73592,5.302694,481.25,33.7
1995-08-07,1995,219,31.848,26.348,26.892445,31.272999,62.670444,6.1157126,449.75,33.2
1995-08-08,1995,220,32.298,26.248,26.931334,31.398,61.740875,5.2546663,418.5,33.4
1995-08-09,1995,221,31.548,25.448,26.648,31.147999,61.34326,3.877678,458.75,34.3
1995-08-10,1995,222,31.648,25.498,26.675777,31.223,63.20034,2.9615226,609.5,36.6
1995-08-11,1995,223,32.198,26.248,26.920221,31.7105,60.905937,3.4580555,617.25,36.5
1995-08-12,1995,224,32.248,25.648,26.870222,31.6355,60.225597,5.2964664,646.0,35.2
1995-08-13,1995,225,32.148003,25.598,26.55911,31.5355,56.785515,7.810115,492.5,33.2
1995-08-14,1995,226,32.098003,25.998,26.598,31.8605,56.564636,7.122763,385.5,32.9
1995-08-15,1995,227,31.848,26.048,26.725777,31.173,61.15817,5.0238366,384.75,32.9
1995-08-16,1995,228,31.748,25.848,26.58689,31.073,59.948704,4.129574,458.75,33.8
1995-08-17,1995,229,32.098003,24.748,26.370222,31.3605,57.822502,2.998561,560.75,35.9
1995-08-18,1995,230,32.198,25.548,26.709112,31.7355,58.471718,3.1894612,638.0,36.8
1995-08-19,1995,231,31.748,25.698,26.614666,31.272999,59.129215,3.5510461,573.75,35.4
1995-08-20,1995,232,31.748,25.898,26.831333,31.298,63.50026,4.1622744,574.25,35.2
1995-08-21,1995,233,32.598003,25.498,26.775778,32.148003,55.05863,4.366067,589.75,35.6
1995-08-22,1995,234,32.748,25.598,27.175777,32.085503,56.63879,3.4330654,604.5,36.6
1995-08-23,1995,235,33.298,26.248,27.603556,32.6105,53.663395,2.646307,693.75,38.4
1995-08-24,1995,236,32.298,26.298,27.381334,31.798,59.83404,1.6994209,539.0,37.7
1995-08-25,1995,237,31.948,25.598,26.85911,31.573,58.37365,2.2736647,396.25,35.6
1995-08-26,1995,238,31.248,26.648,27.425777,30.810501,62.020485,3.4261794,412.5,33.9
1995-08-27,1995,239,31.698,25.598,26.031334,31.073,63.232807,3.0415885,404.25,34.7
1995-08-28,1995,240,31.698,25.298,26.342445,31.0355,67.95207,3.6589422,538.5,35.5
1995-08-29,1995,241,30.748,26.348,27.05911,30.0105,69.65555,2.3850007,301.0,33.8
1995-08-30,1995,242,32.748,26.098,26.83689,32.298,62.747585,1.8540928,636.5,39.2
1995-08-31,1995,243,33.648003,26.398,27.231333,33.223,57.20243,2.5524158,676.75,39.4
1995-09-01,1995,244,34.448,25.798,26.581333,33.2855,61.45671,2.5754714,677.0,39.9
1995-09-02,1995,245,30.998,25.648,26.914665,29.522999,79.15933,2.7338777,408.25,34.6
1995-09-03,1995,246,29.298,25.598,26.720222,27.810501,85.28483,3.3612504,271.0,31.0
1995-09-04,1995,247,33.298,25.198,26.292444,32.073,48.726875,4.4338684,730.5,36.0
1995-09-05,1995,248,32.698,23.748,25.125778,31.4605,51.316124,2.6465921,655.25,36.6
1995-09-06,1995,249,31.548,23.098,24.986889,31.2355,56.58929,2.1135435,727.0,37.8
1995-09-07,1995,250,31.848,24.348,25.253555,31.323,61.45123,2.0490165,640.5,37.7
1995-09-08,1995,251,32.548,24.748,25.698,31.9105,52.915344,3.0405893,723.5,37.3
1995-09-09,1995,252,32.398003,24.648,25.864666,31.9855,56.799637,2.461959,756.25,38.6
1995-09-10,1995,253,32.898003,24.748,25.898,32.473,57.406036,1.1678035,730.5,40.2
1995-09-11,1995,254,33.898003,24.348,25.909111,33.348003,52.462025,0.94355464,784.25,41.3
1995-09-12,1995,255,35.398003,26.748,27.198,35.085503,45.847233,1.9248993,754.25,41.9
1995-09-13,1995,256,35.848003,25.698,27.203556,35.573,43.51976,2.5071802,695.5,41.3
1995-09-14,1995,257,36.498,27.398,27.859112,35.923004,40.711678,2.319349,790.5,42.4
1995-09-15,1995,258,36.348003,26.148,27.664665,35.535503,42.002243,2.4629817,818.5,42.1
1995-09-16,1995,259,36.798,25.898,27.514668,35.948,41.114754,1.9848568,821.5,42.9
1995-09-17,1995,260,37.398003,27.098,28.420221,36.8105,36.540543,2.5432947,813.25,43.1
1995-09-18,1995,261,38.048,27.398,28.464668,37.273003,31.902662,4.2231536,820.25,42.4
1995-09-19,1995,262,37.648003,25.548,26.931334,36.485504,28.97396,2.8056912,817.75,42.2
1995-09-20,1995,263,36.748,24.048,26.259111,35.348003,32.509804,2.976223,827.5,40.9
1995-09-21,1995,264,35.898003,23.998,26.259111,34.548,39.518234,3.0023956,806.0,40.2
1995-09-22,1995,265,35.498,25.398,26.692444,34.1355,41.78429,2.9109192,797.0,39.9
1995-09-23,1995,266,35.048,25.398,26.703556,34.123,41.90334,3.2043056,752.5,39.3
1995-09-24,1995,267,34.698,25.848,27.159111,34.0105,41.13965,2.3961809,740.25,39.7
1995-09-25,1995,268,34.398003,25.798,26.953556,33.660503,50.820824,2.2788844,601.0,39.1
1995-09-26,1995,269,34.698,25.598,27.30911,34.3105,49.117744,0.8312447,716.5,41.7
1995-09-27,1995,270,35.698,25.748,27.536888,35.085503,45.396538,0.7795117,729.0,42.3
1995-09-28,1995,271,35.898003,25.948,27.603556,35.473003,43.149086,2.3119144,720.0,41.5
1995-09-29,1995,272,36.098003,26.698,27.848,35.523003,44.487724,1.5277566,737.5,42.4
1995-09-30,1995,273,35.398003,27.048,28.020224,35.123,44.608356,1.6929454,684.0,41.5
1995-10-01,1995,274,36.798,26.548,28.042444,36.423,40.987602,0.50363344,730.75,43.5
1995-10-02,1995,275,37.398003,26.798,28.242445,36.973,38.55322,0.43162328,718.25,43.8
1995-10-03,1995,276,37.148003,26.898,28.153557,36.8855,38.595665,1.3671782,693.75,43.3
1995-10-04,1995,277,36.598003,27.598,28.392445,36.073,41.894566,2.2395124,741.0,42.4
1995-10-05,1995,278,36.098003,26.298,27.831333,35.698,35.23133,1.4447848,686.5,41.6
1995-10-06,1995,279,36.398003,25.698,27.820223,36.110504,30.856552,0.5935279,638.0,41.5
1995-10-07,1995,280,36.848003,25.198,27.342445,36.7855,26.634747,1.1782892,580.0,41.5
1995-10-08,1995,281,38.048,24.998,27.075777,37.6855,24.851814,2.252803,741.5,43.2
1995-10-09,1995,282,38.198,26.148,27.898,37.835503,23.068104,3.687221,721.0,42.3
1995-10-10,1995,283,37.348003,25.898,27.442444,37.048004,25.20797,4.787327,788.75,41.3
1995-10-11,1995,284,36.598003,28.248,28.731333,36.085503,35.28985,3.8104408,621.5,39.9
1995-10-12,1995,285,37.248,28.148,29.220222,36.898003,37.319183,4.2304335,653.75,41.0
1995-10-13,1995,286,36.998,27.048,28.548,36.698,40.92919,3.1300485,658.75,41.7
1995-10-14,1995,287,31.748,25.498,25.864666,30.423,67.05209,1.7752266,425.5,35.8
1995-10-15,1995,288,32.748,25.448,26.414665,31.7355,56.44429,1.7542341,540.75,37.3
1995-10-16,1995,289,32.048,25.298,25.975777,31.3355,61.497253,0.84128606,513.5,37.8
1995-10-17,1995,290,33.448,24.848,25.842445,33.023003,54.37237,0.63969845,662.75,40.3
1995-10-18,1995,291,35.098003,25.748,26.748,34.660503,41.603436,2.2515507,614.75,39.7
1995-10-19,1995,292,36.198,23.298,25.10911,35.898003,26.809238,1.651739,701.5,41.2
1995-10-20,1995,293,36.398003,21.798,24.698,36.1605,23.715075,2.3159246,708.0,41.0
1995-10-21,1995,294,35.998,22.948,25.142445,35.8105,25.234451,1.6725229,578.25,40.1
1995-10-22,1995,295,36.898003,24.248,25.803555,36.6355,21.894466,3.408413,749.5,41.1
1995-10-23,1995,296,36.248,24.998,26.398,35.973,24.516157,4.2627683,738.75,39.8
1995-10-24,1995,297,35.798,23.598,25.298,35.5105,19.915722,3.1188912,752.5,39.9
1995-10-25,1995,298,35.698,21.898,23.898,35.3855,16.584698,3.3771062,757.25,39.4
1995-10-26,1995,299,36.448,22.548,24.014668,36.148003,17.433762,3.6555078,746.75,40.1
1995-10-27,1995,300,36.448,23.348,24.642445,36.210503,19.329527,2.2965298,730.75,41.0
1995-10-28,1995,301,36.398003,23.148,24.675777,36.1855,21.854614,1.7739556,717.75,41.3
1995-10-29,1995,302,35.948,23.898,25.170221,35.798004,21.563765,2.1492755,683.75,40.4
1995-10-30,1995,303,35.198,23.248,24.448,34.948,21.403336,1.5222366,647.5,39.4
1995-10-31,1995,304,34.248,22.448,24.042444,33.973,24.627674,2.7509737,716.25,38.3
1995-11-01,1995,305,33.448,21.898,23.236889,33.1855,22.464554,2.970859,726.25,37.2
1995-11-02,1995,306,33.048,19.598,21.464668,32.710503,14.59459,2.6031885,744.25,36.8
1995-11-03,1995,307,33.098003,18.148,19.964668,32.798004,17.239388,2.519722,735.5,37.0
1995-11-04,1995,308,33.098003,17.598,19.259111,32.860504,19.043922,0.6443066,729.0,37.8
1995-11-05,1995,309,33.048,17.798,19.270222,32.7605,19.35347,1.6869979,722.5,37.5
1995-11-06,1995,310,33.198,19.398,20.459112,32.898003,18.841064,2.4217532,717.25,37.1
1995-11-07,1995,311,32.648003,19.998,21.325777,32.4355,19.262066,3.6122406,714.75,35.7
1995-11-08,1995,312,32.298,19.998,21.581333,31.998001,23.504993,3.194639,706.0,35.6
1995-11-09,1995,313,31.998,19.398,21.131334,31.698,26.110907,2.8814604,700.5,35.6
1995-11-10,1995,314,31.448,19.098,20.831333,31.173,26.657156,1.19402,699.75,36.4
1995-11-11,1995,315,32.348003,17.198,19.598,32.048004,23.070616,1.299375,705.25,37.0
1995-11-12,1995,316,32.748,18.348,20.181334,32.4105,19.280998,0.8970511,708.0,37.2
1995-11-13,1995,317,32.498,16.548,19.192444,32.1605,19.391365,0.9446455,710.75,37.0
1995-11-14,1995,318,32.598003,17.398,19.675777,32.2855,20.772766,1.9021219,700.5,36.8
1995-11-15,1995,319,32.548,17.648,19.55911,32.2355,19.502708,1.4772834,703.5,36.9
1995-11-16,1995,320,32.248,16.448,18.198,31.9855,21.101387,1.5824395,699.5,36.7
1995-11-17,1995,321,31.698,16.748,18.648,31.4605,22.516567,0.75395787,692.75,36.4
1995-11-18,1995,322,32.248,17.498,19.398,31.960503,20.542948,2.4630418,688.25,35.9
1995-11-19,1995,323,31.298,18.798,19.55911,31.048,21.82119,3.118607,685.5,34.4
1995-11-20,1995,324,31.148,17.798,18.736889,30.873001,20.03477,2.5276952,687.5,34.7
1995-11-21,1995,325,30.948,17.348,18.742445,30.6355,21.613232,1.5728347,683.75,35.2
1995-11-22,1995,326,31.098,17.198,19.031334,30.723,23.681614,1.2875891,662.0,35.4
1995-11-23,1995,327,31.698,18.948,20.759111,31.123001,26.05122,2.3555148,592.5,34.6
1995-11-24,1995,328,31.348,21.948,22.470222,30.8605,32.19596,2.3960981,598.25,34.6
1995-11-25,1995,329,30.448,20.748,21.881334,30.048,28.62062,2.022771,626.0,34.1
1995-11-26,1995,330,30.848,18.148,19.920221,30.5605,26.736065,1.3101857,650.0,35.3
1995-11-27,1995,331,30.548,17.348,19.636889,30.2605,25.189306,1.022995,624.75,34.8
1995-11-28,1995,332,29.498,18.298,19.331333,29.1105,32.75283,2.165965,606.75,33.1
1995-11-29,1995,333,29.648,17.548,19.203556,29.348,30.940111,1.6312628,652.0,34.1
1995-11-30,1995,334,29.198,17.298,19.014668,28.8355,28.629234,1.9624023,650.75,33.2
1995-12-01,1995,335,28.448,16.798,18.025778,27.9105,29.04883,2.6787488,646.25,31.4
1995-12-02,1995,336,28.248,15.948,17.270224,27.748,27.667805,1.532685,653.25,32.5
1995-12-03,1995,337,27.998,14.898,16.653557,27.585499,26.750357,1.3204912,651.25,32.5
1995-12-04,1995,338,28.398,14.998,16.792444,27.9605,25.831884,2.1302845,651.0,32.0
1995-12-05,1995,339,28.898,15.298,16.68689,28.4605,19.213905,2.3748686,657.0,32.1
1995-12-06,1995,340,29.848,14.698,16.614666,29.3105,17.599493,2.5369558,651.5,32.7
1995-12-07,1995,341,30.548,16.198,17.68689,30.0105,19.236683,2.1990528,646.5,33.7
1995-12-08,1995,342,30.848,16.898,18.486889,30.335499,21.766994,1.751611,635.5,34.4
1995-12-09,1995,343,30.648,16.498,18.448,30.123001,24.59377,0.62070906,645.5,34.9
1995-12-10,1995,344,29.798,15.997999,18.331333,29.460499,26.03499,1.8272684,639.0,33.7
1995-12-11,1995,345,29.798,16.698,18.58689,29.398,29.28434,2.2875826,632.0,33.3
1995-12-12,1995,346,30.198,17.798,19.275778,29.7355,29.459938,2.2384481,635.25,33.7
1995-12-13,1995,347,30.448,17.598,19.053555,29.9105,30.35862,1.4548712,635.25,34.6
1995-12-14,1995,348,30.848,16.948,19.025778,30.3605,28.122648,1.4913421,637.0,34.9
1995-12-15,1995,349,30.348,16.798,19.192444,29.960499,26.140247,1.7165408,630.25,34.2
1995-12-16,1995,350,30.298,17.498,19.575779,29.873001,32.744354,1.9573374,626.5,34.2
1995-12-17,1995,351,30.298,17.248,19.198,29.7355,26.401575,2.1455097,633.0,33.7
1995-12-18,1995,352,30.798,17.498,18.948,30.2605,29.63582,2.0093796,639.5,34.5
1995-12-19,1995,353,30.748,16.948,18.820223,30.198,28.94091,1.2116492,639.25,35.0
1995-12-20,1995,354,29.798,15.548,17.964668,29.398,30.59248,1.8037734,641.5,33.9
1995-12-21,1995,355,29.148,15.648,17.786888,28.810501,37.510246,0.82058877,627.0,34.2
1995-12-22,1995,356,29.048,17.298,18.920221,28.723,27.642841,1.9295588,633.75,32.9
1995-12-23,1995,357,27.698,16.198,18.05911,27.2855,32.801872,1.7410898,637.5,31.9
1995-12-24,1995,358,25.948,15.448,17.320223,25.573,36.199234,2.3823,621.75,29.5
1995-12-25,1995,359,25.498,15.098,16.553555,25.0605,32.376144,3.7255273,648.5,27.3
1995-12-26,1995,360,25.498,16.148,17.342445,24.835499,35.320007,4.7307835,649.0,25.9
1995-12-27,1995,361,27.398,15.997999,17.386889,26.6605,44.349556,3.2748682,620.0,29.8
1995-12-28,1995,362,28.548,18.448,19.542444,27.835499,45.8382,1.4910699,532.0,32.5
1995-12-29,1995,363,27.998,18.948,20.170221,27.560501,46.624413,3.0228493,535.75,30.5
1995-12-30,1995,364,27.348,18.298,19.775778,26.835499,50.13393,2.0934415,545.75,31.2
1995-12-31,1995,365,26.698,18.748,19.792444,26.273,53.248627,2.4528155,558.5,30.4
1996-01-01,1996,1,26.598,18.098,19.392445,26.023,48.477985,2.6207008,559.25,29.7
1996-01-02,1996,2,25.398,18.198,19.342445,24.923,54.97573,2.4513078,475.75,28.3
1996-01-03,1996,3,26.898,16.998,18.792444,26.323,46.315914,3.6988406,619.75,29.0
1996-01-04,1996,4,27.448,16.748,18.464666,26.6605,46.47042,3.7357786,620.0,29.3
1996-01-05,1996,5,28.148,18.148,19.598,27.397999,45.07541,1.7690651,630.75,32.6
1996-01-06,1996,6,27.448,18.198,19.292444,26.848,42.702724,2.2923694,600.0,31.0
1996-01-07,1996,7,27.248,17.798,18.820223,26.723,39.4647,3.2227142,630.75,29.8
1996-01-08,1996,8,28.648,16.848,18.353556,27.798,40.670284,2.6134331,666.0,32.1
1996-01-09,1996,9,28.748,18.098,19.031334,28.073,43.33851,1.3129591,651.25,33.8
1996-01-10,1996,10,28.048,15.997999,17.803555,27.573,25.285564,3.137458,689.25,30.8
1996-01-11,1996,11,27.798,15.248,16.803555,27.323,33.27241,2.9737847,678.0,30.9
1996-01-12,1996,12,28.698,15.548,17.114666,28.0105,32.624886,1.9683083,680.75,32.8
1996-01-13,1996,13,29.448,15.298,17.286888,28.823,28.45351,1.0290358,685.25,34.1
1996-01-14,1996,14,28.048,14.798,17.30911,27.3605,30.24538,2.7877982,687.25,31.1
1996-01-15,1996,15,25.398,17.798,19.33689,24.773,46.824432,4.8368673,488.0,24.7
1996-01-16,1996,16,22.998,12.048,14.448,22.085499,31.186077,2.1530886,717.5,27.4
1996-01-17,1996,17,24.148,10.798,12.975778,23.298,22.921335,1.841491,723.75,28.8
1996-01-18,1996,18,25.248,12.048,13.425777,24.448,27.636986,2.0706997,718.75,29.5
1996-01-19,1996,19,26.148,11.198,13.653556,25.323,28.037107,1.3416989,712.75,31.1
1996-01-20,1996,20,26.848,12.148,14.625778,26.073,22.926468,1.6913385,719.75,31.3
1996-01-21,1996,21,27.048,12.598,15.870222,26.423,33.88874,0.7965379,692.0,32.4
1996-01-22,1996,22,28.798,14.298,17.60911,28.0105,34.248913,1.2368097,701.0,33.7
1996-01-23,1996,23,29.698,16.548,18.464668,28.9855,29.974728,1.9489753,696.0,33.8
1996-01-24,1996,24,29.798,18.198,19.531334,28.873,27.386494,3.1642787,707.5,32.4
1996-01-25,1996,25,29.948,16.548,18.492445,29.3605,28.14874,2.0312433,702.75,34.0
1996-01-26,1996,26,29.048,16.248,18.270224,28.4855,27.752012,1.7425857,716.75,33.6
1996-01-27,1996,27,29.048,15.748,17.903557,28.4855,23.771744,2.5452228,718.75,32.6
1996-01-28,1996,28,29.698,16.548,18.192444,28.798,30.048107,2.0291538,721.0,33.7
1996-01-29,1996,29,29.048,16.648,17.786888,28.1605,28.590637,3.7033355,734.5,31.3
1996-01-30,1996,30,28.498,15.448,16.742445,27.6605,19.095108,2.748878,755.25,31.8
1996-01-31,1996,31,28.598,12.598,14.7202215,27.6855,18.421574,1.816035,766.25,32.9
1996-02-01,1996,32,28.948,12.448,15.225778,28.048,21.94354,1.6087395,765.0,33.5
1996-02-02,1996,33,29.948,14.148,16.120222,29.0605,23.259329,3.3865457,757.0,32.6
1996-02-03,1996,34,30.348,16.748,18.425777,29.323,21.325783,3.5337756,763.25,32.7
1996-02-04,1996,35,31.248,16.848,18.409111,30.223,21.295214,1.582243,765.0,35.5
1996-02-05,1996,36,31.598,16.248,17.903557,30.823,18.254583,1.5150291,775.0,36.0
1996-02-06,1996,37,32.148003,16.448,18.081333,31.2355,17.2486,1.6560323,774.5,36.3
1996-02-07,1996,38,32.798,15.898,18.220222,32.1355,17.680706,1.9570143,767.5,37.0
1996-02-08,1996,39,29.748,16.198,18.464668,28.848,24.460062,1.9962496,772.25,34.0
1996-02-09,1996,40,29.398,14.098,17.481333,28.923,20.668243,2.4388747,775.0,33.5
1996-02-10,1996,41,28.098,12.948,16.614666,27.623001,17.536652,3.0662284,788.5,31.6
1996-02-11,1996,42,27.048,14.248,16.581333,26.248,24.833885,2.1188564,788.0,31.6
1996-02-12,1996,43,28.648,16.048,17.292444,27.810501,26.009705,3.0341773,785.25,32.0
1996-02-13,1996,44,29.498,14.898,16.992445,28.823,24.451225,0.97538495,792.0,34.9
1996-02-14,1996,45,29.998,14.048,16.948,29.435501,22.113274,2.7011104,797.75,34.0
1996-02-15,1996,46,29.798,16.148,18.264668,29.1605,27.222025,1.2518691,790.25,35.1
1996-02-16,1996,47,30.548,15.698,17.775778,29.7855,23.753296,2.470046,798.5,34.7
1996-02-17,1996,48,32.598003,17.848,19.370222,31.6605,23.778976,3.0750701,790.25,36.0
1996-02-18,1996,49,33.998,19.948,21.314667,32.823,25.061775,1.3446925,747.75,38.3
1996-02-19,1996,50,32.998,19.398,21.792444,32.198,15.3688755,1.8304126,815.0,37.3
1996-02-20,1996,51,32.448,18.048,20.659111,31.6105,20.126951,1.903991,807.25,36.9
1996-02-21,1996,52,32.848003,18.298,20.725777,31.710503,36.2423,1.791882,790.0,37.8
1996-02-22,1996,53,33.398003,18.948,21.548,32.273003,34.084446,2.2446728,794.25,37.9
1996-02-23,1996,54,32.298,20.198,22.042444,31.298,38.095573,2.649336,798.5,36.7
1996-02-24,1996,55,31.348,18.248,21.031334,30.2105,39.034027,3.2166896,721.5,34.3
1996-02-25,1996,56,29.098,18.448,20.770224,27.998,26.182419,3.4022365,788.25,31.8
1996-02-26,1996,57,26.898,14.398,17.114666,25.9855,22.643362,1.5314343,848.25,32.5
1996-02-27,1996,58,29.948,14.648,16.375778,29.1605,16.487299,1.911368,846.0,34.7
1996-02-28,1996,59,31.948,16.248,18.125778,31.073,19.445126,2.676756,847.75,36.0
1996-02-29,1996,60,34.148003,19.298,20.692444,32.998,21.518723,2.3378663,848.25,38.4
1996-03-01,1996,61,35.398003,18.398,21.492445,34.6355,20.398048,0.6750294,833.0,40.5
1996-03-02,1996,62,34.548,19.598,22.164665,33.648003,23.034515,1.5403572,840.0,39.6
1996-03-03,1996,63,32.698,18.048,20.942444,32.210503,20.068453,1.9957409,857.75,37.8
1996-03-04,1996,64,33.648003,17.998,20.33689,33.098,20.060913,3.6684527,846.5,37.4
1996-03-05,1996,65,34.298,19.998,21.564667,33.9105,18.882423,1.6381584,855.25,39.7
1996-03-06,1996,66,34.898003,19.398,21.58689,34.223003,18.183144,0.4704786,860.25,40.0
1996-03-07,1996,67,35.248,20.048,22.870222,34.460503,15.911313,1.5878041,860.0,40.1
1996-03-08,1996,68,36.448,19.898,22.259111,35.673,21.537098,1.2230271,857.0,41.9
1996-03-09,1996,69,37.848003,21.598,24.375778,37.1355,17.776672,0.91201377,854.0,43.1
1996-03-10,1996,70,38.448,23.848,25.764668,38.0355,18.335571,2.2754269,846.0,43.9
1996-03-11,1996,71,39.248,23.798,26.60911,38.8105,18.144081,2.0006514,854.5,44.9
1996-03-12,1996,72,38.398003,25.098,26.853556,38.023003,12.881107,3.7983794,871.25,42.9
1996-03-13,1996,73,37.948,22.648,24.581333,37.360504,15.547613,3.5310795,884.0,42.5
1996-03-14,1996,74,37.448,21.598,24.042444,36.973,11.771431,3.637824,881.5,41.7
1996-03-15,1996,75,36.148003,20.448,24.053555,35.823,17.02321,1.167413,663.25,40.2
1996-03-16,1996,76,34.298,24.248,25.431334,33.873,21.543814,4.4951205,701.5,36.7
1996-03-17,1996,77,33.948,23.498,25.170221,32.948,26.641003,1.5445462,820.5,39.0
1996-03-18,1996,78,33.398003,21.448,23.131334,32.6355,23.880646,3.7278264,883.0,37.2
1996-03-19,1996,79,32.848003,20.048,21.892445,32.235504,16.033237,3.4373832,904.5,36.9
1996-03-20,1996,80,33.948,17.498,21.120222,33.210503,18.92649,2.070734,901.75,39.1
1996-03-21,1996,81,35.348003,18.148,22.009111,34.598003,18.85937,2.2519183,891.5,40.4
1996-03-22,1996,82,36.398003,23.498,25.58689,35.598,25.513218,3.910447,873.75,40.6
1996-03-23,1996,83,36.498,23.398,25.375778,35.835503,17.697824,2.641273,896.75,41.5
1996-03-24,1996,84,37.748,22.698,24.909111,37.1105,15.611486,1.1598186,891.0,43.2
1996-03-25,1996,85,38.998,25.048,26.386889,38.1855,18.20829,3.6506524,894.5,43.7
1996-03-26,1996,86,38.698,22.398,26.114666,37.098,23.661238,3.8068192,905.75,42.6
1996-03-27,1996,87,39.448,24.098,26.725777,38.098003,21.06538,3.7315044,899.25,43.7
1996-03-28,1996,88,41.048,24.048,27.420221,39.373,16.542292,5.2549534,913.0,44.7
1996-03-29,1996,89,36.598003,24.048,26.681334,35.723003,14.023575,3.6953347,935.75,40.7
1996-03-30,1996,90,36.798,22.498,24.720222,36.023003,13.94507,2.3044538,928.5,41.8
1996-03-31,1996,91,35.898003,20.598,23.975777,35.223003,5.3953466,2.5515,969.5,40.2
1996-04-01,1996,92,36.298,19.348,22.581333,35.735504,6.1846724,1.3895376,959.75,41.0
1996-04-02,1996,93,37.098003,19.798,22.642445,36.485504,7.38659,1.2870438,957.0,41.9
1996-04-03,1996,94,37.948,19.598,23.492443,37.335503,8.562658,0.9666222,946.5,42.8
1996-04-04,1996,95,37.948,20.548,23.648,37.223003,12.295905,1.6467497,939.0,43.2
1996-04-05,1996,96,35.748,21.948,24.198,34.8105,23.153387,2.867469,919.0,40.6
1996-04-06,1996,97,37.298,21.798,24.592445,36.048,24.60584,3.2406254,901.0,41.7
1996-04-07,1996,98,37.948,23.598,25.692444,37.3105,13.0283165,4.3142867,929.25,42.2
1996-04-08,1996,99,37.498,20.898,23.125778,37.0355,9.0949745,3.681703,951.25,42.0
1996-04-09,1996,100,36.398003,18.898,22.425777,35.973003,5.124863,3.6221511,981.75,40.6
1996-04-10,1996,101,36.898003,17.598,21.881332,36.3605,11.465271,1.5674129,950.5,42.3
1996-04-11,1996,102,37.298,19.448,22.620222,36.798004,13.315395,0.73806256,940.25,42.8
1996-04-12,1996,103,38.098003,20.648,23.58689,37.373,14.514235,0.7196096,825.25,42.7
1996-04-13,1996,104,40.198,24.748,26.581333,39.5605,13.992785,2.3636127,929.0,45.8
1996-04-14,1996,105,40.348003,22.598,26.053555,39.710503,15.280784,1.5238619,924.0,46.2
1996-04-15,1996,106,40.448,23.948,27.292444,40.1605,9.10755,1.6202958,952.0,46.1
1996-04-16,1996,107,40.698,22.848,26.342445,39.823,12.724127,2.1286669,928.75,46.0
1996-04-17,1996,108,39.748,24.598,26.525778,38.8605,16.647327,4.2039037,913.25,44.3
1996-04-18,1996,109,37.998,23.648,26.292444,37.223,21.544044,3.268941,865.25,42.7
1996-04-19,1996,110,36.148003,23.098,25.542444,35.673004,24.721985,2.991978,881.75,41.3
1996-04-20,1996,111,35.648003,23.698,25.942444,35.323,23.796522,2.5248215,781.5,40.5
1996-04-21,1996,112,36.448,24.798,26.898,35.698,27.234236,2.742422,830.75,41.3
1996-04-22,1996,113,38.098003,24.298,26.475777,37.273003,23.845304,2.6781185,903.25,43.5
1996-04-23,1996,114,39.748,24.248,26.703556,38.898003,21.27827,2.5823314,925.75,45.5
1996-04-24,1996,115,40.848003,24.698,27.036888,40.0605,16.288603,3.415992,933.25,46.2
1996-04-25,1996,116,41.248,24.298,27.092445,39.923,23.159218,3.044676,925.75,46.6
1996-04-26,1996,117,41.798,23.998,27.159111,40.273003,21.25375,3.945561,923.25,46.5
1996-04-27,1996,118,41.298,25.498,27.631334,39.6355,27.382597,3.948265,917.25,45.9
1996-04-28,1996,119,40.448,25.048,27.120222,38.773003,27.582905,3.6838374,925.25,45.1
1996-04-29,1996,120,41.548,24.898,27.570223,39.7605,22.6917,2.98458,933.75,46.5
1996-04-30,1996,121,41.598003,23.748,27.159111,40.2855,17.128729,4.4152994,944.75,46.3
1996-05-01,1996,122,40.098003,22.948,26.136889,38.2855,20.269884,3.6795063,950.0,44.3
1996-05-02,1996,123,38.198,23.848,26.414665,36.8105,26.728573,3.0025382,931.0,43.1
1996-05-03,1996,124,39.098003,23.848,26.659111,37.6355,20.932528,2.7170048,944.75,44.0
1996-05-04,1996,125,40.598003,23.948,27.209112,39.460503,17.761284,3.3264449,940.5,45.7
1996-05-05,1996,126,41.298,25.648,28.014668,40.7355,9.372881,3.5198178,959.75,46.4
1996-05-06,1996,127,41.848003,22.748,25.792444,41.398003,6.1073146,1.8963319,974.5,47.2
1996-05-07,1996,128,42.398003,22.348,25.775778,41.723003,9.18979,1.4856164,956.25,47.9
1996-05-08,1996,129,43.248,24.748,27.442444,42.2605,12.269633,4.0295486,925.0,48.2
1996-05-09,1996,130,42.098003,25.448,27.525778,40.823,14.679418,5.409382,938.25,46.6
1996-05-10,1996,131,39.898003,25.048,27.398,38.6855,22.805397,5.675535,896.25,43.9
1996-05-11,1996,132,39.648003,25.298,27.492445,38.0105,29.409168,4.5944796,901.0,43.6
1996-05-12,1996,133,40.498,25.898,27.781334,38.5105,28.19503,4.478507,913.5,44.3
1996-05-13,1996,134,40.398003,25.298,27.220222,38.373,28.40163,4.617578,921.0,44.1
1996-05-14,1996,135,40.248,24.948,27.036888,38.3855,26.0459,5.18672,925.0,43.9
1996-05-15,1996,136,38.748,24.748,26.675777,37.348,27.80418,4.405486,921.5,42.9
1996-05-16,1996,137,38.648003,26.048,28.081333,37.735504,27.973457,2.704801,899.25,44.2
1996-05-17,1996,138,39.498,27.298,29.420223,38.960503,25.9053,2.858449,875.5,45.3
1996-05-18,1996,139,40.498,26.948,29.43689,39.4855,22.467052,3.8416715,907.25,45.5
1996-05-19,1996,140,40.198,25.798,28.08689,38.798,21.629793,4.4460163,925.75,44.5
1996-05-20,1996,141,38.348003,26.148,28.020224,36.960503,34.368473,2.9708567,856.5,43.2
1996-05-21,1996,142,40.048,27.048,29.07022,39.023003,29.503555,3.0878282,904.75,45.7
1996-05-22,1996,143,41.548,26.548,29.309113,40.085503,25.377033,3.5992122,910.75,46.5
1996-05-23,1996,144,40.948,26.848,29.792446,39.648003,25.49584,3.6392093,909.5,46.0
1996-05-24,1996,145,40.998,29.048,30.959114,40.548,23.35329,4.2161746,824.25,46.2
1996-05-25,1996,146,41.698,28.298,30.509111,40.835503,23.223242,3.0615675,891.25,47.5
1996-05-26,1996,147,42.748,29.348,31.453556,42.123,18.408152,3.034265,912.75,48.8
1996-05-27,1996,148,42.448,29.348,30.95911,41.573,18.31422,4.346587,917.25,47.8
1996-05-28,1996,149,41.598003,27.198,29.075779,40.023003,27.13037,5.170138,885.0,45.9
1996-05-29,1996,150,41.398003,28.248,29.870222,39.848003,29.298737,4.969901,878.25,45.7
1996-05-30,1996,151,40.548,28.048,29.642447,38.960503,31.725515,3.489861,890.5,45.4
1996-05-31,1996,152,41.298,28.048,30.392447,39.923004,28.990145,3.1041179,895.25,46.7
1996-06-01,1996,153,42.598003,27.998,30.20911,41.0605,20.891956,4.4158883,917.75,47.3
1996-06-02,1996,154,42.648003,25.898,28.259111,40.773003,20.827917,4.711672,914.25,46.8
1996-06-03,1996,155,42.498,26.448,28.648,40.598,25.871122,4.7570233,905.25,46.8
1996-06-04,1996,156,42.748,26.898,29.148,41.023003,24.33104,5.948036,904.75,47.2
1996-06-05,1996,157,41.848003,27.448,29.731333,40.335503,26.94168,6.1094966,900.75,46.4
1996-06-06,1996,158,41.098003,28.098,29.625776,39.210503,31.654415,4.088938,885.0,45.3
1996-06-07,1996,159,40.248,28.098,30.175777,38.873,31.675194,3.184718,881.0,45.4
1996-06-08,1996,160,41.498,28.048,30.85911,40.298,22.88386,2.7744458,899.0,47.0
1996-06-09,1996,161,41.798,28.898,31.198002,40.673,23.760225,1.7719326,886.75,47.9
1996-06-10,1996,162,39.598003,30.598,31.659111,38.923004,35.539997,2.9051824,769.5,45.1
1996-06-11,1996,163,37.898003,29.598,30.309113,37.148003,41.603935,2.8768272,764.0,43.3
1996-06-12,1996,164,37.748,29.948,30.664665,36.960503,43.232197,0.5303179,743.5,44.4
1996-06-13,1996,165,36.348003,28.748,30.714668,35.160503,52.960316,1.6573718,676.25,42.3
1996-06-14,1996,166,40.798,29.498,30.492445,40.0605,32.900238,1.457895,833.0,47.6
1996-06-15,1996,167,40.448,28.198,30.448002,39.423004,36.068035,1.0125489,833.75,47.3
1996-06-16,1996,168,42.048,29.448,30.664665,40.9105,33.28609,0.91626567,839.75,48.8
1996-06-17,1996,169,40.648003,29.898,31.253557,39.498,37.83105,1.9091889,834.5,47.1
1996-06-18,1996,170,37.048,27.298,28.625776,36.473,42.299557,3.4158075,511.5,40.3
1996-06-19,1996,171,29.948,26.048,27.970222,28.1855,81.456856,8.704834,145.5,27.4
1996-06-20,1996,172,27.148,25.748,26.175777,26.935501,88.78482,6.425115,208.5,26.9
1996-06-21,1996,173,33.348003,27.098,27.620222,32.8105,53.727787,6.100624,594.0,35.6
1996-06-22,1996,174,33.998,26.498,27.30911,33.210503,49.991707,6.268674,612.0,36.0
1996-06-23,1996,175,34.448,25.898,27.136889,33.573,50.35419,4.9343343,771.25,38.0
1996-06-24,1996,176,34.948,26.148,27.425777,33.748,49.658066,5.2156267,635.75,37.1
1996-06-25,1996,177,35.298,26.398,27.498,34.098,47.22287,4.622847,665.0,37.9
1996-06-26,1996,178,34.698,25.898,27.409111,33.973003,46.848995,3.9102669,602.75,37.8
1996-06-27,1996,179,35.248,26.098,27.914665,34.223003,45.197113,4.516332,633.0,37.8
1996-06-28,1996,180,35.948,26.698,28.242443,34.735504,44.25065,5.518127,652.75,38.1
1996-06-29,1996,181,36.398003,27.298,28.498,35.485504,42.294144,6.6299686,696.5,39.1
1996-06-30,1996,182,35.798,27.498,28.648,35.2355,43.008812,6.7313004,580.75,38.1
1996-07-01,1996,183,35.448,27.548,28.181334,34.7355,49.798218,3.771298,668.25,39.5
1996-07-02,1996,184,34.898003,26.948,27.931334,34.335503,49.4091,4.6466804,644.0,38.2
1996-07-03,1996,185,35.898003,26.748,28.248,35.248,43.818455,4.5894146,678.0,39.3
1996-07-04,1996,186,35.948,26.798,28.270224,34.960503,41.11985,4.949424,624.75,38.2
1996-07-05,1996,187,35.348003,26.698,28.33689,34.323,44.740288,5.1196556,450.5,36.3
1996-07-06,1996,188,36.948,27.348,28.781334,35.723,40.93097,4.2112617,693.25,40.0
1996-07-07,1996,189,37.398003,27.198,28.748,36.548004,39.0896,2.444935,780.75,42.8
1996-07-08,1996,190,36.648003,28.098,28.942444,34.773003,49.5062,1.7887225,553.75,40.4
1996-07-09,1996,191,32.798,25.548,26.220222,31.373001,66.04864,1.599119,478.0,37.4
1996-07-10,1996,192,33.648003,26.548,27.386889,33.210503,63.930943,2.71319,719.75,40.3
1996-07-11,1996,193,32.998,27.498,28.370222,32.698,57.074554,4.158793,461.25,35.7
1996-07-12,1996,194,34.548,27.198,28.60911,34.0355,51.122505,4.98814,547.0,37.1
1996-07-13,1996,195,34.098003,27.098,28.270224,33.6355,53.210243,4.28359,638.0,37.8
1996-07-14,1996,196,32.898003,26.198,27.286888,31.985502,62.674286,3.2596736,431.5,35.9
1996-07-15,1996,197,31.998,25.548,26.786888,31.1355,72.27544,1.5365717,564.0,38.5
1996-07-16,1996,198,32.698,25.998,27.136889,32.335503,64.91696,1.3718226,449.25,38.5
1996-07-17,1996,199,33.548,26.898,27.60911,32.548,62.8803,3.3647866,557.75,37.5
1996-07-18,1996,200,31.998,27.148,27.692444,31.5355,65.507996,4.761381,383.75,34.0
1996-07-19,1996,201,30.048,26.048,27.353556,29.1105,80.190834,4.683696,296.0,31.3
1996-07-20,1996,202,28.498,25.348,25.748,27.973,80.88379,3.3566399,274.5,30.8
1996-07-21,1996,203,31.398,25.898,26.459112,30.898,64.06728,2.4041305,623.75,36.9
1996-07-22,1996,204,31.598,26.198,26.870222,31.2355,66.3855,2.5835643,510.75,36.5
1996-07-23,1996,205,30.798,26.048,26.425777,30.522999,69.62564,4.013156,407.25,33.7
1996-07-24,1996,206,27.648,25.548,25.886889,27.560501,83.67732,2.7803576,87.0,29.5
1996-07-25,1996,207,31.198,26.048,26.681334,31.073,62.65936,5.264487,395.25,32.8
1996-07-26,1996,208,29.348,25.998,26.770224,28.810501,71.924065,5.00561,254.5,29.5
1996-07-27,1996,209,27.148,25.148,25.848,26.223,90.52371,6.251846,155.0,25.5
1996-07-28,1996,210,25.348,24.298,24.681334,25.0355,91.67986,6.9841776,134.5,23.1
1996-07-29,1996,211,28.948,24.398,24.93689,28.3605,74.55127,5.7773256,350.0,29.3
1996-07-30,1996,212,29.798,25.248,26.009111,29.560501,68.232574,5.0038075,386.5,31.3
1996-07-31,1996,213,30.998,25.098,25.914665,30.798,63.1248,5.0668035,595.75,34.0
1996-08-01,1996,214,31.198,24.948,25.875778,30.948,63.89041,4.9768806,509.0,33.8
1996-08-02,1996,215,30.298,25.298,26.031334,29.897999,68.299736,4.3783755,369.5,32.1
1996-08-03,1996,216,30.898,26.048,26.398,30.5355,66.044754,4.9664946,461.5,33.0
1996-08-04,1996,217,29.298,25.448,26.053555,29.0105,72.21962,3.0463665,206.75,31.2
1996-08-05,1996,218,26.898,24.548,25.286888,26.573,90.211945,3.8744638,138.75,27.9
1996-08-06,1996,219,26.648,24.248,24.481333,26.248,88.78038,4.8377776,194.5,26.8
1996-08-07,1996,220,27.448,24.248,24.764668,26.298,85.41934,4.1504,169.0,27.0
1996-08-08,1996,221,28.498,24.948,25.431334,27.835499,72.8078,5.748399,246.0,27.6
1996-08-09,1996,222,28.998,24.898,25.553555,28.448,70.938446,4.491356,286.0,29.5
1996-08-10,1996,223,29.348,24.148,25.209112,28.798,70.15796,3.4845912,307.75,31.1
1996-08-11,1996,224,30.548,24.548,25.803555,30.348,65.70958,2.4086206,468.5,35.2
1996-08-12,1996,225,31.248,25.548,26.05911,30.698,61.9534,2.865107,583.5,35.7
1996-08-13,1996,226,30.898,25.548,26.175777,30.310501,64.45274,4.198705,560.75,33.9
1996-08-14,1996,227,30.698,24.598,25.992445,30.273,64.27596,4.2855415,511.5,33.4
1996-08-15,1996,228,30.048,24.648,25.698,29.6605,67.33922,3.7685113,558.5,33.7
1996-08-16,1996,229,29.648,24.598,25.297998,29.148,74.78266,2.676381,483.25,34.3
1996-08-17,1996,230,30.098,24.548,25.259111,29.7105,74.02951,2.9512775,569.5,35.3
1996-08-18,1996,231,30.148,24.548,25.542442,29.573,67.69618,2.9222803,507.75,34.1
1996-08-19,1996,232,29.948,24.798,25.931334,29.4105,68.11585,4.0391955,437.0,32.2
1996-08-20,1996,233,29.498,25.098,25.948,29.323,68.82306,2.8821871,322.25,32.5
1996-08-21,1996,234,30.498,24.398,25.464668,29.710499,64.67763,3.851489,447.0,32.6
1996-08-22,1996,235,30.098,24.448,25.470222,29.460499,64.542465,3.8458529,394.75,31.8
1996-08-23,1996,236,30.798,24.198,25.403557,30.210499,61.194004,3.9274065,483.75,33.2
1996-08-24,1996,237,31.048,23.948,24.992443,30.435501,60.061745,2.30716,579.25,35.8
1996-08-25,1996,238,31.398,23.848,24.931334,30.9105,58.678024,1.945459,730.75,37.8
1996-08-26,1996,239,32.548,24.398,25.742445,31.823,56.4441,2.9210224,814.5,38.3
1996-08-27,1996,240,28.448,24.248,25.098,28.123001,73.09911,4.4464293,419.75,30.4
1996-08-28,1996,241,30.398,24.098,24.731333,30.073,69.05793,2.2326324,516.5,35.7
1996-08-29,1996,242,30.498,24.898,26.081333,29.373,68.77759,3.1085982,364.25,32.6
1996-08-30,1996,243,28.698,24.148,24.698,28.473,72.50275,3.19133,279.75,31.0
1996-08-31,1996,244,28.448,23.948,24.83689,28.223,74.738655,2.9516838,329.75,31.5
1996-09-01,1996,245,28.798,24.248,25.081333,28.323,73.705154,2.4555686,327.0,32.2
1996-09-02,1996,246,30.148,23.848,24.870222,29.935501,63.422325,3.5277562,575.0,34.1
1996-09-03,1996,247,30.598,24.948,25.442444,30.098,62.586704,2.8938446,527.75,34.6
1996-09-04,1996,248,30.448,23.898,25.009111,29.9355,62.408493,2.0873756,471.75,34.8
1996-09-05,1996,249,31.498,23.748,25.05911,31.323,58.67312,1.4935714,712.0,38.6
1996-09-06,1996,250,29.348,24.998,25.853556,28.248001,76.333374,1.4939992,393.25,34.0
1996-09-07,1996,251,28.298,24.598,25.381334,27.748001,78.04457,3.200488,472.75,32.1
1996-09-08,1996,252,29.448,23.548,24.648,28.323,74.77161,3.7739072,284.75,30.4
1996-09-09,1996,253,29.798,24.448,25.342445,29.198,69.266495,3.1649199,408.0,32.7
1996-09-10,1996,254,27.848,24.848,25.403557,27.310501,79.50502,2.950659,217.0,29.8
1996-09-11,1996,255,29.748,24.248,25.414665,29.098,69.34024,2.6012921,395.25,33.2
1996-09-12,1996,256,30.798,24.948,25.798,30.3855,69.32738,1.3803917,606.5,37.7
1996-09-13,1996,257,32.098003,25.148,26.164665,31.760502,63.32778,1.1492821,720.25,39.9
1996-09-14,1996,258,32.648003,25.298,26.686888,32.298004,61.670628,2.4577103,741.5,39.3
1996-09-15,1996,259,32.298,24.998,26.353556,31.6105,54.643875,3.2824488,595.0,35.9
1996-09-16,1996,260,32.198,24.698,25.892445,31.6605,54.465954,2.28271,657.25,37.5
1996-09-17,1996,261,31.798,24.548,25.786888,31.073,60.115906,2.5431352,517.25,35.9
1996-09-18,1996,262,32.998,23.648,25.08689,31.7855,50.290775,3.9540322,615.75,35.3
1996-09-19,1996,263,32.698,22.848,24.731333,31.4105,49.754505,3.9057565,614.5,34.8
1996-09-20,1996,264,31.948,23.398,24.881334,30.772999,52.64686,2.4177697,598.0,35.7
1996-09-21,1996,265,31.998,23.548,24.68689,31.4105,52.764122,1.5607826,719.25,38.2
1996-09-22,1996,266,32.748,23.348,24.536888,32.273003,48.96652,1.0836987,814.25,40.0
1996-09-23,1996,267,33.648003,23.648,25.292444,33.223,46.15802,0.5419155,765.25,40.6
1996-09-24,1996,268,34.698,24.498,25.536888,34.210503,43.862843,0.69555825,794.0,41.7
1996-09-25,1996,269,35.748,25.098,26.070223,35.248,40.72534,1.5835232,789.25,42.2
1996-09-26,1996,270,35.298,25.848,26.942444,34.748,41.166607,2.4292846,783.5,40.9
1996-09-27,1996,271,33.648003,22.948,25.592445,32.798004,43.560116,2.2098074,810.75,39.2
1996-09-28,1996,272,33.548,23.748,25.092445,32.8855,48.513042,1.9531102,731.75,39.3
1996-09-29,1996,273,33.398003,23.248,24.831333,32.848,47.292816,1.3024962,764.0,39.9
1996-09-30,1996,274,33.998,24.748,26.020224,33.4855,47.316902,1.0625992,740.75,40.6
1996-10-01,1996,275,35.698,25.048,26.198,35.348003,37.434288,2.7045152,728.5,40.7
1996-10-02,1996,276,35.898003,23.948,25.959112,35.473003,38.346207,3.8411183,678.75,39.7
1996-10-03,1996,277,34.848003,26.798,27.498,34.573,50.181503,0.9533102,671.0,41.7
1996-10-04,1996,278,34.798,24.798,26.125778,33.835503,38.652245,3.256433,749.25,38.7
1996-10-05,1996,279,32.248,20.048,23.036888,31.1605,42.77116,2.588324,798.5,36.8
1996-10-06,1996,280,32.148003,23.548,24.570223,31.810501,43.885654,1.7927215,680.0,37.5
1996-10-07,1996,281,32.848003,23.198,24.58689,32.0355,35.67517,0.7181709,719.5,38.1
1996-10-08,1996,282,33.748,22.948,24.10911,33.448,36.627857,1.9168718,631.25,38.4
1996-10-09,1996,283,34.998,22.848,24.364666,34.673,29.064291,2.7493157,768.0,39.7
1996-10-10,1996,284,35.248,21.598,23.342445,34.9855,22.949886,2.3476987,789.5,40.2
1996-10-11,1996,285,35.198,20.448,22.709112,34.898003,24.134232,1.6755546,787.25,40.6
1996-10-12,1996,286,35.348003,21.448,23.675777,34.960503,24.756836,1.6838939,784.0,40.7
1996-10-13,1996,287,35.898003,21.248,23.103556,35.610504,25.718033,1.8014327,777.0,41.3
1996-10-14,1996,288,35.098003,22.098,23.709112,34.848,28.991837,0.9801098,672.0,40.2
1996-10-15,1996,289,35.998,22.648,24.159111,35.585503,25.165676,1.5471468,767.75,41.3
1996-10-16,1996,290,36.348003,21.048,22.848,36.048,22.37183,1.0449234,772.5,41.8
1996-10-17,1996,291,36.198,21.098,24.486889,35.7605,25.210545,1.3064653,767.75,41.6
1996-10-18,1996,292,36.248,21.798,23.514668,35.773003,25.390686,1.7074995,764.25,41.5
1996-10-19,1996,293,35.548,22.098,23.909111,35.2355,24.701237,2.4020686,763.75,40.4
1996-10-20,1996,294,35.698,21.448,23.231333,35.2855,24.58227,2.5329194,758.5,40.3
1996-10-21,1996,295,35.798,22.148,24.092445,35.3105,25.885418,2.1341448,741.0,40.5
1996-10-22,1996,296,32.748,23.848,26.042444,32.4105,38.405533,3.1832116,528.75,35.4
1996-10-23,1996,297,29.298,22.998,23.831333,28.3605,51.869354,4.8658247,290.0,27.7
1996-10-24,1996,298,26.748,22.048,23.314667,26.098,67.040596,4.776577,342.75,26.3
1996-10-25,1996,299,26.848,22.198,23.036888,26.3855,73.407875,4.0932503,224.25,26.7
1996-10-26,1996,300,27.548,21.348,22.475777,26.8855,72.25603,3.5097249,420.75,29.7
1996-10-27,1996,301,30.298,23.148,23.731333,29.948,58.361767,3.1712492,629.75,34.5
1996-10-28,1996,302,31.398,21.898,23.242445,31.1105,47.70551,2.8885942,671.0,35.8
1996-10-29,1996,303,31.998,19.948,22.064667,31.7855,36.235085,1.3817513,706.75,37.5
1996-10-30,1996,304,32.398003,19.598,21.198,32.035503,32.83317,0.96835,732.5,38.0
1996-10-31,1996,305,32.348003,18.998,19.970222,31.960503,26.939049,1.5775272,736.5,37.3
1996-11-01,1996,306,32.048,16.898,19.420221,31.723,28.133764,0.775394,734.25,37.4
1996-11-02,1996,307,32.148003,17.348,21.220222,31.810501,29.02641,1.3165339,729.5,37.3
1996-11-03,1996,308,31.748,16.648,20.731333,31.4105,28.415812,1.7388768,724.75,36.6
1996-11-04,1996,309,30.948,16.648,18.83689,30.6105,33.88978,1.3401182,716.5,36.3
1996-11-05,1996,310,31.298,15.948,18.636889,30.897999,31.2824,0.967638,714.0,36.6
1996-11-06,1996,311,32.248,18.448,19.981333,31.973001,25.451914,2.4442782,712.5,36.4
1996-11-07,1996,312,32.098003,18.348,19.520224,31.885502,21.42378,3.3767953,716.0,35.3
1996-11-08,1996,313,31.848,18.098,19.648,31.573,22.8227,2.8865976,716.5,35.4
1996-11-09,1996,314,32.098003,20.798,22.009111,31.435501,37.386093,1.9361049,550.0,35.5
1996-11-10,1996,315,31.148,23.148,23.675777,30.210499,59.218647,1.9866126,526.25,35.4
1996-11-11,1996,316,31.348,21.448,22.759111,30.6855,36.030434,2.785156,620.75,34.4
1996-11-12,1996,317,29.148,17.748,19.481333,28.623001,39.866592,2.0984306,670.0,33.5
1996-11-13,1996,318,29.398,17.298,19.35911,29.123001,38.201714,1.2676349,643.75,34.5
1996-11-14,1996,319,30.698,16.048,18.542444,30.373001,32.43841,2.0956807,625.75,34.6
1996-11-15,1996,320,31.248,18.148,19.042444,31.022999,24.781479,4.012967,687.75,33.7
1996-11-16,1996,321,29.948,17.398,18.670221,29.598,20.406126,3.037804,702.5,33.0
1996-11-17,1996,322,29.848,14.398,15.93689,29.448,16.855095,2.5549555,711.5,33.3
1996-11-18,1996,323,30.198,14.048,15.903556,29.723,19.570656,2.3312678,704.25,33.8
1996-11-19,1996,324,30.048,14.298,16.070223,29.648,24.617527,1.2438672,692.75,34.7
1996-11-20,1996,325,29.948,14.698,16.509111,29.585499,27.63223,1.6167369,647.5,34.1
1996-11-21,1996,326,29.848,15.598,17.325779,29.522999,28.89042,1.4443899,665.5,34.4
1996-11-22,1996,327,29.698,15.548,17.292444,29.3355,30.69029,0.94213533,642.0,34.4
1996-11-23,1996,328,30.198,15.948,17.542444,29.8605,31.219017,1.4145807,667.0,34.9
1996-11-24,1996,329,30.598,16.398,17.698,30.1605,29.614082,1.6405524,668.5,35.0
1996-11-25,1996,330,30.898,16.198,17.831333,30.448,29.99115,0.6483884,662.75,35.7
1996-11-26,1996,331,31.198,15.748,17.659111,30.823,25.461544,1.2451365,664.0,35.6
1996-11-27,1996,332,30.898,15.248,17.348,30.473,21.587997,1.8517773,664.25,34.7
1996-11-28,1996,333,30.198,14.448,16.614666,29.798,18.888693,1.1145098,672.75,34.4
1996-11-29,1996,334,29.548,14.648,16.264668,29.198,21.071646,0.66195244,669.75,34.1
1996-11-30,1996,335,29.748,14.448,16.098,29.373,24.192715,1.0444965,660.5,34.2
1996-12-01,1996,336,29.948,16.348,17.85911,29.498001,33.813587,0.5774755,643.75,34.8
1996-12-02,1996,337,29.948,16.598,18.448,29.6355,28.844074,0.73677164,648.5,34.7
1996-12-03,1996,338,29.448,16.298,18.853556,29.210499,31.596195,1.3199868,595.75,33.7
1996-12-04,1996,339,28.698,17.198,18.998,28.473,28.315983,2.3537166,569.0,31.7
1996-12-05,1996,340,28.648,16.598,18.342445,28.2355,28.405003,1.3022265,640.25,33.1
1996-12-06,1996,341,28.598,15.448,17.448,28.2855,25.293648,1.7191284,653.25,32.8
1996-12-07,1996,342,29.048,16.148,17.448,28.560501,25.381897,3.1730635,650.75,31.5
1996-12-08,1996,343,28.148,16.598,17.520224,27.7105,27.289614,3.7134323,654.75,30.1
1996-12-09,1996,344,26.648,14.448,15.792445,26.198,18.441109,3.3095477,668.5,28.9
1996-12-10,1996,345,26.598,12.598,14.203556,25.948,14.849136,3.608295,681.25,28.4
1996-12-11,1996,346,27.298,12.748,14.103556,26.573,17.594572,3.235078,675.0,29.4
1996-12-12,1996,347,28.148,12.748,14.520223,27.5355,18.161674,3.2862825,670.5,30.3
1996-12-13,1996,348,28.348,13.248,15.0146675,27.7605,17.855427,3.4192514,668.5,30.4
1996-12-14,1996,349,28.698,13.448,15.103557,28.048,18.067097,3.2534497,667.75,30.8
1996-12-15,1996,350,29.898,13.498,15.442444,29.273,18.978952,3.1063495,663.0,32.2
1996-12-16,1996,351,30.598,14.248,16.531334,29.897999,23.970089,2.0956154,638.5,33.8
1996-12-17,1996,352,31.298,17.548,18.892445,30.685501,29.909725,2.8170788,634.0,34.2
1996-12-18,1996,353,30.348,18.348,19.848,29.773,22.764074,3.7882426,631.75,31.9
1996-12-19,1996,354,29.898,17.498,19.042444,29.2355,18.17626,3.6808214,590.25,31.0
1996-12-20,1996,355,29.498,18.548,19.614666,28.823,21.182049,3.7520776,630.0,30.9
1996-12-21,1996,356,29.498,15.548,17.30911,28.9355,22.749968,2.909413,649.75,32.1
1996-12-22,1996,357,29.348,14.748,16.55911,28.6105,24.097527,2.427927,657.0,32.4
1996-12-23,1996,358,29.398,15.098,16.814667,28.7355,27.54553,2.0171278,621.25,32.7
1996-12-24,1996,359,29.998,15.748,17.83689,29.473,27.503736,0.7605119,636.75,34.4
1996-12-25,1996,360,29.698,14.748,17.403557,29.272999,26.208076,2.6369576,639.5,32.7
1996-12-26,1996,361,29.198,16.748,18.148,28.723,29.421097,2.7886639,619.25,31.9
1996-12-27,1996,362,28.498,14.848,16.814667,27.835499,28.595837,2.1312923,660.0,32.1
1996-12-28,1996,363,28.448,14.798,16.353556,27.9105,27.87451,2.1504056,664.75,32.2
1996-12-29,1996,364,28.648,14.198,16.148,28.060501,28.426432,1.7557154,662.0,32.7
1996-12-30,1996,365,28.948,14.998,16.848,28.423,24.998299,2.53181,664.75,32.2
1996-12-31,1996,366,28.498,15.698,17.448,27.973,23.986092,3.5372162,668.75,30.6
1997-01-01,1997,1,28.348,15.448,16.903555,27.723,25.617786,2.6246486,672.25,31.4
1997-01-02,1997,2,28.148,14.398,16.181334,27.5855,25.213558,1.8115935,674.0,32.2
1997-01-03,1997,3,27.748,12.498,14.809111,27.323,21.442629,0.79440665,681.5,32.6
1997-01-04,1997,4,27.948,12.898,15.192444,27.498001,23.167807,1.2046692,674.0,32.5
1997-01-05,1997,5,27.198,14.448,16.181334,26.8605,23.902756,3.3350608,674.75,29.7
1997-01-06,1997,6,27.348,16.148,17.198,26.748,32.52819,5.108158,552.0,26.8
1997-01-07,1997,7,26.198,17.598,18.55911,25.5605,36.358994,5.054537,550.5,25.6
1997-01-08,1997,8,22.598,15.398,16.870222,22.2355,52.725113,4.0072594,455.5,22.8
1997-01-09,1997,9,26.148,15.348,16.070223,25.348,30.686192,4.208767,671.25,27.1
1997-01-10,1997,10,27.398,15.198,16.709112,26.573,31.272419,2.7156649,674.5,30.4
1997-01-11,1997,11,27.898,15.848,17.264668,26.973,35.837006,0.919044,590.75,32.0
1997-01-12,1997,12,27.798,14.498,16.298,27.3855,25.836437,1.1817963,694.5,32.7
1997-01-13,1997,13,27.698,13.298,15.536889,27.323,23.816942,1.0244098,682.5,32.6
1997-01-14,1997,14,26.648,12.498,15.081333,26.273,21.760628,1.9699786,711.25,31.1
1997-01-15,1997,15,26.248,11.398,14.075778,25.772999,24.471224,1.6055961,708.25,31.0
1997-01-16,1997,16,26.448,11.998,14.564667,26.073,28.550793,2.5512547,703.75,30.3
1997-01-17,1997,17,27.448,13.748,15.648,26.772999,25.656908,3.6079414,711.5,29.6
1997-01-18,1997,18,29.398,15.498,16.85911,28.623001,33.65863,4.3521934,693.5,30.9
1997-01-19,1997,19,25.148,14.848,16.470222,22.573,67.59065,4.113,356.75,22.8
1997-01-20,1997,20,23.348,11.548,13.453556,22.698,19.623272,1.230364,737.0,29.1
1997-01-21,1997,21,23.798,8.848,12.231334,23.2855,25.397993,1.3567178,729.0,29.5
1997-01-22,1997,22,24.598,10.248,12.070223,23.948,18.56828,3.176246,728.25,27.4
1997-01-23,1997,23,26.348,12.098,13.631333,25.522999,19.642351,1.5415065,714.5,30.8
1997-01-24,1997,24,26.098,13.398,15.109111,25.5355,24.064638,2.0301757,732.25,30.6
1997-01-25,1997,25,26.198,10.848,13.159111,25.647999,22.24115,2.0362737,742.0,30.7
1997-01-26,1997,26,27.698,13.448,14.9702215,26.648,29.34049,1.8816553,720.5,31.8
1997-01-27,1997,27,28.198,13.248,16.231333,27.6605,26.615602,2.6549582,699.5,31.6
1997-01-28,1997,28,27.848,12.848,15.459111,27.0105,28.994976,1.8730537,744.75,32.3
1997-01-29,1997,29,28.598,13.648,15.520223,27.772999,25.921804,1.3902344,751.0,33.4
1997-01-30,1997,30,27.748,13.498,15.570223,27.3105,24.112543,2.9712236,754.0,31.3
1997-01-31,1997,31,26.448,11.948,14.825779,25.6355,34.205517,2.2119222,747.25,30.9
1997-02-01,1997,32,27.448,12.898,15.298,26.647999,32.05366,1.084143,745.75,32.8
1997-02-02,1997,33,28.198,16.098,17.903557,27.273,40.90165,5.3848667,663.75,28.5
1997-02-03,1997,34,27.448,15.098,16.992445,26.897999,22.87232,2.3742309,766.75,31.7
1997-02-04,1997,35,26.898,12.198,14.703556,26.1105,21.11547,1.6139557,776.5,31.8
1997-02-05,1997,36,27.448,12.548,14.5146675,26.698,21.3355,2.9612126,776.5,30.8
1997-02-06,1997,37,27.998,12.648,14.270222,27.3855,19.421387,1.7824597,782.5,32.8
1997-02-07,1997,38,28.348,11.348,14.281333,27.7605,18.133482,0.46938062,787.25,33.7
1997-02-08,1997,39,29.948,12.198,15.086888,28.623001,39.97346,4.547438,756.5,31.5
1997-02-09,1997,40,26.498,12.548,15.270223,25.8605,8.957702,2.6094577,817.75,30.7
1997-02-10,1997,41,26.648,10.048,13.414667,26.048,15.508558,1.7717724,805.5,31.8
1997-02-11,1997,42,27.748,12.898,14.43689,27.048,14.863869,3.213757,809.0,31.1
1997-02-12,1997,43,27.648,12.948,14.509111,26.748001,16.954445,3.5115902,815.25,30.5
1997-02-13,1997,44,29.348,12.148,14.181334,28.448,18.739418,2.3315196,798.0,33.3
1997-02-14,1997,45,31.148,13.148,15.875778,30.498001,17.740976,2.3580372,795.0,35.2
1997-02-15,1997,46,30.798,17.348,19.331333,29.9105,26.991045,4.7046356,790.5,32.7
1997-02-16,1997,47,29.248,16.748,19.036888,28.373,31.999851,1.8355423,792.5,34.2
1997-02-17,1997,48,29.498,15.548,17.736889,28.8105,34.380543,1.7677126,757.75,34.5
1997-02-18,1997,49,29.398,15.498,17.714666,29.098,17.357965,3.2631776,812.0,33.1
1997-02-19,1997,50,28.548,11.298,14.909112,28.185501,12.702075,1.9114517,834.5,33.6
1997-02-20,1997,51,29.298,13.448,15.303555,28.897999,19.840677,2.5878158,825.0,33.8
1997-02-21,1997,52,29.998,14.748,16.759111,29.473,20.408823,2.2875428,822.0,34.6
1997-02-22,1997,53,31.598,15.348,17.43689,30.948,17.95217,1.9963894,828.0,36.2
1997-02-23,1997,54,32.848003,15.148,18.009111,32.2605,16.512932,0.8174397,825.25,37.8
1997-02-24,1997,55,34.148003,16.598,19.314667,33.373,17.824139,2.1091053,828.0,38.6
1997-02-25,1997,56,35.648003,16.898,19.892445,34.5105,16.087315,3.0922935,837.75,39.2
1997-02-26,1997,57,34.298,18.848,21.531334,33.0605,24.741432,2.4292028,831.5,38.4
1997-02-27,1997,58,35.248,18.648,21.420221,34.498,17.543003,1.0914963,836.5,40.2
1997-02-28,1997,59,35.848003,18.498,20.442444,35.2855,14.691782,1.4658849,844.5,40.8
1997-03-01,1997,60,34.698,18.398,20.58689,33.9355,15.2224865,2.33891,849.75,39.1
1997-03-02,1997,61,33.598003,18.648,20.492445,32.573,25.916235,1.8868139,843.75,38.5
1997-03-03,1997,62,34.148003,18.298,20.798,33.4355,17.225285,1.151773,862.0,39.3
1997-03-04,1997,63,34.248,17.548,20.192444,33.460503,15.844163,1.5860013,866.5,39.1
1997-03-05,1997,64,34.048,17.598,20.420221,33.348,15.141076,1.120011,867.25,39.1
1997-03-06,1997,65,33.398003,16.948,20.520224,32.548004,20.062805,1.1151444,771.25,37.9
1997-03-07,1997,66,33.548,17.998,20.30911,32.8105,17.398378,2.074634,837.0,38.1
1997-03-08,1997,67,34.998,18.448,21.236889,34.335503,16.09818,2.2326527,854.0,39.6
1997-03-09,1997,68,35.748,20.898,22.531334,35.210503,14.804258,2.9001436,866.0,40.2
1997-03-10,1997,69,35.248,19.048,21.092445,34.673004,17.925402,2.5472915,860.25,40.0
1997-03-11,1997,70,36.248,19.098,21.959112,35.3105,28.912373,2.9994352,852.5,40.9
1997-03-12,1997,71,37.248,20.948,23.231333,36.585503,19.307028,3.1851459,869.25,41.9
1997-03-13,1997,72,35.748,22.098,24.420221,35.123,20.21212,3.5475607,871.0,40.0
1997-03-14,1997,73,35.198,21.248,23.453556,34.648003,22.635294,3.2781003,856.0,39.6
1997-03-15,1997,74,34.148003,23.848,25.403557,33.648003,24.5616,4.283189,829.5,37.6
1997-03-16,1997,75,34.548,22.198,24.048,34.098003,22.51025,3.756855,783.0,38.1
1997-03-17,1997,76,35.048,21.948,23.93689,34.460503,22.516817,1.2787004,800.25,40.2
1997-03-18,1997,77,34.498,21.498,23.148,33.9105,25.626747,2.1627913,780.5,39.2
1997-03-19,1997,78,33.698,21.448,23.486889,32.960503,37.138557,3.7048037,794.75,37.5
1997-03-20,1997,79,30.898,21.148,22.786888,30.2105,36.229996,5.1448526,687.5,32.2
1997-03-21,1997,80,32.548,21.198,22.703556,31.098,31.730286,4.9312315,828.0,34.4
1997-03-22,1997,81,30.898,17.798,20.659111,29.8105,31.305826,1.8850954,898.0,36.3
1997-03-23,1997,82,32.798,17.548,20.303555,32.448,14.985951,1.7974366,877.5,38.0
1997-03-24,1997,83,34.498,21.348,23.525778,34.1355,16.39617,3.854637,900.0,38.7
1997-03-25,1997,84,35.748,22.548,23.581333,35.298,12.318531,4.08619,906.75,39.7
1997-03-26,1997,85,36.748,22.348,24.136889,36.335503,14.076819,3.4353852,897.75,41.3
1997-03-27,1997,86,37.598003,22.498,25.286888,37.123,15.0682335,2.331744,899.75,42.9
1997-03-28,1997,87,36.798,25.698,27.35911,36.110504,20.386332,2.1519861,816.0,41.7
1997-03-29,1997,88,35.298,22.948,25.036888,34.973,12.695611,3.780762,934.25,39.8
1997-03-30,1997,89,34.898003,20.348,22.692444,34.198,17.779099,0.83380723,927.5,40.5
1997-03-31,1997,90,35.098003,20.598,22.653557,34.523003,16.846188,2.480536,847.25,39.7
1997-04-01,1997,91,32.048,21.848,23.448,31.5855,38.906937,2.4404979,792.25,37.2
1997-04-02,1997,92,28.898,20.498,21.742445,27.898,54.09349,2.05696,689.25,33.8
1997-04-03,1997,93,31.148,18.798,20.93689,30.548,30.682842,1.8883033,828.25,36.5
1997-04-04,1997,94,32.398003,18.998,21.525778,31.873001,26.332552,0.80694497,888.25,38.6
1997-04-05,1997,95,34.348003,18.848,21.342445,33.835503,17.272991,1.956046,929.5,39.9
1997-04-06,1997,96,35.798,17.798,21.35911,35.448,14.178656,0.78617096,929.5,41.4
1997-04-07,1997,97,36.598003,20.498,22.475777,36.035503,16.490215,2.082889,922.5,42.1
1997-04-08,1997,98,36.648003,20.448,22.853556,35.798004,14.363049,3.577922,936.5,40.9
1997-04-09,1997,99,35.698,19.698,22.864666,34.073,29.975042,3.7391615,916.25,39.3
1997-04-10,1997,100,36.148003,22.448,24.692444,35.048004,29.50031,3.0628154,898.0,40.9
1997-04-11,1997,101,36.398003,20.448,23.675777,35.335503,20.289783,3.0534146,936.5,41.1
1997-04-12,1997,102,38.448,20.498,24.092445,36.998,20.625883,4.29598,918.25,42.2
1997-04-13,1997,103,38.548,22.048,24.598,37.2605,20.318935,5.0172644,928.25,42.3
1997-04-14,1997,104,37.748,20.148,23.731333,36.3855,17.063833,5.0405483,940.25,41.2
1997-04-15,1997,105,34.948,20.848,23.636889,34.0105,18.303236,3.6620238,945.25,39.1
1997-04-16,1997,106,35.398003,19.198,22.386889,34.948,10.480651,1.7698946,966.75,40.8
1997-04-17,1997,107,35.598003,17.848,22.014668,35.1355,14.103661,1.09041,957.0,41.4
1997-04-18,1997,108,36.348003,18.298,22.081333,35.723003,16.0126,1.3447946,946.25,42.1
1997-04-19,1997,109,36.498,21.548,24.092445,35.798004,19.797707,1.633632,935.0,42.4
1997-04-20,1997,110,36.848003,23.848,25.398,36.360504,20.59778,1.5190356,831.75,42.3
1997-04-21,1997,111,37.998,23.498,25.742443,37.5105,17.763447,2.018557,928.0,43.9
1997-04-22,1997,112,38.198,24.148,26.253555,37.723003,22.942606,2.4577496,872.25,43.9
1997-04-23,1997,113,39.798,24.748,27.225777,39.0105,16.960659,1.99171,924.75,45.5
1997-04-24,1997,114,41.248,25.698,28.203556,40.9105,13.275862,3.372304,877.75,46.6
1997-04-25,1997,115,40.498,26.098,28.68689,39.910503,15.681147,3.6603959,926.0,45.8
1997-04-26,1997,116,37.098003,28.848,30.142443,36.735504,19.784454,4.544465,633.75,39.8
1997-04-27,1997,117,36.648003,26.298,28.409111,35.648003,23.430222,0.7296409,807.5,41.7
1997-04-28,1997,118,35.698,25.998,27.464668,35.073,28.064236,1.0088408,749.0,41.0
1997-04-29,1997,119,36.248,24.298,26.120222,35.8855,31.99048,1.9883504,841.75,42.4
1997-04-30,1997,120,34.848003,23.748,25.720222,34.710503,38.69092,3.447308,832.5,40.1
1997-05-01,1997,121,37.348003,23.648,25.920221,36.910503,20.492626,2.981532,919.0,42.8
1997-05-02,1997,122,36.198,23.948,26.292444,35.723,29.871643,2.713221,815.75,41.4
1997-05-03,1997,123,35.448,22.798,24.814667,34.9105,32.871525,2.5459778,854.75,41.0
1997-05-04,1997,124,35.898003,22.848,24.814667,35.148003,30.96083,3.143981,883.0,40.9
1997-05-05,1997,125,36.798,24.448,26.814667,36.085503,28.127937,2.3171086,888.25,42.5
1997-05-06,1997,126,37.498,24.648,26.914665,36.835503,27.996296,2.421609,856.25,43.1
1997-05-07,1997,127,39.048,24.148,26.85911,37.898003,24.2555,4.1058836,927.25,43.6
1997-05-08,1997,128,37.398003,23.798,26.381334,36.1355,35.243103,2.4503114,879.75,42.8
1997-05-09,1997,129,39.598003,25.598,27.348,38.960503,22.09087,1.7391403,924.5,46.0
1997-05-10,1997,130,39.598003,25.898,28.192444,38.960503,18.163963,2.5133977,932.5,45.4
1997-05-11,1997,131,39.248,25.048,27.486889,38.3605,22.529972,2.5533135,931.0,45.0
1997-05-12,1997,132,38.998,24.898,27.403557,38.035503,16.0016,3.9230666,956.25,43.7
1997-05-13,1997,133,40.098003,24.898,27.425777,39.448,17.240772,2.4936256,936.25,46.0
1997-05-14,1997,134,40.448,25.498,27.631334,39.873,12.331045,1.4772927,953.0,46.3
1997-05-15,1997,135,41.498,24.498,28.136889,40.948,11.623209,1.9947075,948.25,47.3
1997-05-16,1997,136,41.298,25.198,28.875776,40.773003,9.290982,2.0089636,960.75,46.9
1997-05-17,1997,137,41.798,23.698,27.603556,41.223,9.251747,2.757495,954.5,47.2
1997-05-18,1997,138,42.098003,26.448,28.681332,41.098003,15.763832,3.979013,936.5,47.2
1997-05-19,1997,139,40.548,26.648,28.73689,39.373,27.548784,4.232719,899.75,45.4
1997-05-20,1997,140,39.348003,25.948,27.953556,37.835503,31.538197,4.4671426,909.0,43.5
1997-05-21,1997,141,38.948,26.448,28.425777,37.2855,32.76237,4.4851336,858.25,42.5
1997-05-22,1997,142,38.948,27.198,28.586891,37.610504,33.381516,3.5137439,906.0,43.9
1997-05-23,1997,143,39.248,25.698,27.770224,37.660503,29.646568,4.2135,919.75,43.4
1997-05-24,1997,144,40.098003,25.748,27.892445,38.1355,31.363832,4.117913,910.25,44.1
1997-05-25,1997,145,40.998,25.398,27.536888,38.585503,28.59017,4.980504,915.0,44.2
1997-05-26,1997,146,41.848003,25.798,28.10911,39.7855,26.747555,5.701378,910.25,45.6
1997-05-27,1997,147,42.148003,26.448,28.481333,40.360504,22.739323,5.8410287,914.25,46.3
1997-05-28,1997,148,41.098003,26.448,28.314667,39.273003,28.646173,5.8555965,903.75,45.0
1997-05-29,1997,149,40.998,26.548,28.442444,39.210503,26.004398,6.729694,910.5,44.9
1997-05-30,1997,150,39.898003,26.398,28.292444,38.2855,30.949274,5.269996,891.5,43.7
1997-05-31,1997,151,38.348003,27.098,28.242445,37.4355,34.159138,4.418822,757.0,42.1
1997-06-01,1997,152,32.848003,24.148,25.625778,32.248,53.5853,4.044114,670.25,36.4
1997-06-02,1997,153,34.148003,24.598,25.036888,33.1105,49.72794,4.5700703,727.0,37.3
1997-06-03,1997,154,34.148003,24.298,25.83689,33.710503,53.71099,4.1185417,728.25,38.7
1997-06-04,1997,155,35.098003,25.948,26.159111,34.573,48.611935,2.90945,798.5,40.9
1997-06-05,1997,156,35.948,25.498,26.742443,35.173004,45.723846,3.0590682,847.5,41.6
1997-06-06,1997,157,36.348003,26.548,27.942444,35.8105,45.50161,3.3711216,849.5,42.1
1997-06-07,1997,158,35.098003,26.598,27.820223,34.410503,48.132114,2.8348134,755.5,40.4
1997-06-08,1997,159,36.848003,26.698,28.525778,36.2355,36.119225,3.7496204,822.75,41.6
1997-06-09,1997,160,37.498,27.348,29.014666,36.448,37.893623,4.671175,834.75,41.5
1997-06-10,1997,161,38.048,27.098,28.953556,36.598,38.28238,3.9028552,847.5,42.2
1997-06-11,1997,162,38.498,27.248,28.914665,36.910503,36.53411,3.7250986,852.25,42.6
1997-06-12,1997,163,38.298,26.598,28.575779,36.8855,35.59379,3.1545918,879.0,43.2
1997-06-13,1997,164,37.498,27.348,28.981333,37.048004,38.445183,2.7403972,773.25,43.1
1997-06-14,1997,165,37.798,29.098,30.548,37.235504,40.49813,2.8122444,578.25,42.0
1997-06-15,1997,166,36.798,26.648,28.348,36.348,45.317818,1.4019011,801.0,44.1
1997-06-16,1997,167,33.198,27.598,29.053555,32.998,62.98465,3.036422,624.25,38.9
1997-06-17,1997,168,32.848003,26.998,27.55911,32.4355,63.24383,4.2566314,571.0,36.7
1997-06-18,1997,169,33.748,26.948,27.742445,33.0105,56.89027,3.389089,572.5,37.6
1997-06-19,1997,170,34.198,27.348,27.948,33.348,57.01544,3.1325073,600.25,38.5
1997-06-20,1997,171,33.848003,27.148,27.620222,33.098003,60.004456,4.2015576,663.25,37.9
1997-06-21,1997,172,30.498,25.648,26.564667,30.3355,68.79247,4.9741297,438.25,32.8
1997-06-22,1997,173,30.148,25.648,26.192444,29.248001,75.39096,6.3189015,432.25,31.1
1997-06-23,1997,174,28.598,24.748,25.853556,28.2855,80.047775,5.1173897,242.0,29.3
1997-06-24,1997,175,27.448,25.848,26.198,27.098,88.845856,9.263809,70.5,25.4
1997-06-25,1997,176,31.448,26.498,27.198,31.048,73.295334,5.570242,311.75,33.2
1997-06-26,1997,177,33.198,27.348,28.009111,32.573,61.711773,5.0419526,518.25,35.9
1997-06-27,1997,178,32.848003,27.448,27.93689,32.173,65.31346,4.7400236,470.75,35.5
1997-06-28,1997,179,33.398003,26.498,27.298,32.910503,61.74596,5.329837,593.5,36.7
1997-06-29,1997,180,34.098003,26.748,27.598,33.3855,57.384323,5.272498,621.75,37.2
1997-06-30,1997,181,33.698,26.498,27.714668,33.2355,58.20407,4.6211295,647.5,37.6
1997-07-01,1997,182,33.398003,25.948,27.331333,32.748,58.212013,2.3122797,701.75,39.4
1997-07-02,1997,183,33.598003,26.448,27.375778,33.110504,57.373802,2.3010893,721.25,39.9
1997-07-03,1997,184,32.948,26.748,27.386889,32.648003,61.516884,2.6020923,664.5,39.0
1997-07-04,1997,185,33.148003,26.798,27.625778,32.8855,57.628452,2.7290545,660.75,38.8
1997-07-05,1997,186,33.048,26.998,27.698,32.6855,60.574135,2.5898356,600.0,38.5
1997-07-06,1997,187,32.998,26.898,27.470222,31.748001,68.636536,3.6823654,560.25,36.7
1997-07-07,1997,188,31.348,26.448,26.886889,30.548,73.40638,3.8925047,515.75,35.0
1997-07-08,1997,189,31.848,26.298,26.898,31.3105,73.17722,4.3539305,595.75,36.2
1997-07-09,1997,190,31.348,26.348,27.325779,30.698,72.47785,4.33014,319.25,33.3
1997-07-10,1997,191,33.898003,26.398,27.464668,33.273003,56.715984,6.6211576,591.5,36.5
1997-07-11,1997,192,33.498,27.648,28.298,32.8105,59.806007,6.167651,516.25,35.6
1997-07-12,1997,193,32.698,27.498,27.992445,31.8605,64.10658,5.4480577,577.25,35.3
1997-07-13,1997,194,33.498,26.698,27.614666,32.4855,59.264435,4.753376,509.5,35.6
1997-07-14,1997,195,33.448,27.048,28.009111,32.860504,55.05905,4.9297366,551.25,35.9
1997-07-15,1997,196,31.548,26.948,27.68689,30.948,63.098743,4.622171,284.25,32.2
1997-07-16,1997,197,33.598003,25.898,27.164665,32.6605,55.158237,4.911062,505.25,35.4
1997-07-17,1997,198,31.448,26.348,27.492445,30.698,63.697456,2.9050684,238.25,33.1
1997-07-18,1997,199,33.098003,27.198,28.236889,32.298,58.605232,2.6248071,494.0,37.0
1997-07-19,1997,200,31.548,26.798,27.498,31.0105,68.435326,2.730841,337.25,34.9
1997-07-20,1997,201,31.948,25.698,26.364666,31.685501,65.621826,3.5981796,574.75,36.5
1997-07-21,1997,202,33.148003,25.798,27.048,32.448,58.024277,3.268856,635.5,37.5
1997-07-22,1997,203,33.448,26.298,27.703556,32.523003,54.668015,2.0619338,599.5,38.3
1997-07-23,1997,204,33.398003,26.698,27.892445,32.723003,55.800995,2.2509115,680.75,39.0
1997-07-24,1997,205,34.398003,27.098,27.942444,33.773003,56.959652,2.7028394,754.25,40.5
1997-07-25,1997,206,31.098,26.398,27.175777,30.548,68.0541,4.0902042,332.0,32.9
1997-07-26,1997,207,29.248,26.048,27.159111,28.522999,82.800385,4.052846,186.75,30.4
1997-07-27,1997,208,29.448,25.448,25.675777,28.5855,80.67226,5.5587726,339.5,30.3
1997-07-28,1997,209,28.398,25.548,25.881334,27.685501,88.79223,4.339481,225.5,29.8
1997-07-29,1997,210,28.798,25.798,26.014668,28.2355,81.3599,3.5341058,199.0,30.4
1997-07-30,1997,211,30.098,25.998,26.314667,29.048,81.72774,2.9208808,449.25,34.3
1997-07-31,1997,212,31.098,25.498,26.10911,30.2605,77.251854,2.527327,350.5,35.2
1997-08-01,1997,213,28.698,25.748,26.198,27.698,90.62666,2.8971634,109.75,30.6
1997-08-02,1997,214,30.998,26.248,26.648,30.4355,68.5474,5.601591,413.0,32.4
1997-08-03,1997,215,31.998,25.998,26.631334,31.498,62.438194,5.608551,513.75,34.1
1997-08-04,1997,216,31.198,26.448,26.664665,30.748,65.34874,5.4025335,563.5,33.7
1997-08-05,1997,217,31.648,25.948,26.192444,31.2105,64.233925,4.247855,600.5,35.3
1997-08-06,1997,218,31.598,25.048,26.020224,31.0605,61.41089,2.781908,574.25,36.1
1997-08-07,1997,219,27.098,25.098,25.942444,26.7855,89.758385,2.8659332,140.5,29.5
1997-08-08,1997,220,30.548,24.898,25.348,29.548,68.46414,3.393685,435.0,33.1
1997-08-09,1997,221,30.698,24.548,25.548,30.4855,66.79375,3.6316211,674.25,35.7
1997-08-10,1997,222,31.598,24.798,25.825779,31.173,59.622982,3.5878558,697.25,36.2
1997-08-11,1997,223,31.598,24.448,26.098,30.8355,60.5904,4.8068514,552.0,33.7
1997-08-12,1997,224,31.048,24.948,26.298,30.8355,65.12,5.2130294,625.25,34.4
1997-08-13,1997,225,30.948,25.648,26.581333,30.598,67.00905,5.3508267,553.5,33.6
1997-08-14,1997,226,30.798,25.548,26.542444,30.5855,70.08994,3.404909,530.75,35.3
1997-08-15,1997,227,31.198,25.398,26.670221,30.748,69.961205,3.2736435,596.0,36.1
1997-08-16,1997,228,31.148,25.048,26.60911,30.448,67.41767,3.5713568,613.5,35.3
1997-08-17,1997,229,31.948,24.848,26.364666,31.060501,61.81533,4.069956,538.0,34.6
1997-08-18,1997,230,31.748,24.698,26.259111,31.198,59.84713,3.9469666,494.25,34.4
1997-08-19,1997,231,31.598,24.498,25.975777,30.8855,63.47107,3.650298,594.0,35.3
1997-08-20,1997,232,30.948,25.698,26.498,30.522999,70.07377,1.6630837,647.5,38.0
1997-08-21,1997,233,30.898,24.548,25.475777,30.397999,69.9624,1.8159466,606.0,37.4
1997-08-22,1997,234,32.648003,25.048,25.392445,32.148003,67.81534,0.64745176,667.75,40.7
1997-08-23,1997,235,30.998,24.748,24.986887,30.435501,75.708015,4.350814,551.75,34.9
1997-08-24,1997,236,28.448,24.498,24.820223,27.798,88.6897,4.5974064,288.0,30.2
1997-08-25,1997,237,29.598,24.098,24.875776,27.7855,87.62277,3.9856873,243.75,30.3
1997-08-26,1997,238,31.548,25.248,25.998,30.948,65.711914,6.199693,631.75,34.2
1997-08-27,1997,239,31.298,25.648,26.292444,30.673,62.50473,3.4486277,535.0,34.7
1997-08-28,1997,240,31.098,24.998,26.003555,30.710499,60.690613,1.7601655,602.0,37.0
1997-08-29,1997,241,30.948,25.148,25.58689,30.4105,72.46903,2.3181088,625.75,37.2
1997-08-30,1997,242,30.548,25.098,25.875778,30.073,72.9404,2.851223,604.5,36.1
1997-08-31,1997,243,31.348,24.498,25.470222,30.6855,62.77975,3.1614335,636.75,35.8
1997-09-01,1997,244,31.148,24.648,25.509111,30.810501,62.06736,2.9009643,669.25,36.5
1997-09-02,1997,245,31.048,24.448,25.414665,30.573,61.92344,3.2164505,589.75,35.2
1997-09-03,1997,246,30.848,25.348,26.014668,30.335499,57.262566,3.433711,555.5,34.1
1997-09-04,1997,247,30.898,24.448,25.370222,30.4605,58.913548,3.4919739,626.5,34.8
1997-09-05,1997,248,30.998,25.148,25.692444,30.6355,60.22648,3.5163648,674.25,35.5
1997-09-06,1997,249,31.298,25.098,25.603556,30.798,59.62215,3.514591,675.5,35.6
1997-09-07,1997,250,30.648,25.248,25.681334,30.335499,60.5925,2.6489983,592.0,35.5
1997-09-08,1997,251,31.698,24.298,25.553555,31.348,67.7896,0.68066734,692.25,39.9
1997-09-09,1997,252,28.848,25.648,26.159111,28.3105,80.75814,2.144509,258.0,32.6
1997-09-10,1997,253,27.198,25.098,25.475777,26.7605,89.97029,2.2827044,145.25,30.2
1997-09-11,1997,254,28.848,24.398,25.131334,28.423,78.45137,4.5739183,380.5,30.8
1997-09-12,1997,255,28.648,24.648,25.470222,27.823,80.5135,4.382797,422.5,30.7
1997-09-13,1997,256,28.148,24.248,24.659111,27.848,83.89668,4.8539596,305.25,29.7
1997-09-14,1997,257,29.948,23.998,24.459112,29.598,73.07893,2.8505754,452.75,34.3
1997-09-15,1997,258,30.848,24.248,24.820223,30.1605,69.881905,2.6014402,525.5,35.6
1997-09-16,1997,259,30.048,24.698,25.448,29.7605,71.58286,2.2653224,563.25,35.9
1997-09-17,1997,260,30.248,25.048,25.581333,29.873,72.6947,1.8052105,612.25,37.1
1997-09-18,1997,261,31.148,24.648,25.536888,30.848,67.51158,2.3289983,666.0,37.6
1997-09-19,1997,262,30.848,24.148,25.164665,30.5105,65.35903,2.89993,629.0,36.1
1997-09-20,1997,263,29.448,23.948,24.975777,29.223,73.61836,2.7010975,535.25,34.7
1997-09-21,1997,264,29.898,24.448,24.959112,29.6605,69.50477,1.4709657,570.75,36.5
1997-09-22,1997,265,30.698,23.948,24.659111,30.323,71.85892,1.5714312,577.25,37.5
1997-09-23,1997,266,31.598,23.998,24.748,31.4105,70.029305,1.1265233,708.5,40.1
1997-09-24,1997,267,30.948,23.748,24.470222,30.4605,71.91975,0.43372044,528.25,38.0
1997-09-25,1997,268,31.398,23.598,24.420221,31.123001,68.53206,2.061853,637.25,38.1
1997-09-26,1997,269,30.748,24.198,24.542444,30.460499,75.765594,2.5025048,658.75,37.7
1997-09-27,1997,270,30.498,23.998,24.636889,30.198,64.52215,3.1172261,688.0,35.8
1997-09-28,1997,271,30.498,23.648,24.625778,30.0605,60.434917,3.0596526,752.5,35.9
1997-09-29,1997,272,30.148,22.698,24.203556,29.5355,56.36702,4.0317707,614.5,32.9
1997-09-30,1997,273,30.298,21.848,23.664665,29.6355,54.849655,3.9577618,672.5,33.4
1997-10-01,1997,274,29.248,21.398,23.198,28.9855,57.590584,2.4747894,611.5,34.0
1997-10-02,1997,275,29.548,22.048,23.381334,29.123001,64.9098,2.3996942,562.0,34.4
1997-10-03,1997,276,30.248,22.548,23.614666,29.7855,61.60032,2.9792423,584.75,34.4
1997-10-04,1997,277,29.998,22.448,23.775778,29.710499,61.439213,3.041769,572.0,34.2
1997-10-05,1997,278,30.148,22.998,24.225777,29.623001,61.953995,2.3948708,558.25,34.8
1997-10-06,1997,279,30.798,21.648,23.553555,30.435501,60.84772,1.4269989,671.75,37.5
1997-10-07,1997,280,31.848,22.898,23.903557,31.5605,62.48283,1.2467062,737.0,39.6
1997-10-08,1997,281,32.498,22.148,23.575779,32.198,46.88575,1.4861361,781.0,39.2
1997-10-09,1997,282,32.098003,20.148,22.020224,31.648,49.76879,1.0217118,780.5,39.1
1997-10-10,1997,283,32.348003,20.448,21.992445,32.098003,47.948166,1.0122404,757.75,39.3
1997-10-11,1997,284,32.498,21.798,23.364666,32.1855,48.726025,1.1827999,768.25,39.4
1997-10-12,1997,285,33.298,20.998,22.781334,33.0105,49.638912,0.57475936,760.0,40.6
1997-10-13,1997,286,33.598003,21.448,23.292444,33.3105,47.873375,0.48753154,758.0,40.8
1997-10-14,1997,287,33.448,21.948,23.009111,33.098003,46.9678,0.9764912,746.0,40.2
1997-10-15,1997,288,32.348003,21.348,22.792444,31.9855,48.75303,1.1305685,744.25,39.1
1997-10-16,1997,289,31.798,21.698,23.064667,31.548,52.341457,2.3425837,708.0,37.5
1997-10-17,1997,290,32.848003,21.948,23.142445,32.523003,42.911694,0.6469435,710.0,39.1
1997-10-18,1997,291,32.748,21.548,22.870222,32.4105,40.867897,0.3875536,702.25,38.8
1997-10-19,1997,292,32.698,20.548,22.625778,32.298,36.705757,1.7425251,703.5,37.8
1997-10-20,1997,293,31.098,18.748,20.353556,30.960499,37.74756,2.6111848,737.25,35.9
1997-10-21,1997,294,31.048,18.148,19.653557,30.723,35.262894,2.037155,759.75,36.2
1997-10-22,1997,295,31.448,18.348,19.903557,31.147999,34.39284,1.7664244,752.25,36.8
1997-10-23,1997,296,31.198,18.898,20.386889,30.823,40.778,0.4651925,723.25,37.3
1997-10-24,1997,297,30.798,19.598,21.131334,30.4855,41.893303,1.2012799,732.25,36.8
1997-10-25,1997,298,31.498,19.348,20.931334,31.0605,41.096287,0.5990705,713.25,37.5
1997-10-26,1997,299,31.748,20.548,21.625778,31.435501,39.507526,0.87421566,697.5,37.6
1997-10-27,1997,300,31.398,19.848,21.203556,31.148,40.97687,1.7932342,703.5,36.8
1997-10-28,1997,301,31.298,19.048,20.759111,30.9855,39.62301,0.96408796,690.25,37.0
1997-10-29,1997,302,30.798,18.948,20.770224,30.4855,38.08731,1.9780163,724.5,35.9
1997-10-30,1997,303,31.298,19.848,21.175777,30.835499,41.473827,2.1721754,674.25,35.9
1997-10-31,1997,304,31.748,22.098,22.914665,31.310501,39.622276,1.7277749,699.0,36.9
1997-11-01,1997,305,31.648,21.198,22.364666,31.423,40.858097,1.5773786,623.0,36.6
1997-11-02,1997,306,32.098003,19.798,21.464668,31.823002,36.461536,1.486861,697.5,37.4
1997-11-03,1997,307,32.598003,19.298,20.80911,32.148003,35.91898,0.67389894,707.25,38.2
1997-11-04,1997,308,32.848003,19.848,21.570223,32.523003,41.208515,1.2110739,680.75,38.5
1997-11-05,1997,309,32.848003,21.348,22.748,32.573,41.57959,1.1464218,650.25,38.4
1997-11-06,1997,310,32.698,21.148,22.709112,32.4355,38.385918,1.1978928,671.75,38.2
1997-11-07,1997,311,32.548,20.148,21.759111,32.323,36.56347,1.0052203,688.5,38.2
1997-11-08,1997,312,32.298,20.298,21.653557,32.0605,40.678516,0.61413765,633.75,37.8
1997-11-09,1997,313,32.348003,18.748,20.642445,32.035503,33.9997,1.1458335,680.75,37.6
1997-11-10,1997,314,32.248,19.198,21.275778,31.848,36.242924,0.4983747,668.25,37.5
1997-11-11,1997,315,31.998,19.398,21.392445,31.710499,37.322773,1.3424939,659.5,37.2
1997-11-12,1997,316,30.848,19.898,21.248,30.5105,32.35734,1.487189,687.75,35.7
1997-11-13,1997,317,30.448,17.948,19.792442,30.1105,32.449867,0.96613634,684.75,35.6
1997-11-14,1997,318,30.698,17.448,18.948,30.323,35.423565,1.0167179,677.25,35.9
1997-11-15,1997,319,30.848,16.498,18.58689,30.423,35.080833,1.2976763,666.25,35.8
1997-11-16,1997,320,31.698,17.748,19.848,31.2855,37.688915,1.6952894,671.25,36.6
1997-11-17,1997,321,31.598,19.148,21.142445,31.2855,36.42687,1.7698764,668.25,36.4
1997-11-18,1997,322,30.798,17.548,20.103556,30.4855,33.563843,2.829164,645.75,34.2
1997-11-19,1997,323,29.198,19.398,20.58689,29.0105,38.513817,2.1302567,621.75,33.4
1997-11-20,1997,324,29.048,18.898,19.598,28.8355,37.221737,3.1732452,621.5,32.0
1997-11-21,1997,325,29.248,19.098,20.05911,29.0355,46.63723,1.4878498,550.25,33.9
1997-11-22,1997,326,30.548,19.848,21.264668,30.148,41.598206,0.6039306,632.5,35.9
1997-11-23,1997,327,30.048,20.198,21.292444,29.7355,43.055294,1.3441061,623.0,35.2
1997-11-24,1997,328,30.598,19.748,21.220222,30.1855,40.18741,2.7298408,638.0,34.2
1997-11-25,1997,329,28.298,20.098,21.225777,27.9855,47.626057,3.3137102,590.5,31.1
1997-11-26,1997,330,27.498,16.948,18.709112,27.210499,38.206146,2.584163,652.25,31.3
1997-11-27,1997,331,27.698,15.548,17.498,27.1105,39.928917,3.7288485,647.25,29.8
1997-11-28,1997,332,29.148,19.648,20.83689,28.5355,48.08259,2.993875,634.25,32.5
1997-11-29,1997,333,27.648,20.698,21.748,27.048,61.400024,3.0457644,472.25,30.2
1997-11-30,1997,334,28.298,19.148,20.164665,27.823,47.0141,2.4459965,632.0,32.3
1997-12-01,1997,335,27.748,17.498,18.998,27.397999,41.027912,2.878974,631.5,31.0
1997-12-02,1997,336,27.448,17.598,19.05911,26.798,45.47872,3.0970297,638.75,30.4
1997-12-03,1997,337,27.448,17.948,19.120222,27.022999,51.231075,1.8593987,606.25,32.2
1997-12-04,1997,338,27.598,15.798,17.581333,27.085499,43.09078,2.5459175,639.75,31.3
1997-12-05,1997,339,27.548,18.298,19.459112,27.147999,51.922874,2.4602795,552.0,31.2
1997-12-06,1997,340,28.298,18.448,19.459112,27.9855,58.899208,1.0481893,535.25,33.9
1997-12-07,1997,341,28.848,18.848,20.164665,28.3855,54.35804,2.1403265,544.0,33.0
1997-12-08,1997,342,27.348,18.648,20.081333,26.948,44.596245,2.318547,567.25,30.9
1997-12-09,1997,343,25.598,15.948,17.253555,25.348,35.972153,4.386021,644.25,26.9
1997-12-10,1997,344,25.798,13.548,15.398,25.435501,26.906311,2.8342843,660.25,28.8
1997-12-11,1997,345,25.798,13.898,15.670222,25.272999,39.098217,2.6414876,645.25,29.2
1997-12-12,1997,346,27.048,16.248,17.60911,26.4855,44.876263,0.75879616,633.25,32.6
1997-12-13,1997,347,26.848,15.598,17.548,26.5355,24.63107,3.7095635,651.0,28.7
1997-12-14,1997,348,25.648,13.848,15.68689,25.0855,35.694088,2.7427068,648.25,28.8
1997-12-15,1997,349,25.398,13.798,15.486889,24.698,37.582577,2.700859,648.75,28.5
1997-12-16,1997,350,25.948,13.598,15.225778,25.373,37.21387,3.636552,646.0,27.9
1997-12-17,1997,351,24.848,14.998,16.536888,24.3605,40.44497,3.6329749,640.5,26.9
1997-12-18,1997,352,25.348,14.698,16.08689,24.798,45.538834,2.0766313,628.0,29.7
1997-12-19,1997,353,25.198,16.098,16.648,24.8355,42.8133,2.8127275,561.75,27.9
1997-12-20,1997,354,25.648,15.348,16.503555,25.2105,42.5913,3.6457405,634.25,27.8
1997-12-21,1997,355,26.098,14.598,16.55911,25.348,47.306065,3.241269,616.0,28.5
1997-12-22,1997,356,26.448,17.348,18.720222,25.573,55.84929,1.3521035,527.25,30.9
1997-12-23,1997,357,26.748,17.698,18.803555,26.210499,42.62137,2.4570215,559.0,29.8
1997-12-24,1997,358,26.248,15.848,16.80911,25.798,38.98037,3.1394746,589.25,28.5
1997-12-25,1997,359,26.648,15.098,16.731333,26.073,37.24932,2.4467099,611.25,29.9
1997-12-26,1997,360,26.648,18.348,19.009111,26.0355,49.136166,2.6718855,513.75,29.2
1997-12-27,1997,361,26.798,17.848,18.742443,26.435501,39.973507,2.1211116,597.25,30.7
1997-12-28,1997,362,26.848,14.648,16.742443,26.373001,42.561863,2.3481245,631.25,30.7
1997-12-29,1997,363,26.748,15.898,17.503555,26.272999,41.900173,1.9089887,637.0,31.2
1997-12-30,1997,364,24.598,14.798,16.364666,23.898,39.12375,3.2378929,641.25,26.9
1997-12-31,1997,365,23.748,14.148,15.570223,22.960499,40.92515,4.25889,638.75,24.5
1998-01-01,1998,1,24.198,13.598,15.414666,23.323,43.02619,4.790018,590.25,23.8
1998-01-02,1998,2,26.298,14.748,16.781334,25.5105,46.093834,4.537219,634.0,27.2
1998-01-03,1998,3,28.648,16.348,18.425777,27.5855,45.342976,3.019905,640.0,31.3
1998-01-04,1998,4,29.798,18.398,20.081333,29.1855,45.56922,1.2580574,640.0,35.0
1998-01-05,1998,5,29.398,16.598,18.581333,28.7855,31.577343,2.143023,659.75,33.1
1998-01-06,1998,6,29.698,14.898,17.403557,29.1355,32.56569,1.5957173,649.0,34.0
1998-01-07,1998,7,30.648,15.098,17.875778,30.123,31.937922,1.4037114,662.0,35.2
1998-01-08,1998,8,29.898,16.348,18.675777,29.3855,28.522524,1.6117483,666.0,34.2
1998-01-09,1998,9,29.948,15.798,17.68689,29.2855,23.735527,1.7615778,675.0,33.8
1998-01-10,1998,10,30.148,16.398,18.509111,29.522999,39.734802,1.7933228,624.75,34.4
1998-01-11,1998,11,30.398,18.948,20.898,29.873,38.494205,0.7055003,656.25,35.6
1998-01-12,1998,12,29.748,17.498,19.475777,29.2605,26.254972,2.754686,679.0,32.9
1998-01-13,1998,13,28.748,16.298,17.781334,28.147999,35.45059,1.7792689,657.75,33.0
1998-01-14,1998,14,29.848,15.748,17.870222,29.2605,28.844107,0.88865364,677.0,34.6
1998-01-15,1998,15,26.598,16.598,18.409111,26.0605,35.295776,4.446087,663.5,27.7
1998-01-16,1998,16,24.298,11.998,14.086888,23.673,22.746948,0.9978997,726.5,30.0
1998-01-17,1998,17,23.098,9.198,11.848001,22.710499,15.651189,3.126243,726.5,26.3
1998-01-18,1998,18,23.998,9.248,11.586888,23.098,21.924364,2.2322593,733.25,28.2
1998-01-19,1998,19,24.648,12.298,13.098001,24.1105,21.279093,3.5523388,727.75,27.1
1998-01-20,1998,20,25.348,11.298,12.970222,24.723,25.868948,2.1642222,721.25,29.6
1998-01-21,1998,21,25.498,11.798,13.592444,24.823,21.27938,3.3295727,728.25,28.1
1998-01-22,1998,22,25.398,11.798,13.125778,24.772999,21.434496,1.9085416,730.5,30.0
1998-01-23,1998,23,25.848,11.948,13.670222,25.248,21.358637,2.6196094,736.75,29.5
1998-01-24,1998,24,26.448,13.148,14.648,25.723,21.531464,5.0086274,725.5,27.0
1998-01-25,1998,25,25.648,16.348,17.236887,24.898,30.951239,4.7929983,586.5,25.2
1998-01-26,1998,26,26.648,15.948,16.831333,25.960499,32.628197,3.2953868,703.5,29.3
1998-01-27,1998,27,26.848,14.498,15.7202215,26.123,36.9061,1.1530683,721.25,32.3
1998-01-28,1998,28,27.248,13.898,16.08689,26.7105,31.058128,2.6879554,728.5,31.0
1998-01-29,1998,29,28.198,13.848,15.786889,27.573,34.244514,2.781973,717.25,31.8
1998-01-30,1998,30,29.348,16.798,17.803555,28.5855,33.58658,2.8950746,729.5,32.8
1998-01-31,1998,31,29.998,17.248,18.698,29.3105,43.208027,1.4162018,666.25,35.0
1998-02-01,1998,32,30.648,17.048,19.286888,30.173,36.792816,2.8828168,664.75,34.1
1998-02-02,1998,33,29.148,17.198,19.281334,28.6355,38.43122,3.3689113,727.5,32.4
1998-02-03,1998,34,28.648,15.148,17.742445,27.973,27.389137,2.2370107,752.5,32.9
1998-02-04,1998,35,29.148,15.498,17.548,28.548,27.929573,2.3652592,754.0,33.3
1998-02-05,1998,36,28.498,15.548,17.770224,28.123001,22.597565,2.025895,758.75,33.1
1998-02-06,1998,37,28.298,15.348,17.681334,27.810501,22.585901,2.298941,766.75,32.6
1998-02-07,1998,38,28.498,15.298,17.103554,28.023,24.33707,2.3258636,774.75,32.9
1998-02-08,1998,39,29.398,14.998,16.80911,28.8605,21.596664,3.3065763,778.75,32.6
1998-02-09,1998,40,30.098,15.298,17.236889,29.460499,20.45432,3.208852,784.25,33.4
1998-02-10,1998,41,31.098,15.698,17.564667,30.348,22.115416,2.573901,785.25,35.0
1998-02-11,1998,42,31.398,15.748,17.814667,30.773,21.83603,1.1368167,789.25,36.4
1998-02-12,1998,43,31.848,15.198,17.60911,31.248,21.918697,1.8157575,790.0,36.5
1998-02-13,1998,44,32.598003,15.698,17.953556,31.998001,20.334969,2.7747164,784.5,36.4
1998-02-14,1998,45,32.148003,18.198,19.803555,31.523,23.891222,3.1027122,761.75,35.6
1998-02-15,1998,46,27.548,18.698,22.098,26.4605,41.793056,2.838734,717.75,30.9
1998-02-16,1998,47,26.898,14.998,17.392445,26.298,38.053047,3.4671562,760.25,30.1
1998-02-17,1998,48,27.398,15.598,17.925777,26.772999,32.20551,3.162784,744.5,30.6
1998-02-18,1998,49,28.248,15.498,17.842445,27.272999,30.38815,4.6263056,692.75,29.0
1998-02-19,1998,50,26.698,15.848,17.548,26.022999,27.764147,2.2457712,813.25,31.5
1998-02-20,1998,51,27.648,14.948,16.620222,26.9855,22.894196,1.2099224,821.75,33.3
1998-02-21,1998,52,28.198,13.598,16.198,27.748,15.116288,2.2717936,839.25,33.0
1998-02-22,1998,53,29.098,13.998,16.714668,28.498001,15.463915,1.6836901,829.75,34.1
1998-02-23,1998,54,29.498,16.698,18.553555,29.0105,19.877804,2.4738035,748.0,33.3
1998-02-24,1998,55,28.648,17.598,18.881332,27.423,40.15257,6.441927,618.5,27.6
1998-02-25,1998,56,23.848,12.298,14.859111,22.8105,21.06346,2.2565591,862.5,29.1
1998-02-26,1998,57,26.198,9.898,12.792445,25.435501,21.20138,1.377777,854.25,32.2
1998-02-27,1998,58,28.248,12.598,15.064667,27.673,20.515064,1.375518,845.0,33.9
1998-02-28,1998,59,29.348,14.398,16.986889,28.923,16.87853,3.3250198,803.25,32.8
1998-03-01,1998,60,30.998,15.748,18.009111,30.223,21.616901,3.6234488,850.5,34.3
1998-03-02,1998,61,32.148003,17.198,18.842445,31.435501,18.232424,4.081607,854.0,35.2
1998-03-03,1998,62,34.698,17.548,19.653557,33.835503,19.707794,2.790108,842.75,38.8
1998-03-04,1998,63,34.848003,17.198,20.898,33.9105,22.28404,1.1013011,838.25,40.0
1998-03-05,1998,64,31.448,19.348,21.998,30.798,28.970528,2.8777373,837.25,35.8
1998-03-06,1998,65,29.948,18.648,20.875778,29.448,21.977915,3.3355136,865.0,33.9
1998-03-07,1998,66,30.148,16.398,18.786888,29.585499,21.129646,3.2608588,866.75,34.1
1998-03-08,1998,67,31.498,17.098,19.564667,30.7605,19.90883,1.2841265,860.75,36.8
1998-03-09,1998,68,31.648,17.648,19.80911,30.748001,23.199339,2.4044538,853.75,36.1
1998-03-10,1998,69,33.698,20.948,22.58689,32.998,26.675741,3.353099,832.5,37.7
1998-03-11,1998,70,32.598003,21.198,22.753555,31.885502,26.95989,4.093828,797.0,35.5
1998-03-12,1998,71,29.798,18.048,21.003555,28.647999,29.835682,3.0385013,877.75,33.7
1998-03-13,1998,72,30.748,18.498,20.470222,30.272999,20.92812,1.1730131,883.75,36.6
1998-03-14,1998,73,31.248,18.098,19.925777,30.8605,16.453466,2.1030638,894.5,36.5
1998-03-15,1998,74,33.648003,17.598,20.18689,32.898003,19.545033,3.938232,883.25,37.2
1998-03-16,1998,75,31.848,19.098,20.831333,31.223,27.265266,3.744938,850.0,35.5
1998-03-17,1998,76,33.248,18.648,20.075779,32.173,30.327477,1.213186,854.0,38.8
1998-03-18,1998,77,33.398003,17.548,20.525778,32.798,23.163475,1.9657595,890.25,38.9
1998-03-19,1998,78,34.198,18.798,21.898,33.623,18.998894,2.3741302,894.0,39.3
1998-03-20,1998,79,35.598003,20.048,22.886889,34.835503,20.422356,1.6968839,877.5,40.9
1998-03-21,1998,80,37.948,22.548,24.848,36.9355,25.797539,1.4986346,845.5,43.5
1998-03-22,1998,81,39.448,23.848,25.931334,37.923004,21.285553,4.9869747,879.75,42.9
1998-03-23,1998,82,36.648003,23.848,26.092445,35.648003,26.43824,3.008999,887.25,41.4
1998-03-24,1998,83,35.348003,21.698,23.914665,34.823,8.285741,2.5620766,927.75,39.9
1998-03-25,1998,84,35.298,18.248,21.181334,34.8105,8.231664,2.779983,938.5,39.8
1998-03-26,1998,85,36.448,18.698,21.220222,35.748,10.673247,0.56562793,920.25,41.1
1998-03-27,1998,86,37.298,19.598,22.864666,36.173,20.3465,1.4628991,906.5,42.7
1998-03-28,1998,87,38.248,21.298,24.225777,37.273003,25.581749,1.4486377,878.0,44.1
1998-03-29,1998,88,38.798,24.198,26.403557,38.123,17.137608,1.0061826,907.5,44.5
1998-03-30,1998,89,37.298,22.848,24.698,36.3605,32.154938,2.8301344,893.5,42.7
1998-03-31,1998,90,38.448,22.648,25.398,37.573,25.806396,0.6064428,898.75,44.6
1998-04-01,1998,91,40.448,22.498,25.786888,39.710503,17.390604,2.2578318,911.25,46.2
1998-04-02,1998,92,41.198,24.698,26.781334,40.2855,12.782977,2.9197042,923.25,46.3
1998-04-03,1998,93,40.698,23.948,26.731333,39.423,21.136703,3.0197697,914.0,45.8
1998-04-04,1998,94,39.948,23.398,26.409111,38.5105,25.002155,1.6124084,911.0,45.7
1998-04-05,1998,95,40.998,23.398,26.614666,40.473,20.078257,0.73466206,878.25,47.2
1998-04-06,1998,96,41.698,24.198,28.003555,41.148003,17.016737,1.0221779,898.0,47.8
1998-04-07,1998,97,40.248,27.898,29.420223,39.735504,10.836011,4.2088003,864.0,44.6
1998-04-08,1998,98,37.248,24.098,26.764668,36.323,18.979607,5.7319603,929.75,40.9
1998-04-09,1998,99,34.548,20.648,23.448,33.460503,23.15287,3.1445017,934.75,39.0
1998-04-10,1998,100,35.648003,20.698,22.898,35.0105,17.57162,1.7421347,937.75,41.3
1998-04-11,1998,101,37.048,20.998,23.331333,36.498,16.928,0.92831814,929.0,42.9
1998-04-12,1998,102,38.348003,23.798,26.270224,37.998,14.680012,2.8143382,925.75,43.8
1998-04-13,1998,103,38.098003,22.998,26.664665,37.7355,12.88969,1.3102336,935.0,43.8
1998-04-14,1998,104,38.448,22.398,24.970222,37.898003,20.257751,2.4500842,913.5,44.2
1998-04-15,1998,105,38.548,24.098,26.531334,37.748,22.704124,1.2196937,861.25,44.3
1998-04-16,1998,106,39.198,23.798,26.792444,38.573,21.539854,1.254278,890.0,45.4
1998-04-17,1998,107,37.798,25.848,27.820223,36.960503,24.238361,2.677612,741.25,42.0
1998-04-18,1998,108,36.098003,23.898,26.198,35.073,24.835266,2.245991,821.0,40.7
1998-04-19,1998,109,37.398003,22.898,25.453556,36.498,22.917887,2.562206,919.5,42.7
1998-04-20,1998,110,38.548,23.048,25.642445,36.773003,26.431446,3.6905627,923.75,42.5
1998-04-21,1998,111,39.298,24.198,26.331333,37.3605,27.484495,4.422534,851.25,42.4
1998-04-22,1998,112,39.698,23.548,26.314667,38.348003,26.398613,3.7052662,924.5,44.5
1998-04-23,1998,113,39.098003,24.648,27.298,37.973003,24.75175,3.6517072,923.5,43.9
1998-04-24,1998,114,39.398003,25.348,27.759111,38.0605,28.66264,3.7690434,908.75,44.1
1998-04-25,1998,115,38.848003,25.298,27.664665,37.698,30.35097,3.2812295,909.25,44.0
1998-04-26,1998,116,38.098003,25.298,27.831333,37.323,34.201607,2.81817,841.5,43.6
1998-04-27,1998,117,39.248,26.998,28.881334,38.6855,30.075487,2.8631442,847.0,45.0
1998-04-28,1998,118,40.198,26.498,27.970222,39.273003,28.239538,2.8535814,863.25,45.8
1998-04-29,1998,119,40.548,26.398,28.803555,40.098,17.016075,3.482705,910.25,46.1
1998-04-30,1998,120,38.798,25.348,27.986889,37.7855,24.336441,3.4358726,928.75,43.9
1998-05-01,1998,121,39.148003,25.598,28.225777,38.110504,29.890396,2.6551814,911.5,44.9
1998-05-02,1998,122,39.848003,27.098,29.392447,39.0105,26.508709,2.9508665,896.5,45.5
1998-05-03,1998,123,41.098003,27.648,29.581333,40.4105,22.976967,2.829852,914.0,47.2
1998-05-04,1998,124,41.548,27.648,29.581333,41.1105,20.070232,3.6666093,896.0,47.4
1998-05-05,1998,125,41.548,27.598,29.831333,40.773003,18.83014,3.3050125,935.25,47.3
1998-05-06,1998,126,41.098003,27.198,29.931335,40.298004,18.679321,3.495237,927.5,46.6
1998-05-07,1998,127,41.148003,27.848,30.025778,40.598,18.763313,3.3831196,928.5,47.0
1998-05-08,1998,128,40.448,28.298,29.95911,39.7605,22.809141,2.788765,908.75,46.4
1998-05-09,1998,129,39.998,25.198,27.692444,39.6605,10.418539,3.3497095,963.0,45.4
1998-05-10,1998,130,39.448,23.348,25.970222,38.998,13.996774,2.2348788,948.25,45.3
1998-05-11,1998,131,39.698,23.048,26.503555,39.223,16.468554,1.2716097,939.0,45.9
1998-05-12,1998,132,41.348003,24.348,27.520224,40.973003,11.299283,1.6981714,952.5,47.4
1998-05-13,1998,133,42.648003,24.948,27.931334,42.223,10.3178835,1.865951,951.5,48.6
1998-05-14,1998,134,42.948,28.898,29.820225,42.2355,10.335739,2.9852374,943.0,48.4
1998-05-15,1998,135,43.748,28.398,30.692444,43.110504,12.779802,3.4714122,935.75,49.5
1998-05-16,1998,136,43.248,28.948,31.442444,42.1605,17.822264,2.8675137,918.5,48.9
1998-05-17,1998,137,43.098003,28.298,30.886889,42.1855,15.298823,2.647322,932.5,48.9
1998-05-18,1998,138,42.448,27.498,30.036888,41.073,25.940166,2.4646797,920.0,48.4
1998-05-19,1998,139,42.048,28.598,29.67022,41.348,30.86324,2.7149446,894.25,48.8
1998-05-20,1998,140,42.098003,28.798,29.792442,40.998,34.72109,2.739261,877.5,48.5
1998-05-21,1998,141,42.948,29.348,30.18689,41.9105,19.174744,3.010994,905.5,48.6
1998-05-22,1998,142,42.648003,27.598,29.586887,40.9105,24.679977,3.3288193,913.0,47.7
1998-05-23,1998,143,42.048,27.198,29.503557,40.3105,29.334091,3.3866649,909.5,47.1
1998-05-24,1998,144,42.048,26.248,28.586887,39.8605,29.645546,3.5041356,918.5,46.6
1998-05-25,1998,145,42.048,26.548,28.559109,40.198,27.98996,3.4521892,918.25,46.9
1998-05-26,1998,146,42.048,27.098,28.909111,40.2605,25.536577,3.8106496,920.75,46.7
1998-05-27,1998,147,41.548,27.248,29.014666,39.748,29.964794,4.553626,913.25,45.9
1998-05-28,1998,148,41.698,27.998,29.448002,39.873,31.540077,4.9798517,900.75,46.0
1998-05-29,1998,149,42.198,27.648,29.45911,40.0605,29.26236,4.995975,906.0,46.2
1998-05-30,1998,150,40.648003,27.448,29.381334,38.648003,33.74689,4.3970947,893.0,44.6
1998-05-31,1998,151,41.398003,27.948,29.753557,39.460503,30.813875,4.296007,901.5,45.6
1998-06-01,1998,152,41.848003,26.848,29.32022,40.0105,27.768192,3.84632,908.0,46.4
1998-06-02,1998,153,41.348003,26.098,29.10911,39.7355,27.500193,4.049375,908.25,46.0
1998-06-03,1998,154,40.698,26.798,29.286888,39.2855,27.585037,3.2192965,904.75,45.8
1998-06-04,1998,155,41.298,27.848,30.003557,39.573,30.33464,3.483804,898.25,46.1
1998-06-05,1998,156,41.548,27.848,29.947998,40.210503,31.179594,3.3731706,886.25,46.9
1998-06-06,1998,157,40.848003,29.298,30.742445,39.6355,29.94133,3.6057715,887.5,46.0
1998-06-07,1998,158,38.498,29.248,30.848,38.1605,35.605164,3.9130735,705.0,43.1
1998-06-08,1998,159,38.198,28.698,29.370222,37.123,42.29021,5.697677,795.0,42.1
1998-06-09,1998,160,29.598,26.848,27.998,28.423,79.08147,10.4975,275.0,28.3
1998-06-10,1998,161,35.348003,25.148,26.664665,32.6355,59.24254,4.8102508,510.75,35.8
1998-06-11,1998,162,37.848003,27.148,28.33689,36.498,42.423058,4.658516,808.75,41.7
1998-06-12,1998,163,37.098003,26.698,28.242445,36.373,43.219837,3.9683015,770.25,41.7
1998-06-13,1998,164,37.648003,27.048,28.586891,36.473003,35.520252,3.2830179,845.25,42.3
1998-06-14,1998,165,38.248,26.698,28.986887,37.5355,33.840984,2.2689986,838.25,44.2
1998-06-15,1998,166,42.048,30.148,32.059113,40.773003,27.7785,3.0240383,740.25,46.6
1998-06-16,1998,167,42.598003,31.548,32.859116,41.8855,23.382498,2.2249,773.0,48.3
1998-06-17,1998,168,43.048,29.898,30.536888,41.748,25.23729,2.6199732,814.5,48.4
1998-06-18,1998,169,41.398003,28.548,30.242445,39.710503,31.41248,3.1050878,874.25,46.4
1998-06-19,1998,170,41.548,27.798,30.170223,39.960503,31.86309,3.3460476,844.25,46.4
1998-06-20,1998,171,41.798,28.398,30.325779,40.048004,29.184933,4.6081085,840.75,45.8
1998-06-21,1998,172,41.798,28.798,30.48689,39.485504,31.231373,5.1928186,867.5,45.2
1998-06-22,1998,173,40.098003,28.848,30.60911,38.960503,32.62497,4.319797,821.5,44.5
1998-06-23,1998,174,39.998,29.098,30.564667,38.498,34.424698,3.7322807,805.25,44.2
1998-06-24,1998,175,39.898003,29.348,30.43689,38.398003,35.508675,3.2395873,779.5,44.3
1998-06-25,1998,176,38.948,29.698,30.664665,38.173,39.61009,2.4188733,762.0,44.8
1998-06-26,1998,177,37.648003,29.698,30.286888,36.9355,47.679634,3.1017747,673.5,42.8
1998-06-27,1998,178,37.498,29.748,30.20911,35.710503,54.417587,1.4461925,561.75,42.5
1998-06-28,1998,179,33.248,27.998,29.60911,32.848,66.3377,1.019673,397.25,39.2
1998-06-29,1998,180,29.598,25.898,26.159111,28.335499,85.42293,0.72920716,206.5,34.0
1998-06-30,1998,181,32.298,26.698,27.186888,31.885502,70.21947,1.7426875,460.5,38.3
1998-07-01,1998,182,32.398003,26.848,27.547998,31.698,71.20799,1.1047956,323.5,37.6
1998-07-02,1998,183,31.348,27.198,27.509111,30.323,72.0928,4.716415,348.75,32.6
1998-07-03,1998,184,31.548,26.648,27.281334,30.848,71.58724,4.9321976,473.5,34.1
1998-07-04,1998,185,31.898,26.898,27.392445,31.2355,68.53427,4.0379424,381.25,34.4
1998-07-05,1998,186,31.148,26.798,27.520224,30.3105,70.489136,5.087128,322.75,32.0
1998-07-06,1998,187,30.398,25.898,26.381334,29.4105,77.53311,6.0459824,334.75,31.0
1998-07-07,1998,188,30.148,25.748,26.314667,29.7605,76.06608,4.6774707,401.5,32.6
1998-07-08,1998,189,32.498,26.698,27.148,32.1855,60.695564,5.0016665,556.75,35.5
1998-07-09,1998,190,33.248,26.598,27.231333,32.4855,58.72932,4.9594674,585.25,36.0
1998-07-10,1998,191,32.698,27.048,27.631334,32.2605,59.773884,4.615242,631.25,36.3
1998-07-11,1998,192,31.948,26.298,27.58689,31.5105,59.699135,3.2887192,527.25,35.7
1998-07-12,1998,193,32.198,25.948,27.325779,31.623001,62.75827,4.5760846,553.25,35.2
1998-07-13,1998,194,31.848,26.248,27.33689,30.973,62.608856,4.342289,346.5,32.9
1998-07-14,1998,195,30.398,25.998,26.542442,29.2105,75.88382,3.148677,233.75,31.9
1998-07-15,1998,196,30.348,25.898,26.564667,29.8605,73.56039,3.880506,337.5,32.7
1998-07-16,1998,197,32.248,25.898,26.614666,31.5855,60.99505,5.246418,402.25,33.5
1998-07-17,1998,198,33.198,26.398,27.131334,32.4855,58.078144,5.5082455,543.25,35.4
1998-07-18,1998,199,33.248,26.398,27.43689,32.723,57.328617,4.7642503,533.5,35.9
1998-07-19,1998,200,33.198,26.148,27.453556,32.623,56.724487,4.366341,537.5,36.0
1998-07-20,1998,201,33.598003,26.048,27.398,33.048004,53.29063,3.8729706,546.25,36.7
1998-07-21,1998,202,34.198,26.298,27.553555,33.498,51.865906,3.4017081,640.0,38.2
1998-07-22,1998,203,34.748,26.748,27.975777,34.0105,48.3457,3.8385851,629.5,38.2
1998-07-23,1998,204,34.198,25.948,27.670221,33.3855,50.818142,4.3283014,540.25,36.6
1998-07-24,1998,205,34.348003,25.948,27.664665,33.348,48.683537,3.983267,450.0,35.9
1998-07-25,1998,206,34.448,25.998,27.692444,33.5605,49.171738,3.9584699,568.5,37.1
1998-07-26,1998,207,34.448,26.098,27.85911,33.673,48.91167,3.662099,519.75,37.1
1998-07-27,1998,208,35.398003,26.348,28.003555,34.2855,45.727158,2.892627,625.25,39.1
1998-07-28,1998,209,34.748,26.848,28.481333,34.085503,48.673203,2.4149647,556.75,39.0
1998-07-29,1998,210,33.448,26.798,28.392445,33.110504,55.211006,2.2489753,351.25,36.9
1998-07-30,1998,211,33.848003,26.048,26.948,33.373,60.890408,1.8925438,478.25,39.2
1998-07-31,1998,212,30.998,25.798,26.092445,30.073,75.48905,2.0102735,353.5,35.4
1998-08-01,1998,213,29.798,25.848,26.020224,29.5855,74.68146,2.5764694,225.25,32.9
1998-08-02,1998,214,30.198,25.848,26.192444,29.185501,75.81832,3.2857873,243.0,31.8
1998-08-03,1998,215,31.548,26.198,26.748,31.248,67.050224,4.4179764,477.25,34.6
1998-08-04,1998,216,31.148,26.298,27.081333,30.723,67.55138,5.993742,524.0,33.4
1998-08-05,1998,217,31.998,26.148,27.070223,31.3855,63.85222,6.1843743,557.25,34.2
1998-08-06,1998,218,31.548,26.548,27.270224,31.173,65.47955,4.3314943,430.75,34.1
1998-08-07,1998,219,30.598,26.548,27.164665,30.373001,69.42102,3.8344958,362.25,33.3
1998-08-08,1998,220,29.698,26.098,26.775778,29.1605,75.13771,3.85624,280.25,31.4
1998-08-09,1998,221,31.498,25.598,26.481333,30.3605,70.96367,3.7927485,362.25,33.4
1998-08-10,1998,222,31.698,25.548,26.625778,31.0105,68.43787,1.6270549,462.0,37.1
1998-08-11,1998,223,29.748,26.048,26.459112,28.8605,81.49728,3.149615,208.0,31.8
1998-08-12,1998,224,29.498,25.898,26.364666,28.748001,77.27205,3.8119848,216.0,30.6
1998-08-13,1998,225,31.798,26.298,26.648,31.3605,62.080223,4.90753,487.5,34.1
1998-08-14,1998,226,31.798,26.348,26.725777,31.2855,62.63299,4.5975866,484.5,34.2
1998-08-15,1998,227,31.548,24.548,26.070223,31.1605,62.740894,4.2423167,490.75,34.3
1998-08-16,1998,228,31.998,24.748,26.364666,31.448,62.67656,4.555317,582.75,35.1
1998-08-17,1998,229,31.198,24.598,26.331333,30.897999,63.2446,4.428154,536.5,34.2
1998-08-18,1998,230,31.648,25.348,26.448,31.348,61.83461,4.597548,513.5,34.4
1998-08-19,1998,231,31.548,24.398,26.020224,31.148,59.785606,4.256501,566.75,34.6
1998-08-20,1998,232,31.998,25.448,26.714668,31.673,57.098286,3.0176442,588.75,36.4
1998-08-21,1998,233,32.398003,25.898,27.070223,31.598001,60.452057,2.4997275,692.75,37.9
1998-08-22,1998,234,32.698,25.448,26.792444,32.360504,59.006996,1.0916433,608.5,39.4
1998-08-23,1998,235,35.298,26.248,27.459112,34.698,54.32155,1.3727964,774.25,42.8
1998-08-24,1998,236,36.048,27.698,28.642447,35.6605,54.24923,0.4843913,778.0,44.4
1998-08-25,1998,237,34.648003,27.098,28.314667,33.823,61.71686,1.8622949,691.0,41.5
1998-08-26,1998,238,31.348,25.548,26.459112,30.9855,71.921135,1.3028035,436.0,37.5
1998-08-27,1998,239,31.298,25.498,25.625778,31.1105,71.89201,1.843826,417.25,37.0
1998-08-28,1998,240,29.998,25.598,25.892445,29.685501,72.63896,4.9952197,499.25,32.7
1998-08-29,1998,241,29.298,25.798,26.003555,28.710499,79.688774,3.7819738,245.75,31.0
1998-08-30,1998,242,31.548,25.648,26.125778,31.073,63.677994,4.353138,568.75,34.8
1998-08-31,1998,243,32.348003,25.248,26.264668,31.685501,60.803703,4.5614862,577.5,35.2
1998-09-01,1998,244,31.998,25.648,26.548,31.435501,60.78504,3.9646363,527.0,35.0
1998-09-02,1998,245,31.698,24.598,25.875778,31.073,58.717297,3.7939167,545.5,34.7
1998-09-03,1998,246,31.898,23.048,25.053555,31.173,56.703476,2.8094363,596.5,36.0
1998-09-04,1998,247,32.648003,24.648,25.503555,32.098,55.425163,1.461812,741.75,39.5
1998-09-05,1998,248,33.148003,24.548,25.925777,32.798004,55.733845,1.6553042,753.25,40.2
1998-09-06,1998,249,33.798,25.448,26.820223,33.223,52.861786,2.4195693,780.75,39.9
1998-09-07,1998,250,34.198,24.998,26.620222,33.523003,50.932594,2.5992334,814.75,40.2
1998-09-08,1998,251,34.448,25.448,27.009111,33.9105,55.257504,2.0370734,735.5,41.1
1998-09-09,1998,252,34.448,24.848,26.420221,33.548,57.082417,2.4766417,732.75,40.3
1998-09-10,1998,253,32.298,24.998,26.292444,31.598,64.36397,2.115219,450.5,36.8
1998-09-11,1998,254,33.748,25.298,26.825779,33.173,60.412872,2.0633538,750.5,40.7
1998-09-12,1998,255,34.148003,25.798,27.159111,33.2855,59.36699,2.841837,751.0,40.0
1998-09-13,1998,256,34.898003,26.148,27.220222,34.048004,56.159523,4.702457,730.5,39.0
1998-09-14,1998,257,34.498,26.398,26.986889,33.835503,56.01973,4.1093073,593.5,38.2
1998-09-15,1998,258,33.548,25.598,26.036888,32.8855,59.689507,4.26323,527.5,36.6
1998-09-16,1998,259,31.348,26.098,26.731333,30.647999,69.76903,1.4257141,352.0,36.0
1998-09-17,1998,260,29.148,25.598,25.909111,28.560501,81.346275,2.1595411,254.75,32.9
1998-09-18,1998,261,29.198,24.698,25.009111,28.573,81.65209,4.9184446,331.5,30.7
1998-09-19,1998,262,29.498,24.998,25.35911,28.6105,80.153854,4.346984,298.25,30.8
1998-09-20,1998,263,28.498,24.998,25.403557,28.335499,73.02619,3.4541404,274.25,30.5
1998-09-21,1998,264,30.848,25.048,25.60911,30.585499,66.69935,2.7014062,669.25,36.8
1998-09-22,1998,265,30.198,25.198,25.820223,29.8855,74.67093,2.6527672,501.25,35.4
1998-09-23,1998,266,30.648,24.998,26.009111,29.923,72.372086,3.1056747,504.5,34.8
1998-09-24,1998,267,28.648,24.648,25.170221,28.448,77.06323,2.4454663,315.75,32.5
1998-09-25,1998,268,31.298,24.398,25.270224,30.973,68.51669,1.4671714,576.5,38.1
1998-09-26,1998,269,32.098003,24.648,25.764668,31.923,65.58236,0.98075545,658.75,40.0
1998-09-27,1998,270,33.498,25.298,26.042444,33.248,59.47348,2.4606795,738.5,40.2
1998-09-28,1998,271,33.748,25.598,26.536888,33.473,59.670956,2.1569018,729.75,40.8
1998-09-29,1998,272,34.948,26.798,27.525778,34.773003,53.55695,2.8929565,753.25,41.3
1998-09-30,1998,273,35.048,26.248,27.659111,34.8105,53.977165,1.727994,750.5,42.4
1998-10-01,1998,274,33.898003,26.198,26.886889,33.535503,62.07875,1.0228666,684.0,41.8
1998-10-02,1998,275,32.248,25.698,26.503555,31.5855,69.701,1.2710555,593.0,39.3
1998-10-03,1998,276,32.098003,24.998,25.625778,31.522999,69.585396,0.7944511,618.25,39.7
1998-10-04,1998,277,32.148003,24.798,25.998,31.673,65.688194,1.3367882,610.5,39.0
1998-10-05,1998,278,33.848003,25.098,26.070223,33.460503,59.66718,2.4869998,742.75,40.5
1998-10-06,1998,279,34.348003,25.598,26.520222,34.035503,50.664253,2.875383,740.75,40.0
1998-10-07,1998,280,33.948,24.348,25.214668,33.6855,49.188255,2.683493,768.25,39.9
1998-10-08,1998,281,34.548,24.098,25.286888,34.2355,47.958923,2.218262,761.25,40.8
1998-10-09,1998,282,35.098003,24.298,25.30911,34.873,45.904488,2.5608382,701.75,40.7
1998-10-10,1998,283,35.198,25.048,25.748,34.948,45.344955,3.1403334,727.75,40.4
1998-10-11,1998,284,35.448,25.548,26.409111,35.248,44.201744,4.2030883,745.5,40.0
1998-10-12,1998,285,34.898003,26.198,27.036888,34.698,50.569836,4.4353275,714.0,39.4
1998-10-13,1998,286,33.448,25.698,27.092445,33.210503,56.202225,2.5632355,635.0,39.0
1998-10-14,1998,287,31.998,25.748,26.83689,31.848,64.064,0.67089653,558.0,39.1
1998-10-15,1998,288,30.348,24.398,25.003555,29.9355,70.46466,2.751321,492.25,34.9
1998-10-16,1998,289,29.098,24.298,24.720222,28.1605,76.10141,6.1116166,410.5,29.5
1998-10-17,1998,290,26.198,23.048,24.548,25.9855,88.428024,2.7124767,121.25,28.2
1998-10-18,1998,291,29.598,20.048,21.68689,29.173,56.07104,3.701481,724.0,33.6
1998-10-19,1998,292,28.998,20.698,21.620222,28.548,59.305115,2.2370787,737.0,35.0
1998-10-20,1998,293,29.248,21.798,22.548,28.998,55.008698,1.933228,624.75,34.6
1998-10-21,1998,294,30.098,19.598,21.170221,29.823,46.023315,1.116483,707.5,36.3
1998-10-22,1998,295,30.798,21.148,21.959112,30.6105,39.232147,1.1559908,744.0,36.9
1998-10-23,1998,296,31.348,21.198,22.736889,30.960499,42.230114,0.4502169,579.5,36.4
1998-10-24,1998,297,30.148,22.848,24.114666,29.923,50.925236,1.6479192,474.0,34.4
1998-10-25,1998,298,31.998,22.698,23.736889,31.623,45.820408,0.482224,624.0,37.7
1998-10-26,1998,299,32.748,22.548,23.803555,32.4355,37.07392,1.8387063,712.75,38.0
1998-10-27,1998,300,33.198,20.098,21.620222,32.8855,29.296755,1.7719539,742.75,38.3
1998-10-28,1998,301,33.648003,19.848,21.231333,33.148003,25.797998,0.48213458,749.0,38.7
1998-10-29,1998,302,33.348003,19.898,21.731333,32.9355,22.882729,0.89837295,743.5,38.3
1998-10-30,1998,303,33.298,18.348,20.703556,33.048004,26.1334,2.0521502,729.5,38.0
1998-10-31,1998,304,32.448,18.798,20.486889,32.173004,23.441063,4.853505,737.25,34.8
1998-11-01,1998,305,31.998,18.598,20.648,31.748,39.890865,5.422434,704.0,34.3
1998-11-02,1998,306,32.148003,24.098,25.181334,31.810501,57.597595,1.5018569,597.0,38.2
1998-11-03,1998,307,34.448,24.698,25.748,34.148003,46.32999,1.7701628,649.5,40.1
1998-11-04,1998,308,34.298,24.298,25.486889,34.0105,47.147984,0.70079255,634.75,40.5
1998-11-05,1998,309,33.648003,24.598,25.598,33.5105,49.379692,0.8346724,629.5,40.1
1998-11-06,1998,310,34.048,22.748,23.953556,33.748,22.449429,2.5571656,711.5,38.1
1998-11-07,1998,311,32.648003,18.698,20.881334,32.348003,20.17783,1.9182694,722.25,37.0
1998-11-08,1998,312,32.498,18.948,20.875778,32.173,21.293003,2.7687187,716.25,36.1
1998-11-09,1998,313,32.198,19.398,20.498,31.873001,26.71145,3.5466037,703.25,35.2
1998-11-10,1998,314,31.698,20.198,20.648,31.4105,28.42836,3.704871,699.0,34.6
1998-11-11,1998,315,31.748,18.698,20.053555,31.460499,27.994131,3.4811478,700.75,34.8
1998-11-12,1998,316,31.198,17.698,19.259111,30.823,29.333696,3.0369155,696.75,34.6
1998-11-13,1998,317,30.398,17.098,18.714666,30.073,29.804855,2.4069226,694.5,34.4
1998-11-14,1998,318,30.248,17.448,18.848,29.835499,34.72898,1.941278,660.25,34.6
1998-11-15,1998,319,30.348,19.798,20.670221,29.673,36.225407,2.4622169,539.25,32.9
1998-11-16,1998,320,30.748,19.998,20.986889,30.397999,33.144455,3.487042,667.5,33.6
1998-11-17,1998,321,30.648,19.048,20.531334,30.2355,35.00151,1.3392911,663.0,35.5
1998-11-18,1998,322,30.148,17.148,19.070223,29.748,38.372818,0.68208057,652.25,35.4
1998-11-19,1998,323,30.648,18.098,19.775778,30.3355,36.36507,1.462141,654.75,35.5
1998-11-20,1998,324,31.498,18.048,19.948,31.085499,34.976746,0.74674106,642.5,36.5
1998-11-21,1998,325,30.898,20.098,21.203556,30.5105,32.3925,1.6007804,666.75,35.5
1998-11-22,1998,326,30.298,16.698,18.153557,30.048,26.53159,1.035792,671.75,35.1
1998-11-23,1998,327,29.998,15.698,17.58689,29.7355,26.045485,1.2079775,671.75,34.7
1998-11-24,1998,328,29.948,15.498,17.064667,29.748001,28.471169,1.734408,665.0,34.4
1998-11-25,1998,329,29.948,15.298,16.853556,29.6105,25.364687,1.9229659,670.5,34.0
1998-11-26,1998,330,29.498,14.148,16.514668,29.198,26.767002,1.0691322,670.0,34.3
1998-11-27,1998,331,29.348,13.948,15.798,28.923,28.421055,1.5176386,667.0,33.8
1998-11-28,1998,332,29.648,14.998,16.386889,29.2355,27.407602,2.6171837,666.5,33.0
1998-11-29,1998,333,29.048,14.848,16.653557,28.598,25.532858,2.486597,667.25,32.4
1998-11-30,1998,334,29.648,14.898,16.803555,29.1855,25.936451,1.9131001,662.25,33.6
1998-12-01,1998,335,29.698,13.948,15.736889,29.2855,26.374783,1.8856323,662.25,33.7
1998-12-02,1998,336,29.398,13.998,15.8868885,28.898,27.136389,2.0892286,658.25,33.1
1998-12-03,1998,337,29.698,14.898,16.759111,29.198,25.833515,2.7750177,660.5,32.7
1998-12-04,1998,338,29.348,14.598,16.453556,28.9105,22.932854,2.9333186,667.0,32.2
1998-12-05,1998,339,29.548,13.798,15.5146675,29.1605,24.34268,2.203067,664.5,33.2
1998-12-06,1998,340,29.998,13.998,16.103554,29.498,25.46508,2.383986,659.75,33.4
1998-12-07,1998,341,30.898,15.648,17.531334,30.373001,26.035223,2.7542787,657.25,33.9
1998-12-08,1998,342,30.398,15.648,17.35911,29.923,23.962902,2.4631913,647.5,33.6
1998-12-09,1998,343,30.598,15.198,16.998,30.147999,22.213665,2.0356662,658.25,34.2
1998-12-10,1998,344,29.598,14.098,16.075779,29.1605,22.624874,3.0578601,661.75,32.3
1998-12-11,1998,345,28.598,14.198,16.064667,28.098,20.492594,3.186533,671.75,31.0
1998-12-12,1998,346,28.198,14.148,15.986889,27.673,21.47031,3.9711485,645.5,29.5
1998-12-13,1998,347,27.898,14.698,16.470222,27.310501,24.878176,4.2586412,627.0,28.7
1998-12-14,1998,348,27.148,16.948,18.025778,26.5355,27.70554,4.797615,553.5,26.7
1998-12-15,1998,349,26.498,18.648,19.553555,26.1605,38.227173,3.4924972,421.5,26.9
1998-12-16,1998,350,29.298,17.048,19.025778,28.723,33.317196,1.8483162,629.0,33.2
1998-12-17,1998,351,29.498,13.798,16.231333,28.9105,32.230526,0.74629617,652.5,34.2
1998-12-18,1998,352,29.148,13.698,16.092445,28.573,28.679995,0.60015225,658.0,33.8
1998-12-19,1998,353,28.948,12.548,15.120222,28.348,28.235657,0.43251407,660.5,33.6
1998-12-20,1998,354,27.748,12.548,14.825779,27.3105,30.195816,1.3641485,656.5,32.4
1998-12-21,1998,355,27.198,13.698,16.270224,26.5355,51.04026,1.4699287,634.0,32.4
1998-12-22,1998,356,28.298,15.798,17.281334,27.673,42.12181,0.63504297,639.25,33.6
1998-12-23,1998,357,28.648,13.948,15.975778,28.098,35.675003,0.8047059,646.0,33.6
1998-12-24,1998,358,28.848,14.598,16.68689,28.2855,30.616734,1.7227151,649.75,32.9
1998-12-25,1998,359,28.248,17.348,17.80911,27.647999,31.570753,3.5071428,651.75,30.3
1998-12-26,1998,360,27.798,14.498,15.931334,27.2355,24.96716,3.2236016,663.75,30.1
1998-12-27,1998,361,27.748,13.198,14.531333,27.073,21.859627,2.2277672,672.0,31.2
1998-12-28,1998,362,27.898,11.998,13.798,27.323,23.7599,1.76666,673.0,31.9
1998-12-29,1998,363,28.398,12.248,14.114666,27.848,25.290348,1.2204401,667.25,32.9
1998-12-30,1998,364,28.398,11.998,14.114666,27.8855,24.947662,1.7812731,663.25,32.4
1998-12-31,1998,365,29.048,13.198,15.209111,28.373,27.372509,2.8321748,667.0,31.9
1999-01-01,1999,1,28.898,15.148,16.920221,28.273,26.350899,3.6811073,671.5,30.8
1999-01-02,1999,2,28.498,14.148,16.014668,27.9355,28.860374,1.6538734,671.5,32.8
1999-01-03,1999,3,28.048,13.348,15.581333,27.6105,29.665493,0.9262292,647.75,32.8
1999-01-04,1999,4,28.248,13.798,15.553555,27.673,30.415747,0.9530861,665.75,33.1
1999-01-05,1999,5,27.798,13.898,15.747999,27.3855,32.960323,2.2929635,669.25,31.7
1999-01-06,1999,6,23.798,15.348,16.481333,23.4855,38.07774,3.9098048,603.75,25.1
1999-01-07,1999,7,22.798,11.948,13.936889,22.310501,30.499317,1.7137799,686.25,27.9
1999-01-08,1999,8,23.948,10.798,12.531333,23.323,27.90773,3.2514489,687.5,26.5
1999-01-09,1999,9,24.848,10.998,12.664667,24.1605,27.59767,2.6743035,686.0,28.1
1999-01-10,1999,10,24.498,12.298,13.336888,23.923,27.105375,3.9156678,694.75,26.1
1999-01-11,1999,11,25.248,12.148,13.831333,24.498,26.278927,2.742788,695.75,28.4
1999-01-12,1999,12,25.948,10.398,13.153556,25.3855,24.421774,2.3419862,700.25,29.8
1999-01-13,1999,13,26.748,13.698,15.1368885,26.1605,25.165699,3.1340725,701.5,29.5
1999-01-14,1999,14,27.248,14.098,15.431334,26.223,31.922129,2.904533,695.0,30.0
1999-01-15,1999,15,28.098,14.948,16.414665,27.1605,33.647285,1.8926462,687.75,32.1
1999-01-16,1999,16,28.148,14.498,16.10911,27.3605,30.262423,1.0565717,700.0,33.0
1999-01-17,1999,17,28.148,13.998,15.964667,27.2355,31.01979,2.2293682,686.0,31.7
1999-01-18,1999,18,29.048,15.298,16.848,28.198,29.937542,2.359283,704.25,32.6
1999-01-19,1999,19,29.498,15.098,16.948,28.647999,27.984982,1.5404632,706.0,33.8
1999-01-20,1999,20,30.098,15.248,17.148,29.373,29.769423,1.3868951,703.75,34.7
1999-01-21,1999,21,28.898,15.298,17.075777,28.4105,32.06049,2.5483298,701.0,32.7
1999-01-22,1999,22,27.998,15.298,17.264668,27.6105,33.993286,3.0421014,708.0,31.4
1999-01-23,1999,23,26.098,12.548,15.497999,25.548,39.105236,1.8812492,690.0,30.9
1999-01-24,1999,24,25.698,16.198,17.353556,25.298,42.30504,2.4095554,600.25,29.3
1999-01-25,1999,25,26.848,14.648,16.542444,26.323,30.184227,1.8285558,727.25,31.6
1999-01-26,1999,26,27.548,14.798,16.031334,26.810501,27.71128,1.7480823,729.5,32.1
1999-01-27,1999,27,27.448,13.398,15.709111,26.7355,23.0015,1.2414044,729.25,32.3
1999-01-28,1999,28,25.048,15.148,17.114666,24.6105,25.008686,3.5175328,745.0,27.8
1999-01-29,1999,29,24.898,11.548,13.098,24.0105,22.565172,2.8768332,755.75,28.2
1999-01-30,1999,30,25.598,10.198,12.520222,24.8605,23.726452,2.2257385,753.25,29.9
1999-01-31,1999,31,25.798,11.798,14.120222,25.048,24.30918,1.7157086,755.0,30.7
1999-02-01,1999,32,26.448,12.898,14.825779,25.6605,27.884912,2.3924203,747.0,30.5
1999-02-02,1999,33,27.248,14.448,15.809111,26.473,30.824802,3.6861634,747.25,29.7
1999-02-03,1999,34,27.048,14.348,16.009111,26.3855,21.572046,4.348275,763.75,28.8
1999-02-04,1999,35,26.798,15.648,16.548,26.0355,32.459244,5.277198,752.5,27.6
1999-02-05,1999,36,27.298,14.698,16.35911,26.323,39.42431,3.0004048,749.25,30.7
1999-02-06,1999,37,29.148,15.398,17.042444,28.2605,48.707977,1.6061006,741.0,34.7
1999-02-07,1999,38,29.848,16.298,18.575779,29.4855,39.478027,2.835539,636.25,33.3
1999-02-08,1999,39,29.898,16.298,18.448,29.2855,42.971207,1.6441998,742.0,35.4
1999-02-09,1999,40,26.998,16.498,18.175777,26.2855,45.39421,3.290349,635.75,29.6
1999-02-10,1999,41,28.048,16.348,18.175777,27.398,38.48692,3.4523685,757.5,31.3
1999-02-11,1999,42,30.298,17.098,18.986889,29.6605,34.201347,2.7603776,759.5,34.3
1999-02-12,1999,43,31.848,18.298,20.220222,31.173,32.968338,2.440607,751.5,36.1
1999-02-13,1999,44,32.598003,19.698,21.370222,32.173004,31.037283,2.0381482,732.25,37.3
1999-02-14,1999,45,32.648003,20.448,21.725777,32.073,32.241516,1.6734079,677.5,37.2
1999-02-15,1999,46,33.098003,20.898,21.959112,32.4355,31.377068,2.979897,736.75,36.8
1999-02-16,1999,47,33.598003,21.698,22.392445,33.3105,31.517227,4.597139,762.75,36.8
1999-02-17,1999,48,31.648,20.198,21.259111,30.8605,39.682587,1.3395773,767.5,37.3
1999-02-18,1999,49,30.748,18.398,20.148,30.2855,34.66686,2.5848994,787.0,35.4
1999-02-19,1999,50,30.998,18.198,19.920221,30.298,29.895094,2.0412345,804.25,35.9
1999-02-20,1999,51,32.548,16.798,18.942444,31.748001,30.904646,1.5007911,794.5,37.8
1999-02-21,1999,52,33.098003,16.548,19.659111,32.285503,30.834517,1.0651864,807.0,38.6
1999-02-22,1999,53,33.398003,16.548,19.459112,32.798,25.707829,1.9003096,809.75,38.4
1999-02-23,1999,54,33.048,16.548,19.481333,32.3855,25.198206,2.2058434,816.25,37.8
1999-02-24,1999,55,31.648,18.298,19.959112,30.848,36.479164,2.3970428,732.5,35.9
1999-02-25,1999,56,32.798,18.098,20.420221,32.1355,30.704563,1.9692383,807.0,37.9
1999-02-26,1999,57,33.148003,19.548,21.475777,32.523003,23.826859,1.6501054,817.0,38.3
1999-02-27,1999,58,33.748,19.648,21.592445,33.1355,24.659822,1.4418972,821.75,39.1
1999-02-28,1999,59,33.398003,20.398,22.35911,33.0355,21.754784,2.644206,828.5,38.1
1999-03-01,1999,60,32.998,20.298,21.775778,32.398003,21.597965,3.3292341,835.75,36.8
1999-03-02,1999,61,34.298,18.398,20.409111,33.623,17.284655,3.1478093,844.25,38.2
1999-03-03,1999,62,35.448,19.498,21.581333,34.748,21.18937,2.851843,832.25,39.8
1999-03-04,1999,63,35.998,20.648,22.870222,35.248,22.66814,1.2044592,828.0,41.3
1999-03-05,1999,64,34.548,21.198,22.975777,33.9355,19.701218,2.843491,849.0,39.0
1999-03-06,1999,65,35.148003,19.148,21.970222,34.3105,23.757103,0.74195075,838.75,40.5
1999-03-07,1999,66,34.498,20.548,22.936888,33.960503,22.408184,2.6305234,850.25,39.3
1999-03-08,1999,67,31.298,20.398,22.353556,30.473,24.89259,3.4233356,859.0,34.9
1999-03-09,1999,68,29.948,17.548,19.770224,29.0355,18.786667,2.2013445,886.75,34.7
1999-03-10,1999,69,30.798,13.948,17.025778,30.048,24.450619,2.1371493,868.5,35.8
1999-03-11,1999,70,31.748,16.398,18.514668,31.123,21.869926,2.6582234,877.0,36.4
1999-03-12,1999,71,32.298,16.348,18.570223,31.873001,15.511708,2.9453633,892.5,36.8
1999-03-13,1999,72,33.598003,17.198,19.931334,33.035503,15.848926,3.2351437,895.0,37.8
1999-03-14,1999,73,34.748,20.448,21.55911,34.123,16.710941,3.93613,891.5,38.6
1999-03-15,1999,74,35.648003,19.748,21.709112,34.8105,19.2253,1.1908125,891.75,41.1
1999-03-16,1999,75,35.148003,17.448,21.286888,34.4355,17.022404,2.5817976,896.5,39.9
1999-03-17,1999,76,33.048,18.598,21.425777,32.123,21.774616,3.5383186,901.5,36.9
1999-03-18,1999,77,32.998,19.548,20.931334,32.3605,22.648705,2.8918757,894.25,37.7
1999-03-19,1999,78,32.548,18.098,20.003555,32.073,22.233646,2.6287606,892.25,37.5
1999-03-20,1999,79,33.448,18.298,20.07022,32.8855,16.170033,4.6492395,911.25,36.9
1999-03-21,1999,80,32.348003,16.898,19.542444,31.548,10.667099,2.4028249,940.5,37.0
1999-03-22,1999,81,33.798,16.898,19.442444,32.998,12.385061,1.7399554,933.5,38.8
1999-03-23,1999,82,34.898003,17.398,20.220222,34.073,14.031952,0.450819,929.0,39.9
1999-03-24,1999,83,35.848003,18.198,20.975777,34.748,18.731968,2.868642,911.75,40.3
1999-03-25,1999,84,37.948,19.598,23.064667,36.485504,20.455753,4.863453,905.5,41.2
1999-03-26,1999,85,37.848003,20.348,23.764668,36.298004,22.417015,2.7226985,903.5,42.3
1999-03-27,1999,86,38.598003,20.748,24.331333,37.823,12.792971,1.912548,923.0,43.8
1999-03-28,1999,87,39.548,20.298,24.070223,38.9855,11.449673,1.8811115,926.0,44.9
1999-03-29,1999,88,40.448,21.398,25.020224,39.898003,10.77675,1.99746,926.25,45.9
1999-03-30,1999,89,40.098003,22.148,24.93689,39.573,10.281792,2.7638352,931.0,45.2
1999-03-31,1999,90,39.298,20.398,23.720222,38.573,9.7469845,2.7835834,937.25,44.1
1999-04-01,1999,91,38.598003,21.948,24.58689,37.5105,11.8037615,2.7207375,928.25,43.1
1999-04-02,1999,92,38.348003,22.748,25.331333,37.523003,13.607578,2.1982923,924.5,43.4
1999-04-03,1999,93,38.998,20.548,23.55911,38.210503,12.342923,0.34086034,935.25,43.9
1999-04-04,1999,94,40.248,21.948,25.114666,39.598,9.035556,2.6443868,941.5,45.2
1999-04-05,1999,95,40.848003,22.448,25.253555,40.3105,9.330315,1.6346035,937.25,46.2
1999-04-06,1999,96,41.198,21.248,25.32022,40.473003,9.357016,2.6705813,937.75,46.2
1999-04-07,1999,97,40.198,22.898,25.353556,39.035503,13.013828,2.8061168,935.0,44.9
1999-04-08,1999,98,40.298,20.848,24.570223,38.9355,21.038164,1.8881416,929.5,45.9
1999-04-09,1999,99,40.148003,22.898,26.042444,38.6355,26.707808,1.5275896,915.25,46.0
1999-04-10,1999,100,41.298,24.248,27.170221,40.2855,11.147378,3.023624,947.5,46.2
1999-04-11,1999,101,40.598003,21.748,25.870222,39.485504,14.932528,3.2222197,947.0,45.6
1999-04-12,1999,102,38.698,22.748,26.036888,37.710503,14.994371,4.380373,945.0,42.9
1999-04-13,1999,103,37.598003,22.148,24.548,37.110504,10.187617,3.844026,952.0,42.1
1999-04-14,1999,104,37.848003,20.698,23.698,37.3855,7.870592,2.9727747,960.75,42.6
1999-04-15,1999,105,38.898003,19.898,23.509111,38.410503,6.2245493,2.905921,967.25,43.5
1999-04-16,1999,106,39.198,20.598,24.620222,38.735504,6.2760763,1.6949209,966.25,44.2
1999-04-17,1999,107,39.448,23.248,25.481333,39.0605,10.237999,3.2426167,951.25,44.6
1999-04-18,1999,108,39.198,22.548,24.964668,38.398003,14.420017,2.3243349,945.5,44.6
1999-04-19,1999,109,39.848003,22.148,24.698,39.285503,11.412593,1.5068338,947.25,45.4
1999-04-20,1999,110,38.848003,23.348,25.992443,37.735504,20.883509,2.2904267,938.5,44.4
1999-04-21,1999,111,38.998,22.798,25.631332,37.923004,20.484467,2.647749,928.5,44.3
1999-04-22,1999,112,40.298,24.648,26.670221,39.460503,17.995634,3.8067043,923.75,45.4
1999-04-23,1999,113,40.548,25.448,27.709112,39.723,13.555637,5.1017427,935.0,45.1
1999-04-24,1999,114,41.198,24.198,26.736889,40.273003,18.82052,2.835047,935.0,46.9
1999-04-25,1999,115,41.298,24.498,26.986889,40.335503,21.478746,2.7548401,924.5,47.1
1999-04-26,1999,116,40.698,25.298,26.981333,39.673004,19.437737,2.9806256,929.75,46.1
1999-04-27,1999,117,39.598003,24.398,26.536888,38.398003,21.593237,3.4597898,937.25,44.5
1999-04-28,1999,118,39.648003,23.198,25.753555,38.323,23.160332,3.1118784,931.0,44.7
1999-04-29,1999,119,40.098003,24.148,26.35911,38.985504,26.00387,3.0829198,926.0,45.6
1999-04-30,1999,120,40.998,24.548,26.881334,39.048004,27.757084,3.3304772,927.75,45.6
1999-05-01,1999,121,42.148003,25.498,27.192444,40.6105,21.22113,3.8938954,936.5,47.0
1999-05-02,1999,122,41.548,24.598,26.764668,40.148003,23.811598,4.0032387,930.5,46.5
1999-05-03,1999,123,41.098003,23.898,26.548,39.6105,22.401258,3.0681424,936.0,46.2
1999-05-04,1999,124,40.798,24.298,27.103554,39.610504,21.048817,2.5511007,940.5,46.4
1999-05-05,1999,125,39.998,25.498,28.331333,38.8855,25.186483,2.8435135,925.5,45.6
1999-05-06,1999,126,38.998,25.448,28.259111,37.898003,26.185555,3.3506882,925.25,44.1
1999-05-07,1999,127,38.648003,25.348,27.592445,37.023003,30.673658,3.7813928,928.25,43.0
1999-05-08,1999,128,39.098003,24.498,26.703556,37.598,29.49024,3.8365064,920.5,43.6
1999-05-09,1999,129,40.298,24.698,26.925777,38.348,27.318617,3.5201447,924.25,44.6
1999-05-10,1999,130,39.898003,23.798,26.459112,38.785503,21.730621,3.9211369,939.25,44.8
1999-05-11,1999,131,38.098003,24.048,26.386889,37.360504,25.545008,4.4697022,932.0,42.8
1999-05-12,1999,132,38.748,25.648,27.036888,37.7605,31.64175,3.6973119,922.0,43.9
1999-05-13,1999,133,38.298,26.048,27.525778,37.0105,30.947563,3.386349,924.75,43.2
1999-05-14,1999,134,38.248,26.548,28.064667,37.2355,34.156372,3.276189,878.0,43.4
1999-05-15,1999,135,38.848003,26.998,28.453556,37.998,34.771748,2.811565,868.0,44.7
1999-05-16,1999,136,40.798,26.698,28.742445,39.7355,28.964317,2.5660253,922.5,47.0
1999-05-17,1999,137,40.998,27.248,29.642447,39.985504,26.996426,3.3151333,905.25,46.6
1999-05-18,1999,138,39.148003,29.198,30.43689,38.473003,32.62953,4.7612925,808.0,43.6
1999-05-19,1999,139,36.198,27.998,28.636889,35.773003,45.39601,6.155246,794.75,40.4
1999-05-20,1999,140,36.498,27.248,27.909111,36.198,38.91524,7.1194677,812.25,40.7
1999-05-21,1999,141,36.648003,27.498,28.286888,34.723,45.845566,6.446795,570.25,37.5
1999-05-22,1999,142,36.998,26.898,28.009111,36.235504,41.822422,5.141926,784.5,40.9
1999-05-23,1999,143,37.448,26.948,28.064667,35.8105,37.85028,4.069269,743.75,40.4
1999-05-24,1999,144,37.698,25.998,27.648,36.098,37.199783,3.1954029,876.0,42.2
1999-05-25,1999,145,38.498,26.248,27.714668,37.085503,30.000675,2.938361,912.25,43.5
1999-05-26,1999,146,38.248,25.698,27.514668,37.0355,24.211445,2.836527,923.25,43.3
1999-05-27,1999,147,39.198,26.398,27.881332,38.098003,30.585152,3.3302069,879.0,44.3
1999-05-28,1999,148,38.648003,26.948,28.736887,37.448,30.981567,3.9029782,790.75,42.5
1999-05-29,1999,149,38.898003,27.048,28.809113,37.223,27.40437,4.726082,823.25,41.9
1999-05-30,1999,150,38.848003,26.048,28.370222,37.210503,29.397337,5.1023684,872.25,42.2
1999-05-31,1999,151,38.548,26.048,28.18689,37.360504,28.279589,4.518564,873.25,42.5
1999-06-01,1999,152,38.298,26.098,28.159111,36.748,29.086344,3.8633544,888.75,42.2
1999-06-02,1999,153,38.998,25.648,27.575779,37.123,27.738708,4.6217613,914.0,42.4
1999-06-03,1999,154,39.348003,24.698,26.909111,37.598,26.53444,4.9618764,909.5,42.9
1999-06-04,1999,155,38.098003,25.148,27.275778,36.798,30.99598,4.029161,902.25,42.4
1999-06-05,1999,156,37.798,26.798,28.414665,36.223,33.233715,3.0516324,783.75,41.6
1999-06-06,1999,157,38.698,26.948,28.442444,37.5355,33.385437,3.8463082,827.5,43.0
1999-06-07,1999,158,39.048,26.948,28.548,37.173004,33.225468,3.9184015,813.5,42.4
1999-06-08,1999,159,36.648003,27.148,28.342445,34.6605,41.712555,3.69766,425.0,37.1
1999-06-09,1999,160,38.148003,27.148,28.759111,36.373,38.262974,3.3365896,659.0,41.0
1999-06-10,1999,161,39.098003,27.548,29.042442,38.0605,35.837418,3.8913915,879.25,44.1
1999-06-11,1999,162,39.698,28.398,29.60911,38.873,35.41571,3.846595,866.25,45.1
1999-06-12,1999,163,38.698,29.298,30.064667,38.048004,36.932583,3.887168,852.0,44.0
1999-06-13,1999,164,37.798,28.848,29.486887,37.1855,33.993057,4.8343143,824.5,42.1
1999-06-14,1999,165,37.398003,29.398,29.831333,36.6855,37.609108,4.215464,786.75,41.7
1999-06-15,1999,166,39.048,29.148,29.636889,38.2605,32.752243,3.8020284,820.0,43.9
1999-06-16,1999,167,37.798,28.848,30.120222,36.8605,39.3251,3.165649,738.25,42.4
1999-06-17,1999,168,36.348003,29.198,29.953556,35.923004,43.956017,2.0795844,656.5,41.9
1999-06-18,1999,169,35.598003,27.898,28.992445,34.8605,51.918655,2.9685261,679.25,40.6
1999-06-19,1999,170,31.698,26.348,27.153557,30.6355,67.10328,5.304187,347.5,32.2
1999-06-20,1999,171,28.598,25.898,26.30911,27.585499,91.33013,2.6622438,223.0,31.8
1999-06-21,1999,172,31.048,25.598,25.770224,30.598,68.87763,3.4670465,473.0,34.7
1999-06-22,1999,173,30.998,25.548,26.331333,29.810501,79.15395,2.658215,318.5,34.4
1999-06-23,1999,174,33.298,27.098,27.703556,32.798,57.478344,5.093539,597.0,36.3
1999-06-24,1999,175,33.048,25.998,27.125778,32.398003,57.642365,5.6477113,547.75,35.2
1999-06-25,1999,176,33.248,25.998,27.131332,32.673,54.49446,5.6455617,579.5,35.5
1999-06-26,1999,177,34.348003,26.098,27.303555,33.123,51.416157,4.828742,631.5,36.6
1999-06-27,1999,178,33.598003,26.398,27.520224,32.798,52.643517,5.0786324,564.25,35.7
1999-06-28,1999,179,33.398003,25.898,27.148,32.823,50.421345,5.3264017,550.25,35.3
1999-06-29,1999,180,32.598003,25.798,27.036888,31.910501,56.536522,5.3017993,539.75,34.5
1999-06-30,1999,181,33.448,25.598,27.036888,32.998,50.936302,5.4660754,596.75,35.9
1999-07-01,1999,182,33.698,25.748,27.014668,33.048,48.98066,5.6934447,528.0,35.2
1999-07-02,1999,183,33.498,26.598,27.353556,33.0105,50.722164,6.6885977,470.75,34.8
1999-07-03,1999,184,33.448,26.448,27.314667,33.1355,51.21519,6.3049364,517.75,35.3
1999-07-04,1999,185,33.748,25.798,27.331333,33.3855,51.80661,4.332432,564.75,36.8
1999-07-05,1999,186,34.598003,26.548,27.742445,34.248,48.179493,2.8825593,669.0,39.6
1999-07-06,1999,187,35.148003,26.748,27.731333,34.460503,48.88788,2.384956,726.5,40.8
1999-07-07,1999,188,32.948,27.198,28.081333,32.3605,59.537743,1.2890053,400.0,37.6
1999-07-08,1999,189,31.198,26.048,26.93689,30.310501,67.21903,1.1102709,450.5,36.4
1999-07-09,1999,190,33.798,26.598,27.431334,33.448,62.24285,2.3266788,706.5,40.7
1999-07-10,1999,191,33.148003,27.398,28.45911,32.9105,56.30549,4.9885955,599.5,36.4
1999-07-11,1999,192,33.948,26.948,27.864666,33.448,49.64578,7.0428724,569.0,36.0
1999-07-12,1999,193,32.348003,26.698,27.420221,32.223003,56.43153,6.04976,455.25,34.1
1999-07-13,1999,194,31.798,26.098,26.964666,31.173,63.437294,4.01563,290.5,33.1
1999-07-14,1999,195,33.598003,26.398,27.175777,31.923,65.23601,3.730897,572.25,36.6
1999-07-15,1999,196,33.648003,27.148,27.564667,32.735504,57.59709,4.730422,557.5,36.1
1999-07-16,1999,197,30.398,26.448,27.225777,29.748,71.436714,2.4750233,269.5,33.3
1999-07-17,1999,198,32.248,25.998,26.55911,31.848,58.290493,1.8106742,536.25,37.5
1999-07-18,1999,199,30.798,26.548,27.209112,29.9105,74.07689,2.8076138,342.5,34.0
1999-07-19,1999,200,29.548,26.098,26.548,27.835499,84.39929,3.4881978,145.25,29.7
1999-07-20,1999,201,29.948,24.948,25.753555,29.448,73.55478,5.4065466,352.25,31.1
1999-07-21,1999,202,29.198,26.298,26.664665,29.0105,71.998634,3.5161214,134.0,30.0
1999-07-22,1999,203,32.598003,25.098,26.148,31.910501,58.32217,5.216097,582.5,35.0
1999-07-23,1999,204,31.348,25.848,26.898,30.673,64.33789,5.095214,444.0,32.9
1999-07-24,1999,205,30.498,25.848,26.959112,30.273,63.87742,3.350678,193.0,31.7
1999-07-25,1999,206,31.898,25.998,26.820223,31.073,60.825573,4.3765078,423.0,33.4
1999-07-26,1999,207,32.698,25.298,26.381334,31.773003,58.170444,3.2401214,565.75,36.2
1999-07-27,1999,208,32.948,25.448,26.93689,32.548,53.844925,4.556332,484.0,35.1
1999-07-28,1999,209,32.298,26.248,27.520224,31.598,58.37936,4.8235526,346.5,33.1
1999-07-29,1999,210,33.398003,26.248,27.331333,32.410503,55.088207,4.162235,463.0,35.2
1999-07-30,1999,211,31.198,26.448,27.548,30.8105,61.634476,3.5893168,230.25,32.3
1999-07-31,1999,212,30.448,26.548,27.442444,29.798,66.666565,4.1419992,219.25,30.8
1999-08-01,1999,213,32.548,26.598,27.564667,32.0355,57.74136,5.3810344,477.0,34.3
1999-08-02,1999,214,33.098003,26.098,27.442444,32.523003,51.48581,4.557843,531.75,35.3
1999-08-03,1999,215,32.898003,25.498,27.036888,31.998001,52.4778,3.4075196,570.0,35.9
1999-08-04,1999,216,29.698,25.048,26.053555,29.223,68.524536,4.3009443,388.25,31.4
1999-08-05,1999,217,31.948,25.448,25.848,31.223,57.27227,3.8307583,544.0,34.7
1999-08-06,1999,218,28.748,25.398,26.020224,28.6105,71.110214,2.9566574,186.75,30.5
1999-08-07,1999,219,31.798,25.198,25.881334,31.373,59.446587,5.1070337,471.75,33.6
1999-08-08,1999,220,31.048,26.148,26.636889,30.623001,62.795227,3.881202,339.75,32.8
1999-08-09,1999,221,31.798,25.748,26.870222,31.1605,60.013275,3.7476776,420.0,34.0
1999-08-10,1999,222,29.998,25.248,26.448,29.498001,66.16603,3.8045666,245.5,30.8
1999-08-11,1999,223,31.098,25.748,26.553555,30.673,61.684353,4.2716703,334.75,32.4
1999-08-12,1999,224,31.998,25.998,26.731333,31.2855,57.61762,5.491682,439.75,32.9
1999-08-13,1999,225,32.698,25.998,26.648,31.673,55.792503,6.2134624,494.5,33.5
1999-08-14,1999,226,32.598003,26.248,26.903555,32.148003,53.028854,5.123874,419.5,33.8
1999-08-15,1999,227,32.498,25.198,26.520222,31.873001,55.038162,3.358102,482.25,35.3
1999-08-16,1999,228,32.948,24.948,26.625778,32.173,52.912266,2.833378,507.25,36.2
1999-08-17,1999,229,32.948,24.948,26.892445,32.1855,50.78968,2.4016554,484.0,36.3
1999-08-18,1999,230,33.748,24.798,26.236889,32.7605,47.696358,2.9386456,628.75,37.4
1999-08-19,1999,231,33.148003,25.198,26.486889,32.210503,50.648384,2.6245365,531.25,36.5
1999-08-20,1999,232,33.748,25.548,26.625778,32.798,48.582973,2.9578133,636.5,37.5
1999-08-21,1999,233,33.748,25.498,26.825779,33.0605,43.48131,3.9655993,565.25,36.1
1999-08-22,1999,234,34.148003,24.948,26.803555,32.873,46.352303,3.763617,556.0,36.1
1999-08-23,1999,235,34.698,25.698,26.992445,33.573,44.794914,3.5901766,605.25,37.4
1999-08-24,1999,236,34.698,26.048,27.425777,33.948,42.738167,3.6643724,587.0,37.5
1999-08-25,1999,237,34.098003,25.898,27.514668,33.123,47.913338,4.222704,517.25,35.9
1999-08-26,1999,238,32.998,25.798,27.475777,32.598,50.513596,4.1580358,537.5,35.6
1999-08-27,1999,239,33.298,25.798,27.386889,32.9855,46.178787,3.6397126,616.0,36.8
1999-08-28,1999,240,34.098003,26.498,27.475777,33.198,47.464912,2.437634,678.25,38.7
1999-08-29,1999,241,34.898003,26.148,27.35911,34.073,43.668194,2.5684638,717.0,39.6
1999-08-30,1999,242,33.998,26.298,27.553555,32.923,51.331047,2.1081681,647.75,38.8
1999-08-31,1999,243,35.448,25.998,27.698,34.448,42.880646,2.8941698,722.75,39.8
1999-09-01,1999,244,35.248,26.148,27.820223,34.248,43.452538,3.055629,670.0,39.0
1999-09-02,1999,245,35.348003,26.398,28.003555,34.448,40.560272,3.423792,662.25,38.7
1999-09-03,1999,246,34.848003,25.898,27.636889,34.248,40.019302,3.826627,596.25,37.7
1999-09-04,1999,247,34.048,26.198,27.581333,33.5105,43.63511,3.1659102,517.5,36.9
1999-09-05,1999,248,34.948,26.348,27.892445,34.160503,43.475132,2.7595708,688.75,39.4
1999-09-06,1999,249,35.448,26.248,27.714668,34.4855,40.97472,3.153906,695.0,39.3
1999-09-07,1999,250,34.498,26.598,28.025778,34.048,41.350723,2.6716235,593.75,38.4
1999-09-08,1999,251,36.698,26.398,27.970222,35.785503,35.129166,3.3814564,796.0,41.0
1999-09-09,1999,252,36.598003,25.798,27.953556,35.785503,37.028748,2.9427733,816.75,41.6
1999-09-10,1999,253,36.498,26.798,28.598001,35.648003,40.692192,1.9104381,723.5,41.9
1999-09-11,1999,254,35.498,27.098,27.975777,34.9855,44.416325,3.465774,625.25,39.4
1999-09-12,1999,255,33.998,25.648,26.181334,33.4105,49.79138,3.5866747,612.5,37.6
1999-09-13,1999,256,35.748,26.198,27.592445,35.3605,44.054863,4.2335567,748.25,40.1
1999-09-14,1999,257,35.848003,25.598,27.331333,35.285503,39.526955,3.8812363,626.75,39.1
1999-09-15,1999,258,33.898003,25.798,27.475777,32.785503,47.449726,3.7065806,382.0,34.8
1999-09-16,1999,259,33.498,26.148,27.30911,32.773003,45.921425,4.0210543,541.25,35.6
1999-09-17,1999,260,33.198,24.498,26.525778,32.6855,44.226257,4.1391,485.0,34.9
1999-09-18,1999,261,35.298,24.998,26.875778,34.723003,35.459484,4.204212,743.0,38.8
1999-09-19,1999,262,35.198,25.348,26.820223,34.660503,38.806213,2.7287219,748.25,40.1
1999-09-20,1999,263,34.748,25.948,27.203556,34.198,44.928085,1.7190598,681.0,40.4
1999-09-21,1999,264,33.698,26.948,27.898,32.710503,52.573315,1.3367543,502.25,38.2
1999-09-22,1999,265,34.498,26.798,27.68689,33.860504,49.460476,2.7222207,632.25,39.1
1999-09-23,1999,266,36.448,26.148,27.642445,35.898003,39.036213,1.952498,768.0,42.4
1999-09-24,1999,267,36.548,27.498,28.892443,36.123,39.07816,2.513445,752.5,42.1
1999-09-25,1999,268,36.148003,27.298,28.448002,35.848003,40.93042,3.3385103,705.5,40.9
1999-09-26,1999,269,34.748,26.798,28.520224,34.210503,41.50274,1.9521236,610.5,39.4
1999-09-27,1999,270,35.048,27.848,28.681332,34.210503,44.07491,1.6403543,452.25,38.6
1999-09-28,1999,271,37.498,25.898,28.08689,37.3605,34.082973,2.8106208,671.5,42.4
1999-09-29,1999,272,35.648003,27.148,28.631334,35.448,40.846577,3.1426034,629.5,40.0
1999-09-30,1999,273,35.698,26.948,27.775778,35.273003,49.589073,2.1378114,712.0,41.9
1999-10-01,1999,274,32.648003,25.598,26.386889,32.023003,60.654827,0.6868725,559.75,38.9
1999-10-02,1999,275,31.648,25.298,25.55911,31.2105,67.04036,1.2636169,528.75,38.0
1999-10-03,1999,276,29.848,24.648,24.953556,28.4105,75.72447,1.7349442,335.5,33.4
1999-10-04,1999,277,31.398,23.948,25.020222,31.098,64.10807,0.601499,628.5,38.8
1999-10-05,1999,278,32.998,24.748,25.925777,32.6855,59.035297,1.3718122,667.25,40.0
1999-10-06,1999,279,34.148003,24.248,26.170221,33.973003,45.444134,1.7732124,704.75,40.3
1999-10-07,1999,280,34.998,24.298,25.80911,34.710503,42.686287,2.413785,733.5,40.6
1999-10-08,1999,281,31.148,25.648,26.948,29.647999,70.75058,1.8729521,283.0,33.8
1999-10-09,1999,282,30.048,25.198,25.60911,29.3605,72.039406,3.027836,404.5,33.3
1999-10-10,1999,283,31.698,24.648,25.43689,31.060501,68.35486,1.9882382,605.75,37.9
1999-10-11,1999,284,31.648,25.198,25.603556,30.998001,68.91217,1.9997194,638.0,38.1
1999-10-12,1999,285,28.548,25.148,25.620222,28.085499,81.95361,1.1168978,363.5,34.4
1999-10-13,1999,286,30.998,23.898,24.620222,30.673,67.99373,1.3970633,671.5,38.4
1999-10-14,1999,287,31.798,23.748,24.698,31.473,57.35279,3.4466214,715.25,36.6
1999-10-15,1999,288,32.848003,22.048,23.342445,32.4105,41.366302,3.5286272,775.75,37.1
1999-10-16,1999,289,33.348003,20.698,21.959112,33.048004,35.787903,1.5011868,776.25,39.3
1999-10-17,1999,290,33.748,19.448,23.020222,33.335503,34.048603,1.9417243,778.25,39.2
1999-10-18,1999,291,33.748,19.798,23.081333,33.198,36.803482,0.96345377,767.75,39.7
1999-10-19,1999,292,33.898003,19.548,22.270224,33.2855,36.666172,1.6398814,768.5,39.5
1999-10-20,1999,293,34.198,19.998,22.248,33.7355,38.945694,2.2737005,745.5,39.4
1999-10-21,1999,294,34.898003,19.498,22.153557,34.248,33.368942,2.6354666,729.5,39.3
1999-10-22,1999,295,35.598003,20.098,22.825779,35.210503,25.351606,1.7041571,720.75,40.5
1999-10-23,1999,296,35.648003,23.948,24.564667,35.2355,25.967432,1.1924548,735.5,40.9
1999-10-24,1999,297,35.298,20.098,23.375778,34.898003,22.578878,1.1783417,749.75,40.4
1999-10-25,1999,298,34.648003,20.948,22.236889,34.323,21.11901,3.4407506,750.75,38.3
1999-10-26,1999,299,34.898003,19.698,21.148,34.598,18.814545,3.6064987,754.5,38.4
1999-10-27,1999,300,35.298,18.798,20.503555,34.960503,19.192629,2.1204808,751.0,39.8
1999-10-28,1999,301,35.898003,18.798,21.386889,35.5605,18.699978,2.268159,746.75,40.3
1999-10-29,1999,302,36.148003,20.148,22.986889,35.835503,15.938793,2.8385885,744.5,40.1
1999-10-30,1999,303,35.348003,21.248,22.464668,34.9855,21.808655,3.6607132,735.25,38.9
1999-10-31,1999,304,34.648003,19.998,22.470222,34.198,27.509224,2.443635,723.25,39.0
1999-11-01,1999,305,35.398003,19.498,22.953556,35.085503,22.380033,2.416526,721.25,39.7
1999-11-02,1999,306,36.098003,22.698,24.425777,35.660503,18.11804,2.3482134,723.0,40.2
1999-11-03,1999,307,35.398003,19.248,22.175777,34.9355,19.785679,0.7855009,721.5,39.9
1999-11-04,1999,308,35.098003,19.848,21.675777,34.785503,20.756866,0.95146585,715.75,39.8
1999-11-05,1999,309,34.498,21.698,23.064667,34.148003,23.439154,0.7485771,710.25,39.3
1999-11-06,1999,310,34.448,19.598,22.398,34.1355,25.68842,1.5104532,697.5,39.2
1999-11-07,1999,311,34.098003,21.048,23.292444,33.8105,23.783245,1.8036711,702.75,38.7
1999-11-08,1999,312,34.348003,19.798,22.225777,34.110504,21.860464,1.4241853,700.0,39.0
1999-11-09,1999,313,34.348003,20.048,21.792444,34.0355,22.43475,1.1368793,700.75,39.1
1999-11-10,1999,314,34.048,18.348,20.553555,33.773003,15.503923,1.9459571,713.75,38.1
1999-11-11,1999,315,33.898003,18.198,20.614666,33.5605,18.376953,1.3761026,703.0,38.2
1999-11-12,1999,316,33.598003,18.148,20.692444,33.2605,20.680351,1.1907262,696.0,38.1
1999-11-13,1999,317,33.448,18.848,20.920221,33.148003,20.053886,1.0549079,693.25,37.9
1999-11-14,1999,318,33.748,19.248,21.114666,33.5105,18.768621,2.3818617,694.0,37.6
1999-11-15,1999,319,33.598003,18.748,20.992443,33.298004,17.649485,1.7590213,692.0,37.7
1999-11-16,1999,320,33.948,18.748,20.870222,33.698,18.988245,1.757488,685.5,38.1
1999-11-17,1999,321,33.848003,18.398,20.525778,33.573,18.665756,1.6254585,681.25,38.0
1999-11-18,1999,322,33.648003,19.198,21.286888,33.335503,19.0269,2.024528,680.0,37.6
1999-11-19,1999,323,32.898003,18.498,20.931334,32.6605,18.725101,1.9565171,679.0,36.9
1999-11-20,1999,324,32.598003,17.848,19.942444,32.235504,17.92191,1.7336979,682.0,36.5
1999-11-21,1999,325,31.798,17.098,19.248,31.4855,22.845688,2.8372226,640.5,34.8
1999-11-22,1999,326,31.098,17.598,19.353554,30.810501,20.893768,3.698383,652.5,33.3
1999-11-23,1999,327,29.448,17.048,18.803555,29.185501,22.1257,4.6320815,636.25,30.6
1999-11-24,1999,328,29.448,16.248,18.10911,29.1105,20.023733,3.4737947,666.5,31.7
1999-11-25,1999,329,30.698,16.898,18.35911,30.3355,23.997732,3.0813665,665.75,33.6
1999-11-26,1999,330,31.198,16.848,18.175777,30.810501,20.69289,3.7065372,672.5,33.5
1999-11-27,1999,331,30.998,17.098,18.325779,30.6355,18.479597,3.364423,673.25,33.5
1999-11-28,1999,332,31.198,15.898,17.453556,30.7605,19.023048,3.0084116,675.25,34.0
1999-11-29,1999,333,31.448,15.648,17.225777,31.0105,17.778826,3.1007607,677.25,34.2
1999-11-30,1999,334,31.248,14.898,16.764668,30.835499,18.0704,2.485737,676.0,34.5
1999-12-01,1999,335,31.098,15.048,17.270224,30.6605,17.484928,3.0848484,674.75,33.8
1999-12-02,1999,336,30.648,15.548,17.431334,30.298,18.858189,3.5889707,670.75,32.9
1999-12-03,1999,337,30.348,15.098,16.920221,29.973,20.376726,3.2350852,666.25,32.9
1999-12-04,1999,338,30.098,14.598,16.625778,29.698,19.956585,2.7380183,663.25,33.1
1999-12-05,1999,339,29.948,14.698,16.770224,29.5855,21.55988,1.6938235,657.75,33.9
1999-12-06,1999,340,29.948,14.698,16.992445,29.623001,20.409672,0.48011228,656.0,34.2
1999-12-07,1999,341,29.548,14.698,16.770224,29.223,17.096848,2.382389,659.75,32.8
1999-12-08,1999,342,28.448,15.048,16.448,28.060501,22.372055,3.9882073,656.5,30.0
1999-12-09,1999,343,27.648,16.448,17.33689,27.2355,27.287281,3.465437,652.5,29.8
1999-12-10,1999,344,27.198,14.498,15.486889,26.798,22.6138,3.6435444,659.25,29.1
1999-12-11,1999,345,26.598,14.298,15.525777,26.0355,21.106092,3.7963214,666.0,28.1
1999-12-12,1999,346,27.548,12.748,14.475778,27.023,19.037521,3.1755066,666.0,29.9
1999-12-13,1999,347,28.248,13.348,15.003555,27.698,20.03942,2.7604656,662.25,31.0
1999-12-14,1999,348,29.048,12.898,15.025777,28.573,20.24059,1.3955367,663.0,33.2
1999-12-15,1999,349,29.498,13.598,15.65911,29.0105,20.42063,2.2379467,660.25,32.9
1999-12-16,1999,350,29.798,14.248,15.925777,29.323,19.329895,3.1340852,661.25,32.3
1999-12-17,1999,351,29.698,14.198,16.181334,29.198,19.79797,2.1267126,661.5,33.1
1999-12-18,1999,352,29.548,14.148,16.064667,29.098,20.933159,1.3615729,658.5,33.6
1999-12-19,1999,353,29.248,14.098,16.081333,28.823,21.723606,1.6647584,657.75,33.2
1999-12-20,1999,354,28.898,14.398,16.120222,28.448,18.927227,3.6526434,660.0,30.8
1999-12-21,1999,355,27.698,15.448,16.964668,27.310501,21.610754,3.4349012,591.25,29.2
1999-12-22,1999,356,28.498,15.898,17.386889,27.948,23.297916,2.8229754,638.25,31.1
1999-12-23,1999,357,29.198,15.398,17.192444,28.4605,23.477749,2.776478,653.25,31.8
1999-12-24,1999,358,28.998,16.148,17.248,28.373,26.481926,2.5857644,591.75,31.5
1999-12-25,1999,359,29.748,15.748,17.55911,29.1605,25.20977,2.0973694,640.0,33.1
1999-12-26,1999,360,30.298,16.698,18.364666,29.7355,22.224625,0.8200145,655.5,34.5
1999-12-27,1999,361,30.098,14.848,16.886889,29.5855,23.75195,2.0969589,660.25,33.7
1999-12-28,1999,362,29.398,16.198,17.136889,28.623001,29.490337,2.924099,660.25,32.0
1999-12-29,1999,363,29.098,15.698,17.114666,28.473,24.634083,1.8437384,670.75,32.9
1999-12-30,1999,364,28.248,13.198,15.331333,27.6605,20.681824,1.2148017,673.25,32.6
1999-12-31,1999,365,28.998,12.448,14.953556,28.2605,24.191502,1.0136008,673.0,33.3
2000-01-01,2000,1,29.948,15.348,16.892445,29.098,28.408733,2.2455401,658.5,33.2
2000-01-02,2000,2,29.948,16.398,17.981333,29.435501,24.93496,2.1250489,663.25,33.6
2000-01-03,2000,3,29.098,15.498,17.081333,28.448,23.885296,1.7259266,669.0,33.0
2000-01-04,2000,4,28.598,13.698,15.497999,28.1105,21.251127,1.2869253,676.75,33.0
2000-01-05,2000,5,28.098,13.198,15.309111,27.673,21.891731,1.5356641,678.5,32.4
2000-01-06,2000,6,28.098,13.948,15.731334,27.522999,21.27625,1.4431942,684.0,32.4
2000-01-07,2000,7,28.898,12.598,15.114666,28.310501,18.111332,1.5439373,685.5,32.9
2000-01-08,2000,8,29.398,13.248,15.492445,28.772999,18.023111,0.43617928,688.75,33.7
2000-01-09,2000,9,29.698,12.298,15.375778,29.0105,22.288437,0.5473122,687.25,34.1
2000-01-10,2000,10,29.798,13.748,16.053555,29.1105,24.253359,0.71715343,688.5,34.3
2000-01-11,2000,11,31.098,14.598,16.992445,30.397999,23.483658,1.1767056,685.75,35.3
2000-01-12,2000,12,26.948,16.298,17.753555,26.173,36.666573,3.014591,688.0,29.9
2000-01-13,2000,13,26.498,16.148,17.203556,26.085499,23.196857,3.050766,699.5,29.5
2000-01-14,2000,14,25.648,12.298,14.531333,25.1105,23.860317,1.9720575,701.75,30.0
2000-01-15,2000,15,24.898,11.398,13.581333,24.2605,23.108969,3.263811,717.0,27.6
2000-01-16,2000,16,25.248,12.798,14.070223,24.3605,21.870174,4.9190598,720.0,25.5
2000-01-17,2000,17,26.448,13.698,15.7202215,25.223,25.140873,5.09982,702.75,26.2
2000-01-18,2000,18,29.948,16.248,17.925777,28.723,28.472767,3.20448,692.5,32.1
2000-01-19,2000,19,30.848,15.648,17.60911,30.185501,27.948158,1.9081748,706.75,35.0
2000-01-20,2000,20,29.048,12.498,16.014668,28.4105,17.854511,2.1295075,714.5,32.8
2000-01-21,2000,21,26.948,13.398,15.875778,25.348,52.60197,1.8989944,658.0,31.0
2000-01-22,2000,22,27.548,15.498,17.414665,26.647999,43.105755,2.3436887,678.25,31.4
2000-01-23,2000,23,28.798,14.648,17.186888,28.123,34.26519,0.77655035,711.0,34.1
2000-01-24,2000,24,29.698,15.298,17.314667,29.098,27.340645,0.7190927,719.25,34.7
2000-01-25,2000,25,30.048,14.198,16.742443,29.448,27.27303,1.7382846,715.0,34.5
2000-01-26,2000,26,29.698,14.248,17.275778,29.048,31.302267,0.8859818,717.5,34.8
2000-01-27,2000,27,27.798,16.648,18.10911,27.2105,24.13736,4.013694,737.75,29.8
2000-01-28,2000,28,26.498,14.048,15.614666,25.348,19.374859,4.1186666,762.5,27.9
2000-01-29,2000,29,27.748,13.148,14.692444,26.6605,17.338865,3.0205994,764.0,30.6
2000-01-30,2000,30,29.498,11.248,13.836888,28.6105,18.655891,1.0081103,762.0,34.1
2000-01-31,2000,31,28.198,11.948,16.209112,27.0855,27.762629,3.0475574,764.25,31.1
2000-02-01,2000,32,27.348,15.848,17.35911,26.2855,39.110565,1.878841,740.75,32.0
2000-02-02,2000,33,27.598,15.698,17.153557,26.6605,38.771603,2.328768,743.5,31.8
2000-02-03,2000,34,27.298,14.748,17.103556,26.473,40.989834,2.096434,727.75,31.9
2000-02-04,2000,35,27.748,15.298,17.553555,27.123,35.23012,2.9836454,741.0,31.3
2000-02-05,2000,36,25.398,16.398,18.636889,24.923,20.600304,3.0790558,771.25,28.9
2000-02-06,2000,37,25.748,12.648,14.747999,25.123,23.994953,1.8636291,769.75,30.7
2000-02-07,2000,38,26.798,13.498,15.225778,26.1105,23.83436,2.6213024,773.75,30.7
2000-02-08,2000,39,27.348,13.348,15.542445,26.7355,23.997948,1.9695697,774.75,32.1
2000-02-09,2000,40,28.498,13.948,16.036888,27.772999,23.235817,0.9326967,772.75,33.7
2000-02-10,2000,41,28.748,13.848,16.786888,27.9105,35.128162,2.966474,764.75,32.3
2000-02-11,2000,42,26.048,15.698,17.753555,25.748001,19.351603,4.134251,792.0,28.6
2000-02-12,2000,43,25.698,12.898,14.803555,25.1855,17.202188,2.090064,801.5,30.7
2000-02-13,2000,44,26.298,12.848,14.486889,25.673,21.541176,3.9316173,799.75,28.8
2000-02-14,2000,45,26.448,14.098,15.292445,25.598,20.982841,4.5076194,809.5,28.1
2000-02-15,2000,46,28.198,13.998,15.620222,27.1605,22.799532,2.9527824,799.25,31.5
2000-02-16,2000,47,29.198,13.748,16.175777,28.460499,15.2393465,3.448462,807.25,32.2
2000-02-17,2000,48,29.248,12.898,15.731334,28.673,12.322411,1.9266407,821.75,33.9
2000-02-18,2000,49,29.398,12.848,15.359111,28.798,15.941793,1.0077217,810.25,34.6
2000-02-19,2000,50,29.998,13.248,16.598,29.3855,19.192696,1.7812339,806.75,34.8
2000-02-20,2000,51,30.198,13.898,17.403557,29.248001,19.816147,1.3003335,813.5,35.1
2000-02-21,2000,52,29.998,15.698,18.120222,29.448,17.090714,1.6494449,825.5,35.0
2000-02-22,2000,53,30.998,16.848,19.075779,30.3855,22.277018,2.4616718,819.25,35.4
2000-02-23,2000,54,30.998,20.498,21.342445,30.323,28.507233,5.209214,772.25,32.7
2000-02-24,2000,55,30.298,20.098,21.825779,29.723,25.054605,4.7455673,711.75,31.8
2000-02-25,2000,56,30.298,19.148,20.281334,29.7355,21.600737,2.3185732,826.75,34.9
2000-02-26,2000,57,30.148,14.748,17.292444,29.810501,10.4303055,2.00749,859.5,35.1
2000-02-27,2000,58,31.448,14.248,16.964668,30.798,13.828697,1.1755964,852.5,36.5
2000-02-28,2000,59,33.298,15.148,17.842445,32.598,16.70113,0.39703295,848.75,38.2
2000-02-29,2000,60,34.648003,15.948,19.170221,33.785503,16.80614,1.7403787,847.0,39.3
2000-03-01,2000,61,35.698,16.748,20.370222,34.573,16.237007,4.097233,849.25,38.7
2000-03-02,2000,62,34.448,18.998,22.342445,33.1105,26.868914,3.3320227,844.0,37.9
2000-03-03,2000,63,34.998,19.348,22.064667,33.673,20.225414,4.5952506,853.5,37.5
2000-03-04,2000,64,32.298,17.748,20.631334,31.273,27.740583,4.7378964,857.0,34.8
2000-03-05,2000,65,31.698,17.048,19.881334,31.148,15.84435,0.78583413,874.75,37.1
2000-03-06,2000,66,31.898,17.398,19.286888,31.272999,14.15432,1.5712882,880.5,37.0
2000-03-07,2000,67,29.998,17.548,19.30911,29.435501,15.16094,3.289528,882.0,33.9
2000-03-08,2000,68,30.648,15.648,17.731333,30.185501,10.27897,4.1055164,898.75,34.0
2000-03-09,2000,69,31.998,16.198,18.575779,31.210499,13.096221,1.3614906,896.5,37.1
2000-03-10,2000,70,33.198,14.298,17.781334,32.173,12.270075,2.8345757,895.25,37.1
2000-03-11,2000,71,33.948,16.698,19.931332,32.0355,32.283054,3.6512933,864.75,36.7
2000-03-12,2000,72,34.998,18.398,21.403557,33.335503,23.149689,5.9362793,869.75,36.8
2000-03-13,2000,73,30.848,18.748,20.748,29.772999,31.032011,2.0356576,873.0,35.9
2000-03-14,2000,74,32.098003,16.748,19.964668,31.685501,20.41792,1.7298796,884.5,37.7
2000-03-15,2000,75,33.398003,17.898,19.948,32.873,12.523836,1.6997678,901.0,38.5
2000-03-16,2000,76,33.598003,18.198,20.686888,32.723003,22.987785,1.9900886,885.75,38.7
2000-03-17,2000,77,33.248,18.548,21.453556,32.1855,26.03678,2.7399356,889.0,37.7
2000-03-18,2000,78,34.998,18.248,20.58689,34.348,15.173013,1.928318,901.75,40.1
2000-03-19,2000,79,35.148003,17.798,21.081333,34.5355,6.9956827,1.3678921,923.5,39.7
2000-03-20,2000,80,36.048,18.798,21.781334,35.410503,6.7350936,1.0437131,926.25,40.5
2000-03-21,2000,81,35.598003,17.248,20.68689,34.773003,12.565247,2.43111,912.5,40.2
2000-03-22,2000,82,34.898003,19.898,22.486889,34.235504,17.664707,2.9527488,905.25,39.5
2000-03-23,2000,83,33.548,18.098,21.781334,33.123,11.822378,3.4942174,923.5,37.8
2000-03-24,2000,84,35.098003,20.048,22.036888,34.285503,8.670361,4.4959106,933.0,38.4
2000-03-25,2000,85,35.898003,21.098,22.83689,35.110504,9.519759,3.8048365,933.75,39.7
2000-03-26,2000,86,37.148003,20.598,21.948,36.6105,10.6676855,2.7760134,925.5,41.9
2000-03-27,2000,87,37.498,22.248,23.964668,37.1605,10.872695,2.8965821,925.25,42.5
2000-03-28,2000,88,38.398003,21.698,23.270224,38.023003,8.104792,2.825154,936.75,43.2
2000-03-29,2000,89,39.148003,20.998,23.381334,38.9355,9.071803,2.5637133,928.25,44.4
2000-03-30,2000,90,39.498,20.298,24.259111,38.673,12.43152,0.8845011,916.25,44.6
2000-03-31,2000,91,39.648003,23.648,26.075779,38.960503,13.946122,3.6103868,910.5,44.4
2000-04-01,2000,92,39.848003,24.198,25.992445,39.448,12.455588,3.4863722,922.25,45.0
2000-04-02,2000,93,39.998,22.148,24.970222,39.498,7.9152403,2.010306,944.0,45.1
2000-04-03,2000,94,40.598003,21.098,24.442444,40.0105,9.050669,1.0102106,939.5,45.7
2000-04-04,2000,95,40.798,21.698,25.33689,40.0605,10.457256,1.4392471,933.0,46.1
2000-04-05,2000,96,40.398003,21.748,24.964666,39.5105,12.35693,1.8001603,932.25,45.7
2000-04-06,2000,97,40.748,22.698,25.286888,40.235504,9.079777,1.9370682,940.5,46.1
2000-04-07,2000,98,40.448,24.248,25.82022,39.673004,11.4990225,2.5321894,934.75,45.6
2000-04-08,2000,99,39.548,24.048,25.286888,38.948,8.472402,4.030767,946.5,44.0
2000-04-09,2000,100,40.898003,23.248,25.598,40.2855,10.297363,3.2451987,942.25,46.0
2000-04-10,2000,101,40.548,23.798,26.348,39.9105,11.095473,3.1781816,939.75,45.6
2000-04-11,2000,102,40.898003,22.548,25.431334,39.948,13.798546,2.1620986,936.75,46.3
2000-04-12,2000,103,40.998,23.548,26.498,39.973003,15.292149,1.5412147,933.25,46.6
2000-04-13,2000,104,40.798,23.498,26.625778,39.623,18.687586,2.7386134,926.0,46.1
2000-04-14,2000,105,39.948,23.598,26.198,38.7855,19.9262,3.6232681,929.0,44.8
2000-04-15,2000,106,38.848003,23.948,26.18689,37.398003,29.620964,2.7407308,923.75,44.1
2000-04-16,2000,107,39.348003,23.548,26.292444,38.110504,27.675713,2.7170317,914.75,44.8
2000-04-17,2000,108,40.348003,23.448,26.636889,38.848003,21.016026,2.8606591,935.75,45.3
2000-04-18,2000,109,41.348003,23.398,26.703556,40.148003,15.273657,2.5469813,943.25,46.6
2000-04-19,2000,110,41.398003,23.748,27.270222,40.410503,11.101423,3.1552668,952.25,46.3
2000-04-20,2000,111,41.198,23.598,27.142447,40.373,11.477119,4.198327,944.0,46.0
2000-04-21,2000,112,40.648003,24.248,27.592445,39.660503,14.268869,3.7057443,928.5,45.4
2000-04-22,2000,113,39.348003,23.298,26.098,37.848003,25.889065,4.2731886,921.0,43.5
2000-04-23,2000,114,40.048,24.098,27.009111,38.585503,22.100536,3.6883876,921.0,44.5
2000-04-24,2000,115,40.648003,23.848,26.553555,38.585503,25.2589,5.5018487,919.75,44.1
2000-04-25,2000,116,41.748,23.948,26.60911,39.848003,21.903189,5.453402,926.75,45.7
2000-04-26,2000,117,42.248,24.848,27.120222,39.798,25.505966,4.8834085,925.25,45.8
2000-04-27,2000,118,42.448,24.748,27.297998,40.148003,24.705597,4.7454433,925.0,46.3
2000-04-28,2000,119,41.548,24.648,27.575779,39.648003,25.74844,5.118165,924.75,45.6
2000-04-29,2000,120,41.498,24.948,27.698,39.498,26.216364,4.3769894,924.5,45.6
2000-04-30,2000,121,41.448,25.348,27.870222,39.548004,24.204693,3.7332067,931.5,45.9
2000-05-01,2000,122,41.598003,24.148,27.425777,40.360504,17.650505,4.239373,940.25,46.4
2000-05-02,2000,123,41.198,24.248,27.631334,39.973,18.527805,3.6026103,937.0,46.2
2000-05-03,2000,124,41.548,24.798,27.675777,40.360504,19.09906,3.3492308,935.75,46.8
2000-05-04,2000,125,39.448,24.698,27.459112,38.2605,24.291264,3.2540843,927.25,44.5
2000-05-05,2000,126,39.898003,25.198,27.698,38.573,27.829067,1.8431535,921.25,45.9
2000-05-06,2000,127,39.998,26.498,28.420221,39.1355,28.417028,3.3092396,908.25,45.6
2000-05-07,2000,128,38.648003,26.898,27.886889,37.948,30.51229,2.4325254,899.5,44.8
2000-05-08,2000,129,38.148003,27.098,27.820223,37.735504,33.11045,4.5624833,871.5,43.2
2000-05-09,2000,130,39.048,27.298,28.209112,37.9855,30.453701,3.4605017,820.25,43.6
2000-05-10,2000,131,38.398003,26.848,28.225777,37.373,30.94502,3.78214,895.0,43.2
2000-05-11,2000,132,37.598003,27.248,28.425777,36.610504,33.212646,4.047155,875.25,42.0
2000-05-12,2000,133,36.648003,27.348,28.625776,35.898003,37.68883,3.731679,787.0,41.0
2000-05-13,2000,134,37.148003,26.848,28.381334,36.5605,33.52307,3.8668742,849.5,41.9
2000-05-14,2000,135,36.998,26.748,28.32022,36.248,34.904114,2.9311783,810.5,42.0
2000-05-15,2000,136,37.048,26.748,27.953556,36.473,39.21859,4.6559377,784.25,41.3
2000-05-16,2000,137,36.648003,27.098,27.820223,36.035503,42.625996,5.924503,811.75,40.7
2000-05-17,2000,138,36.048,26.948,27.55911,35.473,44.72892,5.6901636,799.0,40.0
2000-05-18,2000,139,35.698,26.648,27.303555,34.598,50.685276,2.6585188,677.25,40.5
2000-05-19,2000,140,38.598003,25.898,26.992443,37.298004,37.209167,3.359049,875.75,43.6
2000-05-20,2000,141,37.898003,26.548,28.198,36.598,34.446545,3.972985,885.25,42.2
2000-05-21,2000,142,38.698,26.998,28.386889,37.298,30.92287,3.9583292,911.5,43.1
2000-05-22,2000,143,39.348003,26.898,28.381334,37.8855,33.280884,4.285455,886.0,43.6
2000-05-23,2000,144,39.448,27.098,28.775778,38.0105,33.41409,4.358632,900.75,43.8
2000-05-24,2000,145,39.398003,27.048,28.714668,37.723003,33.469986,4.128384,902.75,43.6
2000-05-25,2000,146,40.098003,26.948,28.698002,38.248,32.906906,4.9933825,898.0,43.9
2000-05-26,2000,147,40.798,27.598,29.053555,39.2855,31.11052,5.107309,889.75,45.1
2000-05-27,2000,148,39.848003,27.498,29.103556,38.323,31.987013,4.261336,900.5,44.2
2000-05-28,2000,149,39.948,27.948,29.509111,38.7605,30.111773,3.4999065,908.5,45.1
2000-05-29,2000,150,38.098003,28.698,29.614668,37.5355,39.79516,3.9487689,616.25,41.9
2000-05-30,2000,151,37.898003,28.048,29.120222,37.410503,39.9077,4.6122246,774.75,42.5
2000-05-31,2000,152,38.398003,28.898,30.103556,37.210503,40.720394,3.440905,736.25,42.7
2000-06-01,2000,153,39.548,28.498,30.314667,38.1855,35.387917,3.4950614,758.5,43.7
2000-06-02,2000,154,40.348003,28.348,30.181335,39.0105,34.639065,2.7991588,858.25,45.8
2000-06-03,2000,155,40.198,28.198,30.298,39.023003,35.55249,2.861112,876.25,46.0
2000-06-04,2000,156,40.598003,28.598,30.920223,39.348003,34.875183,3.0437212,858.25,46.1
2000-06-05,2000,157,40.298,28.498,30.836891,39.298,34.02384,2.2458932,785.5,46.0
2000-06-06,2000,158,41.998,30.248,31.509111,41.148003,28.911879,2.4157894,827.5,48.1
2000-06-07,2000,159,40.848003,30.648,31.920223,39.8855,37.110737,1.7459184,843.5,47.7
2000-06-08,2000,160,40.298,30.098,31.570225,39.085503,40.488605,2.3326197,793.0,46.3
2000-06-09,2000,161,39.498,28.998,30.698002,38.523003,34.441498,3.9338014,875.75,44.6
2000-06-10,2000,162,40.048,27.348,29.636889,38.023003,35.30485,3.6496484,887.25,44.3
2000-06-11,2000,163,38.948,28.198,29.73689,37.5605,36.633663,4.9647875,786.25,42.4
2000-06-12,2000,164,36.848003,28.348,29.786888,35.798004,40.03273,5.0124416,450.75,38.0
2000-06-13,2000,165,37.948,28.198,29.770224,36.335503,38.104507,5.307252,565.75,39.3
2000-06-14,2000,166,38.548,27.948,29.253557,37.073,34.70572,6.2420216,637.75,40.5
2000-06-15,2000,167,38.548,27.848,28.93689,37.0605,35.539093,6.429396,756.5,41.3
2000-06-16,2000,168,39.548,27.498,28.770224,37.4855,34.40741,5.0715466,845.0,42.6
2000-06-17,2000,169,39.198,27.098,28.753557,37.360504,35.040104,4.843808,864.25,42.6
2000-06-18,2000,170,39.548,26.798,28.653555,37.748,29.829147,4.281263,883.5,43.3
2000-06-19,2000,171,38.998,26.398,28.442444,37.1355,33.904133,3.6851199,879.75,43.0
2000-06-20,2000,172,36.348003,27.648,29.031334,35.960503,37.57148,3.840645,748.75,40.7
2000-06-21,2000,173,38.448,27.948,29.164665,36.8855,34.740753,4.1104007,862.25,42.3
2000-06-22,2000,174,38.198,27.148,29.32022,36.660503,33.751495,5.0185995,843.0,41.5
2000-06-23,2000,175,38.048,27.298,29.425777,36.8105,34.03737,4.37737,796.5,41.6
2000-06-24,2000,176,37.948,27.798,29.681335,36.498,35.633984,4.7676334,718.0,40.6
2000-06-25,2000,177,38.398003,27.548,29.131334,36.548004,34.12459,5.010002,714.5,40.5
2000-06-26,2000,178,38.298,27.198,28.770224,37.0105,31.937792,4.925929,783.75,41.5
2000-06-27,2000,179,37.798,27.298,28.986887,36.785503,34.009098,4.654064,739.5,41.1
2000-06-28,2000,180,37.548,27.948,29.35911,36.698,37.72786,3.2346895,745.25,42.1
2000-06-29,2000,181,38.848003,28.548,29.298,37.8105,35.937927,1.876996,777.0,44.5
2000-06-30,2000,182,36.848003,27.848,29.192444,35.423,48.728405,2.2285361,649.75,41.5
2000-07-01,2000,183,31.398,26.048,26.409111,29.7105,73.59245,2.754673,329.25,33.6
2000-07-02,2000,184,31.798,25.648,26.125778,30.798,68.04049,2.3613315,414.75,35.6
2000-07-03,2000,185,31.848,26.248,26.581333,30.623,70.29912,1.9509246,390.0,35.9
2000-07-04,2000,186,29.048,25.048,26.192444,28.185501,80.05706,1.947701,271.0,32.7
2000-07-05,2000,187,31.248,25.698,26.253555,30.4855,68.9798,2.9822965,450.0,34.9
2000-07-06,2000,188,31.948,27.248,27.58689,31.7355,65.30443,2.8155985,541.0,37.1
2000-07-07,2000,189,32.698,26.848,27.464668,32.198,60.340576,3.153049,512.5,36.6
2000-07-08,2000,190,32.898003,27.448,27.886889,32.523003,58.02509,2.5199444,500.75,37.4
2000-07-09,2000,191,31.898,26.848,27.342445,31.6605,63.191273,3.225144,490.75,36.0
2000-07-10,2000,192,30.998,26.998,27.392445,30.498,66.490654,3.4935412,269.5,32.7
2000-07-11,2000,193,33.248,26.448,27.481333,33.0105,55.150265,3.174127,563.75,37.6
2000-07-12,2000,194,31.048,26.898,27.714668,30.935501,63.938404,2.5398521,341.0,34.6
2000-07-13,2000,195,27.598,25.648,26.048,26.9605,91.00257,4.3882384,112.25,27.9
2000-07-14,2000,196,26.448,24.898,25.575779,26.0355,90.042114,5.7370143,138.0,25.3
2000-07-15,2000,197,26.448,23.998,24.642445,26.1105,92.498146,3.9217882,112.5,27.2
2000-07-16,2000,198,28.798,25.948,26.153557,28.498,76.26163,6.1707735,210.25,28.4
2000-07-17,2000,199,29.348,25.948,26.286888,29.1605,72.452385,3.8681974,181.25,30.3
2000-07-18,2000,200,31.748,25.948,26.520224,31.223,61.963165,5.1966314,478.0,33.6
2000-07-19,2000,201,31.498,25.998,26.425777,31.048,61.65235,4.8296566,539.25,34.0
2000-07-20,2000,202,30.448,25.248,25.964668,29.8605,66.691086,5.0919433,409.25,31.7
2000-07-21,2000,203,28.448,24.848,25.975777,27.723,79.32094,4.0047398,186.0,28.8
2000-07-22,2000,204,29.948,25.548,25.959112,29.022999,67.699326,4.924894,307.5,29.9
2000-07-23,2000,205,30.698,24.548,25.731333,30.272999,60.463856,5.481959,475.75,32.0
2000-07-24,2000,206,31.348,24.598,25.525778,30.6355,57.818047,5.277662,578.0,33.2
2000-07-25,2000,207,32.048,24.048,25.370222,31.248001,55.358986,4.3787045,592.25,34.5
2000-07-26,2000,208,32.098003,23.948,25.403557,31.260502,54.743935,4.0575647,596.75,34.7
2000-07-27,2000,209,31.798,24.648,26.098,31.0355,57.30994,3.713717,558.0,34.7
2000-07-28,2000,210,31.598,24.298,25.975777,30.523,60.565823,3.7349987,492.0,33.8
2000-07-29,2000,211,32.298,25.448,26.575779,31.635502,55.897484,2.7426429,650.75,37.0
2000-07-30,2000,212,32.448,25.798,26.703556,31.823002,56.010754,3.5638885,601.75,36.0
2000-07-31,2000,213,32.098003,25.098,26.659111,31.223001,55.353714,4.111099,503.25,34.0
2000-08-01,2000,214,32.148003,25.298,26.553555,31.810501,51.16988,5.657971,499.5,33.5
2000-08-02,2000,215,33.248,25.598,26.570223,32.473003,50.348396,5.540954,575.5,34.9
2000-08-03,2000,216,33.348003,24.948,26.364666,32.3855,52.365005,4.82409,550.75,35.1
2000-08-04,2000,217,33.448,24.648,26.553555,32.5605,51.95784,4.060805,578.5,36.0
2000-08-05,2000,218,32.698,24.948,26.564667,32.298,51.359306,3.5590646,516.75,35.6
2000-08-06,2000,219,33.548,23.948,25.742443,32.473,48.381763,3.0573618,514.75,36.1
2000-08-07,2000,220,33.998,24.648,26.10911,32.4105,48.76766,3.056534,601.25,36.7
2000-08-08,2000,221,33.148003,25.598,27.136889,32.6855,49.14664,3.1372643,588.25,36.9
2000-08-09,2000,222,32.948,25.848,27.548,32.0355,53.04901,3.3448994,448.25,35.1
2000-08-10,2000,223,32.998,26.348,27.759111,32.498,50.399273,1.4702697,495.0,37.6
2000-08-11,2000,224,31.348,25.998,26.498,30.6605,68.67919,1.9287504,360.75,35.5
2000-08-12,2000,225,28.948,24.898,25.353556,28.560501,78.836975,1.7785864,317.75,33.6
2000-08-13,2000,226,30.248,24.698,25.114666,29.223,75.48421,3.2822886,383.0,33.0
2000-08-14,2000,227,29.048,24.698,25.842445,28.1355,80.3813,3.6325107,205.25,30.1
2000-08-15,2000,228,29.648,24.998,25.553555,29.0855,73.567856,3.5556283,268.5,31.4
2000-08-16,2000,229,30.048,24.748,25.348,29.673,73.10646,4.0213814,417.25,32.9
2000-08-17,2000,230,31.048,24.948,25.720222,30.623001,64.309814,5.272318,513.0,33.2
2000-08-18,2000,231,31.648,25.598,26.209112,30.873,62.356613,4.2544856,479.25,33.8
2000-08-19,2000,232,30.298,24.448,25.731333,30.048,66.29772,3.8519862,542.25,33.9
2000-08-20,2000,233,28.898,24.748,25.770224,28.460499,72.83722,3.1237621,370.0,31.8
2000-08-21,2000,234,30.498,24.898,25.68689,29.973,67.97455,2.874925,473.25,34.5
2000-08-22,2000,235,29.848,24.948,26.092445,26.6855,90.62122,1.8390609,194.5,31.2
2000-08-23,2000,236,31.748,24.198,24.975777,31.173,71.56824,1.9568107,561.25,38.1
2000-08-24,2000,237,32.248,25.598,26.33689,31.698002,73.3768,1.6974368,634.75,39.8
2000-08-25,2000,238,34.148003,26.098,27.814667,34.0105,60.340076,3.5060873,738.75,40.3
2000-08-26,2000,239,32.198,26.448,27.214668,31.3605,69.93736,3.7087882,687.75,37.2
2000-08-27,2000,240,31.548,25.748,26.220222,31.198,69.0565,3.2913692,654.5,37.0
2000-08-28,2000,241,31.548,25.748,26.892445,31.098,64.11549,3.2239506,561.0,35.8
2000-08-29,2000,242,30.598,25.598,26.731333,30.185501,66.78815,4.673446,540.0,33.4
2000-08-30,2000,243,30.398,24.898,25.942444,30.048,65.7049,5.7694516,561.25,32.6
2000-08-31,2000,244,30.148,24.698,25.648,29.948,66.92958,5.3009415,515.5,32.5
2000-09-01,2000,245,31.248,24.648,25.636889,30.835499,61.631134,4.20885,557.75,34.3
2000-09-02,2000,246,30.948,24.148,25.709112,30.598,62.132317,4.084251,526.0,33.9
2000-09-03,2000,247,31.098,24.048,25.948,30.5605,61.668457,3.3962584,531.75,34.5
2000-09-04,2000,248,30.698,24.198,25.936888,30.310501,59.953396,3.6654634,538.0,33.9
2000-09-05,2000,249,28.748,25.148,26.070223,28.498,69.86267,3.7927036,302.0,30.3
2000-09-06,2000,250,30.998,24.048,25.036888,30.5355,59.369537,3.8740487,539.75,33.9
2000-09-07,2000,251,31.448,23.498,24.714668,30.698,54.002804,3.7191176,552.75,34.0
2000-09-08,2000,252,30.698,22.798,24.403557,30.272999,56.965523,3.6004171,500.75,33.4
2000-09-09,2000,253,31.048,22.398,24.470222,30.348,55.13061,4.464118,489.25,32.5
2000-09-10,2000,254,31.248,23.198,24.775778,30.835499,54.69294,4.339055,540.5,33.5
2000-09-11,2000,255,31.048,22.848,24.825779,30.3855,57.04504,3.3366823,515.75,33.9
2000-09-12,2000,256,31.398,23.098,25.014668,30.923,53.853725,2.602215,589.25,35.7
2000-09-13,2000,257,31.848,23.448,24.764668,31.1605,56.38138,1.8532822,680.25,37.6
2000-09-14,2000,258,32.948,22.798,24.192444,32.498,50.73862,1.8931506,803.5,39.6
2000-09-15,2000,259,33.398003,23.048,24.553555,32.823,44.793484,2.4765508,833.5,39.2
2000-09-16,2000,260,33.298,22.548,24.653557,32.6105,49.407482,3.248743,824.5,38.4
2000-09-17,2000,261,33.148003,22.448,24.253555,32.360504,45.728256,2.8833594,830.0,38.3
2000-09-18,2000,262,32.948,22.398,23.986889,32.198,46.69517,2.8312604,826.75,38.2
2000-09-19,2000,263,32.648003,22.498,24.420221,31.973001,48.707554,2.1714356,694.5,37.8
2000-09-20,2000,264,33.948,23.098,25.014668,33.473,43.184254,1.0524246,774.75,40.5
2000-09-21,2000,265,35.648003,23.348,25.342445,35.2605,39.611187,0.2519422,769.25,42.3
2000-09-22,2000,266,37.398003,25.398,27.35911,37.0105,37.5935,1.9708881,762.75,43.5
2000-09-23,2000,267,37.148003,27.498,28.492445,36.7355,36.48833,1.9400934,753.75,43.1
2000-09-24,2000,268,36.448,26.348,27.85911,36.0605,40.972847,1.3892113,781.75,43.2
2000-09-25,2000,269,36.998,27.248,28.509111,36.673,40.61752,1.3897702,753.75,43.7
2000-09-26,2000,270,36.548,26.148,27.664665,36.0605,38.02574,1.1127837,793.5,43.2
2000-09-27,2000,271,36.798,26.248,28.014668,36.298,37.334507,0.97685087,797.25,43.5
2000-09-28,2000,272,37.748,25.998,27.598,37.2605,29.795082,1.0613973,762.75,43.7
2000-09-29,2000,273,37.648003,26.498,27.925777,37.148003,29.499603,1.445502,772.0,43.5
2000-09-30,2000,274,37.098003,25.398,27.264668,36.423004,31.460508,2.361002,770.5,42.2
2000-10-01,2000,275,38.198,24.898,27.103556,37.573,23.243763,2.0682733,806.5,43.5
2000-10-02,2000,276,39.848003,25.448,27.398,39.448,18.019428,2.5118854,778.5,44.9
2000-10-03,2000,277,38.848003,23.398,27.409111,38.485504,23.562721,1.1760145,740.5,44.4
2000-10-04,2000,278,38.448,23.848,26.092445,38.123,23.370428,0.49525625,735.0,43.7
2000-10-05,2000,279,38.898003,24.248,26.092445,38.248,22.595486,1.0863887,782.0,44.3
2000-10-06,2000,280,38.798,23.998,26.731333,38.273003,25.343607,1.3873374,703.25,44.0
2000-10-07,2000,281,37.748,26.348,27.953556,37.4355,33.534298,2.248308,698.5,43.1
2000-10-08,2000,282,37.798,27.448,29.075779,37.298,32.981964,1.44384,721.5,43.5
2000-10-09,2000,283,37.798,27.048,29.098,37.198,30.46254,2.3154364,754.0,43.0
2000-10-10,2000,284,37.498,26.398,28.370222,36.848,32.57753,2.051208,752.0,42.9
2000-10-11,2000,285,37.198,26.148,28.192444,36.723003,31.604658,0.92339885,735.0,43.0
2000-10-12,2000,286,37.298,26.198,28.075779,36.848003,31.539171,0.7839835,729.75,43.1
2000-10-13,2000,287,37.248,26.098,27.659111,36.998,25.198616,2.2873058,651.25,41.7
2000-10-14,2000,288,37.698,25.898,27.209112,37.373,19.667149,3.2048197,760.75,42.1
2000-10-15,2000,289,37.898003,22.198,24.981333,37.535503,12.486858,2.8241239,798.5,42.2
2000-10-16,2000,290,38.248,23.198,24.825779,37.9355,13.902509,1.7278798,788.75,43.1
2000-10-17,2000,291,37.598003,21.348,23.453556,37.1855,14.44216,1.6789532,786.25,42.3
2000-10-18,2000,292,37.498,19.998,22.364666,36.9855,17.980509,1.4887958,779.75,42.4
2000-10-19,2000,293,38.248,21.748,24.003555,37.698,18.053083,0.9390264,775.0,43.2
2000-10-20,2000,294,38.848003,22.548,24.55911,38.423,13.940704,1.634322,774.75,43.6
2000-10-21,2000,295,38.198,21.248,23.848,37.785503,14.171009,2.48284,774.5,42.6
2000-10-22,2000,296,36.698,21.098,23.55911,36.098003,21.230785,2.755786,761.75,40.9
2000-10-23,2000,297,35.848003,21.698,24.209112,34.923004,26.15728,3.0537715,755.75,39.5
2000-10-24,2000,298,35.248,22.098,24.55911,34.248,30.291172,1.595041,750.5,40.0
2000-10-25,2000,299,36.148003,21.498,23.303555,35.648003,26.060055,1.2310042,743.25,41.4
2000-10-26,2000,300,37.048,21.598,24.075777,36.7855,18.78552,1.3182969,742.25,42.0
2000-10-27,2000,301,36.848003,22.798,24.820223,36.535503,16.577496,1.4131045,743.5,41.6
2000-10-28,2000,302,36.998,21.848,23.370222,36.648003,13.648845,2.1736832,748.5,41.2
2000-10-29,2000,303,36.648003,21.148,22.909111,36.323,13.2214,1.5450387,746.5,41.0
2000-10-30,2000,304,35.748,20.898,22.753555,34.985504,17.56916,1.6159122,741.75,39.9
2000-10-31,2000,305,35.698,19.398,22.164665,35.335503,15.183997,1.8409832,742.0,40.0
2000-11-01,2000,306,35.398003,20.248,22.670221,34.898003,16.531141,1.938994,733.0,39.5
2000-11-02,2000,307,35.848003,20.948,22.636889,35.348,15.260658,3.156711,729.75,39.2
2000-11-03,2000,308,35.248,21.698,22.30911,34.9105,19.942104,3.3754148,718.75,38.7
2000-11-04,2000,309,34.998,20.598,21.909111,34.6355,22.928913,2.2582035,705.25,39.3
2000-11-05,2000,310,34.898003,20.698,22.453556,34.598003,19.79824,1.3237915,708.5,39.5
2000-11-06,2000,311,34.348003,18.898,20.909111,34.073,19.767704,0.5342068,706.0,38.8
2000-11-07,2000,312,34.948,19.148,22.448,34.6855,21.24255,0.53202003,691.0,39.5
2000-11-08,2000,313,34.498,20.048,22.775778,34.1605,23.45715,1.4158508,682.5,39.0
2000-11-09,2000,314,35.048,20.548,22.381334,34.773003,23.813913,1.7928865,688.25,39.6
2000-11-10,2000,315,35.248,22.048,23.375778,34.773003,22.423729,1.2857934,691.5,39.7
2000-11-11,2000,316,35.198,20.698,22.581333,34.923,21.601295,0.616832,688.5,39.8
2000-11-12,2000,317,34.798,19.798,21.698,34.498,20.58619,1.362647,687.5,39.3
2000-11-13,2000,318,34.048,18.298,20.625778,33.8105,17.41182,1.7299716,692.5,38.2
2000-11-14,2000,319,33.848003,20.748,22.092445,33.323,23.563395,1.1175774,687.0,38.3
2000-11-15,2000,320,34.048,21.148,22.420221,33.5605,23.661871,1.139246,680.0,38.5
2000-11-16,2000,321,33.998,20.398,22.198,33.6855,26.00196,1.1259292,671.75,38.7
2000-11-17,2000,322,33.648003,19.548,21.670221,33.348003,24.663778,0.646816,673.0,38.3
2000-11-18,2000,323,33.448,18.248,20.736889,33.148003,23.69482,1.554976,675.25,37.9
2000-11-19,2000,324,31.548,17.248,19.725777,31.185501,16.331963,3.1741984,687.0,34.3
2000-11-20,2000,325,30.198,15.698,17.625778,29.798,19.886631,1.9840962,690.5,34.1
2000-11-21,2000,326,30.998,14.398,16.525778,30.585499,20.25743,1.1361933,685.5,35.3
2000-11-22,2000,327,31.698,14.898,17.253555,31.2855,22.319279,0.45653242,676.75,36.1
2000-11-23,2000,328,32.298,15.997999,18.653557,31.923,20.136347,1.11567,672.5,36.5
2000-11-24,2000,329,32.898003,17.498,19.914665,32.485504,20.225473,2.1585586,658.25,36.5
2000-11-25,2000,330,31.548,18.498,20.514668,31.2355,22.98891,2.21605,661.25,35.2
2000-11-26,2000,331,31.048,17.498,19.436888,30.6355,21.279137,1.2844895,664.25,35.2
2000-11-27,2000,332,30.148,16.698,18.598,29.7105,31.749548,1.9733486,624.25,34.0
2000-11-28,2000,333,30.098,18.598,19.942444,29.560501,23.650803,3.4426765,662.5,32.3
2000-11-29,2000,334,28.948,18.298,19.114666,28.623,22.010984,3.9531448,665.25,30.8
2000-11-30,2000,335,28.748,16.448,17.181334,28.3855,18.410013,3.5722592,671.75,30.9
2000-12-01,2000,336,27.998,15.348,16.614666,27.548,14.006842,4.582013,686.25,29.1
2000-12-02,2000,337,27.898,14.798,16.370222,27.4105,13.524736,4.128166,685.75,29.4
2000-12-03,2000,338,29.048,14.598,16.364666,28.398,13.892641,3.652952,680.75,30.8
2000-12-04,2000,339,29.898,14.248,16.142445,29.248,13.394264,1.8247435,673.25,33.3
2000-12-05,2000,340,30.548,13.248,15.609111,29.960499,13.722845,1.3415533,667.75,34.2
2000-12-06,2000,341,31.198,14.048,16.131332,30.6355,16.268484,1.3228359,656.75,34.9
2000-12-07,2000,342,31.648,14.948,16.753555,31.098,15.235779,2.3997827,659.25,34.6
2000-12-08,2000,343,31.748,15.348,17.159111,31.123001,17.566315,1.6772107,656.5,35.2
2000-12-09,2000,344,31.698,14.248,16.814667,31.2855,18.42057,0.98196006,657.75,35.7
2000-12-10,2000,345,30.898,14.298,16.848,30.373001,18.599564,1.3123997,658.5,34.8
2000-12-11,2000,346,30.048,14.398,16.492445,29.6105,18.706863,1.2149696,660.0,34.1
2000-12-12,2000,347,30.098,13.248,15.459111,29.573,20.391476,0.9820079,657.5,34.2
2000-12-13,2000,348,30.448,14.148,16.470222,29.935501,20.865473,0.95978904,653.75,34.5
2000-12-14,2000,349,30.048,14.498,16.803555,29.573,22.934656,0.5630658,654.0,34.3
2000-12-15,2000,350,30.148,13.998,16.43689,29.6355,24.20697,0.51688516,653.0,34.5
2000-12-16,2000,351,30.798,14.948,17.136889,30.3355,24.29198,0.54378736,652.25,35.1
2000-12-17,2000,352,30.348,14.998,17.386889,29.973,24.124102,1.4561483,651.75,34.5
2000-12-18,2000,353,29.448,15.748,17.820223,28.9105,25.711634,2.1670294,652.25,32.9
2000-12-19,2000,354,28.948,15.598,17.575779,28.248001,29.274666,1.662933,649.25,32.9
2000-12-20,2000,355,29.548,14.948,16.425777,28.698,27.176756,2.241128,655.0,32.7
2000-12-21,2000,356,29.848,14.998,16.298,29.0355,24.714687,2.8933196,656.75,32.3
2000-12-22,2000,357,30.148,14.948,16.425777,29.3355,21.512814,1.8191924,662.5,33.6
2000-12-23,2000,358,29.998,13.298,15.486889,29.198,18.798468,1.2043451,667.0,33.8
2000-12-24,2000,359,30.248,13.398,15.503555,29.3105,18.626448,1.2071081,668.75,33.9
2000-12-25,2000,360,29.998,13.498,15.409112,29.147999,17.658083,1.8502645,674.75,33.4
2000-12-26,2000,361,30.148,14.448,15.420222,29.3105,18.364641,2.4371576,674.0,33.0
2000-12-27,2000,362,29.998,14.448,15.475778,29.147999,17.120829,1.8367524,674.75,33.4
2000-12-28,2000,363,29.648,13.198,15.048,28.9105,17.818375,0.5948104,671.5,33.6
2000-12-29,2000,364,30.098,13.298,15.842444,29.323,21.077797,1.3943219,667.0,33.9
2000-12-30,2000,365,27.298,17.048,18.481333,26.6105,26.811195,3.2836828,433.75,27.3
2000-12-31,2000,366,25.148,17.348,18.459112,24.7855,44.38719,2.2609816,526.75,28.4
2001-01-01,2001,1,25.048,14.298,16.275778,24.748001,26.497871,3.2695086,663.5,27.6
2001-01-02,2001,2,23.998,12.648,14.342444,23.223,32.687164,1.9001987,673.0,28.4
2001-01-03,2001,3,25.948,12.848,13.814667,25.272999,30.763256,2.4775007,674.0,29.4
2001-01-04,2001,4,26.598,13.048,14.325779,25.897999,28.613722,3.3928928,680.5,28.8
2001-01-05,2001,5,26.948,14.098,15.792445,26.073,28.67056,2.694337,681.5,29.9
2001-01-06,2001,6,27.998,13.898,15.870222,27.348,26.825127,1.0162853,678.0,32.7
2001-01-07,2001,7,27.498,13.748,15.9702215,27.1355,25.116703,2.1453621,679.25,31.5
2001-01-08,2001,8,25.898,12.448,14.9702215,25.173,19.10561,2.183736,695.25,29.6
2001-01-09,2001,9,26.798,13.898,15.192444,26.073,25.966675,3.6653788,689.75,28.6
2001-01-10,2001,10,27.948,14.198,15.303555,26.973,24.902859,2.5663092,689.25,30.9
2001-01-11,2001,11,28.798,14.948,16.375778,27.9105,26.16635,1.2833433,684.0,33.0
2001-01-12,2001,12,28.498,14.298,16.614666,27.923,12.8047285,3.5743372,705.0,30.6
2001-01-13,2001,13,28.648,12.998,15.403556,27.923,19.91377,2.2440498,712.75,32.2
2001-01-14,2001,14,29.448,14.448,15.964667,28.6105,21.797997,2.5312154,702.25,32.6
2001-01-15,2001,15,29.548,15.448,16.920221,28.873001,20.7293,2.3495302,707.25,33.0
2001-01-16,2001,16,29.848,15.997999,17.148,28.923,24.56062,2.8964005,710.25,32.6
2001-01-17,2001,17,31.198,17.498,18.620222,30.2355,30.31107,2.25033,696.75,34.8
2001-01-18,2001,18,31.448,17.648,19.08689,30.898,24.997223,1.0140088,700.0,36.1
2001-01-19,2001,19,31.848,15.798,18.592445,31.3605,20.61649,2.489027,706.5,35.4
2001-01-20,2001,20,30.748,16.098,18.320223,30.085499,18.137444,2.5411475,705.0,33.9
2001-01-21,2001,21,28.498,15.498,17.386889,28.0605,21.427666,3.5363424,729.25,31.1
2001-01-22,2001,22,27.098,14.198,15.731334,26.373,35.19386,2.8725607,701.5,30.3
2001-01-23,2001,23,26.998,13.298,15.225778,26.3105,13.144517,2.7958999,755.0,30.4
2001-01-24,2001,24,27.198,12.098,13.548,26.4355,11.663296,3.2540815,763.25,30.0
2001-01-25,2001,25,27.898,11.448,12.864666,27.023,14.4091835,1.4297915,759.5,32.5
2001-01-26,2001,26,28.948,11.398,13.620222,28.098,12.384876,1.9782715,762.0,32.9
2001-01-27,2001,27,30.048,12.648,14.575779,29.073,15.16211,2.3534837,754.5,33.4
2001-01-28,2001,28,30.798,14.198,15.759111,29.823,16.174461,1.7337255,744.5,34.6
2001-01-29,2001,29,31.048,13.898,16.753555,30.435501,19.770119,1.813437,742.5,35.3
2001-01-30,2001,30,29.448,15.798,18.181334,28.835499,22.912066,3.0057607,723.75,32.5
2001-01-31,2001,31,28.448,15.997999,18.409111,27.5355,17.566502,2.4734998,746.0,31.9
2001-02-01,2001,32,29.848,13.998,16.675777,28.810501,23.518772,2.1911576,770.0,33.7
2001-02-02,2001,33,29.298,15.198,16.592445,28.398,18.62201,3.434154,773.5,31.9
2001-02-03,2001,34,29.048,13.998,15.247999,28.2605,15.559601,2.1733303,784.75,33.1
2001-02-04,2001,35,28.198,11.298,14.486889,27.4355,13.255391,1.609082,791.5,32.9
2001-02-05,2001,36,27.948,11.098,14.014667,27.098,11.776522,1.4363493,799.0,32.8
2001-02-06,2001,37,28.948,11.398,14.4702215,28.1855,15.386297,1.573766,793.0,33.6
2001-02-07,2001,38,30.148,13.148,15.992445,29.4105,13.637902,1.8632212,797.0,34.5
2001-02-08,2001,39,31.148,13.748,16.503555,30.223,14.8191595,1.3724967,799.0,35.5
2001-02-09,2001,40,30.898,13.448,16.448,29.9855,15.709316,0.91177076,801.5,35.5
2001-02-10,2001,41,30.998,13.848,16.992445,30.2855,14.491222,2.226993,795.25,35.0
2001-02-11,2001,42,31.148,15.048,17.320223,30.448,16.736301,1.4062359,787.75,35.7
2001-02-12,2001,43,31.798,12.648,15.809111,31.0355,11.282397,1.2144212,794.0,36.1
2001-02-13,2001,44,33.098003,15.298,17.103554,31.960503,18.32631,2.6715896,747.25,36.1
2001-02-14,2001,45,28.748,16.548,18.298,28.198,21.715193,3.4962866,801.25,31.9
2001-02-15,2001,46,28.298,15.248,17.214668,27.5105,21.171913,3.3460288,805.75,31.4
2001-02-16,2001,47,29.898,15.748,17.681334,29.3105,21.045198,2.253622,803.0,34.3
2001-02-17,2001,48,30.898,15.948,18.259111,30.2105,19.01836,0.90142035,810.5,36.0
2001-02-18,2001,49,31.798,16.498,19.070223,30.8605,20.750795,1.3502388,808.25,36.5
2001-02-19,2001,50,32.548,17.848,20.364666,31.7355,23.719694,1.5447611,803.75,37.4
2001-02-20,2001,51,33.398003,17.798,20.659111,32.623,18.686985,3.2024915,807.25,36.9
2001-02-21,2001,52,32.848003,18.498,20.731333,32.348,13.852437,1.6076151,838.0,37.7
2001-02-22,2001,53,32.948,14.598,19.948,32.248,14.540524,0.7988531,832.25,37.7
2001-02-23,2001,54,33.698,16.198,20.153557,32.735504,24.36907,2.0422766,821.0,38.3
2001-02-24,2001,55,33.398003,17.348,20.053555,32.2355,22.050518,3.271556,830.5,36.7
2001-02-25,2001,56,31.148,18.198,20.214668,30.123001,39.863747,3.7488742,736.25,33.8
2001-02-26,2001,57,32.298,18.448,20.792444,31.798,24.885803,0.943874,809.5,37.8
2001-02-27,2001,58,32.298,17.798,20.514668,31.8355,24.179445,1.0735383,787.5,37.6
2001-02-28,2001,59,33.048,18.298,20.35911,32.710503,11.599261,2.934679,855.5,37.2
2001-03-01,2001,60,32.098003,20.648,21.748,31.560501,18.442528,4.794473,752.25,34.1
2001-03-02,2001,61,32.398003,20.548,21.420221,31.685501,12.956825,5.6897736,861.75,34.5
2001-03-03,2001,62,33.448,19.298,20.964668,32.473,17.52894,3.13076,849.5,37.0
2001-03-04,2001,63,33.648003,19.798,22.231333,32.7605,19.756018,2.133821,844.5,38.2
2001-03-05,2001,64,32.798,19.998,21.831333,32.223,15.176598,1.9468175,873.25,37.7
2001-03-06,2001,65,32.798,17.748,19.759111,32.323,10.75251,1.0246768,886.0,37.9
2001-03-07,2001,66,33.098003,16.198,19.236889,32.660503,9.67976,2.0159154,882.75,37.8
2001-03-08,2001,67,34.448,18.498,20.848,33.735504,11.215422,3.1236598,880.5,38.3
2001-03-09,2001,68,35.248,19.148,21.481333,34.835503,9.257801,3.9427922,879.0,38.9
2001-03-10,2001,69,35.548,18.948,22.014668,34.8105,15.261138,3.0257654,881.0,39.8
2001-03-11,2001,70,34.548,17.698,20.853556,33.460503,29.102331,1.1446892,863.25,40.2
2001-03-12,2001,71,33.898003,20.648,22.736889,33.085503,35.064533,2.7009256,841.5,38.8
2001-03-13,2001,72,33.598003,19.948,22.125778,32.7855,27.109703,2.4683304,856.0,38.4
2001-03-14,2001,73,34.148003,19.948,22.731333,33.460503,25.136736,1.4169581,795.5,39.3
2001-03-15,2001,74,35.398003,19.798,22.431334,34.823,18.719284,1.4046118,877.5,40.9
2001-03-16,2001,75,36.298,20.098,23.164665,35.648003,16.249384,2.6540687,883.75,41.1
2001-03-17,2001,76,36.598003,22.498,24.825779,36.085503,15.072021,2.0431905,886.25,41.8
2001-03-18,2001,77,36.848003,20.898,23.131334,36.223003,12.976271,1.6038945,882.25,41.8
2001-03-19,2001,78,37.248,21.248,23.409111,36.673004,16.264124,2.9232655,885.5,42.1
2001-03-20,2001,79,35.898003,22.398,25.047998,34.973003,28.015766,3.2661438,869.25,40.3
2001-03-21,2001,80,35.698,21.798,23.981333,35.248,20.229864,2.5322182,860.0,40.8
2001-03-22,2001,81,33.848003,22.248,23.864666,33.5105,26.013968,1.419307,739.0,38.9
2001-03-23,2001,82,34.498,22.048,24.186888,33.8605,26.980238,0.61416686,740.5,39.5
2001-03-24,2001,83,36.048,22.698,24.548,35.335503,23.729006,1.7616711,882.75,41.7
2001-03-25,2001,84,36.198,23.798,25.598,35.373,21.8523,3.301195,897.5,40.7
2001-03-26,2001,85,36.648003,24.048,25.681334,36.1855,18.08848,3.8003173,900.5,41.2
2001-03-27,2001,86,36.898003,23.198,25.531334,36.023003,24.571667,2.8336034,891.0,41.9
2001-03-28,2001,87,34.998,21.948,24.170221,32.8605,40.554485,4.6556187,758.5,36.5
2001-03-29,2001,88,33.848003,19.448,22.120222,32.8855,20.194998,3.7399929,920.0,37.6
2001-03-30,2001,89,33.398003,19.448,22.064667,32.9355,14.4794,4.007201,931.5,37.4
2001-03-31,2001,90,34.198,17.498,21.525778,33.723003,15.219124,0.7517085,924.75,39.8
2001-04-01,2001,91,35.848003,20.798,23.298,35.460503,12.099113,1.8264983,929.5,41.2
2001-04-02,2001,92,37.298,22.598,24.353556,37.0105,11.132843,2.4119587,932.25,42.6
2001-04-03,2001,93,38.798,21.648,24.320223,38.3605,10.394991,1.6171874,931.0,44.2
2001-04-04,2001,94,39.398003,20.648,24.514668,38.798,8.965937,1.376991,939.0,44.5
2001-04-05,2001,95,39.048,21.398,24.398,38.398003,10.792507,1.775638,939.25,44.3
2001-04-06,2001,96,38.898003,19.898,24.881334,38.348,9.853808,1.0011673,945.75,44.1
2001-04-07,2001,97,39.698,21.198,25.198,39.460503,8.579809,1.1549642,949.5,45.2
2001-04-08,2001,98,39.498,22.548,25.320223,39.1855,7.367918,3.7297633,948.75,44.2
2001-04-09,2001,99,39.848003,21.148,24.886889,39.210503,9.81687,5.413317,949.25,44.2
2001-04-10,2001,100,38.698,19.748,24.325779,38.2855,12.154292,4.8297195,928.75,43.2
2001-04-11,2001,101,39.148003,22.748,25.759111,38.748,15.672945,4.082485,899.25,44.1
2001-04-12,2001,102,38.298,22.748,25.531334,37.723,19.204353,3.0851183,892.25,43.5
2001-04-13,2001,103,36.998,23.698,25.742443,36.210503,23.963402,2.1569057,881.75,42.5
2001-04-14,2001,104,37.098003,24.698,26.386889,36.535503,23.470991,2.0941062,867.0,42.7
2001-04-15,2001,105,36.398003,25.298,26.620222,36.210503,20.759712,1.4944035,769.0,41.7
2001-04-16,2001,106,36.298,24.898,26.536888,35.998,22.758715,2.7625058,726.25,40.6
2001-04-17,2001,107,35.748,23.598,25.55911,35.085503,26.515741,2.3129573,832.0,40.9
2001-04-18,2001,108,36.048,23.748,25.986889,35.373,27.208511,1.7347505,818.5,41.5
2001-04-19,2001,109,35.998,24.648,26.714668,35.085503,31.315628,3.079103,881.5,40.9
2001-04-20,2001,110,37.548,24.848,26.464668,37.048,20.27589,2.2730258,896.5,43.2
2001-04-21,2001,111,38.798,24.448,26.770224,38.360504,15.251589,2.2874808,936.75,44.6
2001-04-22,2001,112,40.148003,23.648,26.453556,39.6855,12.961468,1.7872344,941.75,46.0
2001-04-23,2001,113,40.648003,25.348,27.436888,40.098,13.106002,1.7957442,943.75,46.5
2001-04-24,2001,114,41.298,24.848,27.975777,40.5105,16.052853,1.900498,941.25,47.3
2001-04-25,2001,115,41.248,25.198,27.514668,40.4105,13.570381,2.527206,949.5,46.8
2001-04-26,2001,116,40.798,24.398,26.83689,39.873,16.140625,3.1091614,944.25,46.2
2001-04-27,2001,117,40.448,23.848,26.964668,39.548004,11.853291,3.382277,962.25,45.4
2001-04-28,2001,118,40.698,23.598,27.209112,39.573,15.366171,4.763294,948.5,45.2
2001-04-29,2001,119,40.848003,23.598,26.886889,39.235504,21.875645,3.1324325,936.0,45.7
2001-04-30,2001,120,41.298,24.498,27.698,39.798004,23.127083,2.8918223,930.5,46.6
2001-05-01,2001,121,42.498,25.798,28.881334,41.335503,17.305817,3.113888,935.75,47.9
2001-05-02,2001,122,42.598003,25.598,28.992445,41.448,16.255068,3.6458907,945.5,47.9
2001-05-03,2001,123,42.248,24.998,28.131334,40.423,17.616571,3.6063926,945.5,46.7
2001-05-04,2001,124,40.998,25.648,27.614666,39.6355,25.19501,3.1187546,926.75,46.3
2001-05-05,2001,125,42.748,26.248,28.047998,41.335503,21.297459,3.3760915,934.25,48.1
2001-05-06,2001,126,43.248,25.348,27.898,41.1355,19.359179,4.4292445,935.25,47.4
2001-05-07,2001,127,42.698,24.848,27.525778,41.1105,16.759514,4.9954653,939.0,47.2
2001-05-08,2001,128,40.748,24.698,27.514668,38.773003,23.539953,4.0595174,938.25,44.8
2001-05-09,2001,129,40.648003,24.948,27.448,38.5105,30.07497,4.5570183,920.0,44.4
2001-05-10,2001,130,40.498,25.748,27.825779,38.673,29.236008,5.542423,923.75,44.3
2001-05-11,2001,131,40.248,25.398,27.325779,38.198,30.451805,4.153918,927.75,44.2
2001-05-12,2001,132,41.348003,25.198,27.398,39.5605,22.36568,3.716952,937.75,45.9
2001-05-13,2001,133,39.898003,25.148,27.403557,38.1605,28.796463,3.1059136,926.25,44.7
2001-05-14,2001,134,39.648003,25.898,27.970222,38.248,27.15068,4.6195345,930.75,44.0
2001-05-15,2001,135,38.998,26.348,28.675777,37.3855,33.21573,4.8428597,892.0,42.8
2001-05-16,2001,136,38.148003,27.298,28.992445,36.198,35.714767,4.7463083,700.0,40.1
2001-05-17,2001,137,38.898003,27.098,28.93689,37.373,33.073025,4.5808687,865.75,42.7
2001-05-18,2001,138,38.548,26.748,28.82022,37.323,31.30513,4.756168,810.5,42.1
2001-05-19,2001,139,38.548,26.598,28.848,37.2855,30.61801,3.866545,819.0,42.5
2001-05-20,2001,140,38.298,27.198,29.192444,36.7605,34.60115,4.30701,761.25,41.4
2001-05-21,2001,141,38.098003,27.198,29.181332,36.5605,37.357456,3.2695491,673.25,41.3
2001-05-22,2001,142,38.598003,27.898,29.731333,37.448,32.04414,2.1974473,893.25,44.4
2001-05-23,2001,143,41.048,27.898,30.486887,40.1355,29.357801,0.665253,883.0,47.8
2001-05-24,2001,144,40.698,29.748,31.309113,40.098,31.531788,3.886739,898.0,46.6
2001-05-25,2001,145,38.648003,28.148,29.114664,37.948,39.743095,6.355097,756.25,42.8
2001-05-26,2001,146,36.748,27.748,28.386889,36.4105,42.280937,6.3832107,805.75,41.1
2001-05-27,2001,147,38.298,27.848,28.348,37.523003,36.51238,6.438548,867.0,42.7
2001-05-28,2001,148,35.998,27.548,28.053555,35.773003,42.167747,7.1532564,777.0,40.1
2001-05-29,2001,149,34.798,27.148,27.781334,34.573,49.035515,7.8885427,726.5,38.6
2001-05-30,2001,150,35.748,26.998,28.120222,35.573,42.799675,5.564056,661.25,39.2
2001-05-31,2001,151,37.348003,27.298,28.853556,36.2855,38.3448,4.355111,771.0,41.0
2001-06-01,2001,152,37.048,27.998,29.825779,36.098,41.085403,4.3178577,672.25,40.3
2001-06-02,2001,153,36.748,27.798,29.764666,36.223,43.6626,4.500861,751.75,41.1
2001-06-03,2001,154,35.948,28.398,29.748,35.523003,48.168037,4.631817,770.25,40.6
2001-06-04,2001,155,35.898003,28.198,29.542442,35.4355,45.983948,4.331961,638.75,39.6
2001-06-05,2001,156,37.298,27.798,29.203556,36.3855,40.284767,4.209211,775.25,41.4
2001-06-06,2001,157,37.548,28.248,29.364664,36.7855,38.093456,3.1118522,834.75,42.9
2001-06-07,2001,158,37.998,28.448,29.548,36.735504,40.895157,2.119957,738.0,43.2
2001-06-08,2001,159,39.148003,28.648,29.270224,38.173,38.785778,1.6098049,819.75,45.7
2001-06-09,2001,160,35.448,25.998,27.386889,35.085503,53.033554,1.3943099,710.75,42.7
2001-06-10,2001,161,34.498,26.848,27.992445,33.773003,58.745136,2.331623,708.25,40.8
2001-06-11,2001,162,34.148003,26.448,27.625778,33.8855,54.549747,2.0515418,443.0,38.7
2001-06-12,2001,163,34.898003,27.248,27.803555,33.460503,58.214153,4.104575,665.25,38.4
2001-06-13,2001,164,35.248,27.048,27.842445,34.710503,52.026367,4.17453,764.0,40.1
2001-06-14,2001,165,33.448,26.648,27.209112,32.873,56.544853,2.1802976,500.5,38.0
2001-06-15,2001,166,30.648,25.648,26.214668,29.810501,76.377106,0.73228806,317.0,35.9
2001-06-16,2001,167,27.998,24.148,24.398,27.5355,75.7794,1.6807426,188.25,31.0
2001-06-17,2001,168,31.098,24.648,25.525778,30.647999,70.741974,3.430502,517.75,35.3
2001-06-18,2001,169,32.548,26.598,27.303555,32.173,60.59189,3.4379952,508.5,36.3
2001-06-19,2001,170,32.398003,26.298,27.398,32.1355,59.64384,3.947813,537.25,35.9
2001-06-20,2001,171,33.548,25.998,27.170221,32.7605,55.37272,5.6190195,592.5,35.8
2001-06-21,2001,172,34.148003,26.648,27.220222,33.173004,50.58642,5.776147,626.0,36.2
2001-06-22,2001,173,34.448,26.398,27.209112,33.698,49.910625,5.8887053,750.75,37.6
2001-06-23,2001,174,34.348003,26.248,27.259111,33.3855,51.602142,6.1441627,544.25,35.9
2001-06-24,2001,175,33.148003,26.198,27.164665,32.523003,54.182304,5.526174,524.5,34.9
2001-06-25,2001,176,32.798,26.148,27.047998,31.798,55.13903,4.51577,384.0,33.5
2001-06-26,2001,177,33.798,26.098,27.153557,32.723,54.14052,5.7852182,562.0,35.4
2001-06-27,2001,178,33.648003,25.798,27.186888,32.8855,50.949173,4.8454084,545.5,35.6
2001-06-28,2001,179,33.948,26.598,27.55911,33.023003,51.37839,5.258746,573.0,35.8
2001-06-29,2001,180,34.048,25.548,27.153557,33.448,48.169594,4.2774854,636.5,37.2
2001-06-30,2001,181,31.998,25.498,27.231333,31.272999,57.068096,3.6626227,376.0,33.6
2001-07-01,2001,182,32.798,26.098,27.220222,32.323,53.674633,3.655631,538.5,35.9
2001-07-02,2001,183,26.948,25.248,25.581333,26.498,93.69725,2.9200265,113.25,29.2
2001-07-03,2001,184,27.498,24.648,24.898,27.2605,88.532486,1.842062,207.25,31.9
2001-07-04,2001,185,28.498,24.698,25.014668,27.5355,84.30998,2.9233508,172.5,30.2
2001-07-05,2001,186,29.048,24.448,24.981333,28.373001,79.06712,3.410206,261.25,31.0
2001-07-06,2001,187,30.998,25.298,25.864666,30.6105,73.745384,3.4697056,579.25,36.0
2001-07-07,2001,188,31.998,25.748,26.375778,31.673,71.0789,2.847052,681.0,38.6
2001-07-08,2001,189,31.198,25.898,26.253555,30.348,74.938995,1.1572883,339.25,36.3
2001-07-09,2001,190,26.648,25.198,25.598,25.798,95.8666,1.6851767,154.25,30.4
2001-07-10,2001,191,30.398,25.348,25.692444,29.348,76.672745,3.3125541,327.0,32.8
2001-07-11,2001,192,28.548,25.098,25.58689,28.060501,81.50853,4.1717553,227.5,29.7
2001-07-12,2001,193,30.598,24.798,25.386889,29.5855,72.74356,5.037873,537.25,32.8
2001-07-13,2001,194,31.398,25.598,25.798,30.1105,70.7496,4.2476034,543.25,34.0
2001-07-14,2001,195,32.098003,24.498,25.564667,31.310501,65.33783,4.721908,720.0,36.0
2001-07-15,2001,196,30.248,25.348,25.959112,28.147999,75.62833,4.780231,241.5,28.9
2001-07-16,2001,197,31.348,25.548,26.08689,30.7105,61.11663,6.753996,518.5,32.6
2001-07-17,2001,198,29.798,25.648,26.198,29.5855,68.439575,5.707896,321.75,30.4
2001-07-18,2001,199,29.948,25.498,26.136889,29.623,70.878525,5.2468557,435.5,31.8
2001-07-19,2001,200,30.148,25.698,26.403557,29.560501,70.95831,3.9641986,413.75,32.6
2001-07-20,2001,201,29.948,25.698,26.192444,28.8855,73.58507,3.6225872,326.25,31.5
2001-07-21,2001,202,30.248,24.998,25.681334,29.498001,71.16606,4.7477665,408.25,31.8
2001-07-22,2001,203,29.698,25.098,25.525778,29.335499,72.71041,2.9882534,339.25,32.9
2001-07-23,2001,204,31.448,24.798,25.175777,30.7105,69.32216,2.3769436,540.75,36.6
2001-07-24,2001,205,31.048,24.798,25.631334,30.748001,70.1703,4.104521,640.5,35.6
2001-07-25,2001,206,31.148,24.548,25.420221,30.685501,68.51798,3.6974216,565.5,35.2
2001-07-26,2001,207,31.348,24.848,25.731333,30.948,69.42751,3.178259,661.5,36.9
2001-07-27,2001,208,31.198,25.398,26.125778,30.473,68.61376,2.6307263,395.5,34.8
2001-07-28,2001,209,30.948,25.398,26.098,30.272999,70.26654,3.9374382,424.25,33.6
2001-07-29,2001,210,30.948,25.198,26.181334,30.623,68.89932,4.5170994,630.25,34.9
2001-07-30,2001,211,31.648,25.048,26.164665,31.298,60.66343,4.1115003,537.5,34.8
2001-07-31,2001,212,30.648,25.198,26.325779,30.348,69.000374,2.8180234,618.25,36.2
2001-08-01,2001,213,31.198,25.898,26.614666,30.710499,66.1333,2.2020693,605.0,37.0
2001-08-02,2001,214,31.948,25.598,26.748,31.0855,58.585537,3.3558254,603.0,35.5
2001-08-03,2001,215,31.248,24.798,25.981333,30.810501,56.073734,1.8958559,554.5,36.2
2001-08-04,2001,216,32.298,25.098,26.047998,31.8605,65.59489,0.57596636,669.75,40.2
2001-08-05,2001,217,28.748,24.748,25.498,28.448,76.84093,3.59824,232.75,30.5
2001-08-06,2001,218,30.148,25.098,25.925777,29.7355,70.053215,2.6481922,397.5,34.0
2001-08-07,2001,219,29.198,25.148,25.698,27.923,85.09175,2.065118,294.5,32.9
2001-08-08,2001,220,29.348,24.998,25.386889,27.648,85.64982,1.578659,263.25,32.9
2001-08-09,2001,221,30.398,24.598,25.242445,29.348,75.7173,2.006886,387.5,34.7
2001-08-10,2001,222,30.398,24.898,25.409111,29.8355,73.737564,2.0088878,317.75,34.5
2001-08-11,2001,223,30.548,24.748,25.414665,29.598,79.50388,0.6158947,462.75,37.2
2001-08-12,2001,224,29.148,24.598,25.014668,28.460499,81.4521,1.3060578,295.25,34.1
2001-08-13,2001,225,31.348,25.048,25.575779,31.0855,68.43474,2.8038511,623.25,37.1
2001-08-14,2001,226,30.948,25.548,26.120222,30.698,69.4403,3.031568,564.75,36.0
2001-08-15,2001,227,29.548,25.198,25.653555,28.823,83.630135,1.6290778,378.25,35.2
2001-08-16,2001,228,29.748,25.248,25.431334,29.3855,70.85849,3.6971068,347.25,32.0
2001-08-17,2001,229,30.448,25.098,25.625778,29.973,67.097946,5.3957167,471.75,32.2
2001-08-18,2001,230,30.498,24.998,25.875778,30.048,61.04875,4.7536063,594.0,33.1
2001-08-19,2001,231,30.098,23.798,24.975777,29.548,62.884148,3.998446,441.25,32.0
2001-08-20,2001,232,30.898,23.998,25.542442,30.423,60.739967,3.156028,600.75,35.1
2001-08-21,2001,233,31.298,24.898,25.875778,30.848,60.57846,2.8992155,645.5,36.2
2001-08-22,2001,234,31.248,25.098,26.203556,30.7855,61.05196,3.4179723,610.25,35.3
2001-08-23,2001,235,31.148,24.848,26.098,30.6605,64.17688,3.3701396,588.0,35.3
2001-08-24,2001,236,30.398,25.298,26.025778,29.798,70.61034,2.4917397,590.75,35.8
2001-08-25,2001,237,30.848,25.048,25.753555,30.2355,71.554596,2.3197305,607.0,36.8
2001-08-26,2001,238,29.948,24.498,25.798,29.7855,64.50245,3.8363955,497.25,33.1
2001-08-27,2001,239,31.848,24.848,25.742445,30.960499,58.91227,4.514779,561.25,34.0
2001-08-28,2001,240,31.348,24.198,25.275778,30.897999,57.59033,5.1125207,527.75,33.2
2001-08-29,2001,241,31.548,24.398,25.33689,30.8855,55.697033,5.46307,558.25,33.1
2001-08-30,2001,242,31.448,23.948,24.942444,30.698,55.929604,4.8367863,522.25,33.0
2001-08-31,2001,243,30.998,23.998,25.020224,30.573,56.916267,3.4950306,458.75,33.5
2001-09-01,2001,244,31.448,23.698,25.481333,31.0105,57.56725,2.6939955,574.25,35.8
2001-09-02,2001,245,31.798,24.398,26.025778,30.9855,58.74006,3.1481733,606.25,35.7
2001-09-03,2001,246,31.998,25.898,26.959112,30.8855,57.685074,3.8518498,637.25,35.0
2001-09-04,2001,247,31.148,23.748,25.725777,30.698,54.18965,3.317287,532.0,34.2
2001-09-05,2001,248,30.298,24.948,26.264668,29.8355,62.043205,3.4741507,380.25,32.4
2001-09-06,2001,249,31.348,24.148,25.775778,30.973,57.063313,3.369627,498.5,34.5
2001-09-07,2001,250,31.348,25.048,25.992445,30.6855,70.52008,2.347798,685.5,37.8
2001-09-08,2001,251,32.348003,24.198,25.553555,31.998001,61.473255,2.0327551,762.25,39.5
2001-09-09,2001,252,33.148003,24.648,26.048,32.6355,54.807632,2.4919958,766.75,39.2
2001-09-10,2001,253,32.598003,24.448,25.986889,32.0355,51.641582,3.2561553,737.5,37.3
2001-09-11,2001,254,31.548,24.848,25.992445,31.148,59.39834,3.4251647,646.25,35.9
2001-09-12,2001,255,31.998,24.998,26.075777,31.3605,64.30296,2.5531375,686.5,37.8
2001-09-13,2001,256,32.298,24.598,25.886889,31.923,61.697914,1.5396875,707.0,39.5
2001-09-14,2001,257,33.348003,24.398,26.081333,32.798,47.89357,1.9698429,771.0,39.4
2001-09-15,2001,258,34.198,24.498,26.142445,33.798,46.656906,1.2101552,771.5,41.1
2001-09-16,2001,259,35.748,24.348,26.320223,35.410503,40.173996,1.540391,772.25,42.2
2001-09-17,2001,260,36.298,25.948,27.259111,35.8855,42.005337,2.5837312,749.75,41.9
2001-09-18,2001,261,35.648003,25.648,27.425777,35.148003,45.272545,1.7714763,752.0,42.0
2001-09-19,2001,262,35.198,26.348,27.642445,34.7355,47.96617,2.3145878,762.0,41.3
2001-09-20,2001,263,34.598003,26.048,27.225777,33.848003,49.00905,0.9487642,769.0,41.5
2001-09-21,2001,264,35.098003,25.648,27.153557,34.498,48.43612,1.4505882,750.75,41.7
2001-09-22,2001,265,37.348003,26.898,28.009111,36.973,38.864952,2.1378608,755.25,43.4
2001-09-23,2001,266,37.348003,26.598,28.814667,36.973,38.689285,0.89389217,752.25,44.0
2001-09-24,2001,267,36.648003,26.998,28.075779,36.0605,42.369457,1.859148,762.75,42.9
2001-09-25,2001,268,36.148003,26.998,28.036888,35.5605,42.4701,1.2305809,763.0,42.7
2001-09-26,2001,269,36.748,25.348,27.30911,36.210503,39.346317,1.3206261,750.0,43.0
2001-09-27,2001,270,37.348003,26.098,28.392445,36.9105,32.642467,2.566942,716.25,42.3
2001-09-28,2001,271,38.548,25.948,26.570223,38.023003,24.71289,2.788899,819.0,43.8
2001-09-29,2001,272,38.698,24.648,26.220222,38.098,22.778965,3.8333712,817.5,43.2
2001-09-30,2001,273,38.948,25.298,26.55911,38.4105,24.73296,3.2964206,755.25,43.5
2001-10-01,2001,274,37.698,23.448,26.409111,36.798,35.252216,1.5775846,788.25,43.5
2001-10-02,2001,275,36.698,24.948,26.909111,36.1355,38.442993,0.84644395,683.5,42.5
2001-10-03,2001,276,36.198,24.598,26.60911,35.735504,40.60112,1.5891502,716.75,42.2
2001-10-04,2001,277,35.248,25.648,27.464668,34.648003,49.69024,1.6949968,681.75,41.3
2001-10-05,2001,278,34.448,26.548,28.098,33.5105,53.320225,1.4062119,619.75,40.1
2001-10-06,2001,279,35.948,26.198,28.053555,34.998,46.69814,1.2332305,720.75,42.1
2001-10-07,2001,280,36.248,26.698,28.403557,35.948,37.44279,2.4859738,544.25,40.2
2001-10-08,2001,281,37.498,26.298,28.248,36.985504,32.325607,4.0202265,754.0,41.7
2001-10-09,2001,282,35.798,27.098,28.042442,35.598,44.585983,2.2506285,672.5,41.5
2001-10-10,2001,283,31.498,26.498,26.975777,30.373,71.83788,2.04562,460.0,36.2
2001-10-11,2001,284,31.098,25.698,26.153557,30.798,73.714935,2.4786508,551.0,37.1
2001-10-12,2001,285,32.048,24.798,25.831333,31.723,62.99279,1.3133442,666.75,39.3
2001-10-13,2001,286,31.998,24.648,25.864666,31.723,67.94116,0.4578439,654.5,40.2
2001-10-14,2001,287,33.398003,24.948,26.275778,33.098,57.297447,2.272324,651.0,39.4
2001-10-15,2001,288,34.948,24.448,25.703556,34.610504,27.440472,1.9702609,774.0,40.2
2001-10-16,2001,289,34.598003,21.648,23.364666,34.098003,28.238781,1.9512832,777.5,39.7
2001-10-17,2001,290,35.898003,22.898,23.286888,35.498,25.010637,2.4784994,772.75,40.7
2001-10-18,2001,291,35.448,21.298,22.014668,35.123,20.72565,2.743938,784.25,39.9
2001-10-19,2001,292,35.848003,18.948,20.520224,35.523003,19.418598,1.8520708,780.5,40.8
2001-10-20,2001,293,35.698,18.898,21.003555,35.460503,21.489988,0.6665276,770.25,41.0
2001-10-21,2001,294,35.498,18.948,21.659111,35.198,22.370836,0.9199029,765.75,40.8
2001-10-22,2001,295,35.598003,20.048,22.598,35.298004,22.690014,1.5602167,758.25,40.8
2001-10-23,2001,296,36.548,21.548,23.742445,36.223003,18.209114,3.6646173,761.5,40.4
2001-10-24,2001,297,36.648003,22.248,24.214668,36.323,17.688538,2.230048,761.5,41.3
2001-10-25,2001,298,35.748,21.398,23.448,35.273003,21.1002,1.6975509,755.5,40.5
2001-10-26,2001,299,35.898003,19.998,22.303555,35.323,20.796135,1.8763679,750.25,40.5
2001-10-27,2001,300,36.248,19.598,22.253555,35.473003,29.341568,1.8106565,738.0,41.1
2001-10-28,2001,301,36.598003,22.898,24.370222,36.085503,27.787704,3.4491699,726.5,40.5
2001-10-29,2001,302,36.848003,21.098,23.35911,36.373,22.303398,2.4314802,728.25,41.3
2001-10-30,2001,303,36.148003,21.098,23.403557,35.6605,23.039335,0.6845197,726.0,41.0
2001-10-31,2001,304,35.998,21.498,23.698,35.648003,23.676205,0.54503083,721.75,41.0
2001-11-01,2001,305,35.898003,21.148,23.781334,35.4355,27.611286,0.83252466,714.0,41.1
2001-11-02,2001,306,36.048,21.198,24.648,35.6605,23.40726,1.1570449,717.0,41.0
2001-11-03,2001,307,35.648003,21.898,24.93689,35.3105,20.735228,2.1579518,720.5,40.1
2001-11-04,2001,308,34.598003,19.548,21.920221,34.248,20.959785,1.3503339,715.5,39.2
2001-11-05,2001,309,34.998,19.498,21.870222,34.748,18.688713,1.5479808,712.25,39.5
2001-11-06,2001,310,34.448,20.198,22.459112,34.223,21.839449,0.8415601,704.75,39.2
2001-11-07,2001,311,34.148003,21.398,23.020224,33.9105,18.653872,2.1573095,712.5,38.3
2001-11-08,2001,312,33.448,21.948,22.492445,33.123,25.206717,4.0179663,698.5,36.2
2001-11-09,2001,313,32.048,20.748,21.470222,31.773,16.235281,3.6490097,717.0,34.8
2001-11-10,2001,314,31.848,17.948,19.025778,31.5105,16.2341,3.4621723,717.75,34.7
2001-11-11,2001,315,31.698,18.098,19.181334,31.348,16.194813,2.940425,716.75,34.9
2001-11-12,2001,316,31.698,18.798,19.642445,31.310501,18.132883,3.6824367,709.5,34.3
2001-11-13,2001,317,31.798,18.748,19.820223,31.3355,18.375612,3.1991043,705.75,34.7
2001-11-14,2001,318,32.298,18.048,19.331333,31.9855,18.537956,2.117637,700.75,36.2
2001-11-15,2001,319,33.298,17.598,18.998,32.835503,17.652391,1.8806494,702.25,37.2
2001-11-16,2001,320,33.248,17.448,19.386889,32.773003,19.295547,0.8513309,678.25,37.4
2001-11-17,2001,321,33.848003,19.098,21.009111,33.4105,22.467924,0.7859559,669.5,38.2
2001-11-18,2001,322,34.548,21.348,22.470222,34.1105,23.777517,1.7277973,658.0,38.7
2001-11-19,2001,323,34.398003,20.998,22.598,34.0105,21.142776,2.87702,668.25,37.7
2001-11-20,2001,324,34.498,20.098,21.60911,34.098,17.515472,2.404672,666.25,37.9
2001-11-21,2001,325,33.448,19.948,21.120222,33.0605,19.695972,0.6105552,654.0,37.4
2001-11-22,2001,326,32.598003,19.248,20.55911,32.210503,24.007679,0.6109777,641.5,36.8
2001-11-23,2001,327,32.448,17.948,20.203556,32.085503,26.520103,1.3787129,662.0,36.9
2001-11-24,2001,328,32.098003,17.448,19.498,31.773,20.704504,1.6032088,670.0,36.2
2001-11-25,2001,329,30.998,17.498,18.959112,30.5355,19.674755,1.7540691,674.5,34.8
2001-11-26,2001,330,30.498,16.948,18.203556,30.060501,18.426899,2.7637384,674.0,33.5
2001-11-27,2001,331,29.998,16.348,17.453556,29.5355,19.089298,2.6031127,671.5,33.1
2001-11-28,2001,332,29.198,16.198,17.175777,28.873,18.947243,2.9860246,672.75,32.0
2001-11-29,2001,333,29.498,14.898,16.253555,29.0355,20.150738,2.4065177,669.25,32.8
2001-11-30,2001,334,29.598,16.748,17.592445,29.123,19.605965,3.231903,666.25,32.0
2001-12-01,2001,335,29.648,14.998,16.364666,29.185501,19.905321,2.031322,657.5,33.2
2001-12-02,2001,336,29.998,14.548,16.075779,29.448,19.309015,2.0676694,670.5,33.5
2001-12-03,2001,337,30.348,14.198,16.281334,29.848,19.629221,0.8566687,665.0,34.5
2001-12-04,2001,338,29.648,13.948,16.186888,29.2855,22.452488,1.374841,646.5,33.8
2001-12-05,2001,339,30.198,13.648,16.120222,29.748001,22.73701,0.9042053,663.0,34.6
2001-12-06,2001,340,30.798,14.148,16.736889,30.3355,22.804605,1.1769681,654.0,35.0
2001-12-07,2001,341,31.298,15.098,17.498,30.823,23.425264,0.5329448,648.0,35.5
2001-12-08,2001,342,31.248,15.298,17.753555,30.835499,25.046642,1.0966573,646.75,35.5
2001-12-09,2001,343,31.248,16.098,18.225777,30.710499,29.075678,0.97968173,644.25,35.7
2001-12-10,2001,344,31.048,16.948,19.131334,30.573,31.421728,1.8449593,635.0,35.0
2001-12-11,2001,345,30.548,17.148,19.853556,29.9855,40.367508,0.8811247,629.5,35.6
2001-12-12,2001,346,30.348,16.898,19.125778,30.048,29.619347,1.9946625,640.5,34.3
2001-12-13,2001,347,30.498,17.098,18.58689,30.0105,28.013863,2.8179731,643.5,33.4
2001-12-14,2001,348,30.348,16.548,17.964668,29.8105,24.476255,2.3702035,648.75,33.6
2001-12-15,2001,349,29.848,14.998,17.198,29.460499,20.684696,1.9018581,642.75,33.5
2001-12-16,2001,350,29.648,15.698,17.564667,29.098,26.390697,1.7515359,635.75,33.4
2001-12-17,2001,351,30.448,16.848,18.398,29.6355,29.098785,1.6029396,640.0,34.2
2001-12-18,2001,352,30.848,16.948,18.553555,30.147999,25.935501,0.78729284,643.0,35.0
2001-12-19,2001,353,30.748,16.698,18.664665,30.198,25.062054,2.0002706,647.0,34.3
2001-12-20,2001,354,29.448,18.198,19.170221,28.798,30.295528,3.8523846,644.5,31.1
2001-12-21,2001,355,29.098,17.648,18.925777,28.573,23.97032,3.2447507,656.75,31.4
2001-12-22,2001,356,27.848,15.448,16.725777,27.3605,20.383448,3.2980232,664.75,30.1
2001-12-23,2001,357,27.598,13.998,15.359111,26.9855,19.568735,2.607658,669.5,30.6
2001-12-24,2001,358,27.948,12.598,14.375778,27.185501,20.238394,2.0576117,670.25,31.4
2001-12-25,2001,359,28.648,12.748,14.825779,27.9855,22.448431,0.62693316,644.25,32.9
2001-12-26,2001,360,29.398,13.798,15.8868885,28.935501,21.993444,1.2440003,663.5,33.7
2001-12-27,2001,361,29.548,13.348,15.875778,28.9105,18.957275,1.8483117,666.25,33.1
2001-12-28,2001,362,29.248,15.948,16.953556,28.647999,25.445763,3.3374627,659.5,31.5
2001-12-29,2001,363,29.148,16.398,17.364666,28.560501,26.276163,3.7613266,655.75,30.9
2001-12-30,2001,364,29.298,16.098,17.181334,28.648,27.245949,3.0573728,654.0,31.8
2001-12-31,2001,365,28.698,16.448,17.453556,27.998001,26.137642,2.3879452,664.75,31.9
2002-01-01,2002,1,29.148,15.648,16.898,28.4105,24.851479,1.8620278,666.0,32.8
2002-01-02,2002,2,29.198,16.098,17.525778,28.5355,24.078285,2.1845243,654.5,32.5
2002-01-03,2002,3,28.198,15.648,17.114666,27.648,21.063782,2.408793,676.0,31.5
2002-01-04,2002,4,27.498,14.998,16.320223,26.9355,18.223423,3.106584,683.0,30.0
2002-01-05,2002,5,27.598,14.798,16.281334,26.7855,20.88192,3.138123,678.0,29.8
2002-01-06,2002,6,27.648,15.298,16.503555,26.7605,26.688454,2.2318017,606.75,30.4
2002-01-07,2002,7,28.398,16.898,17.731333,27.6105,32.66274,2.6724553,644.5,31.3
2002-01-08,2002,8,28.548,17.398,18.020222,27.8605,26.42277,3.9070082,652.5,30.0
2002-01-09,2002,9,28.398,16.148,17.581333,27.548,24.599619,3.7759235,685.5,30.0
2002-01-10,2002,10,29.148,15.898,17.453556,28.3605,25.410439,2.3522282,681.25,32.4
2002-01-11,2002,11,28.998,15.698,17.353556,28.423,22.976177,2.2918048,689.0,32.6
2002-01-12,2002,12,29.898,14.448,16.653557,29.298,21.37101,1.1958382,689.5,34.2
2002-01-13,2002,13,29.698,13.698,16.414665,29.022999,27.979984,1.8232318,692.0,33.8
2002-01-14,2002,14,29.548,13.898,16.55911,28.623,40.429714,2.1334984,688.75,33.7
2002-01-15,2002,15,29.698,17.148,19.153557,28.9355,41.691074,3.25142,675.75,32.6
2002-01-16,2002,16,26.498,16.048,18.564667,26.123,20.09579,2.5803113,709.25,30.1
2002-01-17,2002,17,25.898,12.498,15.003555,25.423,25.999718,1.9053941,706.75,30.4
2002-01-18,2002,18,23.998,13.298,15.1368885,23.4855,31.719116,2.399473,696.5,28.1
2002-01-19,2002,19,24.498,12.298,14.125778,23.923,31.324965,1.16755,710.5,30.2
2002-01-20,2002,20,25.098,13.248,14.981334,24.4105,31.820305,2.8053365,709.5,28.5
2002-01-21,2002,21,25.798,14.448,15.448,25.272999,33.929695,2.3939433,684.75,29.7
2002-01-22,2002,22,25.948,13.348,15.170222,25.273,31.60299,1.7398868,717.5,30.8
2002-01-23,2002,23,26.648,12.798,15.131332,25.898,28.258173,1.3206426,723.75,31.7
2002-01-24,2002,24,26.948,12.848,14.953556,26.473,17.390657,3.7361994,730.75,29.2
2002-01-25,2002,25,26.548,14.198,15.759111,25.960499,40.89904,3.4178047,653.75,29.0
2002-01-26,2002,26,27.248,14.048,16.231333,26.6855,35.284492,1.9881661,696.0,31.7
2002-01-27,2002,27,25.398,12.498,14.93689,25.098,19.084469,3.469344,742.25,28.3
2002-01-28,2002,28,24.598,12.498,14.192445,24.023,16.86389,2.6988287,759.25,28.5
2002-01-29,2002,29,24.998,11.298,13.009111,24.473,17.559479,3.5943305,760.25,27.7
2002-01-30,2002,30,24.798,12.348,14.0535555,24.0355,16.512056,4.012576,770.5,26.7
2002-01-31,2002,31,27.198,12.698,14.086888,26.273,18.870228,3.368495,765.75,29.8
2002-02-01,2002,32,28.198,12.298,14.420222,27.2605,19.685677,1.9355075,762.0,32.4
2002-02-02,2002,33,28.348,13.648,15.586888,27.772999,18.216125,3.7895343,758.75,30.8
2002-02-03,2002,34,28.448,14.548,16.042444,27.7105,19.587875,4.3665447,761.25,30.1
2002-02-04,2002,35,29.648,16.598,18.142445,28.6605,23.64266,2.7783947,734.5,32.7
2002-02-05,2002,36,29.598,14.098,16.93689,29.0355,21.026215,2.7991648,758.5,33.2
2002-02-06,2002,37,28.498,13.498,16.286888,28.0105,13.404196,2.4250324,772.0,32.5
2002-02-07,2002,38,26.448,12.848,14.931334,26.1105,14.848333,2.8677022,794.0,30.5
2002-02-08,2002,39,24.898,11.098,13.320222,24.3605,11.716712,2.3699439,810.75,29.7
2002-02-09,2002,40,26.348,11.148,13.509111,25.373,10.480559,5.455433,813.25,27.0
2002-02-10,2002,41,24.048,16.098,16.581333,23.147999,41.804108,4.750554,572.25,23.5
2002-02-11,2002,42,25.248,12.298,14.348001,24.298,33.460743,3.3910973,788.75,28.3
2002-02-12,2002,43,27.448,12.648,14.675777,26.473,25.114859,3.8970304,799.5,29.7
2002-02-13,2002,44,28.898,14.798,17.025778,27.7355,21.11933,4.508322,804.25,30.4
2002-02-14,2002,45,30.798,15.748,18.020222,29.6605,27.898233,2.9495451,784.0,34.1
2002-02-15,2002,46,32.448,16.598,18.85911,31.448002,21.74847,1.5677466,789.5,36.9
2002-02-16,2002,47,32.998,16.948,19.692444,32.3855,17.088058,1.9522026,791.5,37.4
2002-02-17,2002,48,33.348003,17.098,20.564667,32.835503,19.748096,1.6901284,791.5,38.1
2002-02-18,2002,49,33.998,19.448,22.042444,33.5605,18.930054,2.2874553,793.5,38.5
2002-02-19,2002,50,33.748,20.548,22.486889,33.3105,17.926556,2.047769,801.5,38.4
2002-02-20,2002,51,33.348003,19.048,21.709112,32.835503,16.390955,1.8167857,809.5,38.0
2002-02-21,2002,52,33.898003,18.548,21.297998,33.148003,18.043407,0.75,805.0,38.6
2002-02-22,2002,53,33.098003,17.748,20.598,32.3855,25.620352,3.0990508,814.25,37.0
2002-02-23,2002,54,31.848,18.348,20.514668,31.023,33.51483,2.783785,806.75,36.1
2002-02-24,2002,55,31.448,17.198,20.164665,30.835499,20.697884,2.858013,832.75,35.5
2002-02-25,2002,56,32.448,15.848,19.403557,31.810501,18.027103,2.4788728,835.75,36.8
2002-02-26,2002,57,33.498,18.998,20.592445,32.723,20.505722,3.2751484,822.25,37.1
2002-02-27,2002,58,34.198,19.548,21.731333,33.648003,15.458166,2.0166824,828.5,38.8
2002-02-28,2002,59,34.248,19.748,22.031334,33.573,18.536068,1.8109128,818.0,39.0
2002-03-01,2002,60,35.148003,19.148,21.209112,34.473,22.952978,3.004596,827.5,39.4
2002-03-02,2002,61,32.248,19.048,21.142445,31.560501,29.438284,4.322733,837.5,35.3
2002-03-03,2002,62,31.148,18.948,20.948,30.498001,18.457315,2.4596496,855.25,35.6
2002-03-04,2002,63,32.098003,16.798,19.453556,31.435501,14.505283,1.6590786,868.0,37.0
2002-03-05,2002,64,33.598003,18.048,20.481333,33.0355,12.212547,2.5569816,860.75,37.9
2002-03-06,2002,65,34.398003,18.198,20.842445,33.848003,13.707827,1.0375507,865.0,39.4
2002-03-07,2002,66,33.848003,17.898,20.825779,33.360504,19.592314,0.8058202,828.25,39.1
2002-03-08,2002,67,32.098003,19.448,21.909111,31.173,29.249222,2.6614792,848.75,36.5
2002-03-09,2002,68,32.798,19.148,22.264668,31.6605,27.773346,2.3125558,851.25,37.3
2002-03-10,2002,69,34.798,20.448,22.631334,34.1355,18.824373,2.5053139,851.75,39.4
2002-03-11,2002,70,34.548,22.748,24.375778,34.148003,18.532806,3.0839505,640.25,37.4
2002-03-12,2002,71,34.748,23.248,24.909111,34.0605,18.066887,2.5599303,523.0,36.7
2002-03-13,2002,72,34.948,25.498,26.125778,34.698,20.23381,1.3960941,785.0,40.2
2002-03-14,2002,73,32.448,23.398,24.492443,30.423,40.31343,3.8990705,710.0,33.9
2002-03-15,2002,74,32.398003,20.098,22.431334,32.023003,33.16348,0.29307252,770.5,38.3
2002-03-16,2002,75,34.698,21.898,24.281334,34.173004,26.58119,0.31486386,874.25,40.8
2002-03-17,2002,76,35.648003,20.598,22.775778,35.210503,17.67936,0.5865676,890.25,41.2
2002-03-18,2002,77,37.648003,21.098,23.325779,36.998,14.73852,1.4591572,890.25,42.9
2002-03-19,2002,78,39.248,23.848,25.820223,38.8855,12.146039,1.9922607,887.5,44.6
2002-03-20,2002,79,37.598003,23.648,26.231333,37.1855,15.471828,1.6631621,711.0,41.9
2002-03-21,2002,80,36.648003,23.048,26.164665,36.1355,18.74722,3.5574105,855.0,41.0
2002-03-22,2002,81,36.598003,21.898,24.175777,35.960503,21.312462,2.4717236,891.25,41.9
2002-03-23,2002,82,37.348003,21.398,23.575779,36.498,19.867958,2.938794,896.0,42.2
2002-03-24,2002,83,36.848003,20.898,23.720222,35.5355,26.509735,3.8205848,895.75,40.7
2002-03-25,2002,84,34.898003,20.048,22.675777,33.460503,25.728836,3.0024507,909.5,39.0
2002-03-26,2002,85,35.648003,19.848,22.825779,34.835503,24.741434,0.7066221,885.5,41.5
2002-03-27,2002,86,37.348003,20.848,24.736889,36.873,14.675228,1.8421367,903.25,42.8
2002-03-28,2002,87,37.798,20.798,24.43689,37.348,8.959883,1.3914077,933.0,42.9
2002-03-29,2002,88,38.398003,21.348,24.581333,38.0605,7.3464065,1.2942137,940.0,43.4
2002-03-30,2002,89,38.898003,22.198,24.892445,38.423004,7.598366,1.8136673,937.25,43.8
2002-03-31,2002,90,38.748,21.748,24.498,37.973003,9.621983,2.1127017,932.25,43.6
2002-04-01,2002,91,38.998,23.198,25.692444,37.6855,27.549793,3.1092384,902.25,43.9
2002-04-02,2002,92,40.198,23.248,26.392445,39.348,9.115873,1.1673541,938.25,45.0
2002-04-03,2002,93,39.248,21.648,24.764668,38.398003,16.555513,1.3319297,926.25,44.9
2002-04-04,2002,94,38.898003,21.798,24.764668,37.973003,18.352522,1.7517037,920.75,44.5
2002-04-05,2002,95,39.048,22.398,25.620222,37.9355,22.298363,1.3919369,914.5,44.9
2002-04-06,2002,96,39.148003,25.498,27.575779,38.610504,24.142124,2.4847484,809.0,44.6
2002-04-07,2002,97,37.298,25.598,27.420221,36.7855,28.812386,1.2670463,819.5,43.4
2002-04-08,2002,98,37.348003,24.048,26.348,37.173004,27.794426,3.0514119,850.5,43.0
2002-04-09,2002,99,37.448,24.698,26.30911,36.8105,17.880716,2.924696,927.0,42.6
2002-04-10,2002,100,37.748,23.048,25.303555,37.323,16.683056,2.6945076,926.0,43.3
2002-04-11,2002,101,37.748,22.348,24.459112,37.3105,15.814027,1.7989713,925.75,43.6
2002-04-12,2002,102,38.648003,22.848,25.470222,38.0105,17.717367,1.722398,930.25,44.6
2002-04-13,2002,103,38.398003,23.548,26.081333,37.7605,21.507626,2.6561809,926.0,44.1
2002-04-14,2002,104,37.598003,23.598,25.959112,36.910503,19.435616,3.328897,932.75,42.6
2002-04-15,2002,105,37.498,22.948,25.392445,36.523003,21.326515,3.3023477,927.0,42.3
2002-04-16,2002,106,37.048,22.298,25.120222,36.035503,19.55921,2.9460404,937.0,41.9
2002-04-17,2002,107,37.848003,22.048,24.853556,36.7605,17.797005,2.3338916,936.0,43.0
2002-04-18,2002,108,38.998,23.148,25.83689,38.0605,20.030033,2.253774,925.5,44.6
2002-04-19,2002,109,39.898003,23.998,27.214668,39.210503,17.360874,2.8295443,887.75,45.2
2002-04-20,2002,110,39.998,26.198,28.925777,39.048,13.815805,2.5313237,921.25,45.1
2002-04-21,2002,111,39.698,23.998,27.342445,38.410503,16.207088,3.7074378,941.25,44.1
2002-04-22,2002,112,40.448,23.798,26.998,39.323,19.63689,3.9905775,936.0,45.3
2002-04-23,2002,113,40.998,23.898,27.242445,39.598003,22.963776,3.9832354,901.5,45.6
2002-04-24,2002,114,40.998,25.198,28.298,40.548004,12.270836,5.132268,941.5,46.1
2002-04-25,2002,115,39.898003,24.198,27.203556,39.1355,12.388087,4.1372423,955.5,44.6
2002-04-26,2002,116,40.898003,21.848,26.120222,40.098,7.007642,1.068178,976.75,45.7
2002-04-27,2002,117,41.948,22.348,26.281334,41.273003,8.350613,2.70367,961.25,47.2
2002-04-28,2002,118,42.948,25.198,28.35911,41.798004,10.94049,4.416754,952.0,47.6
2002-04-29,2002,119,43.698,26.498,28.242443,42.398003,14.720234,4.1096306,941.0,48.7
2002-04-30,2002,120,43.548,24.448,27.525778,42.423,12.817244,2.0649104,947.25,49.1
2002-05-01,2002,121,43.748,23.798,27.931334,42.360504,10.660923,3.4046443,958.5,48.5
2002-05-02,2002,122,43.598003,24.998,28.681332,42.3105,10.07708,3.0814993,965.0,48.5
2002-05-03,2002,123,44.848003,25.698,28.825779,43.910503,6.1483707,3.233076,976.75,50.0
2002-05-04,2002,124,44.898003,27.148,28.798,44.198,12.186836,2.5087876,931.0,50.8
2002-05-05,2002,125,43.548,25.948,28.842445,42.3855,16.005646,2.6571448,934.0,49.2
2002-05-06,2002,126,41.848003,25.898,27.920221,41.285503,15.8036,3.8762815,944.0,47.6
2002-05-07,2002,127,41.498,26.198,28.375778,40.148003,18.969133,3.0465431,940.25,46.7
2002-05-08,2002,128,41.498,26.498,28.970222,39.998,23.22992,3.4568992,925.25,46.5
2002-05-09,2002,129,40.648003,28.048,30.470222,39.498,34.44187,3.8532462,862.25,45.8
2002-05-10,2002,130,40.748,28.648,30.431332,39.623,31.697914,5.360578,867.5,45.4
2002-05-11,2002,131,41.248,27.748,29.036888,39.910503,30.362246,5.3722444,911.5,46.0
2002-05-12,2002,132,40.998,28.048,29.292446,39.573,32.380024,5.296862,891.25,45.5
2002-05-13,2002,133,40.148003,28.748,29.798,38.985504,33.571194,5.2329235,889.5,44.8
2002-05-14,2002,134,40.098003,27.948,29.364664,38.748,33.65112,4.5741477,890.0,44.6
2002-05-15,2002,135,40.548,27.298,29.309113,38.960503,33.903152,3.85739,900.5,45.3
2002-05-16,2002,136,41.498,27.048,29.503557,40.0355,30.014666,3.75735,913.75,46.6
2002-05-17,2002,137,42.348003,27.998,30.331333,40.710503,27.150993,4.338649,888.25,47.0
2002-05-18,2002,138,42.898003,27.898,29.892443,40.860504,25.053429,4.912769,911.25,47.1
2002-05-19,2002,139,41.398003,26.498,28.764666,39.748,28.214157,6.6244545,916.0,45.8
2002-05-20,2002,140,41.248,27.598,29.314667,39.473,29.044945,5.2877417,896.75,45.3
2002-05-21,2002,141,40.498,27.398,29.20911,39.273003,27.74604,4.2912774,922.75,45.4
2002-05-22,2002,142,39.898003,27.898,29.448002,38.648003,30.207323,4.1501384,918.25,44.7
2002-05-23,2002,143,40.198,27.848,29.248,38.773003,30.438713,3.769413,911.0,45.0
2002-05-24,2002,144,40.748,27.848,29.381334,39.210503,29.18869,3.6499054,906.75,45.6
2002-05-25,2002,145,40.798,27.298,29.07022,38.923,27.345844,4.8508654,913.25,44.7
2002-05-26,2002,146,40.798,26.748,28.509111,38.8105,27.776749,5.4102306,912.75,44.4
2002-05-27,2002,147,40.298,26.248,28.520224,38.798,27.537481,5.7485423,908.75,44.3
2002-05-28,2002,148,40.048,27.648,29.453556,38.173,31.413574,5.3763413,740.25,42.6
2002-05-29,2002,149,39.498,27.898,29.875776,37.748,34.882935,3.9048572,793.0,43.1
2002-05-30,2002,150,39.848003,27.048,28.95911,38.148003,32.942886,3.2102523,893.75,44.6
2002-05-31,2002,151,39.298,26.648,29.159111,37.648003,34.267715,3.2672777,891.75,44.0
2002-06-01,2002,152,38.948,27.398,29.381334,37.723003,35.81864,2.9433148,860.5,44.2
2002-06-02,2002,153,39.148003,27.448,29.242445,38.110504,32.86918,2.860961,879.0,44.7
2002-06-03,2002,154,39.698,27.598,29.453556,38.3855,33.85486,2.861816,878.75,45.1
2002-06-04,2002,155,39.598003,27.348,29.253553,38.223003,31.694164,3.1936445,887.5,44.6
2002-06-05,2002,156,39.548,27.398,29.248,38.273003,30.58932,4.464142,891.25,43.9
2002-06-06,2002,157,39.098003,27.698,29.348,37.585503,34.319706,4.866132,870.75,42.9
2002-06-07,2002,158,38.998,27.848,29.614668,37.7605,33.993214,4.71196,813.25,42.8
2002-06-08,2002,159,39.298,27.748,29.481333,37.898003,33.603893,3.9661393,874.0,43.7
2002-06-09,2002,160,39.648003,28.048,29.670223,38.2855,33.141582,3.3739042,887.0,44.6
2002-06-10,2002,161,40.098003,28.298,30.386889,39.110504,34.42298,2.8362525,859.0,45.9
2002-06-11,2002,162,39.848003,29.798,32.059113,38.9355,37.814857,2.5318236,671.0,44.8
2002-06-12,2002,163,40.348003,30.148,32.353558,39.723003,35.559242,3.1588602,733.75,45.7
2002-06-13,2002,164,38.498,30.298,31.214668,37.6355,42.5074,3.294884,478.75,41.7
2002-06-14,2002,165,39.848003,30.648,31.581333,39.0605,36.07533,3.876519,813.25,45.0
2002-06-15,2002,166,37.698,29.648,30.603556,37.035503,45.334595,4.0911264,727.5,42.4
2002-06-16,2002,167,37.098003,28.248,28.864664,36.498,45.124264,5.0564413,707.0,41.0
2002-06-17,2002,168,36.398003,28.048,28.664665,36.1605,46.88974,5.6509705,744.25,40.8
2002-06-18,2002,169,37.598003,28.198,29.309113,36.660503,45.755848,4.1061735,750.25,42.1
2002-06-19,2002,170,37.748,28.248,29.848,37.448,40.140694,5.069352,804.0,42.6
2002-06-20,2002,171,36.898003,29.098,30.325779,36.248,47.596085,3.9693704,681.75,41.3
2002-06-21,2002,172,36.348003,27.448,29.292442,34.7605,53.98779,3.717972,613.25,39.6
2002-06-22,2002,173,37.448,28.948,29.748,36.4105,48.144596,3.7290816,710.5,41.9
2002-06-23,2002,174,38.748,28.598,29.953556,37.573,39.48377,3.6750932,720.0,42.8
2002-06-24,2002,175,38.048,28.348,30.314667,36.7855,38.271957,3.9899263,624.0,40.9
2002-06-25,2002,176,37.498,28.748,30.081333,36.660503,39.073082,4.95762,487.75,39.4
2002-06-26,2002,177,36.898003,27.798,29.270224,36.0355,48.9215,4.8030405,611.25,40.2
2002-06-27,2002,178,30.648,26.048,26.759111,29.9855,80.044464,3.5616958,379.5,34.3
2002-06-28,2002,179,27.998,25.698,26.05911,27.423,86.90273,5.133857,182.25,28.1
2002-06-29,2002,180,31.248,26.298,27.009111,30.7355,70.51891,3.949327,352.5,33.7
2002-06-30,2002,181,33.198,26.748,27.681334,32.423,59.564163,4.930117,560.0,35.8
2002-07-01,2002,182,32.698,25.798,27.203556,32.3105,57.781178,4.9886613,543.0,35.3
2002-07-02,2002,183,32.748,26.398,27.470222,32.3855,57.823418,5.4138618,491.25,34.9
2002-07-03,2002,184,33.148003,26.398,27.342445,32.523003,56.797237,5.321675,508.5,35.1
2002-07-04,2002,185,33.498,26.548,27.409111,32.723,54.50587,6.1662903,492.5,34.9
2002-07-05,2002,186,33.898003,26.398,27.425777,33.073,52.19259,5.544275,506.25,35.4
2002-07-06,2002,187,33.198,26.598,27.592445,32.6855,53.372906,5.2476354,539.25,35.3
2002-07-07,2002,188,33.298,25.748,27.148,32.610504,51.609657,4.6704264,499.75,35.1
2002-07-08,2002,189,33.098003,25.498,27.092445,32.6605,54.052364,5.2662954,493.5,35.0
2002-07-09,2002,190,33.148003,25.598,27.292444,32.598003,52.50962,4.745895,479.25,35.0
2002-07-10,2002,191,33.598003,25.998,27.709112,33.048004,49.776367,4.5855436,553.5,36.0
2002-07-11,2002,192,33.198,26.448,27.892445,32.4855,52.329483,4.517366,481.25,34.9
2002-07-12,2002,193,35.148003,26.348,27.803555,34.085503,46.680664,4.463666,570.75,37.3
2002-07-13,2002,194,34.048,26.548,27.898,33.1855,50.86715,4.8578014,564.5,36.2
2002-07-14,2002,195,34.598003,26.348,27.886889,33.673004,49.003944,4.997622,649.0,37.2
2002-07-15,2002,196,34.698,26.448,27.870222,33.498,50.2835,4.83159,656.25,37.2
2002-07-16,2002,197,34.248,26.498,27.93689,32.985504,52.952515,5.0460763,560.0,35.9
2002-07-17,2002,198,33.748,26.348,27.792444,32.973003,51.38789,3.4982517,544.0,36.7
2002-07-18,2002,199,33.248,26.798,28.264668,32.7355,51.19238,2.012364,511.75,37.6
2002-07-19,2002,200,29.898,26.148,27.420221,29.310501,72.97629,2.9467168,275.0,32.4
2002-07-20,2002,201,29.548,25.298,26.209112,29.023,69.12256,4.5679054,257.5,29.9
2002-07-21,2002,202,32.848003,25.798,26.531334,31.973,55.90183,6.3765798,571.25,34.4
2002-07-22,2002,203,33.348003,25.848,26.959112,32.773003,50.67514,6.4323783,460.5,34.4
2002-07-23,2002,204,33.398003,26.348,27.464668,32.798,51.71157,5.660616,423.0,34.4
2002-07-24,2002,205,33.298,26.448,27.603556,32.998,50.34781,6.3099155,491.25,34.9
2002-07-25,2002,206,32.598003,26.648,27.536888,32.085503,54.045975,6.6661777,471.25,33.7
2002-07-26,2002,207,32.598003,26.148,27.181334,32.123,54.06367,6.052453,453.5,33.7
2002-07-27,2002,208,32.748,26.048,27.281334,32.1855,52.78122,4.7234473,383.0,33.7
2002-07-28,2002,209,33.598003,25.398,27.281334,32.873,49.1541,4.2929063,436.75,35.0
2002-07-29,2002,210,34.748,25.548,27.314667,33.548004,46.73114,4.485358,486.25,36.0
2002-07-30,2002,211,35.948,24.898,26.825779,33.398003,44.862526,3.1380174,574.0,37.3
2002-07-31,2002,212,34.798,25.398,27.042444,33.873,46.152855,2.674562,735.5,39.6
2002-08-01,2002,213,34.548,26.548,27.58689,34.085503,48.43535,1.6595047,521.25,39.3
2002-08-02,2002,214,30.598,26.348,27.375778,30.2605,66.92552,2.438303,307.5,33.9
2002-08-03,2002,215,29.898,26.998,27.464668,29.623001,70.8928,1.9813673,338.0,34.2
2002-08-04,2002,216,32.198,26.148,26.998,32.0355,57.295406,2.2056684,431.5,36.5
2002-08-05,2002,217,29.448,25.448,25.831333,28.960499,72.012665,1.5256939,280.5,33.4
2002-08-06,2002,218,28.748,25.148,25.536888,28.522999,73.89248,1.1397712,325.25,33.8
2002-08-07,2002,219,28.948,25.048,25.564667,28.5105,75.1351,4.3887157,310.5,30.3
2002-08-08,2002,220,30.048,25.698,26.253555,29.173,68.866196,3.7509,302.5,31.2
2002-08-09,2002,221,29.048,25.148,25.709112,28.748001,72.81573,3.0439935,318.25,31.8
2002-08-10,2002,222,28.998,24.348,25.35911,28.210499,75.34368,3.5946293,298.25,30.6
2002-08-11,2002,223,31.098,25.548,26.114666,30.185501,65.57174,5.1676817,480.5,32.5
2002-08-12,2002,224,31.348,26.048,26.442444,30.8605,62.491234,6.6035247,433.0,32.3
2002-08-13,2002,225,31.698,26.248,26.547998,31.298,62.098713,5.9010334,465.25,33.4
2002-08-14,2002,226,31.198,25.998,26.453556,30.8605,62.24808,4.9822664,471.25,33.2
2002-08-15,2002,227,30.998,25.848,26.220222,30.648,62.815544,4.092925,416.0,33.2
2002-08-16,2002,228,29.748,24.548,25.403557,29.473,63.61384,2.5034754,272.5,32.2
2002-08-17,2002,229,31.548,25.398,26.325779,30.8605,58.810684,3.6661165,521.0,34.3
2002-08-18,2002,230,30.948,24.998,26.092445,30.085499,60.697662,3.08883,351.25,32.8
2002-08-19,2002,231,30.648,24.598,26.125778,30.348,60.188156,2.6843433,319.5,33.2
2002-08-20,2002,232,31.698,24.598,26.164665,31.2605,52.9235,3.5404549,493.25,34.3
2002-08-21,2002,233,31.798,24.248,25.981333,31.310501,50.71167,3.552474,515.75,34.4
2002-08-22,2002,234,32.048,25.548,26.614666,31.6105,53.237835,2.4846606,524.75,36.1
2002-08-23,2002,235,33.148003,25.048,26.381334,32.373,53.851753,1.9723313,630.75,38.4
2002-08-24,2002,236,30.698,24.998,25.731333,30.3605,64.39007,3.84546,417.0,33.2
2002-08-25,2002,237,30.098,24.898,25.30911,29.397999,78.05841,3.665402,358.75,32.9
2002-08-26,2002,238,29.048,24.198,24.542444,28.9855,67.08894,7.2648,572.0,30.8
2002-08-27,2002,239,30.098,23.848,24.631334,29.798,67.30992,5.470401,644.0,33.1
2002-08-28,2002,240,30.398,23.348,24.725777,30.098,59.157417,2.664934,627.75,35.3
2002-08-29,2002,241,30.798,23.698,25.10911,30.5105,60.0267,3.3914194,619.75,35.0
2002-08-30,2002,242,28.898,24.448,25.375778,28.848,65.74787,3.8258076,377.25,31.0
2002-08-31,2002,243,28.648,24.198,25.103556,27.9605,74.8314,3.2979796,327.0,30.8
2002-09-01,2002,244,30.048,24.348,25.325779,29.348,73.68509,3.3135087,555.75,34.3
2002-09-02,2002,245,30.098,24.848,25.85911,29.397999,73.29376,3.3042302,426.75,33.3
2002-09-03,2002,246,27.298,24.698,25.131334,25.8855,93.437454,2.6156473,158.0,29.0
2002-09-04,2002,247,29.248,24.098,24.853556,28.1605,76.7829,3.1395717,323.5,31.4
2002-09-05,2002,248,31.298,23.848,24.886889,30.223,64.04929,2.7925296,485.75,34.6
2002-09-06,2002,249,30.548,23.248,24.470222,29.935501,61.92926,3.0663383,766.5,35.9
2002-09-07,2002,250,30.348,22.448,23.564667,29.2855,55.530228,3.3325639,617.75,33.3
2002-09-08,2002,251,30.548,21.898,22.931334,29.6105,53.63098,2.9897208,638.25,34.1
2002-09-09,2002,252,30.748,22.748,23.364666,30.0355,55.300774,2.765324,716.0,35.5
2002-09-10,2002,253,30.848,21.948,23.170221,30.223,55.716354,2.3608956,810.0,37.0
2002-09-11,2002,254,31.698,21.748,23.370222,30.948,55.84123,3.1674943,814.25,36.9
2002-09-12,2002,255,31.848,21.748,23.481333,30.948,54.929955,3.0097127,820.75,37.1
2002-09-13,2002,256,31.298,22.048,23.43689,30.198,53.409718,3.2052782,761.5,35.4
2002-09-14,2002,257,32.048,21.798,23.603556,31.073,50.52042,2.3637958,821.75,37.6
2002-09-15,2002,258,32.598003,21.748,23.614666,31.873001,49.761913,2.9585948,827.25,37.9
2002-09-16,2002,259,32.848003,22.248,24.198,31.910501,46.7026,3.385421,804.75,37.1
2002-09-17,2002,260,32.948,22.298,24.297998,32.0355,42.939064,3.8017528,717.75,36.0
2002-09-18,2002,261,32.948,22.198,24.286888,32.1605,43.559086,2.3716578,733.0,37.7
2002-09-19,2002,262,33.198,23.048,24.648,32.7355,49.387848,1.4700856,712.75,39.5
2002-09-20,2002,263,33.798,24.048,25.464668,33.4355,48.298447,1.4579735,667.0,39.8
2002-09-21,2002,264,34.598003,25.098,26.392445,34.098003,47.76058,2.686665,740.5,40.0
2002-09-22,2002,265,35.198,24.848,26.620222,34.585503,43.643585,1.968905,794.25,41.4
2002-09-23,2002,266,35.198,25.098,26.85911,34.6855,44.121338,3.0641766,774.5,40.4
2002-09-24,2002,267,35.048,23.998,26.048,34.073,45.18809,3.0564663,765.0,39.6
2002-09-25,2002,268,34.098003,24.448,26.242445,33.573,44.411163,2.5614014,644.75,38.6
2002-09-26,2002,269,34.198,24.748,26.425777,33.5355,47.791737,1.3907024,724.75,40.4
2002-09-27,2002,270,36.198,25.598,27.009111,35.660503,38.71982,1.362642,779.5,42.5
2002-09-28,2002,271,36.148003,25.798,27.703556,35.735504,36.49906,1.4426153,780.0,42.4
2002-09-29,2002,272,37.048,25.998,27.698,36.673,30.163475,1.7676276,717.25,42.4
2002-09-30,2002,273,38.148003,25.998,27.842445,37.835503,23.975933,1.6269722,746.5,43.6
2002-10-01,2002,274,38.348003,25.698,27.331333,37.985504,21.405233,1.3695422,672.0,43.1
2002-10-02,2002,275,39.148003,24.698,27.18689,38.8855,18.37878,1.8933084,786.25,44.6
2002-10-03,2002,276,38.698,23.448,25.881334,38.298004,18.299877,2.372962,804.5,43.8
2002-10-04,2002,277,38.498,21.298,24.10911,37.698,19.43449,1.4284626,812.0,43.6
2002-10-05,2002,278,38.348003,21.448,23.825779,37.835503,17.547073,1.4150691,814.75,43.6
2002-10-06,2002,279,38.598003,22.298,25.036888,38.335503,17.8146,0.9539388,799.75,44.1
2002-10-07,2002,280,39.298,22.348,26.364666,39.0605,17.020985,1.0926092,799.25,44.8
2002-10-08,2002,281,39.598003,25.948,26.903557,39.1855,18.69502,0.45835522,793.0,44.8
2002-10-09,2002,282,39.298,25.198,27.153557,38.9855,20.393713,0.8045135,726.5,44.5
2002-10-10,2002,283,38.598003,23.598,26.570223,38.373,21.690697,1.4898889,715.5,43.9
2002-10-11,2002,284,37.798,24.798,26.459112,37.523003,23.48924,1.339132,630.25,42.4
2002-10-12,2002,285,38.048,24.998,27.10911,37.723,24.708172,1.3969214,686.0,43.1
2002-10-13,2002,286,38.298,23.398,26.30911,38.048,20.278076,1.7986547,721.75,43.3
2002-10-14,2002,287,37.798,23.898,26.270224,37.473,22.593063,1.0178441,694.75,42.8
2002-10-15,2002,288,37.648003,24.698,25.775778,37.448,22.326742,2.4742007,713.0,42.4
2002-10-16,2002,289,37.548,25.248,26.131334,37.210503,20.891191,3.2521906,768.25,42.0
2002-10-17,2002,290,37.198,22.948,25.214668,36.698,23.639137,1.7053497,736.25,42.2
2002-10-18,2002,291,37.598003,22.348,24.60911,37.210503,21.57722,2.429605,721.75,42.2
2002-10-19,2002,292,36.748,23.298,25.30911,36.0355,25.569565,2.4794946,753.0,41.2
2002-10-20,2002,293,36.448,22.198,25.120222,35.5605,24.599766,2.782918,764.75,40.5
2002-10-21,2002,294,35.948,23.748,25.525778,35.148003,25.308361,1.989223,757.25,40.5
2002-10-22,2002,295,36.348003,22.448,24.542444,35.898003,24.36296,1.8952836,712.75,41.0
2002-10-23,2002,296,36.498,21.248,23.592445,36.1605,16.615978,1.9848733,757.75,41.1
2002-10-24,2002,297,36.298,21.048,23.231333,35.998,13.748055,2.1164281,764.0,40.7
2002-10-25,2002,298,36.598003,21.748,23.398,36.335503,14.387325,2.6477313,756.0,40.8
2002-10-26,2002,299,36.198,21.048,22.598,35.835503,15.110108,2.1840343,752.5,40.5
2002-10-27,2002,300,36.248,19.398,21.814667,35.898003,13.33377,1.2531483,751.75,40.6
2002-10-28,2002,301,35.948,18.298,21.386889,35.710503,13.670322,0.94930285,748.5,40.4
2002-10-29,2002,302,35.798,19.448,22.453556,35.6105,15.241096,1.1020807,737.25,40.4
2002-10-30,2002,303,35.698,19.848,23.259111,35.423,17.410568,1.1835519,729.0,40.3
2002-10-31,2002,304,35.548,19.698,23.209112,35.248,17.523851,0.47884578,726.0,40.0
2002-11-01,2002,305,35.798,20.698,23.248,35.460503,17.22211,0.88365066,720.75,40.3
2002-11-02,2002,306,36.098003,19.898,22.853556,35.735504,13.358894,1.3075194,729.25,40.3
2002-11-03,2002,307,35.748,19.548,22.159111,35.2605,15.714808,0.6105894,724.25,39.8
2002-11-04,2002,308,35.348003,20.198,22.120222,34.973003,17.209517,0.8715985,717.75,39.7
2002-11-05,2002,309,34.748,19.198,22.014668,34.398003,18.66821,0.24531399,712.75,39.1
2002-11-06,2002,310,34.398003,19.398,21.998,33.7605,22.170746,1.4791756,624.75,38.0
2002-11-07,2002,311,33.298,20.298,22.136889,33.048,25.154387,2.070574,642.0,37.2
2002-11-08,2002,312,33.398003,20.348,22.148,33.1855,24.686092,1.8812747,635.5,37.5
2002-11-09,2002,313,33.498,20.898,22.459112,33.173,24.072382,2.0204394,606.0,37.1
2002-11-10,2002,314,33.248,21.648,23.275778,32.9355,23.591242,2.3974533,625.5,36.7
2002-11-11,2002,315,30.748,21.198,22.709112,30.373001,29.558157,3.988295,545.25,31.9
2002-11-12,2002,316,30.898,19.548,21.092445,30.5855,32.482372,2.3926232,681.5,35.0
2002-11-13,2002,317,31.598,19.548,21.225777,31.2605,29.48742,1.618746,648.75,35.9
2002-11-14,2002,318,32.048,19.398,21.198,31.7605,27.025238,1.2726097,683.25,36.8
2002-11-15,2002,319,32.248,17.948,20.192444,31.885502,24.32256,1.1123405,688.75,36.9
2002-11-16,2002,320,32.898003,17.698,19.864666,32.573,21.832253,2.3141274,691.0,36.8
2002-11-17,2002,321,33.348003,18.348,20.05911,33.048004,17.591038,3.0030887,692.25,36.6
2002-11-18,2002,322,33.498,17.448,19.298,33.1105,16.90176,2.1058514,685.75,37.2
2002-11-19,2002,323,33.398003,17.548,19.564667,33.035503,18.064539,1.1803169,678.0,37.5
2002-11-20,2002,324,33.148003,17.548,19.298,32.873,17.70895,1.5138144,680.0,37.3
2002-11-21,2002,325,33.048,17.598,19.464668,32.698,19.104067,1.5532739,676.5,37.1
2002-11-22,2002,326,32.998,17.948,19.942444,32.648003,19.173267,1.5311551,675.0,37.1
2002-11-23,2002,327,32.798,18.348,20.231333,32.423,22.571548,1.0791868,658.5,37.1
2002-11-24,2002,328,32.748,20.248,21.909111,32.360504,25.69391,1.6129895,638.25,36.8
2002-11-25,2002,329,32.648003,19.648,21.675777,32.323,19.993057,2.6067243,657.5,35.9
2002-11-26,2002,330,32.498,18.098,20.281334,31.973,22.052727,1.199061,668.5,36.6
2002-11-27,2002,331,32.148003,17.398,19.314667,31.798,14.85331,2.3265228,675.0,35.5
2002-11-28,2002,332,31.098,15.098,17.30911,30.835499,16.751469,2.0533369,623.0,34.4
2002-11-29,2002,333,30.798,15.248,17.503555,30.5105,16.33599,2.741873,614.5,33.4
2002-11-30,2002,334,30.548,15.798,17.986889,30.060501,24.043924,2.20831,666.0,34.1
2002-12-01,2002,335,30.998,16.448,17.964668,30.560501,22.35047,2.4658694,662.75,34.3
2002-12-02,2002,336,31.048,17.398,18.370222,30.548,20.269333,3.1127927,665.25,33.6
2002-12-03,2002,337,31.098,16.498,18.159111,30.573,21.805223,1.6853671,658.0,34.9
2002-12-04,2002,338,30.348,15.698,17.820223,30.048,16.12756,1.4531807,665.25,34.3
2002-12-05,2002,339,30.198,14.798,17.203556,29.7855,18.415033,1.1164927,659.75,34.3
2002-12-06,2002,340,31.248,15.298,17.498,30.835499,16.9553,2.0248148,651.5,34.6
2002-12-07,2002,341,31.798,16.948,18.820223,31.2855,33.065315,1.0766665,626.5,36.3
2002-12-08,2002,342,32.298,17.998,20.164665,31.823,29.52776,1.1479292,634.5,36.7
2002-12-09,2002,343,31.598,17.948,20.003555,31.148,25.703901,1.499319,640.5,35.6
2002-12-10,2002,344,30.848,16.498,18.414665,30.423,24.82643,2.3134098,643.75,34.2
2002-12-11,2002,345,29.798,14.698,16.870222,29.473,19.476065,2.1859527,656.0,33.3
2002-12-12,2002,346,29.898,13.698,16.18689,29.3855,18.617968,1.3384988,650.25,33.8
2002-12-13,2002,347,31.698,14.648,16.720222,31.148,21.15173,1.9138997,644.25,35.2
2002-12-14,2002,348,32.898003,17.248,18.625778,32.248,23.465248,1.6374868,641.0,36.6
2002-12-15,2002,349,33.148003,17.648,19.381334,32.573,24.316505,1.7400324,630.75,36.8
2002-12-16,2002,350,33.648003,17.798,19.903557,33.1355,23.156048,1.0466162,642.25,37.7
2002-12-17,2002,351,32.948,16.698,19.542444,32.548,25.343779,0.8579455,640.25,37.3
2002-12-18,2002,352,32.248,16.498,18.986889,31.760502,26.11987,1.9731281,641.0,36.0
2002-12-19,2002,353,30.798,15.848,18.636889,30.0355,32.079865,2.062242,634.75,34.3
2002-12-20,2002,354,30.898,16.648,19.509111,30.2605,34.822315,2.3911376,631.0,34.3
2002-12-21,2002,355,30.098,16.048,18.181334,29.6855,30.308647,1.6915996,641.75,34.3
2002-12-22,2002,356,29.648,14.848,17.181334,29.298,25.652864,0.666164,654.0,34.3
2002-12-23,2002,357,29.698,14.848,17.136889,29.2605,23.955818,1.8822544,652.25,33.5
2002-12-24,2002,358,27.448,15.198,17.281334,27.1105,45.588074,3.3366818,559.0,29.7
2002-12-25,2002,359,27.798,15.798,18.05911,27.423,29.53452,1.5199394,646.0,32.2
2002-12-26,2002,360,27.448,14.198,16.375776,27.023,26.24859,3.1914644,648.75,29.9
2002-12-27,2002,361,28.098,14.798,16.781334,27.4355,27.737782,1.9572542,644.75,31.7
2002-12-28,2002,362,27.848,15.048,16.975777,27.4105,24.749052,1.3967954,655.25,32.2
2002-12-29,2002,363,27.498,13.998,16.370222,27.0855,24.442886,2.3544488,659.0,31.0
2002-12-30,2002,364,27.198,14.898,16.720222,26.823,28.091883,2.7370045,553.5,29.4
2002-12-31,2002,365,24.148,14.698,16.35911,23.823,31.69215,5.2604094,666.25,24.2
2003-01-01,2003,1,23.198,11.898,13.681333,22.5105,29.248734,4.242031,679.75,24.1
2003-01-02,2003,2,24.548,13.048,14.664666,23.798,31.661942,2.6930575,664.25,27.6
2003-01-03,2003,3,26.048,16.298,16.848,24.9605,33.025433,3.1338835,573.25,27.3
2003-01-04,2003,4,27.098,16.098,17.381332,26.173,35.444954,3.7594454,657.75,28.6
2003-01-05,2003,5,28.648,15.548,17.231333,27.773,34.360992,2.2269077,659.5,32.2
2003-01-06,2003,6,29.498,16.748,18.353554,28.7355,32.103035,2.3720493,658.5,32.9
2003-01-07,2003,7,28.998,16.698,18.314667,28.323,29.501614,1.852324,672.0,33.0
2003-01-08,2003,8,28.848,16.448,17.531334,28.1105,28.494457,3.2417753,677.0,31.2
2003-01-09,2003,9,29.598,17.448,18.798,28.7355,30.456348,2.099621,668.25,33.2
2003-01-10,2003,10,29.648,18.598,19.481333,28.810501,31.571724,3.3320436,669.0,31.9
2003-01-11,2003,11,29.998,18.298,19.648,29.022999,30.603767,2.7091544,673.5,32.8
2003-01-12,2003,12,30.398,18.098,19.292444,29.948,28.813044,2.6007879,674.75,33.9
2003-01-13,2003,13,29.698,17.198,18.536888,29.123,25.533298,2.8005767,694.75,32.8
2003-01-14,2003,14,29.048,16.848,17.942444,28.272999,26.161026,3.2110224,699.75,31.6
2003-01-15,2003,15,29.748,16.398,17.83689,28.948,18.97816,2.3286316,709.25,33.1
2003-01-16,2003,16,29.248,15.348,17.042444,28.435501,16.361645,2.1577232,719.75,32.8
2003-01-17,2003,17,28.648,14.498,15.920222,27.873001,14.472056,3.0592084,728.5,31.3
2003-01-18,2003,18,29.048,14.048,15.348001,28.198,15.763306,3.0214195,726.5,31.7
2003-01-19,2003,19,29.148,14.048,16.070223,28.373001,18.118393,1.3004905,713.5,33.4
2003-01-20,2003,20,30.448,16.998,18.353556,29.835499,17.97264,2.8219748,690.5,33.3
2003-01-21,2003,21,31.448,16.748,18.848,30.6355,23.935589,2.009736,696.0,35.1
2003-01-22,2003,22,30.748,16.948,19.003555,30.2355,20.403557,2.3938575,717.75,34.4
2003-01-23,2003,23,30.048,14.848,17.386889,29.223,18.152826,2.6128712,723.5,33.2
2003-01-24,2003,24,29.948,15.148,17.403557,29.248001,22.526583,2.451479,724.0,33.5
2003-01-25,2003,25,30.398,14.098,16.781334,29.648,25.105663,0.75736785,713.0,35.0
2003-01-26,2003,26,32.648003,16.898,18.709112,31.873001,20.319538,2.5769932,716.5,35.9
2003-01-27,2003,27,32.948,18.948,20.664665,32.223,26.328224,1.6123813,701.0,37.2
2003-01-28,2003,28,29.748,18.148,19.653557,29.2855,26.483368,3.8339334,723.5,32.2
2003-01-29,2003,29,28.448,15.648,17.931334,27.7855,27.043465,1.6797522,734.75,33.1
2003-01-30,2003,30,29.198,15.598,18.353556,28.435501,25.601372,1.9981995,735.0,33.3
2003-01-31,2003,31,30.148,17.598,18.55911,29.073,46.21536,3.7618992,695.0,32.6
2003-02-01,2003,32,27.448,17.298,18.803555,26.723,33.59691,1.8691101,721.25,32.0
2003-02-02,2003,33,28.498,16.648,17.720222,27.823,30.480007,3.396938,739.25,31.3
2003-02-03,2003,34,26.248,18.198,19.114666,24.948,51.327755,4.5658913,597.5,26.4
2003-02-04,2003,35,27.698,16.098,17.486889,26.973,42.99512,3.091788,700.0,31.0
2003-02-05,2003,36,28.848,15.948,17.425777,28.0105,36.484253,3.1368217,754.25,32.2
2003-02-06,2003,37,30.748,16.648,18.420221,29.710499,38.952827,0.83573884,752.25,36.2
2003-02-07,2003,38,30.598,16.148,18.448,29.9855,17.530884,2.549999,780.25,34.4
2003-02-08,2003,39,30.048,13.348,16.83689,29.323,20.978533,0.78857297,768.5,35.0
2003-02-09,2003,40,30.248,16.648,18.536888,29.7355,22.48435,2.277433,771.0,34.5
2003-02-10,2003,41,30.548,17.298,19.031334,29.873,27.655048,1.7850156,770.0,35.3
2003-02-11,2003,42,30.898,18.148,19.648,30.273,27.777605,3.3776844,770.75,34.2
2003-02-12,2003,43,30.948,18.548,19.392445,30.248,24.355217,3.561016,778.5,33.9
2003-02-13,2003,44,31.098,16.798,18.159111,30.460499,14.03325,2.543844,795.75,34.9
2003-02-14,2003,45,31.948,15.848,18.014668,31.198,15.126659,2.9361792,800.25,35.4
2003-02-15,2003,46,32.898003,16.398,18.759111,32.273003,15.869052,1.8630044,796.0,37.3
2003-02-16,2003,47,32.848003,16.348,19.136889,32.023003,19.76505,1.112048,793.75,37.5
2003-02-17,2003,48,30.748,17.748,20.692444,29.6355,24.899773,3.46938,719.5,32.9
2003-02-18,2003,49,27.648,19.648,21.325779,26.2605,65.90903,6.5948195,553.5,26.9
2003-02-19,2003,50,26.748,19.398,20.414665,26.1105,34.47683,3.3035917,797.75,30.3
2003-02-20,2003,51,27.298,14.148,16.759111,26.648,38.003883,1.255487,799.5,33.4
2003-02-21,2003,52,28.498,15.098,17.142445,27.798,30.85631,2.210922,803.25,33.3
2003-02-22,2003,53,30.148,15.748,17.853556,29.423,27.494766,1.590327,802.25,35.3
2003-02-23,2003,54,31.398,15.948,18.670221,30.6105,26.32789,1.5335932,806.75,36.5
2003-02-24,2003,55,32.198,18.198,19.853554,31.523,31.382296,1.5583731,809.25,37.6
2003-02-25,2003,56,33.148003,18.098,21.181334,32.460503,29.164013,2.1630068,806.75,38.0
2003-02-26,2003,57,33.398003,20.648,22.192444,32.7605,31.02614,2.199207,807.0,38.4
2003-02-27,2003,58,34.548,20.448,22.364666,33.4355,26.631699,2.6221545,818.75,38.7
2003-02-28,2003,59,34.948,20.398,22.631334,34.2355,22.462795,2.7220864,823.5,39.3
2003-03-01,2003,60,35.098003,20.448,22.825777,34.123,23.849585,2.805634,827.75,39.2
2003-03-02,2003,61,33.648003,20.848,22.742445,32.710503,22.724466,3.7522743,823.0,36.8
2003-03-03,2003,62,29.248,17.398,20.286888,28.873,12.883245,5.8510866,880.5,31.3
2003-03-04,2003,63,27.848,12.398,14.675777,26.7605,8.279699,3.9061007,906.75,30.8
2003-03-05,2003,64,29.448,13.748,15.203556,28.335499,9.064351,3.4455328,889.5,32.7
2003-03-06,2003,65,32.148003,13.598,15.703556,31.398,8.697353,2.5113826,888.0,36.3
2003-03-07,2003,66,33.448,15.348,17.920221,32.873,10.149198,2.837025,889.75,37.6
2003-03-08,2003,67,34.448,17.398,19.30911,33.598,9.866117,1.6494055,892.25,38.9
2003-03-09,2003,68,35.198,15.848,19.398,34.523003,10.010625,1.9984528,881.25,39.7
2003-03-10,2003,69,35.048,18.798,21.081333,34.1855,21.393902,2.8703756,870.0,39.5
2003-03-11,2003,70,34.598003,17.298,20.736889,33.785503,13.413422,1.4889305,877.75,39.4
2003-03-12,2003,71,34.048,18.898,21.314667,33.4355,10.190502,2.5206525,900.5,38.5
2003-03-13,2003,72,34.398003,18.648,20.709112,33.748,10.990946,2.206614,896.25,39.0
2003-03-14,2003,73,36.048,18.898,21.253555,35.423004,11.593537,2.227431,887.25,40.7
2003-03-15,2003,74,35.948,19.098,22.175777,35.398003,11.696962,2.9971547,853.0,40.0
2003-03-16,2003,75,35.048,19.798,22.10911,34.235504,19.545725,2.735524,881.5,39.6
2003-03-17,2003,76,34.648003,21.898,23.275778,33.948,26.98478,1.2885375,848.25,40.4
2003-03-18,2003,77,34.848003,20.998,23.33689,33.8105,26.555458,2.347586,877.0,39.7
2003-03-19,2003,78,35.048,19.698,22.33689,34.398003,18.093134,1.7519908,894.0,40.4
2003-03-20,2003,79,36.448,20.048,22.803555,35.9355,14.11342,0.5478505,903.75,41.6
2003-03-21,2003,80,37.498,19.798,22.703556,36.848,12.836267,1.773919,910.5,42.7
2003-03-22,2003,81,38.248,21.148,24.470222,37.5105,12.834264,1.1239873,911.25,43.4
2003-03-23,2003,82,37.348003,21.848,23.853556,36.6855,17.464056,2.3327022,896.75,42.6
2003-03-24,2003,83,38.398003,21.548,24.803555,37.848,15.999028,2.7036037,898.25,43.6
2003-03-25,2003,84,39.348003,23.498,26.214668,38.960503,14.001614,2.8741143,897.0,44.7
2003-03-26,2003,85,39.548,23.848,27.120222,38.998,12.654395,2.2558265,907.75,44.9
2003-03-27,2003,86,39.048,23.898,26.681334,38.448,13.425099,1.546984,908.5,44.5
2003-03-28,2003,87,38.398003,24.298,26.125778,37.7605,12.211195,3.5668328,906.0,42.8
2003-03-29,2003,88,35.998,21.148,24.803555,34.748,26.48714,2.9344656,904.25,40.5
2003-03-30,2003,89,36.598003,23.148,25.470222,35.785503,19.88371,4.4280486,914.25,40.6
2003-03-31,2003,90,39.098003,24.048,25.553555,38.523003,13.876261,3.2645369,916.5,44.1
2003-04-01,2003,91,38.798,24.798,26.953556,38.160503,17.248337,2.0816922,913.0,44.5
2003-04-02,2003,92,39.898003,22.748,25.759111,39.198,16.673273,2.426468,909.5,45.5
2003-04-03,2003,93,38.648003,24.398,26.68689,38.048004,20.40718,3.6515532,875.0,43.5
2003-04-04,2003,94,37.998,24.648,26.242445,37.048,22.821884,4.2246275,891.75,42.2
2003-04-05,2003,95,36.698,23.798,25.498,35.948,27.964582,2.2092614,864.5,42.2
2003-04-06,2003,96,38.548,23.198,25.80911,37.748,21.077305,1.6305054,903.75,44.4
2003-04-07,2003,97,40.748,23.498,25.825777,40.4355,12.387673,2.079139,907.0,46.5
2003-04-08,2003,98,40.448,22.998,26.909111,39.9355,15.94449,2.7657783,883.25,45.9
2003-04-09,2003,99,40.298,24.998,27.692444,39.585503,15.407614,1.392318,898.75,45.9
2003-04-10,2003,100,40.848003,25.748,27.920221,40.573,12.678549,0.8980739,831.5,46.1
2003-04-11,2003,101,40.398003,26.248,28.35911,39.8105,15.577752,3.736548,848.75,45.1
2003-04-12,2003,102,38.998,25.798,28.248,38.1105,15.612635,3.7365777,913.75,43.5
2003-04-13,2003,103,37.648003,23.198,26.120222,37.085503,13.620302,3.8797798,937.75,42.2
2003-04-14,2003,104,36.898003,22.148,25.30911,35.835503,23.828226,3.1799548,929.0,41.7
2003-04-15,2003,105,38.248,23.998,26.642445,37.0605,26.658817,3.602232,917.5,42.9
2003-04-16,2003,106,37.148003,24.248,27.009111,36.110504,29.765388,3.4702234,907.25,41.9
2003-04-17,2003,107,38.998,25.648,28.153557,38.335503,26.277306,1.9887085,817.75,44.7
2003-04-18,2003,108,39.348003,26.948,28.748,38.898003,24.190655,3.456893,861.0,44.7
2003-04-19,2003,109,37.898003,25.098,27.386889,37.085503,14.083375,5.7466974,950.75,41.9
2003-04-20,2003,110,36.848003,22.148,25.231333,35.798004,24.976383,1.6619792,929.75,42.7
2003-04-21,2003,111,39.348003,23.948,26.764668,38.710503,20.250319,0.9436983,921.75,45.6
2003-04-22,2003,112,41.348003,23.798,27.398,40.8105,10.302223,1.2498932,947.0,46.9
2003-04-23,2003,113,42.248,23.148,27.536888,41.773003,8.271489,2.4424467,951.5,47.7
2003-04-24,2003,114,40.098003,25.098,27.80911,39.248,9.98201,3.7555137,957.0,44.6
2003-04-25,2003,115,40.198,23.048,26.264668,38.873,17.748331,3.459725,938.0,44.9
2003-04-26,2003,116,40.948,24.548,26.975777,40.085503,16.953053,3.3698883,930.25,46.3
2003-04-27,2003,117,40.548,23.698,26.820223,39.398003,18.506998,2.4943826,938.5,46.0
2003-04-28,2003,118,41.748,24.598,27.80911,40.998,13.695934,1.7993724,945.0,47.6
2003-04-29,2003,119,42.048,25.348,27.725777,41.373,11.646896,1.9923291,948.75,47.8
2003-04-30,2003,120,42.698,26.098,28.598,41.723003,13.721754,2.3829737,941.75,48.3
2003-05-01,2003,121,41.998,26.048,28.392445,41.073,13.261861,3.3823543,943.25,47.2
2003-05-02,2003,122,41.148003,23.248,26.548,39.248,17.660355,4.551745,952.75,45.0
2003-05-03,2003,123,39.348003,24.148,26.303555,38.198,19.039867,4.728711,943.25,43.6
2003-05-04,2003,124,37.798,21.898,24.920221,36.998,16.175892,2.620675,957.75,43.1
2003-05-05,2003,125,37.698,23.098,25.353556,36.735504,17.47489,2.918802,949.5,42.7
2003-05-06,2003,126,39.398003,23.698,25.581333,38.148003,18.305637,3.6208217,940.5,44.0
2003-05-07,2003,127,38.398003,23.598,26.136889,37.1855,25.631523,2.6329565,927.75,43.7
2003-05-08,2003,128,39.748,24.398,27.070223,38.910503,18.492878,2.7857919,919.5,45.2
2003-05-09,2003,129,41.398003,25.398,28.181334,40.585503,16.398634,2.3901591,909.5,47.1
2003-05-10,2003,130,43.398003,26.798,29.786888,42.848,10.958284,2.3509676,941.0,49.3
2003-05-11,2003,131,43.648003,28.848,30.775778,43.2605,10.396755,3.520583,944.25,49.4
2003-05-12,2003,132,43.198,27.348,29.903555,42.323,10.861507,4.0545244,955.75,48.4
2003-05-13,2003,133,41.848003,25.598,28.731333,40.8105,20.691551,3.2430768,930.5,47.5
2003-05-14,2003,134,43.798,27.848,30.23689,42.6105,14.142987,4.2682934,940.25,48.9
2003-05-15,2003,135,43.248,27.348,29.692444,42.223003,16.423672,4.157275,936.5,48.6
2003-05-16,2003,136,43.448,26.998,29.959114,42.223,15.307038,4.8118954,939.75,48.5
2003-05-17,2003,137,42.448,25.998,28.825779,40.773003,20.321308,4.3906918,930.0,47.0
2003-05-18,2003,138,40.648003,26.198,28.098,38.785503,28.733011,4.9574547,912.0,44.5
2003-05-19,2003,139,41.198,26.898,28.553555,39.223,28.24131,5.4509377,911.25,45.0
2003-05-20,2003,140,41.248,26.548,28.181334,39.3605,27.1719,5.291978,912.5,45.1
2003-05-21,2003,141,40.998,26.248,27.992443,39.373,26.954227,5.4428134,916.5,45.2
2003-05-22,2003,142,40.348003,26.448,28.131334,38.798004,29.35951,5.2140913,902.5,44.4
2003-05-23,2003,143,40.348003,27.848,29.431332,38.598003,30.999123,4.7570424,891.5,44.3
2003-05-24,2003,144,40.598003,26.698,28.620222,39.0355,27.194958,3.989611,912.75,45.1
2003-05-25,2003,145,40.048,25.948,28.625776,38.848003,24.870195,3.8951168,905.25,44.8
2003-05-26,2003,146,39.698,26.298,29.003557,38.4355,26.21655,3.9886417,863.75,44.0
2003-05-27,2003,147,40.198,26.348,28.625776,38.473003,31.007061,4.6734385,878.0,44.0
2003-05-28,2003,148,40.148003,25.298,27.675777,38.373,26.200754,3.6199496,915.25,44.5
2003-05-29,2003,149,40.948,27.048,29.225779,39.648003,27.11894,3.5367289,900.0,46.0
2003-05-30,2003,150,41.598003,26.998,29.670223,40.373,21.411129,3.762595,908.0,46.6
2003-05-31,2003,151,41.798,25.948,28.953556,40.473,18.586254,4.3651533,923.0,46.5
2003-06-01,2003,152,41.298,26.048,28.68689,39.473,27.04414,4.0227637,907.0,45.6
2003-06-02,2003,153,41.898003,26.948,29.131334,40.248,27.028568,3.5916438,902.75,46.8
2003-06-03,2003,154,41.948,26.748,29.12578,40.148003,25.178507,4.2104716,890.25,46.2
2003-06-04,2003,155,41.548,26.798,29.025778,40.048004,26.336842,4.8964486,903.25,46.0
2003-06-05,2003,156,41.048,27.348,29.803555,39.335503,30.680561,5.6289797,891.75,45.1
2003-06-06,2003,157,41.048,28.048,30.148,39.4355,30.683971,6.2610493,891.25,45.2
2003-06-07,2003,158,41.398003,28.998,30.453556,39.835503,30.310745,5.903083,891.25,45.7
2003-06-08,2003,159,41.648003,28.598,30.220222,40.098003,29.270226,5.8114953,883.0,46.0
2003-06-09,2003,160,40.898003,28.648,30.381334,39.323,31.888397,4.748851,861.25,45.1
2003-06-10,2003,161,40.648003,27.998,29.964668,39.0605,31.1513,4.6419106,882.75,44.9
2003-06-11,2003,162,40.448,28.198,29.864668,38.960503,31.820347,5.1325655,865.75,44.5
2003-06-12,2003,163,40.948,28.598,30.031334,39.6605,32.108902,5.139992,839.25,45.3
2003-06-13,2003,164,39.948,28.548,29.892443,38.6605,33.208324,4.0333276,849.75,44.5
2003-06-14,2003,165,39.748,29.148,30.197998,39.0105,31.48522,4.4342813,871.0,44.8
2003-06-15,2003,166,38.798,29.698,30.425777,38.173004,37.758278,2.8192008,766.25,44.4
2003-06-16,2003,167,36.548,28.698,29.764666,35.873,49.29038,2.1631706,640.25,42.1
2003-06-17,2003,168,28.898,25.498,26.003555,28.173,83.459656,3.2812836,247.75,31.2
2003-06-18,2003,169,26.648,25.148,25.636889,26.4105,92.58652,2.9462698,150.25,29.2
2003-06-19,2003,170,31.348,25.298,25.698,30.6355,65.99064,6.2704806,563.75,33.3
2003-06-20,2003,171,32.398003,25.998,26.35911,31.185501,72.5414,4.8410745,514.25,35.1
2003-06-21,2003,172,32.648003,25.348,26.209112,32.2855,66.37044,2.4492698,464.75,37.7
2003-06-22,2003,173,33.898003,26.898,28.103556,33.1855,58.64128,3.2166774,543.0,37.9
2003-06-23,2003,174,34.098003,26.948,28.248,32.960503,56.298233,3.5914931,627.0,37.7
2003-06-24,2003,175,33.598003,27.098,28.225777,32.998,53.777992,3.0125709,541.5,37.4
2003-06-25,2003,176,33.648003,27.198,28.375778,33.073,55.943333,3.5965426,652.0,38.0
2003-06-26,2003,177,32.398003,26.698,28.10911,32.023003,64.75387,4.5262785,655.5,36.6
2003-06-27,2003,178,32.748,26.898,27.898,32.5105,63.455997,4.545127,657.75,37.2
2003-06-28,2003,179,32.248,25.798,27.509111,31.810501,66.91866,4.7513027,602.0,36.0
2003-06-29,2003,180,33.948,26.798,27.803555,33.598003,54.2783,5.271134,600.5,37.1
2003-06-30,2003,181,34.698,27.298,28.648,34.0355,51.600418,5.2679863,556.75,37.1
2003-07-01,2003,182,33.348003,26.798,28.248,32.823,56.173073,2.389234,511.0,37.8
2003-07-02,2003,183,33.098003,27.098,27.781334,32.023003,68.94954,2.163335,582.25,38.8
2003-07-03,2003,184,32.498,26.398,26.909111,31.998001,70.5193,1.9258205,617.0,39.5
2003-07-04,2003,185,32.848003,26.648,27.220222,32.373,67.51454,2.8266108,680.5,39.1
2003-07-05,2003,186,31.648,25.848,26.370222,31.2855,73.30327,3.1195066,525.75,36.9
2003-07-06,2003,187,32.448,25.298,25.748,31.835503,67.35673,3.3806417,726.0,38.1
2003-07-07,2003,188,31.248,25.748,26.181334,30.373,72.69236,3.2111056,546.5,35.6
2003-07-08,2003,189,31.398,25.198,25.58689,30.198,73.57,3.6512375,525.0,34.8
2003-07-09,2003,190,31.698,25.598,25.998,31.173,67.20028,4.8637037,537.25,34.6
2003-07-10,2003,191,32.748,25.998,26.58689,32.198,61.458256,4.2242985,660.5,36.8
2003-07-11,2003,192,31.348,25.998,26.581333,30.5105,70.55722,3.6558356,374.5,33.8
2003-07-12,2003,193,32.148003,26.048,26.68689,31.073002,70.73475,3.7759795,573.75,36.0
2003-07-13,2003,194,31.348,25.998,26.542444,30.423,76.35353,4.2887077,596.0,35.3
2003-07-14,2003,195,32.098003,26.298,26.709112,30.723,72.52982,3.019063,489.25,35.8
2003-07-15,2003,196,31.548,26.148,26.33689,30.585499,75.50251,2.2330627,530.5,37.2
2003-07-16,2003,197,26.798,25.348,25.83689,26.123001,95.22905,2.032867,47.25,29.3
2003-07-17,2003,198,30.748,25.598,25.864666,29.698,76.2861,3.0275402,431.0,34.4
2003-07-18,2003,199,30.948,25.648,26.142445,30.298,72.68564,2.5813181,474.25,35.7
2003-07-19,2003,200,30.998,25.648,26.364666,30.623001,70.52046,2.417325,330.25,34.9
2003-07-20,2003,201,32.148003,25.948,26.909111,31.748001,66.29689,3.7528439,624.75,36.8
2003-07-21,2003,202,31.748,26.198,26.831335,31.0355,68.86165,3.89856,491.5,35.0
2003-07-22,2003,203,31.598,25.598,26.653557,31.148,65.942024,3.7808867,503.75,35.1
2003-07-23,2003,204,30.798,25.498,25.720222,30.048,74.365135,3.823908,363.75,33.3
2003-07-24,2003,205,26.898,25.348,25.648,26.523,93.352776,3.8636012,127.0,28.1
2003-07-25,2003,206,28.848,25.148,25.470222,28.397999,82.0489,4.6688104,273.25,30.2
2003-07-26,2003,207,30.448,25.998,26.18689,29.6355,75.34281,4.561253,522.0,33.4
2003-07-27,2003,208,30.148,25.498,26.014668,28.9855,82.85969,2.623951,429.5,34.6
2003-07-28,2003,209,28.548,24.848,25.43689,27.448,84.85303,6.4595556,363.0,28.6
2003-07-29,2003,210,31.048,25.448,26.020224,30.698,75.044685,5.171994,608.0,35.1
2003-07-30,2003,211,31.698,24.998,26.103556,31.1105,63.574234,5.581103,669.0,34.7
2003-07-31,2003,212,30.998,24.648,25.803555,30.598,61.88069,5.3196588,498.5,32.8
2003-08-01,2003,213,30.498,25.098,25.792444,30.223,68.158485,3.5061493,513.5,34.4
2003-08-02,2003,214,30.548,24.998,25.770224,30.298,68.78977,3.4198468,574.75,35.1
2003-08-03,2003,215,28.348,24.948,25.286888,27.748,80.453804,3.545038,245.5,30.0
2003-08-04,2003,216,29.098,24.548,24.909111,28.3605,78.19484,3.3904486,354.25,31.7
2003-08-05,2003,217,28.548,24.548,25.009111,26.948,85.51741,1.0215185,180.25,31.7
2003-08-06,2003,218,30.598,24.498,25.248,29.522999,78.76328,1.713624,485.75,36.4
2003-08-07,2003,219,31.748,24.948,25.553555,31.2605,68.303154,2.062139,600.75,38.0
2003-08-08,2003,220,31.748,25.748,26.003555,31.147999,71.41574,2.370636,599.75,37.8
2003-08-09,2003,221,31.398,25.348,25.909111,30.048,74.50527,2.3580441,404.25,35.2
2003-08-10,2003,222,30.998,25.348,26.242443,30.7355,65.342636,4.096862,563.25,34.6
2003-08-11,2003,223,31.048,25.398,26.159111,30.023,72.52369,3.5335693,584.5,35.0
2003-08-12,2003,224,30.848,25.348,26.020222,30.147999,72.06137,3.7130756,575.75,34.9
2003-08-13,2003,225,31.048,25.498,26.170221,30.748001,64.374084,3.2046013,670.5,36.2
2003-08-14,2003,226,31.048,25.648,26.675777,30.7105,60.745186,4.3104534,615.75,34.4
2003-08-15,2003,227,30.798,24.498,26.031334,30.573,64.14059,3.654146,545.25,34.6
2003-08-16,2003,228,29.448,24.698,25.720222,29.0605,69.77488,3.4255188,336.75,31.7
2003-08-17,2003,229,30.848,24.898,26.075779,30.473,63.983643,4.2670503,528.5,33.8
2003-08-18,2003,230,30.848,24.698,25.864666,30.522999,63.65983,4.7288046,520.0,33.4
2003-08-19,2003,231,30.998,25.848,26.325779,30.798,64.519966,5.3516765,520.25,33.5
2003-08-20,2003,232,30.698,24.898,25.814667,30.373,66.259346,4.039973,443.5,33.4
2003-08-21,2003,233,31.448,24.548,26.114666,30.848,62.573486,2.5214388,522.5,35.9
2003-08-22,2003,234,30.748,26.298,27.025778,30.5355,69.56638,1.6780316,609.75,37.7
2003-08-23,2003,235,31.598,25.798,26.453556,30.810501,68.64525,4.427557,449.5,33.9
2003-08-24,2003,236,26.148,24.998,25.236889,26.073,92.426956,4.9653845,124.5,26.1
2003-08-25,2003,237,26.148,24.098,24.60911,26.0105,86.651794,4.61009,174.75,26.3
2003-08-26,2003,238,27.298,24.698,25.125778,26.723,85.903496,3.339292,170.5,28.6
2003-08-27,2003,239,28.198,24.298,24.948,27.823,79.62802,3.2722511,293.5,30.7
2003-08-28,2003,240,29.698,24.498,25.036888,29.3855,71.3631,3.4944124,475.0,33.3
2003-08-29,2003,241,29.748,24.198,25.070223,29.397999,72.32783,2.4953625,496.25,34.7
2003-08-30,2003,242,26.648,24.698,25.003555,26.435501,88.599915,2.6095665,201.0,29.7
2003-08-31,2003,243,28.948,24.148,24.670221,28.648,72.1679,3.8858354,418.5,31.5
2003-09-01,2003,244,29.298,24.498,25.198,29.0355,70.02737,4.50705,480.0,31.8
2003-09-02,2003,245,29.348,24.498,25.298,29.173,75.9603,3.450345,493.25,33.6
2003-09-03,2003,246,29.998,24.198,25.281334,29.8105,67.66676,3.4850655,542.5,34.1
2003-09-04,2003,247,29.998,24.048,25.303555,29.7855,67.60943,3.3589022,590.25,34.5
2003-09-05,2003,248,30.398,23.898,25.448,30.0355,61.32679,3.6310356,570.75,33.9
2003-09-06,2003,249,29.598,23.948,25.103556,29.2855,66.92159,3.5210001,549.5,33.4
2003-09-07,2003,250,30.198,23.348,24.80911,29.835499,60.035076,4.158676,621.0,33.4
2003-09-08,2003,251,29.798,22.698,24.18689,29.4855,59.7549,4.171143,581.75,32.7
2003-09-09,2003,252,30.198,23.248,24.35911,29.8355,62.2274,3.7173767,567.5,33.6
2003-09-10,2003,253,29.298,23.248,24.470222,28.973,70.269714,3.407525,479.75,32.8
2003-09-11,2003,254,29.798,23.798,24.925777,29.5855,65.39958,4.007163,446.25,32.3
2003-09-12,2003,255,29.448,23.248,24.83689,29.223,65.3791,3.4966824,472.75,32.6
2003-09-13,2003,256,29.448,23.798,25.142445,29.210499,59.96132,2.8858948,495.5,33.0
2003-09-14,2003,257,30.298,23.348,24.864666,29.810501,60.09936,3.0159807,647.25,34.8
2003-09-15,2003,258,30.398,23.648,25.014668,30.073,59.22549,2.5761685,603.0,35.2
2003-09-16,2003,259,31.148,24.648,25.55911,30.772999,59.850227,2.2226458,674.25,37.0
2003-09-17,2003,260,30.848,23.948,25.320223,30.4105,64.56659,2.1346686,609.75,36.6
2003-09-18,2003,261,31.148,25.198,26.031334,30.8605,72.376785,1.5300695,642.5,38.8
2003-09-19,2003,262,31.698,25.248,26.209112,30.873001,70.81987,2.2263112,579.25,37.4
2003-09-20,2003,263,31.198,24.748,25.470222,30.623001,69.839584,2.0710742,526.0,36.8
2003-09-21,2003,264,30.148,25.198,26.120222,29.2855,70.64428,2.4424493,354.0,33.3
2003-09-22,2003,265,30.198,24.848,25.692444,29.823,69.536446,3.0879536,442.75,33.9
2003-09-23,2003,266,31.098,24.648,25.459112,30.6605,61.676502,2.6877813,571.0,35.7
2003-09-24,2003,267,31.098,23.998,25.075779,30.798,57.357834,2.36143,643.5,36.5
2003-09-25,2003,268,31.998,23.748,25.014668,31.4355,57.315296,1.796806,738.75,38.5
2003-09-26,2003,269,31.898,24.948,25.93689,31.6105,63.31545,3.0988271,542.5,36.4
2003-09-27,2003,270,33.098003,24.798,25.959112,32.860504,55.718853,2.2042458,635.75,38.9
2003-09-28,2003,271,33.098003,25.248,26.270222,32.835503,59.069855,0.97318673,674.5,40.5
2003-09-29,2003,272,32.448,25.498,26.003555,32.023,69.08883,1.4597352,699.75,40.4
2003-09-30,2003,273,32.548,24.798,25.85911,32.1855,59.433784,1.445029,739.5,39.9
2003-10-01,2003,274,33.498,24.398,25.575779,33.148003,56.614807,1.6055379,759.5,40.8
2003-10-02,2003,275,34.398003,24.348,25.825777,34.173004,48.326492,1.1754401,760.75,41.6
2003-10-03,2003,276,34.398003,23.948,25.853556,34.198,45.67504,2.0751033,655.0,39.9
2003-10-04,2003,277,34.998,22.948,24.081333,34.6355,32.82244,2.3833656,818.5,40.5
2003-10-05,2003,278,33.548,20.298,22.959112,33.1605,36.94239,1.7616904,809.75,39.6
2003-10-06,2003,279,32.798,21.248,22.120222,32.498,32.966625,3.4580436,819.25,37.1
2003-10-07,2003,280,34.148003,21.998,23.014668,33.585503,44.827408,3.22895,778.75,39.0
2003-10-08,2003,281,34.198,22.848,23.83689,33.8855,41.64862,2.617281,760.75,39.6
2003-10-09,2003,282,35.098003,22.048,24.153557,34.7605,35.901615,2.0710049,756.75,40.7
2003-10-10,2003,283,35.248,22.498,24.209112,34.648003,31.693039,2.2168717,791.25,40.4
2003-10-11,2003,284,34.148003,21.148,23.570223,33.335503,37.39096,1.8347497,785.5,39.5
2003-10-12,2003,285,34.348003,20.848,22.520224,33.7605,37.329876,0.52095985,764.25,40.4
2003-10-13,2003,286,35.048,19.048,21.386889,34.7855,24.356844,1.3165599,790.0,40.6
2003-10-14,2003,287,34.948,20.598,22.098,34.548004,25.90691,1.3280001,786.5,40.5
2003-10-15,2003,288,34.498,18.348,21.886889,34.173,22.054987,0.9653954,788.0,39.9
2003-10-16,2003,289,34.348003,18.498,21.653557,34.098,27.709599,0.63685477,766.25,40.0
2003-10-17,2003,290,34.698,21.948,23.264668,34.348003,30.111998,1.7545911,761.75,40.1
2003-10-18,2003,291,34.698,20.748,22.55911,34.2855,30.929546,1.4909595,759.75,40.2
2003-10-19,2003,292,34.648003,21.648,22.759111,34.023003,31.29574,1.000136,771.25,40.2
2003-10-20,2003,293,35.048,21.248,23.214668,34.6855,25.91419,1.2559202,766.25,40.5
2003-10-21,2003,294,34.748,20.448,22.431334,34.523003,23.27459,0.8981836,761.5,40.1
2003-10-22,2003,295,34.498,19.848,21.364666,34.198,23.398048,2.2442417,759.75,39.2
2003-10-23,2003,296,34.098003,19.898,21.748,33.698,26.716894,1.0686944,758.0,39.5
2003-10-24,2003,297,33.348003,19.598,21.698,32.8105,29.644646,1.1875498,756.5,38.7
2003-10-25,2003,298,33.348003,18.548,20.803555,32.898003,22.976706,2.1113944,755.75,37.8
2003-10-26,2003,299,33.498,16.798,20.025778,33.0105,21.962158,2.4644897,756.25,37.6
2003-10-27,2003,300,33.598003,18.398,20.398,32.948,25.169373,1.2471261,749.25,38.4
2003-10-28,2003,301,33.348003,19.748,20.631334,32.8605,29.814959,3.188546,737.75,37.1
2003-10-29,2003,302,32.648003,19.998,21.43689,32.348,32.741444,3.0490892,730.25,36.7
2003-10-30,2003,303,33.498,21.648,22.864666,33.198,37.623177,2.6529179,704.75,38.1
2003-10-31,2003,304,33.748,21.398,23.009111,33.398003,25.447327,1.8401618,729.0,38.5
2003-11-01,2003,305,33.398003,20.248,22.103554,33.035503,24.538572,2.245655,736.5,37.8
2003-11-02,2003,306,33.448,19.848,21.85911,32.948,31.762276,0.74437207,721.75,38.8
2003-11-03,2003,307,34.598003,19.298,21.420221,34.2355,33.1338,1.7397954,704.0,39.7
2003-11-04,2003,308,34.598003,21.648,23.575779,34.298004,34.32925,1.5305346,692.25,39.9
2003-11-05,2003,309,34.398003,24.198,24.986889,33.948,34.39353,2.011091,648.25,38.9
2003-11-06,2003,310,33.948,21.698,24.325779,33.710503,33.240322,0.85903895,683.75,39.4
2003-11-07,2003,311,33.998,21.898,24.148,33.648003,30.901926,1.3759938,625.75,38.5
2003-11-08,2003,312,33.548,23.448,24.520222,33.248,32.585846,0.24248993,675.75,38.8
2003-11-09,2003,313,33.848003,20.298,22.175777,33.648003,30.687906,1.6461878,682.75,38.8
2003-11-10,2003,314,33.248,21.948,23.098,33.0105,25.174698,2.4659843,692.5,37.3
2003-11-11,2003,315,32.198,18.048,20.175777,31.723001,24.928885,1.7204361,714.25,36.6
2003-11-12,2003,316,32.398003,17.598,19.542444,31.973001,25.91278,1.1113032,700.5,37.2
2003-11-13,2003,317,31.848,18.248,19.964668,31.523,27.447834,1.3542739,691.0,36.6
2003-11-14,2003,318,31.698,18.148,20.053555,31.3605,29.014433,0.8874054,680.75,36.6
2003-11-15,2003,319,31.948,18.548,20.748,31.6855,29.901026,1.2588398,676.5,36.9
2003-11-16,2003,320,31.148,19.498,21.003555,30.798,33.26935,1.3347149,673.75,36.1
2003-11-17,2003,321,30.498,18.648,20.014668,30.1605,43.961235,2.0466838,589.5,34.8
2003-11-18,2003,322,30.798,19.648,21.136889,30.560501,35.907585,2.6586657,664.25,34.7
2003-11-19,2003,323,30.748,19.348,20.509111,30.2855,33.289406,1.9428246,660.25,35.0
2003-11-20,2003,324,30.898,18.148,19.770224,30.3855,36.391846,2.2329001,667.75,35.0
2003-11-21,2003,325,31.498,19.348,20.248,31.123,38.688477,0.73642445,645.0,36.8
2003-11-22,2003,326,31.048,18.348,19.909111,30.673,32.46645,1.1501831,651.75,35.8
2003-11-23,2003,327,30.698,16.998,19.198,30.323,25.844173,1.3993177,670.75,35.1
2003-11-24,2003,328,31.148,18.248,20.014668,30.623001,28.387877,0.98753345,596.75,35.1
2003-11-25,2003,329,31.748,19.898,21.08689,31.3605,35.114418,2.3800426,630.75,35.6
2003-11-26,2003,330,31.298,20.148,21.398,30.960499,36.605633,0.64783496,636.75,36.4
2003-11-27,2003,331,30.898,18.948,20.853556,30.573,36.07247,1.9310107,636.0,35.2
2003-11-28,2003,332,30.798,16.898,19.192444,30.398,24.948807,1.1213368,646.0,35.1
2003-11-29,2003,333,30.948,16.548,18.903557,30.5355,29.758106,0.95299816,650.75,35.6
2003-11-30,2003,334,30.948,16.748,18.481333,30.498001,31.125957,1.6928213,660.5,35.3
2003-12-01,2003,335,31.048,16.948,18.698,30.5355,31.668194,1.1660626,656.5,35.7
2003-12-02,2003,336,30.648,16.648,18.581333,30.2605,28.91639,1.6860769,660.0,34.9
2003-12-03,2003,337,29.848,14.298,17.159111,29.3605,26.96867,1.007185,660.75,34.4
2003-12-04,2003,338,30.348,14.698,16.981333,29.848,26.111908,1.0845914,655.0,34.7
2003-12-05,2003,339,30.598,14.998,17.564667,30.2355,31.308115,0.6704923,598.0,35.0
2003-12-06,2003,340,31.298,16.748,18.714668,30.8855,28.514091,1.490653,643.5,35.6
2003-12-07,2003,341,31.448,16.898,18.60911,30.898,26.03723,1.0078162,648.75,35.7
2003-12-08,2003,342,31.148,16.248,18.592445,30.673,28.150557,0.5479827,640.0,35.6
2003-12-09,2003,343,31.148,18.898,20.098,30.710499,29.801794,1.9703108,640.0,35.0
2003-12-10,2003,344,30.048,15.548,17.664665,29.673,40.57952,1.7051067,631.0,34.7
2003-12-11,2003,345,29.948,16.948,18.620222,29.4105,31.434635,0.64693224,642.0,34.6
2003-12-12,2003,346,29.998,16.248,18.475777,29.585499,34.78282,0.97234106,635.0,34.8
2003-12-13,2003,347,29.398,16.848,18.753555,29.073,32.9086,2.084768,635.0,33.3
2003-12-14,2003,348,28.948,16.498,18.348,28.5355,31.210426,1.7859247,637.75,33.0
2003-12-15,2003,349,28.448,15.748,17.60911,27.973,28.245485,3.5583987,641.0,30.4
2003-12-16,2003,350,26.148,14.998,16.492445,25.6355,31.126755,3.1483202,658.5,28.7
2003-12-17,2003,351,26.098,13.598,15.053555,25.435501,33.369534,2.2922199,651.5,29.7
2003-12-18,2003,352,26.598,14.048,15.120222,25.9105,35.47648,2.5515018,647.75,29.8
2003-12-19,2003,353,27.348,14.748,15.820223,26.6605,37.7319,2.7179422,642.75,30.4
2003-12-20,2003,354,27.748,16.398,17.192444,27.0605,37.20638,2.778352,641.0,30.7
2003-12-21,2003,355,27.648,14.948,16.503555,27.0105,35.131264,1.9287677,646.75,31.7
2003-12-22,2003,356,27.848,15.048,16.420221,27.185501,35.15739,1.1391802,644.75,32.6
2003-12-23,2003,357,27.748,13.848,16.064667,27.1605,31.294668,0.6679755,654.75,32.7
2003-12-24,2003,358,27.498,13.348,15.614666,26.9855,28.651913,0.92451763,656.75,32.3
2003-12-25,2003,359,27.498,13.698,15.653556,26.8855,30.816055,1.6298679,648.5,31.7
2003-12-26,2003,360,27.198,13.848,15.675777,26.798,30.57586,2.624675,623.5,30.2
2003-12-27,2003,361,25.448,11.698,14.320223,24.6855,29.794237,3.1463609,666.0,27.8
2003-12-28,2003,362,24.148,14.498,15.520223,23.6105,26.037811,4.5072546,671.0,24.8
2003-12-29,2003,363,24.948,12.998,14.581333,24.098,29.492733,3.8221765,660.0,26.2
2003-12-30,2003,364,26.098,12.698,14.125778,25.123001,31.306736,2.4727721,651.75,29.1
2003-12-31,2003,365,26.748,11.998,13.642445,26.048,33.35875,0.89752436,666.5,31.8
2004-01-01,2004,1,26.498,12.198,14.375778,25.935501,24.015324,2.3737433,670.0,29.9
2004-01-02,2004,2,26.598,12.698,14.670222,25.8105,28.581566,1.7062232,668.5,30.7
2004-01-03,2004,3,27.148,13.598,15.4702215,26.2605,36.003685,2.1693733,667.0,30.9
2004-01-04,2004,4,26.948,14.848,16.281334,26.0105,40.50574,3.6161063,662.5,28.9
2004-01-05,2004,5,25.898,16.648,17.803555,25.323,44.158455,2.4788568,500.75,28.4
2004-01-06,2004,6,26.898,16.748,18.142445,26.098,46.104645,3.4425,650.5,29.3
2004-01-07,2004,7,26.598,17.098,18.392445,25.998001,42.013668,4.238995,644.5,28.0
2004-01-08,2004,8,27.498,16.448,17.842445,26.7355,32.97972,3.8166237,674.5,29.2
2004-01-09,2004,9,27.448,15.248,16.525778,26.8105,25.120016,3.0284846,664.5,30.0
2004-01-10,2004,10,28.148,13.448,15.503555,27.448,22.706875,2.2782943,679.5,31.5
2004-01-11,2004,11,29.248,14.248,16.220222,28.4855,23.983206,1.7088108,684.0,33.2
2004-01-12,2004,12,29.848,14.648,16.720222,29.173,26.710804,1.3821144,687.5,34.2
2004-01-13,2004,13,29.948,13.748,16.431334,29.223,30.460766,1.4980402,687.75,34.4
2004-01-14,2004,14,29.398,13.748,16.275778,28.573,34.52131,1.6398014,684.25,33.8
2004-01-15,2004,15,30.748,14.648,17.042444,29.9105,27.422684,1.2733047,697.5,35.1
2004-01-16,2004,16,31.148,14.798,17.014668,30.4855,27.316645,0.49261427,680.5,35.7
2004-01-17,2004,17,29.098,15.098,17.498,28.298,36.17689,2.6589282,695.25,32.6
2004-01-18,2004,18,28.548,14.948,16.775778,28.073,30.184715,1.5048392,701.25,33.4
2004-01-19,2004,19,27.498,14.048,16.214668,26.960499,26.02679,1.1561643,708.5,32.5
2004-01-20,2004,20,27.748,13.848,15.853557,27.210499,27.660202,1.6228694,674.25,32.1
2004-01-21,2004,21,25.798,14.098,16.43689,25.3855,36.67549,3.1567354,701.5,29.0
2004-01-22,2004,22,25.548,16.348,17.05911,25.0105,37.93054,1.7467309,596.75,29.7
2004-01-23,2004,23,24.698,13.798,15.798,24.3855,33.71064,2.7299607,701.75,28.5
2004-01-24,2004,24,25.048,12.848,14.703556,24.398,30.568773,2.9186704,728.75,28.4
2004-01-25,2004,25,25.498,12.848,14.698,24.7355,34.374092,1.8573835,701.25,30.1
2004-01-26,2004,26,26.298,13.498,15.43689,25.5855,27.923843,2.233191,733.5,30.5
2004-01-27,2004,27,26.748,14.248,15.870222,26.048,25.106232,3.7623281,739.0,28.9
2004-01-28,2004,28,27.848,14.048,15.875778,26.873,27.14246,2.3135393,726.75,31.5
2004-01-29,2004,29,28.948,14.898,17.253555,28.098,26.663603,0.89971066,734.0,33.9
2004-01-30,2004,30,27.698,14.448,17.10911,27.173,25.152767,1.8674068,733.75,32.3
2004-01-31,2004,31,25.848,14.248,16.025778,25.335499,30.364878,2.85477,730.75,29.4
2004-02-01,2004,32,24.448,13.498,14.814667,24.0105,23.640846,3.7398086,758.5,27.0
2004-02-02,2004,33,24.948,13.098,14.259111,24.173,22.44809,4.1375446,768.75,26.7
2004-02-03,2004,34,26.648,12.748,14.409112,25.7605,20.777128,3.5641043,771.75,29.1
2004-02-04,2004,35,27.948,12.148,14.253555,27.335499,17.666702,2.6540446,772.5,31.7
2004-02-05,2004,36,27.748,11.298,14.086888,26.798,17.644495,2.2587562,774.5,31.7
2004-02-06,2004,37,28.198,12.398,14.714667,27.698,16.978693,2.3681188,783.75,32.4
2004-02-07,2004,38,28.798,11.448,13.714666,28.173,15.929486,1.6819861,787.25,33.5
2004-02-08,2004,39,29.498,12.198,14.542445,28.9855,16.338226,1.8891046,785.0,34.1
2004-02-09,2004,40,29.348,11.998,14.870222,28.698,22.720272,2.4222178,781.5,33.5
2004-02-10,2004,41,28.648,13.648,15.964667,28.123001,25.75502,1.822271,780.75,33.6
2004-02-11,2004,42,28.698,14.198,16.420221,27.7355,22.194242,2.1241934,797.5,33.0
2004-02-12,2004,43,30.948,14.348,16.570223,29.7855,28.711393,3.0843105,786.0,34.1
2004-02-13,2004,44,31.698,17.498,18.986889,30.710499,31.864382,2.4720852,775.75,35.8
2004-02-14,2004,45,32.398003,17.848,20.08689,31.773,22.744099,1.6255288,788.5,37.2
2004-02-15,2004,46,31.848,15.948,18.431334,31.085499,24.074535,0.9514224,800.0,37.0
2004-02-16,2004,47,32.348003,15.698,18.159111,31.698002,22.82545,1.0236833,802.25,37.5
2004-02-17,2004,48,32.148003,15.548,18.136889,31.298,25.257668,1.1469154,801.75,37.2
2004-02-18,2004,49,28.898,15.748,18.131334,27.598,32.423958,1.8434101,814.75,33.6
2004-02-19,2004,50,30.548,15.548,18.798,29.673,35.209667,0.86557674,796.0,36.3
2004-02-20,2004,51,32.098003,16.398,19.125778,31.298,27.485939,1.4818424,808.75,37.2
2004-02-21,2004,52,32.998,15.898,18.764668,32.473003,21.137486,1.1817642,818.0,38.3
2004-02-22,2004,53,32.998,17.148,19.992445,32.448,21.619791,1.7695608,819.25,38.0
2004-02-23,2004,54,33.148003,17.248,20.098,32.498,20.62349,1.0385109,826.75,38.3
2004-02-24,2004,55,33.748,18.448,20.781334,32.9105,20.97972,1.4329174,830.75,38.7
2004-02-25,2004,56,34.198,18.198,20.942444,33.460503,20.13897,0.9925449,838.75,39.4
2004-02-26,2004,57,34.198,17.248,21.209112,33.4355,20.564953,1.5517094,839.0,39.2
2004-02-27,2004,58,33.948,17.798,20.759111,32.960503,20.790123,2.0982342,841.5,38.4
2004-02-28,2004,59,33.648003,17.448,19.820223,32.8105,23.507519,1.4560978,838.5,38.8
2004-02-29,2004,60,33.598003,15.848,19.425777,32.973,16.95244,1.261137,850.25,38.7
2004-03-01,2004,61,33.998,18.648,21.08689,33.473,15.309682,1.8542124,852.75,38.9
2004-03-02,2004,62,34.498,17.948,21.014668,33.898003,12.282392,2.1837265,864.75,39.0
2004-03-03,2004,63,34.898003,18.498,20.992445,33.998,16.555346,1.5304799,861.0,39.7
2004-03-04,2004,64,34.998,18.998,21.864666,34.410503,15.284919,1.8963491,852.75,39.8
2004-03-05,2004,65,35.748,21.848,24.292444,35.1355,13.788825,2.1243749,827.25,40.2
2004-03-06,2004,66,36.248,20.498,23.43689,35.5605,12.353633,2.62293,810.0,40.1
2004-03-07,2004,67,36.498,17.748,21.448,35.710503,12.772703,1.5902922,887.25,41.3
2004-03-08,2004,68,37.198,19.448,22.020224,36.4355,11.019398,3.3121142,894.75,41.3
2004-03-09,2004,69,37.148003,19.148,20.992445,36.3105,12.92295,1.7847959,891.5,41.9
2004-03-10,2004,70,36.548,19.448,21.481333,35.673,15.110641,0.7862992,888.0,41.5
2004-03-11,2004,71,37.748,18.298,22.814667,37.123,12.889029,2.36366,885.0,42.6
2004-03-12,2004,72,37.448,19.898,22.353556,36.6355,13.731761,0.923288,881.75,42.3
2004-03-13,2004,73,37.798,20.298,23.114666,36.835503,15.807741,1.535239,886.0,42.8
2004-03-14,2004,74,37.598003,19.298,22.398,36.748,18.662268,1.8165808,890.0,42.9
2004-03-15,2004,75,39.548,21.298,24.214668,38.698,16.61295,2.0450687,884.75,44.8
2004-03-16,2004,76,40.698,22.898,25.914665,39.898003,11.650765,2.3881562,895.5,45.7
2004-03-17,2004,77,40.498,20.848,24.814667,39.860504,8.829903,3.0701046,909.5,45.1
2004-03-18,2004,78,40.298,22.448,24.425777,39.673,10.734133,3.179851,907.0,45.1
2004-03-19,2004,79,40.298,20.948,23.986889,39.448,13.70432,2.3334365,905.5,45.5
2004-03-20,2004,80,39.848003,20.848,24.525778,39.373,9.448624,2.030793,918.75,45.0
2004-03-21,2004,81,39.898003,20.898,24.253555,39.0355,17.12743,1.8697581,897.25,45.4
2004-03-22,2004,82,39.598003,22.448,25.770224,38.485504,18.175938,2.647739,902.0,44.6
2004-03-23,2004,83,39.648003,24.098,26.209112,38.8855,13.776297,4.2086754,903.5,44.1
2004-03-24,2004,84,37.598003,23.248,25.914665,36.785503,15.186472,3.6077607,913.0,42.0
2004-03-25,2004,85,35.148003,20.948,23.581333,34.5355,9.980349,3.6101756,934.0,39.2
2004-03-26,2004,86,34.198,18.798,21.659111,33.448,19.110287,3.1300578,918.0,38.7
2004-03-27,2004,87,35.648003,18.298,21.103556,34.910503,15.459201,1.2567303,917.5,41.0
2004-03-28,2004,88,37.298,19.498,22.764666,36.7605,11.613208,0.5949406,914.75,42.2
2004-03-29,2004,89,37.948,19.398,23.220222,37.398003,13.090868,0.7673723,922.5,43.3
2004-03-30,2004,90,38.098003,21.248,24.464666,37.398003,14.327385,1.7690233,924.25,43.5
2004-03-31,2004,91,37.298,21.048,23.320223,36.4105,20.782555,1.8568646,911.5,42.9
2004-04-01,2004,92,35.698,22.548,24.948,35.198,24.237648,2.6873362,875.0,40.9
2004-04-02,2004,93,37.348003,21.348,24.114666,36.285503,22.873266,2.8586624,876.75,42.0
2004-04-03,2004,94,37.548,22.548,25.486889,36.6605,20.125998,2.4089773,905.5,42.8
2004-04-04,2004,95,38.648003,22.948,25.509111,37.823,23.149426,2.2141352,869.25,44.2
2004-04-05,2004,96,39.298,25.498,26.636889,38.723,14.290576,3.3198695,921.0,44.4
2004-04-06,2004,97,39.048,23.048,25.886889,37.948,16.996132,3.354645,926.25,43.7
2004-04-07,2004,98,38.398003,21.998,25.242445,37.073,21.401836,3.578265,914.75,42.7
2004-04-08,2004,99,37.298,23.348,25.442444,35.6355,33.02739,3.577497,902.5,41.3
2004-04-09,2004,100,36.848003,22.898,24.914665,35.723003,29.835817,3.4552734,917.0,41.5
2004-04-10,2004,101,37.298,21.898,24.764668,36.2855,30.222172,3.1323447,913.0,42.4
2004-04-11,2004,102,38.198,22.598,25.264668,37.323,29.439358,2.0599155,910.0,44.4
2004-04-12,2004,103,39.148003,23.248,26.281334,38.123,22.886896,2.5110512,924.25,44.7
2004-04-13,2004,104,40.098003,22.348,25.931334,38.673,25.003103,2.7469203,919.5,45.3
2004-04-14,2004,105,40.698,23.698,26.825779,39.148003,22.602917,3.435196,922.0,45.4
2004-04-15,2004,106,40.148003,23.098,26.175777,38.5105,22.633469,3.4672172,928.25,44.6
2004-04-16,2004,107,40.698,23.598,26.303555,39.148003,21.281229,4.7543154,927.25,44.8
2004-04-17,2004,108,38.298,23.548,26.153557,37.0105,20.688488,4.0415535,930.5,42.4
2004-04-18,2004,109,37.698,23.498,25.725777,36.148003,24.382624,3.2569356,909.25,41.9
2004-04-19,2004,110,38.298,23.148,25.503555,36.5105,31.150585,3.113607,914.75,42.8
2004-04-20,2004,111,39.598003,22.748,26.292444,38.1855,24.323769,3.1812122,913.75,44.4
2004-04-21,2004,112,40.148003,24.298,27.33689,39.098003,17.199911,3.8033195,939.25,45.0
2004-04-22,2004,113,40.348003,24.348,27.236889,39.073,23.741104,3.8796527,915.25,45.1
2004-04-23,2004,114,41.048,25.898,28.081333,40.223003,16.15495,3.1041963,903.0,46.3
2004-04-24,2004,115,40.548,24.598,27.209112,39.7355,19.49786,2.1635578,922.25,46.5
2004-04-25,2004,116,41.148003,25.548,27.942444,40.4355,15.947229,2.0309772,934.25,47.1
2004-04-26,2004,117,41.898003,26.698,28.653555,41.173004,14.908379,3.024485,937.5,47.6
2004-04-27,2004,118,40.998,26.098,28.714668,39.9855,17.898779,3.208281,933.5,46.3
2004-04-28,2004,119,39.848003,24.348,27.198,38.585503,21.154404,3.3686228,930.75,44.7
2004-04-29,2004,120,39.698,25.048,27.120222,38.460503,23.892971,3.6918557,931.5,44.5
2004-04-30,2004,121,38.998,25.598,27.081333,37.148003,32.831497,4.682815,912.75,42.6
2004-05-01,2004,122,38.548,21.798,25.764668,37.9105,9.550497,0.85228914,976.75,43.7
2004-05-02,2004,123,40.098003,22.048,25.903557,39.5105,7.8720617,1.337303,971.25,45.3
2004-05-03,2004,124,41.998,25.298,28.175777,41.5355,8.5879965,1.4905528,956.25,47.6
2004-05-04,2004,125,43.148003,26.898,29.336891,42.735504,8.41353,0.59283113,956.75,48.5
2004-05-05,2004,126,42.698,25.048,29.131334,42.160503,12.801391,0.7976115,891.5,48.2
2004-05-06,2004,127,43.648003,27.348,29.892447,43.073,12.2241,0.9385451,927.5,49.5
2004-05-07,2004,128,41.698,27.548,31.198002,41.0355,20.74657,3.407205,788.75,46.7
2004-05-08,2004,129,39.498,32.348003,33.381332,37.648003,37.04517,2.3297386,710.25,43.6
2004-05-09,2004,130,39.398003,30.698,32.059113,38.823,33.933228,2.0569017,841.75,45.9
2004-05-10,2004,131,36.148003,27.498,30.35911,31.3605,63.862663,3.7028708,370.25,34.3
2004-05-11,2004,132,36.148003,27.748,28.153557,35.198,51.905006,3.3545117,608.25,40.3
2004-05-12,2004,133,37.198,27.448,28.520224,36.4105,38.015804,4.295154,841.5,41.7
2004-05-13,2004,134,33.748,26.448,27.870222,33.148003,55.992695,3.1381888,390.0,36.5
2004-05-14,2004,135,36.898003,26.898,28.642447,35.4105,47.444237,3.9674065,735.5,40.5
2004-05-15,2004,136,38.398003,26.548,28.298,36.698,36.154575,4.0137815,885.25,42.4
2004-05-16,2004,137,38.598003,26.098,28.131334,37.298,33.169636,2.7294905,918.5,44.1
2004-05-17,2004,138,39.948,26.148,28.536888,38.8855,28.408842,3.417015,918.75,45.3
2004-05-18,2004,139,40.748,25.848,28.492445,39.173004,21.037458,4.4126267,926.0,45.0
2004-05-19,2004,140,40.848003,24.848,27.570223,38.973003,23.878897,5.226843,931.75,44.6
2004-05-20,2004,141,39.748,26.248,28.381334,38.223,30.384258,6.2582026,917.25,43.7
2004-05-21,2004,142,39.798,26.898,28.670223,38.098003,30.27491,5.153421,909.25,43.6
2004-05-22,2004,143,39.748,26.398,28.342445,38.173,30.087543,5.3726435,919.25,43.7
2004-05-23,2004,144,39.148003,27.048,28.542442,37.7855,32.25225,5.2199016,917.0,43.3
2004-05-24,2004,145,38.498,27.548,28.503557,37.248,35.48221,4.3660336,890.0,42.9
2004-05-25,2004,146,38.648003,27.198,28.575779,37.548004,30.522614,4.0333543,916.0,43.4
2004-05-26,2004,147,38.298,26.998,28.453556,36.960503,30.982792,3.3633666,914.5,43.1
2004-05-27,2004,148,39.048,26.298,28.620222,37.3605,31.520767,3.161235,911.25,43.7
2004-05-28,2004,149,39.748,26.198,28.942444,38.460503,29.200335,3.0726173,910.25,45.0
2004-05-29,2004,150,40.898003,26.398,28.998,39.3605,24.822231,3.1808374,919.5,45.9
2004-05-30,2004,151,41.598003,25.948,28.925777,40.073,20.100393,3.2776883,921.5,46.5
2004-05-31,2004,152,40.848003,26.148,28.681335,39.2605,28.190144,3.1685257,904.5,45.8
2004-06-01,2004,153,41.148003,26.448,28.914665,39.585503,28.060295,3.9694288,886.75,45.7
2004-06-02,2004,154,40.648003,26.798,29.225779,39.160503,28.102829,4.038288,895.5,45.2
2004-06-03,2004,155,40.498,26.998,29.464668,38.923004,28.320513,3.9990034,894.0,44.9
2004-06-04,2004,156,40.448,26.898,28.792446,38.773003,31.971022,4.7831163,893.25,44.5
2004-06-05,2004,157,40.148003,28.048,29.525778,38.473003,33.221367,3.3502927,881.0,44.9
2004-06-06,2004,158,39.198,27.648,29.286888,37.598,36.00385,3.4118214,854.0,43.7
2004-06-07,2004,159,39.298,28.248,29.803555,38.2605,35.4998,2.6866047,841.5,44.9
2004-06-08,2004,160,37.698,29.248,30.048,36.923,43.900425,1.7137476,787.0,44.3
2004-06-09,2004,161,36.398003,27.448,29.720222,35.073,50.589363,2.6405685,770.75,41.7
2004-06-10,2004,162,36.048,27.548,28.775778,35.335503,49.626648,2.2340221,712.0,41.9
2004-06-11,2004,163,35.948,27.498,28.325779,35.473003,50.35929,2.9605365,748.5,41.8
2004-06-12,2004,164,37.048,27.948,28.592445,36.398003,48.575253,3.054086,808.25,43.1
2004-06-13,2004,165,36.698,27.948,28.786888,35.585503,51.633656,1.8504788,668.75,42.5
2004-06-14,2004,166,34.198,25.898,27.814667,33.5355,61.41368,1.9165193,630.25,40.6
2004-06-15,2004,167,33.348003,26.148,26.803555,32.923004,63.021,0.7890804,588.25,40.5
2004-06-16,2004,168,28.598,25.898,26.370222,27.935501,90.57842,2.725811,239.0,32.3
2004-06-17,2004,169,31.398,25.448,26.297998,30.6105,73.29076,2.1364226,334.0,35.5
2004-06-18,2004,170,34.548,26.948,27.953556,33.873,53.312977,5.734293,693.75,37.8
2004-06-19,2004,171,34.598003,27.398,27.864666,33.873,48.899284,6.2115145,704.75,37.4
2004-06-20,2004,172,34.398003,27.498,27.886889,33.6605,49.749195,6.4112244,675.0,37.0
2004-06-21,2004,173,34.848003,26.948,27.453556,34.085503,48.63771,6.642244,745.0,37.9
2004-06-22,2004,174,34.798,26.798,27.503555,33.7855,47.86927,6.1173635,616.75,36.7
2004-06-23,2004,175,34.248,26.848,27.525778,33.585503,48.90388,6.292775,549.0,36.0
2004-06-24,2004,176,34.248,26.748,27.692444,33.548004,49.626747,6.7581086,537.5,35.9
2004-06-25,2004,177,34.748,27.198,28.125778,34.210503,48.894836,5.51771,716.5,38.1
2004-06-26,2004,178,34.448,26.498,27.920221,34.0105,50.414642,4.583004,709.5,38.4
2004-06-27,2004,179,34.848003,26.648,28.370222,33.898003,52.292313,4.0722146,683.25,38.5
2004-06-28,2004,180,34.948,26.648,28.331333,33.6855,49.075523,3.2781267,639.75,38.4
2004-06-29,2004,181,35.198,27.048,28.448002,34.623,47.178185,3.5548263,782.0,40.1
2004-06-30,2004,182,35.348003,27.348,28.209112,34.210503,49.131172,3.7075243,663.5,38.8
2004-07-01,2004,183,35.848003,26.998,28.82022,34.998,43.620995,4.006594,669.0,39.2
2004-07-02,2004,184,35.748,26.798,28.703556,34.748,43.95729,3.0660439,744.5,40.2
2004-07-03,2004,185,35.048,27.548,28.953556,34.223003,48.746895,3.2793643,528.75,38.2
2004-07-04,2004,186,35.548,27.848,28.542442,34.960503,50.297794,1.4186628,612.25,41.4
2004-07-05,2004,187,32.248,26.148,26.753555,31.7855,68.15023,1.2969227,475.0,38.4
2004-07-06,2004,188,31.198,25.498,26.025778,29.623001,79.27066,3.0928872,398.25,34.3
2004-07-07,2004,189,31.948,26.448,27.403557,31.373,62.171204,4.6512766,523.0,34.5
2004-07-08,2004,190,32.248,25.998,27.236889,31.848,58.761253,5.650586,589.75,34.8
2004-07-09,2004,191,32.598003,25.998,27.159111,32.398003,54.617756,5.938078,588.75,35.1
2004-07-10,2004,192,33.098003,26.548,27.55911,32.5355,55.157833,5.661169,624.5,35.7
2004-07-11,2004,193,33.148003,26.248,27.425777,32.4355,55.559166,4.974021,557.25,35.4
2004-07-12,2004,194,33.498,26.398,27.498,32.698,52.19436,5.0201983,559.25,35.5
2004-07-13,2004,195,33.898003,25.548,27.303555,32.773003,52.743317,4.130299,659.5,36.9
2004-07-14,2004,196,33.548,25.948,27.409111,32.973,51.00623,4.048559,566.0,36.4
2004-07-15,2004,197,33.998,26.298,27.631334,33.4105,50.379288,3.3391905,544.5,37.4
2004-07-16,2004,198,34.848003,27.498,28.486887,34.148003,50.19735,2.7876754,567.75,38.9
2004-07-17,2004,199,32.548,27.998,28.45911,31.9105,64.066414,2.661115,557.25,37.4
2004-07-18,2004,200,32.798,25.698,26.864666,31.573,64.503624,4.129142,610.0,36.0
2004-07-19,2004,201,31.348,25.248,26.248,30.4105,67.9494,4.6884875,484.75,33.4
2004-07-20,2004,202,33.098003,25.748,26.870222,32.2605,58.666428,4.2207146,672.5,36.7
2004-07-21,2004,203,34.498,25.998,27.414665,33.735504,49.993843,4.3484287,741.0,38.3
2004-07-22,2004,204,34.898003,25.748,27.420221,33.835503,46.056526,3.8873186,704.5,38.3
2004-07-23,2004,205,34.848003,25.898,27.542444,33.8105,47.5676,2.2470703,811.75,40.6
2004-07-24,2004,206,36.248,26.548,27.725777,35.235504,42.362877,2.0133362,815.75,42.1
2004-07-25,2004,207,36.598003,27.248,29.086887,35.623,40.548786,3.1971827,750.75,41.0
2004-07-26,2004,208,30.798,26.648,28.103556,29.2355,67.44618,3.3273838,203.25,30.7
2004-07-27,2004,209,28.598,25.948,26.853556,27.8855,81.41278,2.4763253,271.25,31.8
2004-07-28,2004,210,30.498,25.048,25.492445,30.223,68.977325,1.8474274,452.25,35.8
2004-07-29,2004,211,29.348,25.148,25.292444,27.998,82.46436,2.0190485,179.0,31.8
2004-07-30,2004,212,26.698,25.098,25.209112,26.373,90.19594,4.3852544,133.25,27.0
2004-07-31,2004,213,26.048,24.548,24.681334,25.673,94.71399,3.8954039,137.5,27.0
2004-08-01,2004,214,26.998,24.298,24.464668,26.823,86.40552,3.1365862,215.5,29.5
2004-08-02,2004,215,28.898,24.698,25.35911,28.5355,74.293304,4.3842516,297.25,30.1
2004-08-03,2004,216,30.648,25.148,25.842445,30.2605,68.37756,4.415222,469.0,33.3
2004-08-04,2004,217,31.398,25.198,25.55911,30.298,75.66702,3.934939,452.25,34.4
2004-08-05,2004,218,30.048,25.098,25.614666,28.548,80.17906,1.3975232,273.0,33.8
2004-08-06,2004,219,27.498,24.698,25.125778,26.998001,92.43196,3.332164,166.75,29.7
2004-08-07,2004,220,27.048,24.698,24.909111,26.522999,92.74721,2.396677,138.0,30.0
2004-08-08,2004,221,29.948,24.698,25.081333,29.4605,73.965,6.2041907,589.75,32.5
2004-08-09,2004,222,27.998,24.848,25.098,27.448,80.84686,4.332,218.0,28.5
2004-08-10,2004,223,25.198,24.248,24.509111,24.8605,94.46892,3.719305,60.0,25.2
2004-08-11,2004,224,29.248,24.248,24.825777,27.7855,85.34654,2.8920448,298.0,31.8
2004-08-12,2004,225,27.648,24.748,25.120222,27.3355,80.94583,3.9291751,300.75,29.5
2004-08-13,2004,226,25.798,24.198,24.514668,25.573,93.86494,3.0534644,82.5,27.3
2004-08-14,2004,227,27.398,24.848,25.114666,27.023,83.42794,3.152139,216.25,29.5
2004-08-15,2004,228,26.898,24.448,24.875778,26.098,89.275154,3.484877,146.5,27.7
2004-08-16,2004,229,26.298,24.248,24.825779,25.873,91.66362,2.091214,119.25,29.1
2004-08-17,2004,230,30.448,24.048,24.720222,30.185501,72.19328,2.7804823,584.25,36.1
2004-08-18,2004,231,30.598,24.248,25.142445,30.185501,67.2831,3.4472497,612.75,35.1
2004-08-19,2004,232,29.798,24.848,25.498,29.573,73.01469,3.2066305,414.75,33.6
2004-08-20,2004,233,29.848,24.648,25.231333,29.185501,73.798874,3.56398,417.25,32.7
2004-08-21,2004,234,29.898,24.098,24.820223,29.4855,73.27404,2.5257404,452.75,34.6
2004-08-22,2004,235,30.748,24.548,25.43689,30.435501,66.22831,3.3026173,640.75,35.7
2004-08-23,2004,236,28.448,24.748,25.798,28.335499,70.962814,4.4719086,304.75,29.5
2004-08-24,2004,237,29.448,24.348,25.253555,28.6605,71.23212,4.164556,317.0,30.4
2004-08-25,2004,238,30.148,24.548,25.236889,29.773,63.73184,4.725856,487.25,32.1
2004-08-26,2004,239,30.298,24.348,25.098,29.9605,62.73029,4.6439295,517.0,32.6
2004-08-27,2004,240,30.148,24.148,24.953556,29.748,62.561916,4.525312,434.25,31.8
2004-08-28,2004,241,31.148,23.548,24.55911,30.3355,60.38932,4.2114396,483.25,33.0
2004-08-29,2004,242,31.048,24.548,25.142445,29.8605,60.848267,4.3585644,516.75,32.6
2004-08-30,2004,243,30.298,24.548,25.136889,29.6355,61.680183,4.1471095,524.75,32.6
2004-08-31,2004,244,30.048,23.448,24.720222,29.698,61.29957,3.8637178,542.5,33.0
2004-09-01,2004,245,30.348,23.048,24.614666,29.873,60.702698,2.8655338,629.25,35.0
2004-09-02,2004,246,30.648,23.848,24.942444,30.2355,60.517124,2.0208805,676.5,36.7
2004-09-03,2004,247,30.998,23.048,24.58689,30.710499,60.527046,1.978617,698.25,37.5
2004-09-04,2004,248,31.148,23.248,24.547998,30.7355,57.443043,2.2424054,728.5,37.2
2004-09-05,2004,249,30.948,22.548,23.948,30.397999,57.30728,1.4503981,699.25,37.4
2004-09-06,2004,250,32.248,24.198,25.148,31.598,58.02174,2.408614,722.0,38.0
2004-09-07,2004,251,34.248,25.598,26.514668,33.723003,53.29146,2.8122292,800.75,40.3
2004-09-08,2004,252,33.848003,25.648,26.986889,33.198,52.22971,2.7590797,818.25,39.8
2004-09-09,2004,253,32.648003,24.598,26.114666,31.948002,55.4218,3.6808128,552.25,35.7
2004-09-10,2004,254,31.848,24.048,25.864666,31.2355,54.40914,3.7487855,550.5,34.6
2004-09-11,2004,255,31.098,24.498,25.892445,30.522999,58.581802,2.8270555,601.25,35.4
2004-09-12,2004,256,31.298,24.398,25.886889,30.5855,57.662216,1.579007,565.75,36.5
2004-09-13,2004,257,31.598,24.498,25.775778,31.073,56.954945,2.0799503,643.25,37.1
2004-09-14,2004,258,31.998,24.248,25.642445,31.4105,56.742916,2.1826823,725.75,38.0
2004-09-15,2004,259,31.798,23.748,25.186888,31.123,53.556908,2.286356,735.75,37.4
2004-09-16,2004,260,30.998,24.348,25.292444,30.748001,62.304596,2.2921648,605.25,36.6
2004-09-17,2004,261,31.898,24.048,25.298,31.498001,63.144444,0.6900581,641.0,39.2
2004-09-18,2004,262,33.148003,25.348,26.603556,32.748,58.965588,1.4456768,669.0,40.0
2004-09-19,2004,263,32.748,25.898,26.881334,32.523003,60.792717,2.3939936,674.75,39.1
2004-09-20,2004,264,34.948,26.448,27.798,34.5605,50.28383,3.6231182,786.0,40.3
2004-09-21,2004,265,35.048,26.748,28.036888,34.623,51.66394,3.4949365,784.5,40.6
2004-09-22,2004,266,35.498,26.898,28.075779,34.8855,47.253883,2.519345,768.75,41.3
2004-09-23,2004,267,34.048,26.748,27.598,33.648003,53.066498,1.0479696,613.5,40.4
2004-09-24,2004,268,34.848003,26.398,27.448,34.485504,49.561558,1.0069458,667.75,41.5
2004-09-25,2004,269,32.148003,25.948,27.10911,30.998001,70.831375,1.5564804,581.25,38.3
2004-09-26,2004,270,32.748,25.498,26.30911,32.348,60.497963,1.4056195,660.75,39.7
2004-09-27,2004,271,33.798,25.648,26.636889,33.523003,56.795547,0.44541636,678.0,41.3
2004-09-28,2004,272,34.198,26.348,27.131334,33.998,54.472565,1.2847571,701.5,41.5
2004-09-29,2004,273,33.448,26.048,26.909111,33.198,59.95501,0.4748091,684.75,41.3
2004-09-30,2004,274,32.248,25.398,26.30911,31.2355,66.19663,0.8414736,471.5,37.8
2004-10-01,2004,275,33.148003,25.698,26.325779,32.848003,58.315544,1.2582302,650.0,40.1
2004-10-02,2004,276,31.548,25.198,26.209112,30.897999,67.608116,2.1688266,575.0,37.2
2004-10-03,2004,277,32.048,24.848,25.742445,31.7105,65.44455,3.1535094,648.25,37.5
2004-10-04,2004,278,31.798,24.698,25.298,31.3355,66.928375,1.1505227,662.0,39.3
2004-10-05,2004,279,32.198,24.148,24.83689,31.973001,61.69602,0.67572474,608.25,39.4
2004-10-06,2004,280,32.448,23.648,25.025778,32.123,64.0253,1.290889,676.5,40.0
2004-10-07,2004,281,31.998,24.798,25.553555,31.7855,60.99697,1.7325295,692.0,39.0
2004-10-08,2004,282,31.798,24.698,25.636889,31.623001,62.96404,2.880984,671.25,37.6
2004-10-09,2004,283,31.398,24.948,25.798,30.6605,64.75246,4.044779,588.75,34.7
2004-10-10,2004,284,31.348,24.748,25.553555,30.5105,64.85858,3.2711437,521.0,34.8
2004-10-11,2004,285,31.748,22.998,24.725777,31.3605,43.065117,1.8396728,775.0,37.7
2004-10-12,2004,286,31.898,19.148,20.798,31.573,34.536236,1.0512054,794.25,38.1
2004-10-13,2004,287,32.598003,17.648,21.142445,32.2355,33.86603,1.0700998,785.5,38.6
2004-10-14,2004,288,32.948,19.048,21.492445,32.5355,34.20449,1.0352925,779.25,38.9
2004-10-15,2004,289,33.248,18.348,22.564667,32.898003,27.684574,0.9175801,785.25,38.9
2004-10-16,2004,290,32.798,18.748,22.381332,32.498,26.60736,0.38584948,782.25,38.4
2004-10-17,2004,291,33.048,17.798,21.681334,32.7855,26.291826,1.3701211,778.25,38.5
2004-10-18,2004,292,33.398003,19.148,21.514668,33.1355,27.29417,2.0807605,771.0,38.5
2004-10-19,2004,293,34.048,19.098,21.453556,33.7855,26.673586,1.6688334,760.75,39.3
2004-10-20,2004,294,34.098003,19.898,22.203556,33.748,28.297293,1.6893755,753.0,39.3
2004-10-21,2004,295,34.598003,20.298,22.898,34.223003,27.073639,1.2050221,752.0,40.0
2004-10-22,2004,296,34.748,20.648,22.503555,34.448,25.116909,1.8569541,751.75,39.8
2004-10-23,2004,297,34.298,18.948,20.648,34.0105,20.707783,2.0092254,761.0,39.0
2004-10-24,2004,298,33.998,17.698,19.603554,33.623,23.343597,1.3132375,752.5,39.0
2004-10-25,2004,299,33.998,20.848,21.509111,33.673004,26.209782,2.7072797,741.5,38.3
2004-10-26,2004,300,33.998,19.548,20.575779,33.6355,20.537415,2.4943614,750.25,38.2
2004-10-27,2004,301,33.848003,19.448,20.653557,33.5605,22.04472,1.1880201,723.25,38.7
2004-10-28,2004,302,33.298,18.948,20.120222,33.173,21.52624,0.70412236,634.5,37.6
2004-10-29,2004,303,33.198,18.348,20.642445,32.898003,22.217274,2.0333414,714.25,37.5
2004-10-30,2004,304,32.748,18.748,19.842445,32.2855,25.718594,1.9470282,734.0,37.3
2004-10-31,2004,305,32.698,19.748,20.914665,32.248,29.113302,1.7988801,702.0,37.3
2004-11-01,2004,306,32.998,20.698,21.792444,32.710503,27.421093,2.2108638,691.75,37.3
2004-11-02,2004,307,33.098003,19.998,21.381334,32.873,26.229607,2.3889475,674.75,37.1
2004-11-03,2004,308,32.498,20.148,21.531334,32.098003,29.910686,2.8628604,637.0,35.7
2004-11-04,2004,309,31.998,21.148,22.170221,31.647999,25.752312,3.9343963,694.0,34.5
2004-11-05,2004,310,31.598,19.798,21.225777,31.210499,25.913643,3.4349742,706.5,34.6
2004-11-06,2004,311,31.448,19.798,21.203556,31.048,24.622097,2.379146,700.0,35.3
2004-11-07,2004,312,31.898,19.748,20.731333,31.5105,24.064615,2.6029794,691.25,35.5
2004-11-08,2004,313,32.248,19.598,20.592445,31.810501,26.847157,2.4639974,695.0,36.1
2004-11-09,2004,314,32.448,20.148,21.08689,31.998001,33.819218,1.6610355,686.0,37.2
2004-11-10,2004,315,32.748,20.698,22.175777,32.423,34.462982,0.49514142,655.0,37.9
2004-11-11,2004,316,32.298,22.098,23.514668,32.1605,43.11683,0.717701,592.75,37.8
2004-11-12,2004,317,33.148003,21.298,23.403557,32.923004,31.108383,1.4209051,652.5,38.0
2004-11-13,2004,318,33.098003,20.748,22.170221,32.835503,34.229492,1.3696287,657.75,38.1
2004-11-14,2004,319,32.598003,21.848,22.675777,32.0605,37.73608,1.3190008,583.25,37.0
2004-11-15,2004,320,33.448,21.598,22.392445,33.1355,26.764866,2.0831099,669.25,37.6
2004-11-16,2004,321,32.998,19.448,20.903557,32.698,21.447891,2.0615172,668.25,36.9
2004-11-17,2004,322,32.898003,18.848,20.209112,32.498,22.225029,1.5905045,648.25,36.8
2004-11-18,2004,323,33.048,20.498,21.903557,32.598,28.43823,1.9074194,613.0,36.8
2004-11-19,2004,324,32.998,18.148,20.031334,32.6355,27.340221,1.3179646,668.0,37.6
2004-11-20,2004,325,32.498,17.648,19.303555,32.1855,23.045305,1.235291,677.0,37.0
2004-11-21,2004,326,32.298,16.898,18.764668,31.973,27.023716,0.75718015,667.5,37.0
2004-11-22,2004,327,32.298,18.098,19.564667,31.8355,28.496843,1.1032414,663.5,36.9
2004-11-23,2004,328,32.048,17.898,19.631334,31.7355,28.600449,0.57776487,659.5,36.8
2004-11-24,2004,329,31.548,18.498,20.481333,31.223,29.631466,0.8168779,659.0,36.4
2004-11-25,2004,330,31.948,18.348,20.292444,31.647999,28.948898,1.4619353,651.75,36.4
2004-11-26,2004,331,31.948,18.698,20.464666,31.673,28.168497,0.68491143,649.25,36.6
2004-11-27,2004,332,31.948,18.448,20.286888,31.623,27.580544,1.234444,649.0,36.4
2004-11-28,2004,333,31.698,18.948,20.248,31.298,28.464127,1.7243979,651.75,35.9
2004-11-29,2004,334,30.498,18.298,18.83689,30.210499,27.532331,1.3049104,656.5,35.0
2004-11-30,2004,335,29.698,14.798,16.959112,29.373001,27.677843,0.8061973,657.25,34.4
2004-12-01,2004,336,29.398,15.298,17.575779,29.0105,31.504324,0.80858123,646.25,34.2
2004-12-02,2004,337,29.798,17.448,18.692444,29.4105,31.71858,1.7767234,637.0,33.9
2004-12-03,2004,338,30.248,17.098,18.764668,29.8855,29.520699,1.7745441,642.5,34.4
2004-12-04,2004,339,29.848,16.998,18.60911,29.522999,30.201046,2.0949845,648.75,33.8
2004-12-05,2004,340,29.748,16.448,18.281334,29.3605,30.54,1.5792615,646.75,34.1
2004-12-06,2004,341,29.848,16.098,17.842445,29.498001,32.612732,1.676358,634.0,34.1
2004-12-07,2004,342,30.148,17.148,18.514668,29.723,33.745605,2.3605983,633.5,33.8
2004-12-08,2004,343,29.698,18.098,18.770224,29.2355,29.700397,2.7477086,617.25,32.5
2004-12-09,2004,344,29.748,16.748,17.636889,29.2605,27.677053,2.4620445,647.5,33.0
2004-12-10,2004,345,30.648,16.048,17.564667,30.073,26.27139,2.3675776,654.25,34.0
2004-12-11,2004,346,30.148,16.598,18.031334,29.5355,24.514574,2.724681,652.75,33.0
2004-12-12,2004,347,29.448,17.048,18.092445,28.810501,25.522047,3.0390158,649.5,31.9
2004-12-13,2004,348,29.098,16.698,18.009111,28.473,28.514929,2.4691434,649.75,32.3
2004-12-14,2004,349,29.748,15.948,16.959112,29.098,31.586145,2.0036097,645.5,33.5
2004-12-15,2004,350,30.348,14.648,16.348,29.673,29.303028,1.5654953,648.75,34.4
2004-12-16,2004,351,30.598,15.398,16.93689,29.948,27.077896,1.9255552,655.25,34.3
2004-12-17,2004,352,30.648,15.148,16.575779,30.060501,25.269344,1.9597172,657.0,34.3
2004-12-18,2004,353,29.998,14.948,16.33689,29.335499,26.014254,1.3652241,657.0,34.1
2004-12-19,2004,354,28.348,12.848,15.475778,27.9105,30.20407,2.4713395,654.5,31.8
2004-12-20,2004,355,27.648,15.798,16.925777,27.223,44.583584,1.8684561,626.75,32.2
2004-12-21,2004,356,26.948,14.648,17.370222,26.5855,43.203854,0.71422666,620.25,32.5
2004-12-22,2004,357,27.348,15.448,17.242445,26.998,41.45539,1.659288,612.75,32.0
2004-12-23,2004,358,27.248,13.698,16.003555,26.948,21.35603,1.2213529,632.0,31.6
2004-12-24,2004,359,27.148,13.848,15.792445,26.522999,33.12668,2.4715052,604.0,30.1
2004-12-25,2004,360,27.448,16.298,16.864666,26.9855,35.9147,3.9027836,642.0,29.2
2004-12-26,2004,361,26.098,15.498,16.520224,25.6355,33.516003,3.4758673,651.5,28.3
2004-12-27,2004,362,27.698,14.898,16.675777,26.7855,35.502377,2.6296716,647.25,30.6
2004-12-28,2004,363,29.998,16.998,18.670221,29.223,37.17121,2.6003997,638.25,33.2
2004-12-29,2004,364,29.348,17.298,19.642445,28.5855,41.236855,1.5836568,566.25,33.2
2004-12-30,2004,365,29.198,18.948,20.153557,28.623001,41.105846,2.4395657,434.5,31.2
2004-12-31,2004,366,26.198,16.448,19.403557,25.873001,53.216827,5.726952,462.75,25.4
2005-01-01,2005,1,23.298,12.098,14.370222,22.5355,44.61249,1.596735,665.5,28.6
2005-01-02,2005,2,24.548,11.348,14.309111,24.073,37.583076,0.54893583,670.25,30.6
2005-01-03,2005,3,25.298,11.998,13.8035555,24.6605,28.320953,2.7812877,682.0,28.4
2005-01-04,2005,4,26.598,14.048,15.114666,25.6105,36.895683,3.3845565,669.0,28.7
2005-01-05,2005,5,27.698,14.648,15.797999,26.948,40.681602,1.8036408,662.75,32.1
2005-01-06,2005,6,26.698,12.348,14.9702215,25.8605,35.973953,2.0582962,676.0,30.7
2005-01-07,2005,7,26.798,15.748,16.403557,26.123001,32.898094,3.4099293,680.0,29.1
2005-01-08,2005,8,27.098,13.348,14.481334,26.3855,24.846413,2.3177998,692.75,30.7
2005-01-09,2005,9,27.398,12.248,14.3868885,26.848,27.088814,1.616638,689.0,31.9
2005-01-10,2005,10,27.048,12.548,14.520223,26.748,33.455673,3.6769953,678.25,29.4
2005-01-11,2005,11,25.898,11.598,14.114666,25.473,28.34424,1.9579923,695.25,30.4
2005-01-12,2005,12,26.048,12.548,13.842444,25.448,28.882923,3.1402454,699.25,28.8
2005-01-13,2005,13,26.548,12.398,14.103556,25.7605,29.943415,1.4493513,701.25,31.3
2005-01-14,2005,14,27.248,11.948,14.220222,26.573,27.155151,1.656414,696.25,31.7
2005-01-15,2005,15,27.498,12.198,14.542445,26.823,29.492023,1.0151482,672.0,32.3
2005-01-16,2005,16,26.448,13.798,15.520223,26.1105,28.438255,3.7470734,672.75,28.5
2005-01-17,2005,17,24.448,12.998,14.742445,24.0855,24.297745,4.3403206,717.75,25.9
2005-01-18,2005,18,24.098,9.848,12.492444,23.710499,25.055834,1.7464643,717.0,29.2
2005-01-19,2005,19,24.748,10.898,12.303555,24.198,26.152952,3.4528909,718.0,27.3
2005-01-20,2005,20,25.398,12.798,14.331333,24.6605,25.235584,4.042922,712.75,26.9
2005-01-21,2005,21,24.948,13.898,15.420222,24.5105,30.241686,2.2916121,466.0,26.9
2005-01-22,2005,22,26.448,12.398,14.5146675,25.973,28.12814,3.665381,723.75,28.9
2005-01-23,2005,23,25.398,12.748,14.320223,24.823,26.554455,2.680853,723.75,29.0
2005-01-24,2005,24,25.398,13.198,14.8868885,24.823,24.832306,3.405062,631.75,27.1
2005-01-25,2005,25,25.748,14.798,15.9702215,24.598,28.843246,3.464284,512.0,25.8
2005-01-26,2005,26,26.648,13.848,15.848001,25.7105,32.166477,1.6455635,641.0,30.6
2005-01-27,2005,27,25.748,13.498,15.853557,25.3105,34.96419,2.4981914,654.75,29.4
2005-01-28,2005,28,24.898,14.298,15.620222,24.448,24.591162,1.7057269,734.25,30.1
2005-01-29,2005,29,24.998,10.448,12.848,24.460499,27.563286,2.6451092,728.5,28.8
2005-01-30,2005,30,25.148,14.248,15.403556,24.523,39.536743,3.379169,586.75,26.9
2005-01-31,2005,31,25.648,14.948,15.997999,24.823,41.767742,3.3154263,637.0,27.8
2005-02-01,2005,32,25.848,13.998,15.203556,25.298,30.442577,3.1594865,750.5,29.2
2005-02-02,2005,33,26.498,12.748,14.342444,25.948,28.702356,1.2989025,755.0,32.0
2005-02-03,2005,34,27.448,11.748,14.242445,26.723,23.63041,1.0545454,758.0,32.7
2005-02-04,2005,35,27.398,11.248,14.642445,26.648,24.66639,1.7142,759.0,32.2
2005-02-05,2005,36,28.548,14.348,16.786888,27.7105,40.95721,0.4606796,741.0,34.5
2005-02-06,2005,37,28.648,15.248,17.575779,27.848,43.189674,2.1886663,747.5,33.4
2005-02-07,2005,38,28.048,15.498,17.603554,27.1105,46.0044,2.7929153,598.5,30.8
2005-02-08,2005,39,29.698,16.248,18.648,28.748001,42.81154,1.5477151,719.75,34.8
2005-02-09,2005,40,32.198,17.148,19.564667,31.3855,29.818527,1.3031603,764.5,37.2
2005-02-10,2005,41,34.248,18.948,20.903555,33.460503,26.208801,2.6245594,765.75,38.3
2005-02-11,2005,42,30.498,17.898,20.875778,29.6355,33.793205,1.9039757,768.75,35.2
2005-02-12,2005,43,31.848,15.298,19.286888,31.1605,28.116333,1.6652639,776.75,36.8
2005-02-13,2005,44,32.098003,18.248,20.43689,31.323002,32.25068,0.9609994,767.5,37.5
2005-02-14,2005,45,32.748,17.748,20.542444,31.973,27.774887,2.7579362,782.0,36.7
2005-02-15,2005,46,31.848,17.848,20.820223,30.1855,42.306107,4.9828806,765.75,33.2
2005-02-16,2005,47,29.298,17.798,20.348,28.098,27.68644,4.1756773,786.75,31.1
2005-02-17,2005,48,28.098,16.448,18.242445,26.373001,33.375675,5.111026,672.5,27.4
2005-02-18,2005,49,25.298,14.198,16.098,24.2355,18.792881,3.9854827,831.0,27.5
2005-02-19,2005,50,22.898,9.948,12.70911,22.2605,14.48473,2.237257,847.75,28.5
2005-02-20,2005,51,23.248,9.098,11.686889,22.335499,14.247009,2.2606468,857.25,28.6
2005-02-21,2005,52,25.748,11.398,12.725778,25.048,20.37583,3.6216319,833.5,28.9
2005-02-22,2005,53,26.498,12.298,14.0535555,25.773,14.53266,3.1975439,854.0,30.3
2005-02-23,2005,54,27.998,13.298,14.4702215,27.098,17.133919,2.6290894,844.75,32.1
2005-02-24,2005,55,30.148,12.098,15.059111,29.298,15.342479,1.539812,836.0,35.0
2005-02-25,2005,56,31.748,15.798,18.564667,30.9355,17.761398,1.5778614,822.75,36.4
2005-02-26,2005,57,33.448,17.998,20.348,32.723,18.855806,1.6110238,825.0,38.3
2005-02-27,2005,58,34.948,17.498,20.286888,34.273003,18.568684,1.1833285,831.5,40.0
2005-02-28,2005,59,35.648003,19.398,22.170221,34.910503,20.529663,1.1609721,787.0,40.5
2005-03-01,2005,60,35.098003,20.048,22.736889,34.1855,21.387793,0.698826,828.75,40.1
2005-03-02,2005,61,36.048,20.798,22.992445,35.4855,21.034887,2.6385167,822.75,40.7
2005-03-03,2005,62,32.898003,20.998,23.35911,32.148003,29.052387,2.1810803,829.0,37.8
2005-03-04,2005,63,32.898003,21.548,23.370222,32.3105,25.92406,2.6666894,834.5,37.5
2005-03-05,2005,64,32.198,18.148,21.414665,31.373001,22.150867,1.7131789,857.75,37.3
2005-03-06,2005,65,32.798,16.198,19.381334,32.2605,20.661818,0.89964694,816.25,38.0
2005-03-07,2005,66,30.498,19.548,21.314667,29.948,34.71988,2.1439111,621.25,34.2
2005-03-08,2005,67,31.948,19.848,21.786888,31.173,31.983326,2.0349247,806.5,36.9
2005-03-09,2005,68,31.698,18.848,21.348,31.022999,28.439383,2.8346262,809.0,35.8
2005-03-10,2005,69,30.398,19.298,21.103556,29.923,30.02285,2.520006,700.25,34.2
2005-03-11,2005,70,31.898,18.148,20.814667,31.273,24.119377,2.1718059,870.0,37.0
2005-03-12,2005,71,33.298,18.998,20.931332,32.835503,19.106117,3.082765,881.75,37.8
2005-03-13,2005,72,34.098003,19.198,20.831333,33.548004,18.831553,1.8041601,888.75,39.5
2005-03-14,2005,73,35.498,17.998,20.631334,34.998,17.685616,0.79392457,891.75,41.1
2005-03-15,2005,74,36.098003,17.698,21.148,35.473003,15.775143,2.18219,893.25,41.2
2005-03-16,2005,75,35.948,19.848,22.459112,35.035503,18.387432,2.6140304,876.75,40.5
2005-03-17,2005,76,36.348003,18.798,21.403557,35.473003,19.89088,2.1652462,887.0,41.4
2005-03-18,2005,77,35.898003,19.548,22.286888,34.9355,18.628162,3.0917501,895.25,40.2
2005-03-19,2005,78,36.298,20.548,23.253555,35.123,26.037119,3.166688,886.5,40.6
2005-03-20,2005,79,37.198,21.748,24.386889,36.210503,20.547783,2.5546722,899.25,42.1
2005-03-21,2005,80,35.048,20.598,24.270224,33.923,21.463945,4.8356037,905.0,38.1
2005-03-22,2005,81,33.998,20.848,24.042444,33.0605,24.832369,3.3048453,897.75,38.2
2005-03-23,2005,82,33.848003,20.598,22.409111,33.1855,17.231377,3.7547154,913.25,37.8
2005-03-24,2005,83,33.848003,18.998,21.675777,33.048,21.500048,1.3481758,909.25,39.5
2005-03-25,2005,84,35.148003,17.948,22.075779,34.548004,13.744328,0.70764136,913.5,40.3
2005-03-26,2005,85,36.148003,19.398,22.409111,35.098003,20.171324,2.6067564,898.75,40.8
2005-03-27,2005,86,35.598003,20.798,23.831333,34.373,27.502186,4.4565086,905.0,39.0
2005-03-28,2005,87,36.248,21.698,23.748,35.585503,22.632137,2.9342792,903.75,41.3
2005-03-29,2005,88,36.698,21.898,23.93689,36.4355,12.909969,4.328246,918.25,41.1
2005-03-30,2005,89,36.448,20.098,22.681334,36.085503,7.3087745,4.0376067,949.0,40.5
2005-03-31,2005,90,36.398003,19.798,22.470222,36.0105,10.899984,3.4797454,940.75,41.0
2005-04-01,2005,91,36.548,21.598,23.853556,36.0105,9.898151,1.7346708,948.0,41.7
2005-04-02,2005,92,37.398003,20.398,22.659111,36.9355,9.120699,1.9046428,951.5,42.6
2005-04-03,2005,93,39.048,21.298,22.920221,38.6855,8.240163,2.5806515,952.25,44.2
2005-04-04,2005,94,39.898003,20.298,22.842445,39.485504,7.8173456,1.4656903,953.0,45.2
2005-04-05,2005,95,40.698,20.848,23.175777,40.1355,9.160304,1.1726764,945.75,46.0
2005-04-06,2005,96,40.548,20.748,24.08689,40.0105,10.3069935,1.725521,933.75,46.0
2005-04-07,2005,97,39.098003,22.998,25.431334,37.710503,15.616218,4.285476,937.75,43.0
2005-04-08,2005,98,35.598003,20.348,23.275778,34.748,13.753938,3.5311623,954.75,39.9
2005-04-09,2005,99,35.248,19.098,20.953556,34.7855,10.486098,3.5428052,960.0,39.7
2005-04-10,2005,100,34.148003,18.398,20.942444,33.5355,6.2976394,3.1800356,985.0,38.4
2005-04-11,2005,101,35.648003,18.098,20.842445,35.0105,7.6719294,3.1215034,975.0,40.0
2005-04-12,2005,102,37.498,19.548,21.948,36.873,8.549287,3.0677173,969.25,42.1
2005-04-13,2005,103,39.098003,20.748,23.770224,38.5105,8.726875,0.9200784,948.25,44.0
2005-04-14,2005,104,38.348003,23.148,25.159111,37.548004,12.184942,2.318144,919.75,43.2
2005-04-15,2005,105,39.448,21.798,24.092445,38.873,16.40932,2.8484201,915.5,44.9
2005-04-16,2005,106,39.648003,23.198,25.253555,39.123,12.237781,2.5365963,937.25,45.1
2005-04-17,2005,107,39.898003,22.398,24.692444,39.2855,9.785711,1.1838785,947.5,45.2
2005-04-18,2005,108,39.748,20.548,23.781334,39.3105,9.990285,1.4262543,951.0,45.3
2005-04-19,2005,109,39.898003,23.348,25.786888,39.348003,11.160049,2.6298256,955.5,45.3
2005-04-20,2005,110,40.698,21.698,24.620222,40.023003,14.7524185,2.5035317,946.5,46.5
2005-04-21,2005,111,39.798,24.948,27.092445,39.1105,18.199833,2.9609232,910.5,45.2
2005-04-22,2005,112,38.248,24.898,27.092445,37.660503,23.791775,2.312548,776.75,43.3
2005-04-23,2005,113,38.848003,25.898,28.475779,38.373,20.232285,1.975136,907.0,45.0
2005-04-24,2005,114,39.098003,24.998,27.798,38.473003,21.183552,2.4196436,919.0,45.0
2005-04-25,2005,115,38.598003,25.098,27.459112,37.8855,25.266138,2.9548435,892.25,44.1
2005-04-26,2005,116,38.948,23.648,26.842445,37.773003,21.900799,3.1532063,932.75,43.9
2005-04-27,2005,117,39.448,24.298,27.214668,38.323,20.541578,3.8494961,931.0,44.1
2005-04-28,2005,118,39.798,24.298,27.242445,38.210503,21.528164,3.605207,877.5,43.8
2005-04-29,2005,119,38.548,24.298,26.725777,37.085503,28.315596,3.4581637,904.5,43.0
2005-04-30,2005,120,37.398003,23.848,26.892445,36.1105,33.268456,2.7737284,914.5,42.7
2005-05-01,2005,121,38.498,24.798,27.798,37.4105,27.34119,2.7779822,917.0,43.9
2005-05-02,2005,122,38.248,25.748,28.414665,37.648003,21.88518,3.4646149,882.25,43.2
2005-05-03,2005,123,38.848003,26.348,28.948002,38.423004,18.26117,2.127441,845.0,44.4
2005-05-04,2005,124,37.398003,25.348,27.998,36.860504,27.44233,2.7360334,861.75,42.9
2005-05-05,2005,125,37.298,25.798,28.053555,36.698,28.077383,3.0484922,885.0,42.7
2005-05-06,2005,126,37.798,24.898,27.270224,37.1855,32.13281,3.068533,867.5,43.3
2005-05-07,2005,127,38.948,25.248,27.709112,37.460503,30.694344,3.8904219,915.0,43.4
2005-05-08,2005,128,38.098003,25.398,27.714668,36.623,33.77812,2.7156625,916.25,43.3
2005-05-09,2005,129,38.198,25.748,27.70911,37.210503,27.51821,3.3267689,922.75,43.3
2005-05-10,2005,130,38.598003,24.448,26.875778,37.610504,26.646727,2.56178,927.5,44.3
2005-05-11,2005,131,38.298,24.748,26.909111,37.4355,18.983444,3.192872,945.5,43.4
2005-05-12,2005,132,39.348003,22.748,25.848,38.398003,13.78857,3.2968197,963.0,44.2
2005-05-13,2005,133,39.998,22.848,26.103556,38.9105,18.360523,4.868877,942.75,44.5
2005-05-14,2005,134,39.798,23.648,26.642445,38.160503,26.34438,3.3158207,936.0,44.5
2005-05-15,2005,135,40.648003,24.198,27.153557,38.960503,24.51276,3.163588,934.5,45.5
2005-05-16,2005,136,41.448,25.298,28.242443,40.073,19.34861,3.9302402,938.0,46.2
2005-05-17,2005,137,39.348003,24.898,27.781334,38.198,25.207907,4.0736656,933.25,44.1
2005-05-18,2005,138,38.998,24.948,27.703556,37.210503,32.08565,3.3557775,920.0,43.5
2005-05-19,2005,139,40.898003,25.848,28.575779,39.3105,28.526516,3.257473,921.0,46.0
2005-05-20,2005,140,42.398003,26.248,29.170223,40.835503,24.025503,3.1191955,924.0,47.7
2005-05-21,2005,141,42.048,26.948,29.925777,40.8605,21.93719,3.7967873,922.75,47.3
2005-05-22,2005,142,41.248,26.198,29.142447,40.110504,19.174776,3.8413038,932.75,46.3
2005-05-23,2005,143,40.698,26.948,29.586891,39.5105,30.291931,3.5209982,867.25,45.8
2005-05-24,2005,144,41.898003,28.148,30.614668,41.1855,22.28403,3.293385,861.25,47.5
2005-05-25,2005,145,41.698,27.798,30.281334,41.0355,17.02571,3.5697663,924.5,47.3
2005-05-26,2005,146,40.198,25.898,28.503557,38.960503,23.21911,3.0467706,926.0,45.4
2005-05-27,2005,147,39.798,27.048,29.231333,39.048004,27.115673,2.2221303,841.0,45.7
2005-05-28,2005,148,40.448,27.148,29.681335,39.648003,25.778908,2.2595797,870.75,46.5
2005-05-29,2005,149,39.198,27.598,29.564667,38.5605,31.151825,2.1464827,856.75,45.5
2005-05-30,2005,150,39.098003,27.498,29.498,38.5105,28.054104,2.113253,850.25,45.2
2005-05-31,2005,151,40.598003,27.698,30.003557,40.0105,22.148272,2.347042,850.25,46.5
2005-06-01,2005,152,40.748,29.498,31.286888,39.960503,25.53187,3.2085133,864.0,46.3
2005-06-02,2005,153,40.098003,28.048,30.053555,38.973003,28.74543,3.9687116,890.75,45.0
2005-06-03,2005,154,39.748,26.498,28.809113,38.2605,28.148071,3.754489,908.25,44.3
2005-06-04,2005,155,40.398003,26.248,28.492445,38.673,29.35419,3.8828108,899.5,44.7
2005-06-05,2005,156,41.448,25.998,28.192444,39.473,26.922447,3.856463,902.75,45.7
2005-06-06,2005,157,40.998,26.148,28.070223,39.698,23.531298,4.3001847,908.75,45.7
2005-06-07,2005,158,39.348003,27.198,28.864664,37.910503,32.75264,3.890111,885.0,43.8
2005-06-08,2005,159,39.598003,28.148,29.492445,38.0605,34.252354,3.1844301,873.75,44.5
2005-06-09,2005,160,40.048,27.848,29.325779,38.5605,34.316086,3.0819178,885.75,45.2
2005-06-10,2005,161,39.798,27.448,29.43689,38.1105,33.92898,3.0616667,892.75,44.7
2005-06-11,2005,162,40.398003,26.948,29.45911,38.7605,30.699938,3.2922723,881.0,45.1
2005-06-12,2005,163,39.098003,27.248,29.68689,37.660503,31.144703,2.6950083,749.75,43.3
2005-06-13,2005,164,39.048,28.948,30.231333,38.4105,31.810125,2.9342492,817.75,44.5
2005-06-14,2005,165,38.898003,28.748,29.909111,38.023003,33.1511,3.0705304,869.25,44.4
2005-06-15,2005,166,39.048,28.148,30.381334,38.2605,33.32908,2.7797668,863.5,44.9
2005-06-16,2005,167,39.098003,28.398,30.814667,37.923,36.791557,2.92929,848.0,44.5
2005-06-17,2005,168,39.198,28.948,30.998,38.035503,34.804596,2.8225937,828.5,44.4
2005-06-18,2005,169,39.798,28.698,31.342445,38.8105,33.73632,1.7398413,863.5,46.3
2005-06-19,2005,170,39.148003,30.448,31.648,38.0605,39.49622,0.50373554,689.0,44.9
2005-06-20,2005,171,37.948,27.698,28.664665,37.085503,42.363647,3.1150215,791.5,43.3
2005-06-21,2005,172,35.548,27.748,28.448002,35.248,44.054752,6.440097,507.25,37.7
2005-06-22,2005,173,36.248,27.498,28.103556,35.6855,48.4104,5.6308355,718.25,40.1
2005-06-23,2005,174,33.498,27.698,28.170221,33.2355,59.70449,5.1964526,513.5,36.5
2005-06-24,2005,175,32.498,27.748,28.159111,31.4855,71.06865,4.2460814,551.25,36.0
2005-06-25,2005,176,31.698,26.948,27.386889,31.098,68.44321,4.2297897,523.0,35.0
2005-06-26,2005,177,31.748,26.998,27.242445,30.423,71.85936,4.2521553,460.75,33.9
2005-06-27,2005,178,29.748,26.048,26.398,28.598,83.01332,2.881917,211.25,32.0
2005-06-28,2005,179,30.098,25.298,25.898,29.6855,77.09051,2.6097407,284.5,33.8
2005-06-29,2005,180,28.398,25.148,25.592445,28.0855,85.888054,3.661948,284.75,31.2
2005-06-30,2005,181,29.248,25.248,25.570223,28.573,83.368195,3.0732374,359.25,33.0
2005-07-01,2005,182,27.398,24.398,24.881334,26.223,92.3779,4.389917,151.75,27.2
2005-07-02,2005,183,29.648,23.998,24.303555,25.9355,89.70981,4.833881,97.75,25.5
2005-07-03,2005,184,27.698,23.398,24.409111,27.060501,91.66594,3.0829985,205.75,30.4
2005-07-04,2005,185,32.748,25.198,26.075779,31.798,63.725273,4.8014545,626.25,35.8
2005-07-05,2005,186,31.998,26.348,27.025778,31.772999,61.1297,4.526922,543.5,35.2
2005-07-06,2005,187,32.598003,26.598,27.292444,32.1855,58.14579,4.848573,575.5,35.5
2005-07-07,2005,188,32.298,26.048,26.981333,31.673,64.24939,4.2132545,580.5,35.8
2005-07-08,2005,189,31.898,25.598,26.636889,31.2355,61.83,3.4659452,497.75,35.1
2005-07-09,2005,190,31.948,25.448,26.542444,31.310501,58.271168,3.876808,544.0,34.8
2005-07-10,2005,191,32.398003,25.698,26.964666,31.673,60.178566,3.8208199,636.25,36.2
2005-07-11,2005,192,32.898003,25.698,27.231333,32.360504,58.41562,3.9276738,597.75,36.6
2005-07-12,2005,193,31.598,26.398,27.592445,30.9105,67.26983,4.1150093,546.25,34.9
2005-07-13,2005,194,31.498,25.898,26.870222,30.9355,70.270004,3.73429,536.5,35.5
2005-07-14,2005,195,31.748,26.048,27.136889,31.272999,63.968834,4.3898616,598.75,35.2
2005-07-15,2005,196,31.848,26.198,27.092445,30.960499,69.43763,3.6766202,504.5,35.3
2005-07-16,2005,197,30.598,26.098,26.931334,30.048,68.58191,3.6627195,363.75,32.9
2005-07-17,2005,198,31.248,26.098,27.031334,30.8605,64.254715,3.4548008,513.75,34.9
2005-07-18,2005,199,32.648003,26.398,27.198,32.198,58.9027,3.169014,674.25,37.7
2005-07-19,2005,200,33.348003,26.698,27.731333,32.785503,56.57174,3.5808349,694.0,37.9
2005-07-20,2005,201,32.848003,25.948,27.475777,32.585503,56.53174,4.5183096,553.5,35.9
2005-07-21,2005,202,33.048,26.198,27.303555,32.3105,56.881245,4.5237722,468.5,35.0
2005-07-22,2005,203,32.948,26.348,27.403557,32.410503,57.827847,4.2776003,501.75,35.6
2005-07-23,2005,204,33.498,26.298,27.409111,32.6855,55.3604,4.3356338,572.25,36.2
2005-07-24,2005,205,33.648003,25.748,27.57022,32.860504,55.765392,3.602008,621.0,37.4
2005-07-25,2005,206,33.798,26.448,27.714668,33.2605,52.699837,4.5494294,600.25,36.8
2005-07-26,2005,207,32.798,26.548,27.803555,32.085503,58.356773,3.2977223,431.0,35.5
2005-07-27,2005,208,29.598,25.898,26.792444,29.348,75.63413,2.9852355,314.25,33.0
2005-07-28,2005,209,26.098,25.048,25.498,25.573,92.67658,6.6232467,47.25,23.5
2005-07-29,2005,210,26.998,24.148,24.631334,26.1605,91.12713,3.1903515,142.25,28.3
2005-07-30,2005,211,29.098,23.948,24.753555,28.623,75.28601,2.8314266,340.5,32.3
2005-07-31,2005,212,30.998,25.248,25.759111,29.923,79.735634,2.1523771,485.0,36.5
2005-08-01,2005,213,29.148,25.098,25.642445,28.5105,81.3355,4.6082883,216.75,29.9
2005-08-02,2005,214,25.798,24.648,24.970222,25.647999,94.35977,3.5232182,64.25,26.7
2005-08-03,2005,215,26.998,24.398,24.709112,26.923,88.30372,5.132179,211.0,27.7
2005-08-04,2005,216,28.348,24.898,25.425777,27.6105,81.24682,3.7926464,228.25,29.4
2005-08-05,2005,217,28.148,25.248,25.625776,27.873001,77.68332,4.885647,269.25,28.8
2005-08-06,2005,218,30.148,24.898,25.653557,29.0355,72.049164,4.9465175,350.0,30.6
2005-08-07,2005,219,30.448,25.148,25.781334,30.223,67.391136,5.872048,408.25,31.9
2005-08-08,2005,220,30.548,25.648,26.009111,30.1605,67.48445,4.6074624,592.0,33.8
2005-08-09,2005,221,30.598,24.198,25.398,30.147999,65.28253,4.064038,609.5,34.2
2005-08-10,2005,222,30.848,24.698,25.598,30.373001,64.01199,4.517116,554.75,33.6
2005-08-11,2005,223,29.848,24.748,25.481333,29.4855,68.68135,4.8926215,468.75,31.9
2005-08-12,2005,224,30.198,24.798,25.664665,29.8605,65.77012,3.8620613,413.25,32.6
2005-08-13,2005,225,31.098,24.398,25.892445,30.6105,65.0361,2.7060199,528.75,35.6
2005-08-14,2005,226,31.098,25.648,26.509111,30.8105,63.90426,3.3259232,544.0,35.2
2005-08-15,2005,227,30.498,24.548,26.053555,30.0105,65.99594,3.4517598,428.25,33.3
2005-08-16,2005,228,30.348,24.698,25.953556,29.7855,71.80534,3.3472908,555.25,34.6
2005-08-17,2005,229,30.548,25.248,26.009111,30.185501,69.33177,2.649544,496.75,35.3
2005-08-18,2005,230,30.698,24.748,25.814667,30.323,66.09921,3.117861,607.25,35.5
2005-08-19,2005,231,30.298,25.098,25.892445,29.9105,71.344406,3.3187306,509.75,34.5
2005-08-20,2005,232,29.798,24.848,25.764668,29.448,69.93872,3.8967624,508.25,33.1
2005-08-21,2005,233,30.798,24.598,25.742445,30.4105,61.816525,3.9533668,546.75,33.9
2005-08-22,2005,234,31.248,23.748,25.303555,30.772999,58.39352,3.3163943,591.0,35.1
2005-08-23,2005,235,31.148,23.448,25.270224,30.4605,59.37004,3.5820904,564.25,34.3
2005-08-24,2005,236,31.148,23.498,25.175777,30.623,59.298912,4.4219794,567.0,33.7
2005-08-25,2005,237,30.648,23.548,25.136889,30.310501,60.127056,4.3910623,576.25,33.5
2005-08-26,2005,238,31.348,23.998,25.370222,30.4855,61.071438,3.4002752,546.5,34.5
2005-08-27,2005,239,30.748,23.648,25.403557,30.060501,64.88397,2.5496445,563.5,35.4
2005-08-28,2005,240,30.898,24.198,25.414665,30.348,70.032715,1.7058167,688.25,38.1
2005-08-29,2005,241,31.198,24.948,25.798,30.873001,67.320114,1.5386633,671.25,38.5
2005-08-30,2005,242,31.798,24.198,25.614666,31.185501,60.71839,2.0188053,663.75,37.7
2005-08-31,2005,243,32.048,24.348,25.698,31.373001,58.424255,2.0506122,621.0,37.4
2005-09-01,2005,244,32.348003,24.098,25.398,31.785501,56.325203,0.9417248,652.75,38.9
2005-09-02,2005,245,33.598003,24.348,25.364666,33.048004,55.72378,2.431593,815.75,40.2
2005-09-03,2005,246,33.798,25.148,26.625776,33.048,54.28643,3.5357435,804.0,38.9
2005-09-04,2005,247,32.898003,26.148,27.35911,32.123,59.332153,4.1240587,675.5,36.7
2005-09-05,2005,248,33.398003,26.348,27.531334,32.8605,60.15605,2.6936193,722.75,39.5
2005-09-06,2005,249,33.498,26.298,27.631334,33.0105,62.75888,1.5402628,694.5,40.9
2005-09-07,2005,250,32.498,27.048,27.864666,31.798,70.75834,1.8541577,553.75,38.9
2005-09-08,2005,251,31.648,25.748,26.33689,31.060501,69.16513,1.8086462,554.0,37.8
2005-09-09,2005,252,30.398,25.448,25.948,29.448,78.774536,0.7537843,305.5,35.6
2005-09-10,2005,253,31.998,25.398,25.786888,31.4105,73.43669,0.6039407,633.75,40.2
2005-09-11,2005,254,31.548,25.148,25.503555,30.948,73.19882,1.7130675,611.5,38.6
2005-09-12,2005,255,30.848,25.498,26.009111,30.498,73.34717,3.2062094,411.75,34.8
2005-09-13,2005,256,31.298,25.148,25.542444,30.748001,76.83985,2.818925,611.5,37.5
2005-09-14,2005,257,29.198,24.998,25.57022,28.548,80.33508,2.9943938,391.5,33.0
2005-09-15,2005,258,29.048,25.598,25.781334,28.123001,81.99878,3.7079942,347.25,31.3
2005-09-16,2005,259,28.698,24.898,25.348,27.923,83.137344,4.60013,288.75,29.8
2005-09-17,2005,260,27.648,25.098,25.198,27.1855,87.16163,1.5427457,179.75,31.7
2005-09-18,2005,261,27.848,24.398,24.670221,27.210499,83.21381,4.9226394,208.25,27.8
2005-09-19,2005,262,29.998,24.398,24.753555,29.598,77.86769,4.148504,412.75,33.1
2005-09-20,2005,263,31.198,24.448,25.342445,30.498001,78.98425,2.514087,543.75,37.3
2005-09-21,2005,264,33.298,25.898,26.581333,33.0105,65.13913,2.9828906,681.25,39.6
2005-09-22,2005,265,32.648003,26.248,26.875778,32.473003,66.240555,1.9292865,603.75,39.5
2005-09-23,2005,266,26.998,24.498,25.486887,26.4855,92.52021,2.9038754,122.5,29.1
2005-09-24,2005,267,30.398,24.348,24.920221,29.423,66.89549,4.8890953,509.25,32.0
2005-09-25,2005,268,30.448,23.948,24.648,29.998001,62.98368,4.8252606,568.25,32.9
2005-09-26,2005,269,29.298,22.698,24.231333,29.0605,62.13239,3.5154338,453.25,32.0
2005-09-27,2005,270,29.598,23.298,24.55911,29.248,61.05883,2.41641,589.5,34.5
2005-09-28,2005,271,29.548,23.048,24.053555,29.223,72.01274,0.82411474,593.5,36.9
2005-09-29,2005,272,30.648,22.148,23.153557,30.323,61.96105,1.4018757,646.25,37.3
2005-09-30,2005,273,30.098,23.148,23.820223,29.8855,67.73923,1.7918868,581.5,36.4
2005-10-01,2005,274,30.848,23.098,24.30911,30.5355,63.805145,2.0910964,685.25,37.3
2005-10-02,2005,275,31.148,23.598,24.514668,30.8355,61.397507,2.4189305,758.5,37.6
2005-10-03,2005,276,31.198,22.648,23.748,30.898,58.674473,2.079084,793.25,38.1
2005-10-04,2005,277,31.448,21.248,22.792444,31.123001,55.89736,0.91726345,772.25,39.0
2005-10-05,2005,278,32.098003,21.348,22.892445,31.685501,53.921185,1.6228203,778.25,39.0
2005-10-06,2005,279,32.648003,22.298,23.053555,32.3105,52.881157,1.7879074,759.5,39.3
2005-10-07,2005,280,32.998,21.498,22.998,32.6605,46.927284,0.9899481,770.0,39.9
2005-10-08,2005,281,33.348003,20.948,22.792444,33.0355,43.852905,1.1900454,774.75,40.0
2005-10-09,2005,282,33.198,21.148,22.709112,32.8855,45.79799,1.75727,749.75,39.4
2005-10-10,2005,283,33.498,20.248,22.325779,33.173,38.944443,1.7533569,782.5,39.5
2005-10-11,2005,284,34.148003,21.098,23.025778,33.748,40.91756,2.1781795,777.25,39.9
2005-10-12,2005,285,34.348003,22.648,24.131334,34.0105,39.393303,0.87980163,749.75,40.7
2005-10-13,2005,286,34.298,22.048,23.764668,34.048,37.648922,2.1697571,751.0,39.8
2005-10-14,2005,287,34.298,22.298,24.031334,33.898003,38.292297,2.3118596,770.5,39.7
2005-10-15,2005,288,33.848003,22.098,23.470222,33.373,39.498135,3.0253727,773.25,38.5
2005-10-16,2005,289,33.198,21.848,23.08689,32.748,45.63451,2.4346468,763.75,38.7
2005-10-17,2005,290,33.698,20.898,23.103556,33.123,45.804478,1.4258648,756.25,40.0
2005-10-18,2005,291,33.298,21.198,22.892445,32.3105,44.21931,1.1887064,694.5,38.7
2005-10-19,2005,292,33.748,20.298,21.892445,33.1355,38.454834,0.29778945,648.0,38.9
2005-10-20,2005,293,34.098003,19.848,21.936888,33.660503,29.61781,2.2070484,764.75,39.0
2005-10-21,2005,294,32.998,18.848,20.753555,32.410503,35.369404,1.0950387,762.0,38.7
2005-10-22,2005,295,32.498,19.498,20.825779,32.123,35.565624,1.2705864,758.25,38.3
2005-10-23,2005,296,32.198,18.798,20.409111,31.935501,33.689922,1.9622917,750.25,37.4
2005-10-24,2005,297,32.598003,19.898,21.625778,32.273003,37.48801,2.617333,742.75,37.3
2005-10-25,2005,298,33.148003,23.298,23.870222,32.585503,35.058426,1.9099358,698.5,37.9
2005-10-26,2005,299,33.098003,20.948,22.264668,32.623,40.392822,2.1711965,693.5,38.0
2005-10-27,2005,300,33.448,21.998,23.003555,33.0105,30.273058,2.6654449,726.75,37.6
2005-10-28,2005,301,33.548,19.148,20.231333,33.1605,28.257929,1.3320391,740.25,38.8
2005-10-29,2005,302,32.848003,19.248,20.636889,32.335503,31.062962,1.3200552,739.25,38.1
2005-10-30,2005,303,32.398003,16.248,18.642445,31.948002,27.081451,0.598874,745.25,37.6
2005-10-31,2005,304,31.898,18.098,19.364666,31.498001,30.89338,1.2807782,736.25,37.2
2005-11-01,2005,305,31.048,16.498,19.286888,30.598,36.92644,0.35811388,721.75,36.8
2005-11-02,2005,306,31.448,17.248,18.898,31.0855,31.66696,1.3271549,715.25,36.6
2005-11-03,2005,307,31.448,18.398,20.231333,31.1605,33.67162,1.6639558,655.25,36.1
2005-11-04,2005,308,31.048,18.548,20.342445,30.6605,36.97338,1.3290046,558.5,35.2
2005-11-05,2005,309,30.948,19.648,20.864666,30.3105,32.93686,1.1947073,495.0,34.1
2005-11-06,2005,310,31.698,18.898,20.036888,31.460499,31.296827,1.2481532,694.0,36.9
2005-11-07,2005,311,31.448,17.248,19.459112,31.123001,31.25357,0.8997575,703.25,36.7
2005-11-08,2005,312,31.598,17.698,19.236889,31.2855,30.285212,1.4115176,702.75,36.6
2005-11-09,2005,313,30.548,18.098,18.503555,30.2105,24.265556,2.3409328,714.0,34.5
2005-11-10,2005,314,30.898,15.448,16.742445,30.473,25.328587,2.5657363,716.0,34.7
2005-11-11,2005,315,30.898,15.698,17.103554,30.522999,28.659342,1.4419734,705.0,35.7
2005-11-12,2005,316,31.198,16.048,17.453556,30.873,28.798101,1.6331948,700.5,35.9
2005-11-13,2005,317,31.098,15.698,17.548,30.772999,26.733208,1.1715384,703.0,36.0
2005-11-14,2005,318,31.248,15.048,17.320223,30.798,29.290855,1.0025289,697.75,36.2
2005-11-15,2005,319,31.398,16.698,18.370222,30.973,28.450788,1.4311084,693.0,36.1
2005-11-16,2005,320,31.698,16.098,17.959112,31.1605,30.380743,1.5839417,688.0,36.2
2005-11-17,2005,321,31.398,17.248,18.825777,30.935501,33.64391,1.3768747,676.25,36.2
2005-11-18,2005,322,31.098,16.998,18.303555,30.673,29.31954,0.592743,666.25,35.9
2005-11-19,2005,323,31.048,15.298,17.348,30.6105,30.984282,0.884373,642.75,35.7
2005-11-20,2005,324,31.898,16.798,18.442444,31.3605,31.093441,1.6135504,674.75,36.4
2005-11-21,2005,325,31.548,16.548,18.281334,31.073,30.416,1.6077956,678.0,36.0
2005-11-22,2005,326,31.248,16.298,18.048,30.723,30.642776,0.8143588,674.5,36.1
2005-11-23,2005,327,30.698,15.248,17.08689,30.3605,31.080044,1.123308,671.5,35.6
2005-11-24,2005,328,30.848,15.498,17.275778,30.397999,31.418142,1.4205558,666.25,35.4
2005-11-25,2005,329,30.398,15.748,17.592445,30.0105,33.618835,0.8965731,662.25,35.4
2005-11-26,2005,330,30.148,16.148,18.136889,29.873001,33.27098,0.57615674,658.5,35.3
2005-11-27,2005,331,30.248,15.598,17.60911,29.960499,28.478064,1.6676652,654.25,34.6
2005-11-28,2005,332,29.748,14.848,16.603556,29.4105,26.796465,1.6599501,631.5,33.8
2005-11-29,2005,333,28.148,14.048,16.225777,27.6105,28.767048,2.0910378,628.5,31.6
2005-11-30,2005,334,26.998,13.048,15.448,26.460499,33.08328,1.5944895,664.5,31.6
2005-12-01,2005,335,26.448,14.498,16.10911,25.7605,37.818245,2.7156222,519.5,28.4
2005-12-02,2005,336,28.748,16.748,18.064667,28.1355,40.30995,3.6566072,634.5,30.9
2005-12-03,2005,337,29.148,19.498,20.18689,28.6355,39.57324,2.7933207,627.25,32.3
2005-12-04,2005,338,29.148,18.448,19.05911,28.648,37.2556,3.292521,640.25,31.8
2005-12-05,2005,339,28.798,17.348,18.198,28.248,33.774635,2.794561,648.5,31.9
2005-12-06,2005,340,28.898,14.698,16.425777,28.3355,30.614094,1.615993,657.75,33.2
2005-12-07,2005,341,28.898,14.598,16.30911,28.323,29.979523,1.437748,652.0,33.2
2005-12-08,2005,342,28.998,14.348,16.125778,28.310501,28.64336,1.895951,657.5,32.8
2005-12-09,2005,343,28.498,14.298,15.870222,27.8855,27.93716,1.7569673,658.5,32.5
2005-12-10,2005,344,28.548,14.498,15.68689,27.9355,28.12661,2.7006502,653.5,31.5
2005-12-11,2005,345,27.948,15.148,15.925777,27.4105,25.075039,2.7468548,654.5,30.8
2005-12-12,2005,346,27.348,13.498,14.848001,26.673,25.487658,1.7457578,657.75,31.3
2005-12-13,2005,347,27.398,12.898,14.631334,26.723,26.959711,1.5765282,655.75,31.5
2005-12-14,2005,348,26.948,12.598,14.336888,26.272999,31.467743,1.3050332,657.5,31.5
2005-12-15,2005,349,27.198,12.948,14.403556,26.4855,32.17933,1.4450709,651.5,31.6
2005-12-16,2005,350,27.648,13.798,15.0146675,26.935501,30.029999,2.747647,653.25,30.5
2005-12-17,2005,351,26.998,14.048,15.036889,26.560501,27.346556,3.0255857,658.25,29.7
2005-12-18,2005,352,26.298,12.748,13.936889,25.7855,26.363327,2.2325659,663.25,30.0
2005-12-19,2005,353,25.998,11.698,13.520222,25.272999,32.59947,1.0578682,654.25,30.9
2005-12-20,2005,354,25.748,11.098,13.548,25.3105,33.348503,2.4330673,652.25,29.4
2005-12-21,2005,355,26.448,12.448,14.609111,25.573,36.509502,2.284995,654.0,30.0
2005-12-22,2005,356,26.498,14.248,15.736889,25.9355,31.988268,3.2174072,657.5,28.9
2005-12-23,2005,357,25.398,13.848,15.275777,24.9605,30.559551,3.1787915,659.5,28.0
2005-12-24,2005,358,24.798,12.698,13.848001,24.248,25.77405,3.1343875,672.5,27.4
2005-12-25,2005,359,25.248,13.298,13.992444,24.5605,26.256084,3.4572887,667.25,27.2
2005-12-26,2005,360,26.548,12.098,13.620222,25.8605,25.573633,2.005972,663.75,30.3
2005-12-27,2005,361,27.098,11.198,13.353556,26.5355,26.979336,0.5113602,669.0,32.1
2005-12-28,2005,362,26.848,10.798,13.631333,26.248,32.553547,1.5191004,663.5,31.4
2005-12-29,2005,363,27.248,13.398,15.231334,26.598,35.36879,0.78195775,655.75,32.3
2005-12-30,2005,364,26.998,11.848,14.431334,26.5605,38.362663,1.5062567,656.75,31.9
2005-12-31,2005,365,27.348,12.298,14.236889,26.8855,31.679087,0.774469,666.25,32.5
2006-01-01,2006,1,28.398,13.298,15.303555,27.9105,33.845135,0.645893,653.25,33.4
2006-01-02,2006,2,25.748,13.498,15.359111,25.448,36.91261,3.149064,658.25,28.7
2006-01-03,2006,3,24.098,13.098,14.620222,23.623,30.31992,2.349183,681.5,28.1
2006-01-04,2006,4,26.148,12.798,13.936889,25.273,36.893875,3.1515296,661.75,28.6
2006-01-05,2006,5,26.648,14.898,16.036888,25.7605,39.0042,2.7559965,658.5,29.7
2006-01-06,2006,6,26.848,15.398,16.286888,26.0355,38.034267,3.0618382,644.0,29.4
2006-01-07,2006,7,26.898,16.048,17.025778,26.1105,34.53733,4.117488,669.5,28.2
2006-01-08,2006,8,27.048,14.798,16.364666,26.1605,28.857433,3.3575783,685.5,29.2
2006-01-09,2006,9,27.648,13.098,14.575779,26.6605,31.522635,1.9357013,689.25,31.6
2006-01-10,2006,10,28.048,12.548,14.381332,27.223,33.157806,2.388111,687.75,31.6
2006-01-11,2006,11,28.198,12.598,14.453556,27.4105,33.321854,1.7602032,691.5,32.5
2006-01-12,2006,12,27.998,11.598,14.659112,27.248,30.780293,2.024443,700.0,32.1
2006-01-13,2006,13,28.398,12.898,15.464667,27.3355,35.06916,1.2682102,691.75,33.0
2006-01-14,2006,14,30.098,14.598,16.431334,29.123,31.22319,2.0866528,692.5,33.8
2006-01-15,2006,15,31.098,14.648,16.392445,30.060501,28.067703,1.1353214,700.0,35.4
2006-01-16,2006,16,31.298,13.948,16.625778,30.7355,31.063553,1.4855776,695.5,36.0
2006-01-17,2006,17,28.498,15.298,17.031334,27.6855,33.426712,3.0240839,708.25,31.5
2006-01-18,2006,18,27.698,14.398,16.425777,26.9355,40.191555,3.091716,688.75,30.7
2006-01-19,2006,19,27.548,13.948,16.014668,26.7605,39.038494,2.6452675,650.25,30.7
2006-01-20,2006,20,27.698,14.898,16.492443,27.098,31.916542,2.5029168,680.5,31.2
2006-01-21,2006,21,26.548,13.798,15.820223,26.023,25.079876,2.7020657,729.25,30.2
2006-01-22,2006,22,25.498,10.798,13.609112,25.173,21.84021,3.8753986,730.25,27.7
2006-01-23,2006,23,24.898,11.198,13.542445,24.298,33.116978,2.2163029,719.75,29.3
2006-01-24,2006,24,25.798,12.148,13.759111,25.398,21.426384,2.9928758,738.25,29.2
2006-01-25,2006,25,25.898,12.148,13.747999,25.2855,22.756012,2.986785,737.5,29.1
2006-01-26,2006,26,27.148,13.048,14.442444,26.473,23.518839,3.2359796,737.25,30.0
2006-01-27,2006,27,28.248,14.148,15.414666,27.3605,24.01605,2.9576283,738.5,31.2
2006-01-28,2006,28,29.398,13.598,15.536889,28.6105,22.712109,1.4145747,736.75,33.9
2006-01-29,2006,29,29.898,13.398,15.803555,29.248001,23.537594,1.2380525,697.75,34.3
2006-01-30,2006,30,31.098,14.298,16.753555,30.1355,24.786728,1.3008106,742.75,35.5
2006-01-31,2006,31,32.148003,15.748,17.781334,31.3355,24.191957,0.9575312,743.75,36.8
2006-02-01,2006,32,32.398003,17.398,19.114666,31.423,26.485262,0.5417,731.25,36.9
2006-02-02,2006,33,32.548,18.398,19.631334,31.522999,25.554483,1.9838257,739.5,36.5
2006-02-03,2006,34,32.998,18.098,19.842445,32.135498,23.246008,2.1727464,753.0,37.0
2006-02-04,2006,35,32.698,18.648,19.85911,31.885502,23.977118,2.4088786,762.5,36.6
2006-02-05,2006,36,31.948,16.698,18.60911,31.397999,19.985035,0.9608054,777.75,36.9
2006-02-06,2006,37,31.048,14.748,17.081333,30.3355,23.375097,0.5184267,778.0,36.1
2006-02-07,2006,38,29.998,15.298,17.214668,29.3605,25.117744,1.4981062,776.0,35.0
2006-02-08,2006,39,30.248,13.748,16.631334,29.460499,32.31598,0.8225836,760.5,35.6
2006-02-09,2006,40,31.548,16.198,18.292444,30.798,28.071785,1.3616984,774.0,36.6
2006-02-10,2006,41,32.298,16.148,18.298,31.498001,22.993876,1.6082245,782.0,36.9
2006-02-11,2006,42,32.048,16.998,19.103556,31.298,22.78759,0.86099356,781.25,37.0
2006-02-12,2006,43,32.598003,16.498,18.820223,31.885502,23.601482,0.42216533,783.0,37.6
2006-02-13,2006,44,32.648003,16.448,18.831333,32.073,23.91707,1.8601613,784.75,37.4
2006-02-14,2006,45,32.598003,16.148,19.053555,31.885502,24.603868,2.1769369,788.75,37.0
2006-02-15,2006,46,32.048,16.048,18.814667,30.848,22.244274,3.7802434,795.0,34.4
2006-02-16,2006,47,30.698,16.648,19.381334,29.5355,34.505993,2.102395,793.5,35.2
2006-02-17,2006,48,30.648,16.798,19.420221,29.348,41.88666,1.9169385,792.0,35.5
2006-02-18,2006,49,32.348003,15.748,18.842445,31.348001,38.413532,2.1898084,782.75,37.1
2006-02-19,2006,50,33.748,19.348,21.464668,32.8605,34.806107,1.5823537,782.0,39.0
2006-02-20,2006,51,33.898003,18.398,21.181334,33.123,28.826284,1.9418046,792.5,38.8
2006-02-21,2006,52,34.498,18.848,20.959112,33.598,24.681604,0.9292054,817.75,39.7
2006-02-22,2006,53,34.498,18.748,20.509111,33.6605,25.727242,1.6574562,819.0,39.6
2006-02-23,2006,54,34.498,17.648,20.236889,33.523003,26.521996,1.5204164,817.0,39.5
2006-02-24,2006,55,35.298,18.898,21.55911,34.460503,22.340508,1.9155879,817.5,40.1
2006-02-25,2006,56,35.548,19.598,22.514668,34.8105,21.91539,0.9120308,797.75,40.6
2006-02-26,2006,57,34.698,22.348,23.920221,33.848,24.256136,2.8341858,812.0,38.8
2006-02-27,2006,58,33.898003,20.998,22.914665,33.273003,23.605143,2.4725544,821.5,38.5
2006-02-28,2006,59,33.348003,20.148,22.331333,32.723,20.897217,2.889884,730.0,36.7
2006-03-01,2006,60,33.648003,19.848,21.798,33.073,18.272324,2.6551993,844.25,38.1
2006-03-02,2006,61,33.648003,19.598,21.553555,33.198,14.537223,1.937407,862.25,38.6
2006-03-03,2006,62,33.698,19.498,21.742445,33.1355,34.829258,1.15813,776.25,39.5
2006-03-04,2006,63,33.848003,19.398,21.536888,33.285503,16.986296,2.249136,859.5,38.6
2006-03-05,2006,64,32.898003,17.248,19.075777,32.2605,18.744541,2.771411,857.25,37.2
2006-03-06,2006,65,32.448,17.598,19.848,31.698002,24.230558,1.8958194,864.0,37.6
2006-03-07,2006,66,32.598003,16.448,19.18689,32.1605,18.832193,1.1644932,792.75,37.6
2006-03-08,2006,67,32.798,18.898,20.948,32.223,23.489973,2.0390468,857.75,38.0
2006-03-09,2006,68,29.148,18.948,21.58689,28.023,39.77234,2.991467,617.5,31.4
2006-03-10,2006,69,27.398,17.298,18.242445,26.798,51.06628,1.3610725,784.25,34.0
2006-03-11,2006,70,29.048,15.798,18.036888,28.348,40.108704,2.5867398,838.25,34.0
2006-03-12,2006,71,30.048,17.948,20.120222,29.498001,34.13226,0.9721,859.0,36.5
2006-03-13,2006,72,30.748,16.598,19.898,30.423,30.62292,1.4301023,772.25,36.3
2006-03-14,2006,73,31.598,19.498,21.170221,30.897999,33.302998,2.193447,860.0,36.9
2006-03-15,2006,74,31.348,18.048,20.159111,30.8855,30.211557,1.0657673,781.75,37.0
2006-03-16,2006,75,32.748,17.548,21.170221,32.498,18.322712,2.214273,885.25,38.1
2006-03-17,2006,76,33.248,18.498,20.736889,32.8605,21.238375,1.9068279,889.75,38.9
2006-03-18,2006,77,34.548,20.048,22.020224,33.9855,20.21771,2.0806289,874.25,39.8
2006-03-19,2006,78,35.948,20.698,23.575779,35.523003,23.127766,1.6452007,873.75,41.9
2006-03-20,2006,79,35.498,22.398,23.920221,34.823,20.253103,3.1659026,885.0,40.0
2006-03-21,2006,80,35.298,21.098,22.825779,34.8605,18.014978,2.5965977,898.0,40.4
2006-03-22,2006,81,34.898003,19.798,23.08689,34.2605,20.732944,1.6140063,892.25,40.5
2006-03-23,2006,82,35.498,21.798,24.064667,34.7355,17.524164,1.7333627,889.5,40.7
2006-03-24,2006,83,34.798,21.248,23.464666,33.823,22.683311,2.6073735,903.0,39.6
2006-03-25,2006,84,34.648003,21.348,23.492445,33.923004,26.742296,3.3162696,894.25,39.2
2006-03-26,2006,85,33.398003,19.648,22.759111,32.623,20.995024,3.2360797,918.25,37.8
2006-03-27,2006,86,33.898003,18.848,20.525778,33.448,16.65915,2.1930256,920.25,39.2
2006-03-28,2006,87,35.198,16.548,20.264668,34.698,12.749945,1.8204219,935.75,40.5
2006-03-29,2006,88,36.048,19.848,22.08689,35.598,11.173293,2.8315809,942.5,40.9
2006-03-30,2006,89,36.698,19.498,22.35911,36.1355,11.831479,1.1293471,943.5,42.1
2006-03-31,2006,90,36.898003,19.348,22.192444,36.3105,11.657852,2.6133947,933.0,41.8
2006-04-01,2006,91,36.498,19.448,23.103556,34.910503,28.278465,3.1645067,909.25,40.6
2006-04-02,2006,92,36.348003,21.348,24.103556,35.460503,22.08651,2.6011522,919.5,41.5
2006-04-03,2006,93,36.848003,22.598,24.092445,36.2855,17.524189,3.3768256,921.25,41.7
2006-04-04,2006,94,36.198,21.698,24.081333,35.3105,24.26138,2.2094922,912.25,41.7
2006-04-05,2006,95,36.948,22.048,24.425777,36.198,27.165636,1.4325123,906.0,43.2
2006-04-06,2006,96,38.148003,22.998,25.703556,37.285503,28.399624,1.2818117,907.25,44.6
2006-04-07,2006,97,38.298,22.648,25.68689,37.235504,23.459187,2.2148118,920.75,43.9
2006-04-08,2006,98,37.198,22.398,25.170221,36.0355,24.5212,2.5388236,928.25,42.4
2006-04-09,2006,99,39.498,22.648,25.509111,38.073,20.946768,4.645117,922.0,43.4
2006-04-10,2006,100,37.048,22.098,25.081333,36.048,19.537466,2.483316,926.0,42.1
2006-04-11,2006,101,37.398003,20.998,23.942444,36.673004,17.961561,1.4117062,936.0,43.2
2006-04-12,2006,102,36.598003,21.998,24.536888,35.648003,23.831654,1.4925876,915.75,42.4
2006-04-13,2006,103,36.898003,22.298,25.248,36.098,25.848951,0.5841065,917.5,43.1
2006-04-14,2006,104,37.498,23.648,26.448,36.8105,23.880564,1.605291,905.75,43.6
2006-04-15,2006,105,37.398003,23.298,26.092445,36.923,21.121265,3.4404392,729.75,41.3
2006-04-16,2006,106,36.998,25.148,27.236889,36.2605,24.402348,2.6737735,766.5,41.4
2006-04-17,2006,107,36.298,22.348,24.93689,35.585503,24.1969,3.3126416,906.0,41.1
2006-04-18,2006,108,36.598003,21.448,24.203556,35.985504,19.700386,1.5575187,921.25,42.5
2006-04-19,2006,109,37.598003,22.848,25.759111,36.673004,18.243351,2.322224,934.25,42.9
2006-04-20,2006,110,38.098003,22.548,25.514668,37.373,16.319439,1.827629,933.75,43.7
2006-04-21,2006,111,38.898003,24.348,26.875778,38.1605,19.19621,2.7842908,922.0,44.4
2006-04-22,2006,112,39.098003,25.098,27.664665,38.398003,21.185123,2.9837708,917.0,44.6
2006-04-23,2006,113,37.048,23.698,26.509111,35.835503,27.085064,2.7524981,932.5,42.2
2006-04-24,2006,114,37.448,23.648,26.036888,36.2605,31.024601,2.6839797,923.25,42.8
2006-04-25,2006,115,38.348003,23.748,26.448,37.1355,27.61477,2.967084,925.5,43.5
2006-04-26,2006,116,38.248,23.348,26.392445,36.923004,25.403036,2.9562817,935.25,43.2
2006-04-27,2006,117,38.448,23.098,25.886889,36.923,25.358389,3.2336712,935.75,43.0
2006-04-28,2006,118,37.848003,23.698,26.475777,36.585503,32.0825,2.2191744,925.0,43.6
2006-04-29,2006,119,38.548,25.398,27.603556,37.573,33.843502,2.2665179,904.5,44.7
2006-04-30,2006,120,38.998,24.998,27.58689,37.748,28.348953,2.1733322,926.25,44.8
2006-05-01,2006,121,39.998,25.048,27.564667,38.873,21.203781,3.1851795,930.25,45.2
2006-05-02,2006,122,40.198,25.498,28.08689,39.323,19.433395,2.8311493,938.75,45.8
2006-05-03,2006,123,40.348003,25.198,27.986889,39.2605,18.634184,2.8842237,945.5,45.7
2006-05-04,2006,124,41.348003,25.648,28.10911,39.960503,27.344316,2.5110638,909.0,47.1
2006-05-05,2006,125,42.598003,27.098,29.403555,41.4855,18.076094,2.9345224,932.75,48.2
2006-05-06,2006,126,41.448,25.248,27.942444,39.948,20.163904,3.3266838,944.5,46.4
2006-05-07,2006,127,41.698,22.748,26.159111,40.023003,18.109745,3.645917,951.0,46.3
2006-05-08,2006,128,40.448,23.798,26.914665,39.398003,24.791245,4.399774,938.25,45.5
2006-05-09,2006,129,40.848003,23.998,27.298,39.6355,24.07741,4.1238356,933.75,45.8
2006-05-10,2006,130,42.648003,25.048,28.214668,40.348,22.919216,4.7543674,927.0,46.5
2006-05-11,2006,131,41.848003,25.398,28.442444,40.0105,22.042967,4.218471,929.5,46.2
2006-05-12,2006,132,40.848003,24.398,27.58689,39.3855,22.39907,3.8813968,925.5,45.5
2006-05-13,2006,133,40.298,25.248,27.70911,38.460503,28.10987,4.1988196,921.5,44.4
2006-05-14,2006,134,39.048,26.148,27.964668,37.298004,34.26058,3.8793283,913.0,43.3
2006-05-15,2006,135,38.848003,26.898,28.542442,37.223003,35.822693,3.6149044,901.25,43.4
2006-05-16,2006,136,38.448,26.248,28.30911,36.9105,36.601364,2.5156872,900.0,43.9
2006-05-17,2006,137,39.548,25.948,28.670223,38.023003,30.232773,2.7915184,920.0,44.8
2006-05-18,2006,138,40.298,26.548,29.075779,39.1355,26.562798,3.1818507,911.25,45.6
2006-05-19,2006,139,38.898003,26.348,28.753553,37.335503,32.941467,4.067472,904.75,43.1
2006-05-20,2006,140,38.248,26.898,28.453556,36.373,37.2805,5.020798,666.25,40.1
2006-05-21,2006,141,37.848003,27.548,28.986887,36.398003,36.382835,5.005439,594.0,39.6
2006-05-22,2006,142,37.998,27.348,28.775778,36.273003,38.13629,3.8234549,755.75,41.2
2006-05-23,2006,143,38.348003,27.198,28.748,36.623,37.60405,3.5441873,852.0,42.5
2006-05-24,2006,144,38.448,27.198,29.003557,37.0605,36.807854,3.316453,838.75,43.0
2006-05-25,2006,145,38.848003,26.948,28.948002,37.398003,35.826378,3.153638,890.75,43.9
2006-05-26,2006,146,39.548,27.248,28.992445,37.898003,34.215946,2.873305,900.25,44.7
2006-05-27,2006,147,39.798,26.698,28.786888,37.985504,32.49433,3.0729275,906.0,44.6
2006-05-28,2006,148,40.098003,26.398,28.625776,38.2355,32.68694,3.1589873,906.75,44.8
2006-05-29,2006,149,40.148003,26.198,28.581333,38.210503,32.835636,3.404841,907.5,44.7
2006-05-30,2006,150,39.898003,26.898,28.831333,38.523003,33.76905,3.5361187,904.25,45.0
2006-05-31,2006,151,38.448,27.698,29.842445,37.223003,42.289017,1.3278741,730.25,44.3
2006-06-01,2006,152,35.398003,25.798,29.575779,32.748,63.737152,1.4653935,474.5,39.0
2006-06-02,2006,153,29.998,25.298,25.775778,27.3855,85.034836,4.524082,215.75,28.6
2006-06-03,2006,154,33.448,25.948,26.603556,32.4355,56.24318,3.2872634,638.0,37.4
2006-06-04,2006,155,33.398003,25.498,26.864666,32.3855,53.625374,3.6505628,786.0,37.8
2006-06-05,2006,156,33.548,25.198,26.764666,32.6605,51.63308,3.386032,784.75,38.2
2006-06-06,2006,157,34.148003,25.248,26.631334,33.048,50.05797,3.5509605,819.0,38.7
2006-06-07,2006,158,33.948,25.498,26.798,33.023003,52.563988,3.0818524,685.75,38.3
2006-06-08,2006,159,34.398003,26.048,27.053555,33.3855,51.200348,2.7423067,815.0,39.9
2006-06-09,2006,160,35.048,25.648,26.825779,33.7605,50.159443,2.931448,872.0,40.5
2006-06-10,2006,161,35.748,25.348,26.731333,34.235504,47.19649,3.7261035,865.0,40.1
2006-06-11,2006,162,36.048,25.098,26.692444,34.3855,44.9661,4.342472,869.75,39.7
2006-06-12,2006,163,36.448,25.648,27.114666,34.710503,42.23614,4.512495,835.5,39.6
2006-06-13,2006,164,36.348003,25.648,27.214668,34.723,41.118275,3.862264,811.0,39.8
2006-06-14,2006,165,36.048,25.198,27.131334,34.5355,43.083717,3.2800338,858.75,40.5
2006-06-15,2006,166,36.398003,25.598,27.431334,34.785503,41.999542,2.8377414,880.25,41.3
2006-06-16,2006,167,36.748,25.198,27.203556,35.048004,40.41378,3.4374704,880.5,41.0
2006-06-17,2006,168,36.448,25.548,27.486889,35.173,39.040554,2.0960228,884.0,42.3
2006-06-18,2006,169,36.748,26.598,28.448002,35.835503,41.26441,1.912523,796.75,42.7
2006-06-19,2006,170,37.098003,27.448,29.592445,36.485504,38.856373,2.220406,847.5,43.4
2006-06-20,2006,171,37.848003,27.848,29.870222,37.085503,38.160797,1.8766375,848.25,44.3
2006-06-21,2006,172,38.998,28.398,30.248,38.0605,35.533886,2.3220098,848.0,45.0
2006-06-22,2006,173,40.648003,29.398,31.175777,39.773003,31.422682,2.188729,855.25,46.9
2006-06-23,2006,174,41.148003,29.948,31.292446,39.998,31.046402,3.2974343,838.5,46.4
2006-06-24,2006,175,37.398003,29.698,30.82022,36.1855,38.03086,2.9704776,448.5,39.5
2006-06-25,2006,176,33.798,27.198,29.60911,33.198,56.836067,1.1960468,459.25,38.9
2006-06-26,2006,177,33.048,27.498,28.453556,32.085503,63.31239,3.1085644,496.75,36.7
2006-06-27,2006,178,33.448,26.698,27.570223,32.985504,56.709156,3.4930816,578.5,37.5
2006-06-28,2006,179,34.148003,27.148,27.842445,33.523003,58.779377,4.0105734,651.5,38.5
2006-06-29,2006,180,32.998,25.948,26.914665,32.460503,60.122314,3.112098,572.75,37.4
2006-06-30,2006,181,32.548,26.348,27.103556,31.960499,62.90562,3.039133,587.0,37.2
2006-07-01,2006,182,33.398003,26.248,26.93689,32.660503,60.282417,2.2767076,569.5,38.5
2006-07-02,2006,183,34.948,26.648,27.575779,34.148003,60.68574,1.7082069,728.5,42.2
2006-07-03,2006,184,34.148003,27.398,27.848,32.0355,67.340836,2.379552,322.5,36.5
2006-07-04,2006,185,35.048,25.948,26.814667,34.160503,59.35688,4.5999527,608.75,38.8
2006-07-05,2006,186,32.598003,26.698,27.064667,30.8605,76.69497,5.040469,403.75,34.2
2006-07-06,2006,187,28.498,25.398,25.759111,27.4105,84.53612,4.3225775,137.25,28.1
2006-07-07,2006,188,29.498,25.798,26.481333,29.397999,76.10883,4.65647,246.75,30.9
2006-07-08,2006,189,31.398,26.098,26.80911,30.897999,68.04062,5.050669,482.75,33.8
2006-07-09,2006,190,31.248,26.498,27.042444,30.948,66.587,6.2504716,467.25,33.2
2006-07-10,2006,191,32.048,26.798,27.136889,31.773,62.620636,5.991365,581.75,34.9
2006-07-11,2006,192,31.348,26.748,27.214668,31.198,63.64007,6.107847,472.75,33.3
2006-07-12,2006,193,32.298,26.898,27.286888,31.7105,63.25605,5.908814,524.5,34.5
2006-07-13,2006,194,32.648003,26.248,27.036888,31.973001,59.45177,5.444257,555.0,34.9
2006-07-14,2006,195,32.648003,26.198,26.948,32.1355,56.114563,5.541556,563.5,34.8
2006-07-15,2006,196,32.798,26.498,27.231333,32.210503,57.95771,4.6405253,540.0,35.4
2006-07-16,2006,197,32.248,25.998,26.992445,31.6605,56.997883,3.2252164,528.75,35.7
2006-07-17,2006,198,32.198,25.148,26.725777,31.548,57.778156,2.6899726,498.75,35.9
2006-07-18,2006,199,29.848,25.798,26.825779,29.1355,74.505554,3.4365745,301.75,32.0
2006-07-19,2006,200,28.348,25.498,25.736889,27.9105,82.51367,1.7887915,216.0,32.3
2006-07-20,2006,201,29.948,25.448,25.80911,29.585499,70.67718,3.4029422,379.0,32.9
2006-07-21,2006,202,26.598,25.198,25.675777,26.523,93.83907,1.5540617,106.0,30.9
2006-07-22,2006,203,28.298,24.848,25.08689,26.573,92.25576,2.593018,150.0,29.9
2006-07-23,2006,204,28.448,24.548,24.881334,27.523,83.9991,3.6666455,317.25,30.5
2006-07-24,2006,205,30.898,25.098,25.459112,29.935501,72.31802,4.029503,443.25,33.4
2006-07-25,2006,206,31.448,25.398,25.959112,30.7355,70.57521,3.5028257,553.25,35.6
2006-07-26,2006,207,31.898,25.598,26.164665,31.3855,67.46398,3.743265,608.0,36.4
2006-07-27,2006,208,30.448,25.598,25.970222,29.723,72.33142,4.687668,436.0,32.5
2006-07-28,2006,209,27.598,24.898,25.114666,27.0105,87.35564,3.463893,164.5,29.0
2006-07-29,2006,210,26.098,24.448,24.698,25.935501,91.66448,6.9792533,106.25,24.4
2006-07-30,2006,211,25.898,24.648,24.692444,25.598,94.7124,5.0448365,162.25,25.9
2006-07-31,2006,212,28.648,24.748,25.042442,27.772999,78.87009,4.9830217,230.25,28.4
2006-08-01,2006,213,24.848,24.148,24.35911,24.585499,93.3969,5.1500654,57.5,23.0
2006-08-02,2006,214,26.298,24.248,24.442444,25.9855,86.78666,4.6707816,153.25,26.0
2006-08-03,2006,215,27.198,23.898,24.43689,26.848,84.306,2.2207203,178.25,30.1
2006-08-04,2006,216,29.448,24.198,25.053555,28.8855,77.59082,2.1534252,347.0,33.8
2006-08-05,2006,217,30.398,24.898,25.259111,29.3855,77.63295,4.2778554,467.0,33.1
2006-08-06,2006,218,30.198,24.848,25.298,29.0605,78.754425,4.9414425,510.0,32.5
2006-08-07,2006,219,29.098,24.848,25.175777,28.0105,82.33875,4.061224,315.25,30.6
2006-08-08,2006,220,29.648,24.998,25.148,28.823,79.1943,4.0748825,451.0,32.5
2006-08-09,2006,221,29.898,24.848,25.170221,29.323,75.4778,4.1022706,436.0,32.7
2006-08-10,2006,222,29.548,25.048,25.314667,29.348,74.032684,3.9788318,371.75,32.2
2006-08-11,2006,223,25.748,24.998,25.236889,25.6855,95.06957,4.74998,101.75,25.8
2006-08-12,2006,224,27.598,24.698,24.942444,26.8855,90.149536,4.860025,180.25,27.8
2006-08-13,2006,225,28.248,24.748,24.986889,27.960499,79.21944,4.0284967,314.5,30.2
2006-08-14,2006,226,27.598,24.998,25.298,26.673,87.511444,2.6996012,179.75,29.6
2006-08-15,2006,227,27.698,24.098,25.05911,27.210499,86.047775,1.7230052,258.75,32.2
2006-08-16,2006,228,26.448,24.248,24.864666,26.147999,93.55672,3.1902695,143.0,28.5
2006-08-17,2006,229,30.348,23.398,24.10911,29.948,65.30229,2.785476,529.0,34.7
2006-08-18,2006,230,29.348,24.348,25.081333,29.148,74.77498,1.6802186,333.75,34.2
2006-08-19,2006,231,28.598,24.498,25.281334,28.348,76.36134,4.1495605,292.75,30.2
2006-08-20,2006,232,27.248,24.748,25.364666,26.6355,91.03462,3.3654637,158.5,28.9
2006-08-21,2006,233,28.898,24.698,25.30911,28.723,74.31188,4.5647717,328.5,30.5
2006-08-22,2006,234,29.648,24.848,25.403557,29.0855,70.3192,5.9442654,483.75,31.0
2006-08-23,2006,235,29.298,24.948,25.548,28.9105,69.21583,4.539642,502.0,31.7
2006-08-24,2006,236,29.448,24.598,25.214668,29.1355,67.380035,4.8986254,474.5,31.3
2006-08-25,2006,237,29.098,24.648,25.259111,28.7605,72.33452,4.1558104,422.0,31.5
2006-08-26,2006,238,29.448,23.898,24.975777,29.098,69.8421,5.78914,499.75,31.1
2006-08-27,2006,239,30.298,25.298,25.864666,29.7605,65.767456,6.7125745,502.0,31.5
2006-08-28,2006,240,30.798,25.298,25.914665,30.2105,62.426414,5.2643476,549.25,32.7
2006-08-29,2006,241,30.448,25.148,25.525778,29.923,64.220505,3.857741,517.25,33.4
2006-08-30,2006,242,30.398,23.048,24.748,30.073,61.69686,3.1799293,626.25,34.9
2006-08-31,2006,243,29.748,23.498,24.703556,29.498001,61.329853,4.217244,508.0,32.2
2006-09-01,2006,244,29.798,24.348,25.281334,29.310501,67.04375,4.533441,457.25,31.7
2006-09-02,2006,245,30.548,24.198,25.148,30.173,63.430733,3.8908994,560.25,33.9
2006-09-03,2006,246,30.348,23.948,25.203556,30.0355,62.457855,2.2139783,498.5,35.0
2006-09-04,2006,247,30.548,23.848,24.598,30.198,64.61177,2.4357548,537.25,35.4
2006-09-05,2006,248,32.098003,23.448,24.964668,31.685501,62.196648,3.7846708,766.25,37.3
2006-09-06,2006,249,30.798,25.398,26.142445,30.098,72.33953,4.470931,345.0,32.5
2006-09-07,2006,250,25.998,24.848,25.181334,25.623,93.938644,4.5485744,109.25,25.8
2006-09-08,2006,251,30.248,23.898,24.848,29.9355,64.19512,3.7203102,554.25,33.8
2006-09-09,2006,252,30.548,24.098,24.986889,30.198,66.30927,2.9058375,543.0,35.1
2006-09-10,2006,253,31.248,23.248,24.414665,30.973,64.76991,1.7993867,561.0,37.3
2006-09-11,2006,254,31.498,25.148,25.570223,31.298,65.12841,2.3478227,590.75,37.4
2006-09-12,2006,255,31.048,24.048,25.098,30.5105,66.39018,2.8738089,550.0,35.6
2006-09-13,2006,256,31.448,23.998,25.225777,31.098,62.88797,2.3647764,609.0,37.0
2006-09-14,2006,257,31.448,23.448,24.770222,31.123001,61.931133,0.81675434,617.75,38.4
2006-09-15,2006,258,32.998,24.448,25.703556,32.698,61.656612,1.4875708,731.0,40.7
2006-09-16,2006,259,33.548,25.748,26.525778,33.2355,63.644867,1.7325941,676.25,41.0
2006-09-17,2006,260,32.998,25.398,26.425777,32.660503,67.07181,0.945617,739.0,41.7
2006-09-18,2006,261,31.398,25.648,26.042444,31.0855,69.66791,1.9415059,637.75,38.3
2006-09-19,2006,262,31.348,24.948,25.770224,30.698,68.72521,2.0421157,556.5,37.0
2006-09-20,2006,263,31.998,25.198,25.848,31.710499,70.29784,1.5951725,651.25,39.7
2006-09-21,2006,264,32.148003,25.398,25.998,31.898,63.641705,1.2200508,696.25,39.8
2006-09-22,2006,265,30.448,25.098,25.648,29.7355,69.78345,2.6293697,406.0,34.1
2006-09-23,2006,266,31.098,24.848,25.570223,30.5355,73.51193,2.8076262,608.75,36.8
2006-09-24,2006,267,31.248,24.798,25.536888,30.5355,76.86674,2.2364821,645.5,38.1
2006-09-25,2006,268,31.248,24.698,25.198,30.848,67.6141,2.0861561,679.5,38.0
2006-09-26,2006,269,31.298,24.598,25.498,30.873001,65.37102,1.9469136,642.5,37.7
2006-09-27,2006,270,30.548,24.848,25.60911,30.248001,67.44304,1.6776017,588.75,37.0
2006-09-28,2006,271,32.198,24.398,25.448,31.748001,63.5631,2.2162178,687.5,38.6
2006-09-29,2006,272,32.998,25.398,26.381334,32.660503,60.38386,2.548477,739.0,39.5
2006-09-30,2006,273,33.948,25.998,26.992445,33.598003,55.32538,3.3364131,743.75,39.5
2006-10-01,2006,274,35.198,25.598,26.781334,34.748,46.146,4.0652776,753.25,39.6
2006-10-02,2006,275,35.198,24.648,26.381334,34.473003,44.600273,2.236285,749.5,40.7
2006-10-03,2006,276,34.848003,25.148,26.270222,34.3855,55.948532,0.39039433,753.75,42.8
2006-10-04,2006,277,35.698,24.948,26.331333,35.1355,48.28207,1.2248333,787.75,42.9
2006-10-05,2006,278,34.248,23.998,25.998,33.5355,49.3611,2.1089952,786.25,40.4
2006-10-06,2006,279,33.098003,23.348,25.30911,32.0355,50.69516,2.6370654,793.75,38.2
2006-10-07,2006,280,32.398003,22.398,24.459112,31.623001,51.330368,2.5686128,751.5,37.6
2006-10-08,2006,281,32.648003,22.748,24.764668,32.073,50.347977,1.5574157,702.0,38.6
2006-10-09,2006,282,32.948,23.798,24.764668,32.3855,46.883854,1.2116451,701.75,39.0
2006-10-10,2006,283,33.548,23.198,24.214668,33.2355,42.238636,1.1489975,715.75,39.7
2006-10-11,2006,284,34.098003,24.548,25.259111,33.798004,35.46544,1.9244683,767.25,39.7
2006-10-12,2006,285,33.498,21.398,23.525778,33.085503,38.040886,1.6576644,770.25,39.3
2006-10-13,2006,286,33.898003,24.698,25.870222,33.360504,42.86505,1.8919799,680.75,39.1
2006-10-14,2006,287,35.048,22.798,25.603556,34.848,32.76384,0.5441747,694.25,40.7
2006-10-15,2006,288,34.948,23.148,24.581333,34.7605,33.066387,1.3406479,670.0,40.3
2006-10-16,2006,289,36.098003,22.298,24.164665,35.7605,29.350794,1.0460048,729.75,41.7
2006-10-17,2006,290,36.298,21.948,24.325777,36.1355,27.789448,1.1050237,723.25,41.9
2006-10-18,2006,291,36.298,23.398,24.85911,35.9105,29.710306,1.9536345,745.75,41.6
2006-10-19,2006,292,35.648003,22.098,23.83689,35.223,30.005363,2.148746,749.25,40.7
2006-10-20,2006,293,35.048,21.398,23.970222,34.6855,31.493853,2.665511,725.75,39.6
2006-10-21,2006,294,35.198,22.398,24.553555,34.7605,31.88233,1.6416492,673.75,40.1
2006-10-22,2006,295,34.898003,23.448,25.025778,34.548004,29.350567,1.1454272,685.0,40.0
2006-10-23,2006,296,34.648003,20.698,23.236889,34.373,29.26308,0.9270053,698.5,39.9
2006-10-24,2006,297,34.898003,22.598,24.209112,34.6605,27.153877,1.4897442,734.25,40.2
2006-10-25,2006,298,34.848003,21.948,23.481333,34.5605,25.036062,1.7644951,734.5,39.8
2006-10-26,2006,299,34.748,21.348,23.003555,34.4355,26.049904,1.7087958,732.5,39.8
2006-10-27,2006,300,34.748,21.998,23.381332,34.473003,26.541174,2.6479292,703.75,39.0
2006-10-28,2006,301,34.098003,22.298,23.570223,33.735504,27.467297,2.7004662,730.75,38.3
2006-10-29,2006,302,33.948,21.898,23.170221,33.710503,25.249569,2.888573,727.5,38.0
2006-10-30,2006,303,34.198,22.198,23.275778,33.873,26.069736,2.234212,724.25,38.7
2006-10-31,2006,304,34.198,21.248,22.564667,33.9105,23.721935,3.0937095,724.5,38.0
2006-11-01,2006,305,33.948,20.448,22.159111,33.673004,24.19625,2.7974396,718.25,37.9
2006-11-02,2006,306,33.498,20.548,22.314667,33.148003,29.213066,2.6358469,671.5,37.3
2006-11-03,2006,307,33.398003,21.048,22.220222,33.0105,28.867401,3.1434536,704.0,37.0
2006-11-04,2006,308,33.448,21.798,22.564667,33.198,32.061718,2.5996602,663.25,37.5
2006-11-05,2006,309,33.398003,20.898,22.35911,33.085503,32.596214,1.003297,670.5,38.5
2006-11-06,2006,310,33.448,21.298,23.009111,33.273003,27.756985,0.8470616,645.0,38.2
2006-11-07,2006,311,32.848003,20.648,22.792444,32.698,28.037872,1.2747388,602.0,37.2
2006-11-08,2006,312,32.148003,19.748,22.614666,31.885502,34.479813,0.9231862,651.25,37.3
2006-11-09,2006,313,33.298,19.698,21.370222,32.960503,26.325384,2.4343553,691.25,37.3
2006-11-10,2006,314,33.048,19.098,21.270224,32.6855,26.048973,1.9692812,693.0,37.4
2006-11-11,2006,315,32.448,20.148,21.420221,32.198,24.610636,2.9321203,696.0,36.0
2006-11-12,2006,316,32.248,18.898,20.448,31.9105,29.649363,1.2941101,684.0,37.1
2006-11-13,2006,317,32.248,19.198,20.914665,32.0605,28.640104,1.4494231,681.0,37.1
2006-11-14,2006,318,32.298,19.198,21.08689,31.935501,30.943287,1.3030933,662.75,37.0
2006-11-15,2006,319,32.248,19.648,21.092445,31.923,29.305374,1.5986669,673.75,36.8
2006-11-16,2006,320,32.148003,19.698,21.020222,31.873001,28.043259,1.615454,673.75,36.7
2006-11-17,2006,321,31.898,18.998,20.55911,31.5355,29.654652,1.3733689,671.75,36.6
2006-11-18,2006,322,31.998,18.848,20.442444,31.698,28.436357,1.6512339,672.0,36.5
2006-11-19,2006,323,31.948,18.798,20.60911,31.685501,29.288631,0.91819805,669.0,36.9
2006-11-20,2006,324,31.848,19.098,20.648,31.585499,30.236217,0.6055599,663.5,36.8
2006-11-21,2006,325,31.448,19.298,21.05911,31.223,34.00831,0.5919508,579.5,36.0
2006-11-22,2006,326,30.598,20.098,21.525778,30.248001,40.115025,1.1140633,653.25,35.9
2006-11-23,2006,327,30.898,18.748,20.264666,30.598,39.702656,1.0636436,633.75,36.1
2006-11-24,2006,328,30.198,18.598,20.142445,29.960499,25.817238,2.1727428,668.0,34.1
2006-11-25,2006,329,29.148,15.798,17.720222,28.823,24.650486,2.010825,674.75,33.2
2006-11-26,2006,330,28.848,15.698,17.475777,28.460499,32.466972,1.8849987,662.75,33.1
2006-11-27,2006,331,28.798,15.698,17.364666,28.323,30.69125,0.78544676,666.5,33.7
2006-11-28,2006,332,29.048,15.348,17.920221,28.598,28.48229,1.3667668,661.5,33.5
2006-11-29,2006,333,29.398,17.648,19.681334,29.1105,23.023848,2.9039993,625.0,32.1
2006-11-30,2006,334,29.348,17.748,19.475777,28.6855,36.196236,2.095197,628.5,33.0
2006-12-01,2006,335,29.398,16.848,18.675777,28.935501,32.169983,2.3770971,650.5,33.0
2006-12-02,2006,336,29.798,16.448,18.236889,29.348,35.131733,0.8289963,648.0,34.8
2006-12-03,2006,337,30.798,15.997999,18.370222,30.3605,31.035053,1.4295695,649.25,35.2
2006-12-04,2006,338,31.748,16.448,18.453556,31.335499,28.59264,3.1291163,645.0,34.6
2006-12-05,2006,339,29.798,17.998,19.792444,29.1105,49.67301,1.7318519,596.25,34.4
2006-12-06,2006,340,29.498,19.198,20.742445,29.223,48.33301,1.2978101,586.5,34.7
2006-12-07,2006,341,28.748,17.698,19.281334,28.3605,40.735878,2.2919543,631.75,32.7
2006-12-08,2006,342,28.698,15.098,17.425777,28.048,33.777714,1.1945667,626.75,33.1
2006-12-09,2006,343,29.248,15.798,17.725777,28.7855,44.824947,1.0589393,595.25,34.3
2006-12-10,2006,344,27.648,15.098,17.259111,27.2355,26.686872,3.190796,646.0,30.1
2006-12-11,2006,345,26.798,13.098,15.703556,26.435501,28.181145,1.9953938,652.0,30.8
2006-12-12,2006,346,27.348,14.098,15.553555,26.748,28.722721,2.6592712,655.25,30.4
2006-12-13,2006,347,28.498,14.898,16.175777,27.8855,32.90655,1.9568775,649.0,32.4
2006-12-14,2006,348,29.548,16.298,17.381334,28.873001,35.865826,3.0000508,636.0,32.3
2006-12-15,2006,349,29.298,16.948,18.464666,28.748,35.931484,1.8478258,594.0,33.1
2006-12-16,2006,350,30.098,16.648,18.103556,29.460499,32.28582,2.9862075,638.0,32.8
2006-12-17,2006,351,29.598,18.448,19.05911,29.022999,26.819403,3.3954387,644.75,31.7
2006-12-18,2006,352,29.598,16.248,17.614666,29.022999,27.988842,2.17432,649.25,33.1
2006-12-19,2006,353,29.798,14.798,16.614666,29.1605,28.817144,1.4384193,646.5,33.9
2006-12-20,2006,354,29.498,15.148,17.025778,28.873,31.588146,1.234153,648.0,33.9
2006-12-21,2006,355,29.398,15.148,17.009111,28.8855,31.965225,1.9638642,647.5,33.3
2006-12-22,2006,356,29.048,15.948,17.375778,28.560501,30.488676,3.2368996,648.25,31.5
2006-12-23,2006,357,29.148,16.998,18.320223,28.573,37.690453,2.7048097,635.5,32.4
2006-12-24,2006,358,29.798,17.298,19.10911,29.272999,38.553642,2.4574397,632.5,33.4
2006-12-25,2006,359,29.298,18.248,20.131334,28.598,41.95824,2.189201,550.0,32.5
2006-12-26,2006,360,29.598,17.898,19.964668,29.223,41.303318,3.008732,631.0,32.9
2006-12-27,2006,361,28.048,16.848,18.548,27.647999,37.127438,2.664209,633.75,31.4
2006-12-28,2006,362,28.548,17.398,18.414665,27.8355,40.45589,2.587658,642.5,31.9
2006-12-29,2006,363,29.348,17.198,18.714668,28.6105,42.735794,0.6583772,645.25,34.6
2006-12-30,2006,364,28.398,16.548,18.370222,27.9855,38.25023,1.7153049,651.75,33.0
2006-12-31,2006,365,26.548,13.948,16.381334,26.073,34.719433,1.847828,662.75,31.0
2007-01-01,2007,1,27.198,14.998,16.592445,26.623001,44.773804,0.7199538,642.75,32.8
2007-01-02,2007,2,27.348,15.348,17.003555,27.147999,37.286926,1.9697421,616.5,31.6
2007-01-03,2007,3,26.648,13.948,16.381332,26.2105,33.951153,1.4144645,660.5,31.5
2007-01-04,2007,4,26.248,12.798,15.398,25.8105,31.97435,1.8552012,662.25,30.6
2007-01-05,2007,5,25.998,14.098,16.10911,25.5605,29.194384,2.6221108,674.0,29.4
2007-01-06,2007,6,26.148,13.198,15.148,25.3605,30.747774,1.6805323,678.5,30.5
2007-01-07,2007,7,27.048,15.198,16.053555,26.1355,34.73345,3.1525521,670.0,29.4
2007-01-08,2007,8,27.748,15.048,16.364666,26.9105,35.018845,2.1523051,666.5,31.5
2007-01-09,2007,9,28.248,14.748,16.492445,27.7355,35.198517,1.3076811,671.5,33.2
2007-01-10,2007,10,27.548,13.648,16.08689,26.8355,27.600811,2.2832768,683.25,31.1
2007-01-11,2007,11,26.848,14.348,15.664666,26.198,27.683207,2.2972836,688.25,30.6
2007-01-12,2007,12,26.648,12.698,14.509111,25.948,30.985376,2.7797747,694.5,29.8
2007-01-13,2007,13,26.448,14.098,15.125778,25.823,26.248867,3.5720856,702.25,28.6
2007-01-14,2007,14,27.248,13.398,14.836888,26.4605,29.442905,1.9722931,694.75,31.3
2007-01-15,2007,15,27.498,12.448,14.909112,26.835499,24.503975,1.7190186,702.5,31.8
2007-01-16,2007,16,27.448,12.698,15.075777,26.923,36.51044,2.2251778,690.5,31.7
2007-01-17,2007,17,27.848,14.498,15.731334,27.248,22.446472,3.7879124,710.75,29.9
2007-01-18,2007,18,28.598,15.098,16.80911,27.8355,20.982285,2.8552825,706.0,31.5
2007-01-19,2007,19,29.148,13.498,16.120222,28.5355,21.741364,2.2404058,708.0,32.8
2007-01-20,2007,20,28.448,13.748,16.548,27.8605,26.689255,2.290067,709.75,32.3
2007-01-21,2007,21,27.748,14.698,16.770224,27.0355,26.371265,2.002406,706.75,31.8
2007-01-22,2007,22,27.448,13.498,15.348001,26.723,25.384998,2.6007872,719.75,30.9
2007-01-23,2007,23,27.898,13.798,15.247999,27.048,25.123772,3.2571814,728.0,30.5
2007-01-24,2007,24,28.848,14.998,16.748,27.835499,26.504478,3.5814378,727.25,30.9
2007-01-25,2007,25,30.048,16.348,18.131332,28.948,29.212044,1.9734519,718.25,33.9
2007-01-26,2007,26,30.548,15.648,17.786888,29.935501,32.733685,1.8995949,706.75,35.0
2007-01-27,2007,27,30.748,15.448,18.43689,30.185501,26.387974,1.1833081,717.75,35.5
2007-01-28,2007,28,31.348,17.298,19.625778,30.723,31.374165,1.6388636,671.75,35.7
2007-01-29,2007,29,31.498,18.898,20.848,30.573,38.72397,0.8483324,620.5,36.0
2007-01-30,2007,30,31.248,19.898,22.053555,30.723,39.09037,1.1115203,677.75,36.5
2007-01-31,2007,31,32.048,19.898,21.120222,31.522999,27.796595,2.8195176,722.75,35.7
2007-02-01,2007,32,29.948,16.148,18.442444,29.4855,22.3009,2.1487176,757.0,34.3
2007-02-02,2007,33,29.848,15.598,17.831333,29.073,30.248652,0.45206907,752.25,35.1
2007-02-03,2007,34,29.748,14.148,16.786888,29.1605,29.236053,2.0220265,757.25,34.4
2007-02-04,2007,35,30.048,14.698,17.303555,29.348,34.085453,1.5365691,747.75,35.1
2007-02-05,2007,36,30.548,16.348,18.398,29.798,28.275757,1.0449047,757.25,35.6
2007-02-06,2007,37,30.698,16.548,18.553555,29.7605,37.470715,2.5942247,740.75,34.6
2007-02-07,2007,38,30.498,18.998,20.409111,30.048,39.78056,1.7051787,707.25,35.7
2007-02-08,2007,39,31.248,18.198,19.714668,30.647999,29.75109,1.7604954,761.0,36.1
2007-02-09,2007,40,31.698,17.748,19.459112,31.098,28.094822,1.0345423,762.0,36.9
2007-02-10,2007,41,29.248,18.648,20.83689,28.248001,42.558838,4.7263827,698.25,30.6
2007-02-11,2007,42,28.398,19.098,20.60911,26.935501,39.853622,3.7061307,769.0,30.6
2007-02-12,2007,43,26.948,15.848,18.048,26.173,36.286156,2.6546507,775.25,31.1
2007-02-13,2007,44,26.998,17.448,18.870222,26.710499,33.169434,4.1474557,693.25,29.0
2007-02-14,2007,45,27.798,16.898,18.286888,27.2355,31.000393,1.4097561,704.75,32.7
2007-02-15,2007,46,28.348,15.648,17.381334,27.698,26.834291,3.2593727,785.0,31.7
2007-02-16,2007,47,28.998,16.848,18.292444,28.4105,30.633669,2.4284606,787.75,33.5
2007-02-17,2007,48,29.798,16.248,18.942444,29.2855,27.495876,0.4247676,788.25,35.5
2007-02-18,2007,49,30.598,17.298,19.409111,30.073,27.675041,1.4040626,782.5,35.9
2007-02-19,2007,50,31.498,17.448,19.786888,30.998,26.904009,2.172493,794.25,36.3
2007-02-20,2007,51,32.948,18.848,21.125778,32.2855,24.768047,2.0132523,798.0,37.7
2007-02-21,2007,52,34.198,19.048,21.60911,33.6105,23.44366,2.0090516,796.25,39.0
2007-02-22,2007,53,33.548,20.048,22.325779,33.198,24.584934,0.88940406,741.0,38.7
2007-02-23,2007,54,33.748,20.748,22.814667,33.210503,23.81016,0.9571199,766.75,38.8
2007-02-24,2007,55,33.248,20.098,22.036888,32.523003,28.829775,1.2282853,754.25,38.3
2007-02-25,2007,56,31.648,17.298,21.209112,30.9105,25.784994,2.0648937,823.75,36.4
2007-02-26,2007,57,31.498,16.898,20.314667,31.0105,25.835476,0.6164691,826.25,37.3
2007-02-27,2007,58,31.748,17.198,19.659111,31.023,27.976044,1.7082467,831.0,37.0
2007-02-28,2007,59,31.048,17.998,20.053555,30.1105,34.045784,2.7608366,830.5,35.3
2007-03-01,2007,60,29.198,20.298,21.075779,28.6855,37.044403,3.4338498,761.25,32.6
2007-03-02,2007,61,29.498,16.598,19.070223,28.673,24.7574,2.4542286,853.0,34.0
2007-03-03,2007,62,30.948,15.948,18.392445,30.310501,24.48965,0.75113815,845.0,36.7
2007-03-04,2007,63,32.648003,17.648,20.098,32.048,21.985851,1.0267464,851.5,38.2
2007-03-05,2007,64,33.098003,19.548,20.970222,32.7605,18.351133,2.7397542,858.0,37.8
2007-03-06,2007,65,32.548,18.848,20.275778,32.1105,18.829798,3.4531038,863.5,36.5
2007-03-07,2007,66,31.898,17.848,20.242445,31.5105,15.279348,2.1770034,876.5,36.9
2007-03-08,2007,67,32.298,16.898,19.792444,31.698002,18.307882,1.4066465,871.5,37.7
2007-03-09,2007,68,32.748,16.548,19.653557,31.7105,26.405224,1.9508008,858.25,37.7
2007-03-10,2007,69,31.798,18.148,21.020224,31.060501,34.226227,2.4823565,848.75,36.8
2007-03-11,2007,70,34.448,18.798,21.675777,33.573,29.578283,2.71844,855.0,39.1
2007-03-12,2007,71,33.548,19.648,21.909111,32.448,30.621147,4.2207203,853.25,36.6
2007-03-13,2007,72,31.148,21.498,22.959112,30.0855,36.363136,3.4756675,743.25,34.0
2007-03-14,2007,73,32.298,16.198,19.781334,31.548,20.768005,2.0815768,889.0,37.4
2007-03-15,2007,74,33.098003,19.548,21.05911,32.498,17.875103,3.188055,888.0,37.3
2007-03-16,2007,75,34.248,18.698,20.986889,33.660503,17.012424,1.0110624,890.0,39.7
2007-03-17,2007,76,35.948,18.798,21.792444,35.335503,16.012188,1.2583954,884.5,41.3
2007-03-18,2007,77,37.148003,20.998,23.420221,36.4355,18.827082,1.0207144,883.5,42.7
2007-03-19,2007,78,36.598003,22.898,25.264668,35.898003,19.327177,2.6903315,870.5,41.4
2007-03-20,2007,79,34.648003,22.148,24.992445,33.6605,37.306896,3.1960363,865.0,39.3
2007-03-21,2007,80,32.848003,22.648,24.531334,32.1355,24.26237,3.6125488,886.5,36.8
2007-03-22,2007,81,33.348003,19.598,22.170221,32.5105,25.469013,1.7980369,897.0,38.8
2007-03-23,2007,82,34.498,18.198,21.503555,33.9355,15.488944,1.9179639,908.75,39.7
2007-03-24,2007,83,35.448,20.398,22.986889,34.898003,16.267155,2.7812161,901.25,40.3
2007-03-25,2007,84,36.148003,20.198,23.253555,35.698,13.593471,2.3424206,905.75,41.2
2007-03-26,2007,85,36.848003,21.048,23.725777,36.360504,13.595751,0.838408,914.25,42.2
2007-03-27,2007,86,38.298,21.698,24.33689,37.710503,13.399164,1.1470103,920.25,43.8
2007-03-28,2007,87,39.148003,22.248,24.931334,38.523003,13.03786,1.4842169,920.75,44.6
2007-03-29,2007,88,39.998,20.948,24.764668,39.1605,13.201921,1.7619287,920.5,45.3
2007-03-30,2007,89,40.148003,22.698,25.214668,39.348,14.886503,2.51072,910.5,45.4
2007-03-31,2007,90,39.398003,24.048,25.803555,38.823,15.172606,2.8804054,879.25,44.5
2007-04-01,2007,91,38.298,24.248,26.720222,37.4855,19.138414,3.1380882,901.0,43.2
2007-04-02,2007,92,38.048,22.498,24.648,37.698,11.606292,4.218828,929.5,42.6
2007-04-03,2007,93,37.848003,19.298,22.998,37.373,9.600372,2.6592348,944.0,42.8
2007-04-04,2007,94,38.848003,20.148,23.914665,38.123,12.083046,2.2091544,935.75,44.0
2007-04-05,2007,95,40.048,22.598,25.470222,39.335503,12.848415,2.0006154,927.0,45.5
2007-04-06,2007,96,40.848003,22.748,25.720222,39.9105,19.189888,1.2459264,897.25,46.7
2007-04-07,2007,97,40.048,23.748,26.470222,39.0355,19.93458,2.3523374,920.75,45.6
2007-04-08,2007,98,38.998,23.698,26.353556,37.9855,20.040253,3.3012328,924.75,43.9
2007-04-09,2007,99,39.048,24.948,27.636889,38.323,17.531889,2.2909079,923.0,44.7
2007-04-10,2007,100,39.448,23.448,26.114666,38.8855,17.034819,2.6567707,921.25,45.1
2007-04-11,2007,101,38.898003,24.798,27.231333,38.223,15.251108,3.2881052,931.0,43.9
2007-04-12,2007,102,37.648003,22.798,25.925777,36.648003,22.313633,2.7343264,931.5,42.9
2007-04-13,2007,103,37.648003,22.398,25.231333,36.5105,28.85792,1.8607433,919.0,43.6
2007-04-14,2007,104,38.998,24.798,26.542444,38.098,25.361038,0.57727087,911.25,45.3
2007-04-15,2007,105,40.948,23.548,26.653557,40.335503,20.180708,1.4393821,880.75,47.2
2007-04-16,2007,106,40.548,26.048,28.70911,39.6605,24.05618,2.9885209,879.5,46.0
2007-04-17,2007,107,40.198,26.448,28.759111,39.285503,20.45267,3.9985466,917.25,45.2
2007-04-18,2007,108,39.298,24.748,27.731333,37.998,24.157753,1.7545485,918.25,45.0
2007-04-19,2007,109,39.848003,25.048,27.675777,38.835503,22.784071,1.8048253,917.0,45.8
2007-04-20,2007,110,38.548,25.498,27.959112,37.623,29.291529,1.2152406,844.25,44.6
2007-04-21,2007,111,38.198,24.798,26.781334,36.998,23.42767,2.724135,933.5,43.4
2007-04-22,2007,112,38.498,22.548,25.225777,36.8105,24.856564,3.8398736,934.5,42.5
2007-04-23,2007,113,37.948,22.048,24.959112,36.423004,28.224863,3.6197753,933.25,42.3
2007-04-24,2007,114,37.848003,22.698,25.531334,36.423004,28.058897,2.5392883,929.5,43.0
2007-04-25,2007,115,39.048,23.148,26.053555,37.9355,23.81809,2.5065572,931.0,44.6
2007-04-26,2007,116,40.998,24.298,26.731333,40.0605,17.078476,2.6421623,941.5,46.6
2007-04-27,2007,117,40.698,25.298,27.386889,39.8105,21.790354,2.9330595,926.75,46.4
2007-04-28,2007,118,40.548,25.598,28.264668,39.648003,17.941345,2.9841275,928.5,46.0
2007-04-29,2007,119,40.548,25.798,28.492445,39.423,15.149489,3.2800345,880.5,45.0
2007-04-30,2007,120,40.648003,25.998,28.536888,39.5605,15.18097,3.5530674,833.75,44.8
2007-05-01,2007,121,40.898003,26.448,28.614668,39.860504,20.040255,3.4034655,857.25,45.7
2007-05-02,2007,122,41.948,26.648,28.825779,40.835503,18.597496,3.8027554,929.0,47.1
2007-05-03,2007,123,41.148003,26.548,29.225777,39.948,25.638796,1.9197899,912.25,47.3
2007-05-04,2007,124,39.848003,25.448,28.331333,38.7605,23.611282,2.4146762,937.0,45.7
2007-05-05,2007,125,40.848003,26.148,28.486887,39.5355,31.177647,1.612022,914.25,47.3
2007-05-06,2007,126,40.648003,27.248,29.336887,39.660503,33.01304,1.3817513,906.5,47.7
2007-05-07,2007,127,39.698,28.098,29.098,38.748,35.295418,3.1112573,910.0,45.7
2007-05-08,2007,128,38.148003,26.598,27.709112,37.110504,33.767624,3.5686185,916.5,43.3
2007-05-09,2007,129,39.898003,26.348,27.58689,38.498,29.913036,3.419437,922.0,45.0
2007-05-10,2007,130,41.298,26.448,28.020222,39.548,28.287853,3.5160437,914.25,46.1
2007-05-11,2007,131,41.498,25.798,28.592445,39.9105,22.344471,4.319235,935.0,46.0
2007-05-12,2007,132,39.998,24.998,27.486889,38.223,27.729559,3.634021,930.5,44.4
2007-05-13,2007,133,39.098003,25.548,27.864666,37.4355,31.198372,3.2648358,922.5,43.8
2007-05-14,2007,134,39.898003,25.448,27.764668,38.098003,28.977848,4.1198373,924.25,44.0
2007-05-15,2007,135,39.048,25.548,27.325779,37.460503,30.693035,4.51142,920.75,43.1
2007-05-16,2007,136,38.898003,25.998,27.720222,37.485504,29.419285,3.8052356,921.75,43.4
2007-05-17,2007,137,38.448,26.548,28.370222,37.085503,33.612213,2.0399373,916.25,44.4
2007-05-18,2007,138,39.248,26.698,28.798,37.848,34.680172,2.9605622,905.5,44.6
2007-05-19,2007,139,38.898003,27.498,29.092445,37.698,32.738274,3.453408,906.5,44.0
2007-05-20,2007,140,38.348003,27.698,29.248,37.423,31.982796,3.9569564,901.0,43.2
2007-05-21,2007,141,38.998,27.898,29.242445,37.748,30.556526,4.0660987,910.0,43.6
2007-05-22,2007,142,38.848003,26.498,28.220222,37.085503,30.91396,3.2239907,920.75,43.4
2007-05-23,2007,143,39.098003,25.648,27.970222,37.698,26.462492,2.8201385,929.5,44.3
2007-05-24,2007,144,39.898003,25.298,27.753555,38.198,26.683414,3.313372,925.75,44.5
2007-05-25,2007,145,39.498,25.448,27.525778,38.0605,27.746763,4.16825,917.5,43.9
2007-05-26,2007,146,39.048,25.648,27.686888,37.698,29.43134,3.5617957,912.0,43.8
2007-05-27,2007,147,38.748,26.098,27.964666,37.623,25.798134,2.874506,917.25,44.0
2007-05-28,2007,148,38.348003,27.248,28.520224,37.460503,28.0527,2.7622693,841.75,43.5
2007-05-29,2007,149,37.498,26.948,28.636889,36.673,35.436348,2.4283123,832.25,43.1
2007-05-30,2007,150,38.548,27.248,29.220222,37.9355,33.182014,2.3112693,813.5,44.5
2007-05-31,2007,151,40.548,28.748,30.786888,39.960503,28.487127,2.3500009,867.25,46.9
2007-06-01,2007,152,41.398003,29.798,31.592445,40.648003,26.028616,1.6977879,787.5,47.3
2007-06-02,2007,153,40.448,29.698,31.286888,39.960503,24.774263,2.5154448,858.0,46.6
2007-06-03,2007,154,36.448,30.148,30.786888,35.360504,47.45807,3.5108757,488.25,39.1
2007-06-04,2007,155,33.898003,28.498,28.925777,33.6105,56.686764,1.256858,568.0,40.2
2007-06-05,2007,156,36.248,27.648,28.825779,35.485504,48.57848,2.3223484,691.25,41.8
2007-06-06,2007,157,37.248,28.648,29.864668,36.585503,44.59484,3.1144443,686.5,42.1
2007-06-07,2007,158,38.348003,28.998,30.60911,37.273003,41.421288,3.3416672,660.25,42.4
2007-06-08,2007,159,39.398003,28.248,30.292442,38.423004,37.63031,3.9630828,830.25,44.3
2007-06-09,2007,160,40.048,27.948,29.881334,38.648003,33.20596,4.563674,836.25,44.1
2007-06-10,2007,161,40.448,27.448,29.481333,38.998,34.421017,5.475951,876.0,44.7
2007-06-11,2007,162,40.798,28.098,29.842445,39.210503,32.407593,5.290561,876.75,44.9
2007-06-12,2007,163,39.748,27.948,29.853556,38.235504,36.44574,4.2943087,866.0,44.1
2007-06-13,2007,164,39.298,28.998,30.403555,38.198,36.376606,2.9631636,857.75,44.8
2007-06-14,2007,165,39.348003,29.598,30.603556,38.523003,35.866367,3.9084573,757.25,43.9
2007-06-15,2007,166,36.598003,29.098,29.659111,36.1355,47.48963,3.6357372,689.5,41.4
2007-06-16,2007,167,35.498,27.098,27.975777,34.923,51.733322,4.3586736,702.25,39.8
2007-06-17,2007,168,34.948,27.698,28.398,34.785503,50.468307,6.3774195,605.25,38.2
2007-06-18,2007,169,36.098003,27.548,28.264668,35.835503,50.448368,4.933179,730.0,40.8
2007-06-19,2007,170,36.148003,27.648,28.370222,34.998,51.50258,4.3811436,675.0,39.7
2007-06-20,2007,171,36.348003,27.798,28.764666,35.523003,48.983704,2.0147176,594.0,41.4
2007-06-21,2007,172,35.698,26.298,27.381334,34.423004,57.988064,0.71505815,619.0,42.1
2007-06-22,2007,173,38.048,26.648,27.253555,36.735504,50.13675,2.4866362,703.0,43.5
2007-06-23,2007,174,38.348003,28.548,29.681335,37.6855,43.20694,4.789851,794.25,43.2
2007-06-24,2007,175,32.598003,27.148,30.620222,29.123,76.02378,5.7335296,209.5,29.6
2007-06-25,2007,176,30.498,25.598,26.392445,29.673,74.05311,5.016857,396.5,32.0
2007-06-26,2007,177,33.848003,26.498,27.153555,32.923004,56.377342,4.9982314,630.0,36.6
2007-06-27,2007,178,33.848003,26.648,27.731333,32.948,58.88221,3.9345832,647.5,37.7
2007-06-28,2007,179,33.148003,26.348,27.592445,32.798,56.368458,3.0931277,611.5,37.8
2007-06-29,2007,180,32.748,26.798,27.603556,30.848,71.81386,0.86870927,542.0,38.5
2007-06-30,2007,181,33.448,25.798,26.742445,32.710503,64.72774,1.8313046,530.5,39.2
2007-07-01,2007,182,33.348003,25.648,26.159111,32.6355,70.21402,4.480674,669.75,38.3
2007-07-02,2007,183,30.498,25.848,26.198,29.6605,82.88894,5.3733273,323.0,32.2
2007-07-03,2007,184,26.898,26.148,26.414665,26.048,92.288,4.807254,48.25,25.5
2007-07-04,2007,185,30.098,25.148,25.720222,29.223,82.72133,4.672507,265.75,31.5
2007-07-05,2007,186,32.198,25.898,26.386889,31.698,68.58694,4.4906034,551.0,35.9
2007-07-06,2007,187,29.348,27.098,27.325779,29.048,80.43501,4.5482683,201.5,30.6
2007-07-07,2007,188,31.098,26.848,27.431334,30.898,70.82753,4.6741643,400.5,33.8
2007-07-08,2007,189,29.798,26.248,26.764668,29.435501,74.17368,3.9713597,252.25,31.4
2007-07-09,2007,190,28.598,26.098,26.30911,27.673,89.63295,5.874706,197.5,28.5
2007-07-10,2007,191,31.648,25.398,26.036888,30.898,74.361374,4.5834465,585.0,35.5
2007-07-11,2007,192,32.348003,25.398,26.236889,31.885502,63.508003,3.6905684,564.5,36.4
2007-07-12,2007,193,31.848,25.998,26.992443,31.3855,71.29364,3.641047,630.0,37.0
2007-07-13,2007,194,31.848,26.348,27.498,31.298,65.23963,4.0918307,549.25,35.3
2007-07-14,2007,195,32.398003,25.898,27.275778,31.9105,64.09413,4.1289916,567.0,36.1
2007-07-15,2007,196,31.998,26.048,27.214668,31.685501,63.273724,4.5393214,529.0,35.1
2007-07-16,2007,197,32.298,25.848,27.214668,31.773,62.15287,3.58201,591.5,36.4
2007-07-17,2007,198,31.648,26.048,27.064667,31.5355,63.048386,3.6904297,601.5,36.1
2007-07-18,2007,199,31.448,25.798,26.709112,31.2355,66.241234,3.5556645,668.0,36.6
2007-07-19,2007,200,30.898,25.448,26.692444,30.698,66.524185,4.0691705,567.5,34.7
2007-07-20,2007,201,31.148,25.398,26.575779,30.873001,63.434067,5.0779,607.25,34.2
2007-07-21,2007,202,31.948,25.148,26.270224,31.4605,58.87724,4.7380524,575.5,34.6
2007-07-22,2007,203,31.598,25.348,26.414665,31.272999,70.810776,4.3720326,730.0,36.8
2007-07-23,2007,204,31.898,25.248,26.270222,31.373001,72.49373,3.4675617,702.0,37.8
2007-07-24,2007,205,32.798,25.548,26.636889,32.473,66.28169,2.3639016,761.25,40.2
2007-07-25,2007,206,32.248,26.498,27.098,31.760502,72.05213,2.5901384,648.25,38.9
2007-07-26,2007,207,32.248,26.548,27.292444,32.0605,60.650566,2.9167938,450.5,36.2
2007-07-27,2007,208,32.148003,26.698,27.420221,31.1355,71.23207,2.8814094,515.25,36.6
2007-07-28,2007,209,30.348,25.198,26.003555,29.560501,78.400925,3.0009236,403.75,34.2
2007-07-29,2007,210,31.398,24.998,25.553555,30.8355,70.34623,2.8895586,527.25,36.2
2007-07-30,2007,211,29.448,24.948,25.870222,27.9355,84.73781,2.1730707,198.5,31.9
2007-07-31,2007,212,31.798,25.898,26.498,31.323,77.65853,2.138025,643.0,39.4
2007-08-01,2007,213,31.898,26.298,26.80911,30.873001,77.439224,2.3046992,591.0,38.2
2007-08-02,2007,214,31.048,26.248,26.520224,30.4855,77.08405,3.0875795,487.0,35.9
2007-08-03,2007,215,30.248,25.798,25.920221,29.448,79.29489,2.242279,457.0,35.5
2007-08-04,2007,216,30.548,25.148,25.764668,29.960499,81.104935,1.5651271,455.75,37.2
2007-08-05,2007,217,30.148,25.098,25.570223,29.523,84.22493,1.0864642,389.25,36.9
2007-08-06,2007,218,29.498,24.148,24.592445,28.710499,79.06978,3.6728988,384.75,32.2
2007-08-07,2007,219,30.148,25.598,25.698,28.923,82.646904,1.4157683,311.75,34.9
2007-08-08,2007,220,26.598,24.948,25.136889,26.323,96.51421,4.209262,114.75,27.7
2007-08-09,2007,221,29.548,24.548,25.286888,29.210499,74.69155,6.004564,386.25,30.8
2007-08-10,2007,222,30.048,25.048,25.786888,29.8605,66.51709,4.71968,431.75,32.1
2007-08-11,2007,223,30.648,24.948,25.681334,29.835499,71.270584,3.9212885,412.5,33.0
2007-08-12,2007,224,30.798,25.448,25.898,30.4855,70.08167,5.4198337,498.75,33.3
2007-08-13,2007,225,30.598,25.898,26.192444,30.272999,70.83447,5.164422,465.75,33.0
2007-08-14,2007,226,30.848,25.898,26.33689,30.5105,66.25014,6.0800567,481.75,32.6
2007-08-15,2007,227,30.848,26.298,26.525778,30.5105,66.19803,5.5735126,481.0,32.8
2007-08-16,2007,228,30.948,25.598,26.125778,30.648,64.355606,5.5920343,519.5,33.1
2007-08-17,2007,229,30.848,25.348,26.064667,30.4855,66.29397,5.0701585,545.75,33.5
2007-08-18,2007,230,31.098,25.798,26.253555,30.6605,63.45947,4.98631,601.75,34.0
2007-08-19,2007,231,31.748,25.898,26.492445,31.223,62.753933,3.2228806,605.5,36.2
2007-08-20,2007,232,31.248,24.998,26.30911,30.9105,62.537025,2.5626588,555.75,36.1
2007-08-21,2007,233,27.248,23.348,25.748,25.460499,91.37102,3.2096162,85.25,26.7
2007-08-22,2007,234,30.248,22.798,23.714668,29.9105,65.31833,1.8859054,543.75,35.8
2007-08-23,2007,235,31.148,24.598,25.720222,30.772999,64.19349,3.975235,650.75,35.3
2007-08-24,2007,236,31.398,24.798,25.798,31.1355,63.104744,2.770804,653.5,37.0
2007-08-25,2007,237,32.248,25.048,26.08689,31.823,62.135292,0.97034204,695.5,39.8
2007-08-26,2007,238,32.798,25.298,26.498,32.6355,68.56852,1.0928361,736.25,41.7
2007-08-27,2007,239,31.948,26.198,26.620222,31.5105,72.98079,2.0388126,538.5,38.4
2007-08-28,2007,240,28.798,25.548,25.93689,27.5355,88.81458,1.505337,261.25,33.2
2007-08-29,2007,241,28.598,24.998,25.614666,27.848,85.03757,0.94705725,242.5,33.5
2007-08-30,2007,242,29.598,24.448,24.80911,29.098,78.54375,0.9954208,362.5,35.4
2007-08-31,2007,243,31.298,25.598,25.83689,30.6105,71.44619,1.061626,570.5,38.2
2007-09-01,2007,244,29.948,25.148,25.825779,28.673,81.70524,1.945147,347.75,34.2
2007-09-02,2007,245,30.498,25.648,25.848,30.3605,73.26025,0.8349971,387.5,36.8
2007-09-03,2007,246,29.548,25.298,25.981333,29.098,78.44151,1.4306462,329.25,34.8
2007-09-04,2007,247,31.498,25.398,25.85911,30.960499,73.39366,2.2419288,470.5,37.0
2007-09-05,2007,248,31.948,25.748,26.459112,31.147999,70.32795,2.7834902,465.0,36.3
2007-09-06,2007,249,30.348,25.998,26.242445,29.523,76.71719,4.099522,486.25,33.5
2007-09-07,2007,250,31.298,25.698,26.370222,30.948,62.300964,4.129081,582.75,34.8
2007-09-08,2007,251,31.048,24.848,25.848,30.673,60.86418,2.5397813,644.0,36.4
2007-09-09,2007,252,31.098,24.998,25.553555,30.848,59.75408,3.083279,701.25,36.3
2007-09-10,2007,253,31.098,24.698,25.664665,30.723,61.511833,2.7904005,640.0,36.2
2007-09-11,2007,254,31.248,24.648,25.448,30.772999,62.674683,3.1524425,671.75,36.2
2007-09-12,2007,255,31.098,23.348,24.731333,30.823,62.092712,2.6209486,636.5,36.5
2007-09-13,2007,256,30.798,23.998,25.120222,30.473,63.97578,3.1436098,555.25,35.1
2007-09-14,2007,257,31.098,23.998,25.248,30.6605,61.93395,3.0190787,623.25,35.8
2007-09-15,2007,258,30.848,23.248,24.798,30.5605,60.87405,2.5577722,536.75,35.4
2007-09-16,2007,259,30.848,24.598,25.120222,30.5355,62.232796,2.038189,589.5,36.5
2007-09-17,2007,260,31.548,23.898,25.220222,31.148,61.180603,1.4631637,606.75,37.8
2007-09-18,2007,261,32.748,24.498,25.603554,32.448,61.476597,2.6370196,759.0,39.4
2007-09-19,2007,262,32.998,25.898,26.909111,32.548,67.34779,3.0765438,748.25,39.6
2007-09-20,2007,263,31.798,25.748,26.175777,31.323,68.56862,2.7015786,553.5,37.1
2007-09-21,2007,264,29.598,24.648,25.331333,28.5105,80.61273,1.637397,326.75,34.0
2007-09-22,2007,265,31.898,24.098,25.509111,31.2855,72.87024,0.82964355,611.75,39.7
2007-09-23,2007,266,30.898,24.598,25.342445,30.4855,73.11426,1.3050498,587.0,38.2
2007-09-24,2007,267,29.948,24.248,24.959112,29.6355,77.173904,0.8611203,336.5,35.8
2007-09-25,2007,268,26.698,24.998,25.320223,25.598,88.59427,3.7274714,115.5,26.3
2007-09-26,2007,269,27.998,24.298,24.60911,27.6855,80.89231,3.866706,290.0,30.0
2007-09-27,2007,270,30.448,24.498,24.831333,30.073,70.26073,4.1308813,577.0,34.3
2007-09-28,2007,271,32.498,22.948,24.348,31.973001,62.69371,2.488574,783.75,39.2
2007-09-29,2007,272,31.648,22.748,24.003555,31.198,60.065407,2.4586763,782.5,38.1
2007-09-30,2007,273,30.948,22.648,23.453556,30.397999,58.024906,3.0432978,758.0,36.1
2007-10-01,2007,274,31.498,22.998,23.720222,30.960499,57.270325,2.777394,753.5,37.0
2007-10-02,2007,275,31.948,23.248,24.164665,31.5105,47.554672,2.6777358,738.5,37.0
2007-10-03,2007,276,31.748,20.298,22.786888,31.098,47.590523,2.399254,805.75,37.3
2007-10-04,2007,277,31.298,19.348,21.553555,30.523,57.57144,1.2278017,804.25,38.5
2007-10-05,2007,278,31.448,19.448,20.986889,31.060501,46.658875,2.8369203,809.5,36.8
2007-10-06,2007,279,32.148003,19.148,20.553555,31.548,43.70724,2.901291,796.75,37.0
2007-10-07,2007,280,32.098003,19.498,21.192444,31.4855,45.04394,2.8258657,789.5,37.0
2007-10-08,2007,281,31.348,21.198,22.670221,30.935501,52.712418,1.6230187,757.75,37.9
2007-10-09,2007,282,30.898,21.498,23.198,30.523,56.481865,1.2663131,743.75,38.0
2007-10-10,2007,283,31.048,21.948,23.536888,30.873,57.215176,0.73599243,658.25,38.1
2007-10-11,2007,284,32.098003,22.898,24.431334,31.848,53.839752,0.73762393,720.5,39.3
2007-10-12,2007,285,33.348003,23.898,24.725777,32.948,46.1182,1.709854,721.25,39.3
2007-10-13,2007,286,33.248,22.448,23.653557,32.848,47.735394,1.3090309,738.5,39.8
2007-10-14,2007,287,32.498,22.198,23.220222,31.898,47.65532,1.3119316,697.75,38.4
2007-10-15,2007,288,33.198,20.248,21.875778,32.448,43.42508,1.7564712,765.0,38.9
2007-10-16,2007,289,32.948,21.048,22.014668,32.248,39.372986,1.6117274,777.5,38.6
2007-10-17,2007,290,32.198,19.148,21.164665,31.448,40.919712,1.9244008,779.25,37.6
2007-10-18,2007,291,32.898003,16.948,20.075779,32.3855,33.6854,1.8988609,781.0,38.2
2007-10-19,2007,292,32.898003,17.048,19.292444,32.360504,35.22183,1.2538443,779.5,38.7
2007-10-20,2007,293,32.548,17.548,19.348,31.935501,36.46812,1.6520265,772.0,38.0
2007-10-21,2007,294,32.098003,16.798,19.036888,31.698002,31.545713,1.9285026,770.75,37.2
2007-10-22,2007,295,32.098003,18.048,20.153557,31.798,33.639652,1.1802279,759.0,37.9
2007-10-23,2007,296,31.898,16.498,19.275778,31.585499,33.110664,1.115317,730.75,37.4
2007-10-24,2007,297,33.298,19.048,20.470222,32.823,37.315884,1.6604315,746.0,38.8
2007-10-25,2007,298,33.748,20.148,21.598,33.273003,35.09015,1.9980869,739.25,38.9
2007-10-26,2007,299,33.198,20.598,21.592445,32.748,30.777687,2.5032349,744.75,37.6
2007-10-27,2007,300,33.648003,19.048,20.709112,33.173004,32.912354,2.4892516,736.5,38.2
2007-10-28,2007,301,34.098003,19.648,21.431334,33.7355,30.204653,1.907794,733.25,39.1
2007-10-29,2007,302,33.848003,19.848,21.453556,33.248,33.757256,1.1721717,728.0,39.2
2007-10-30,2007,303,33.798,20.598,21.892445,33.373,30.70378,3.400905,725.0,37.4
2007-10-31,2007,304,33.198,22.298,22.85911,32.7605,31.083513,3.292987,724.0,36.8
2007-11-01,2007,305,33.698,22.198,23.198,33.2605,38.408554,2.8604345,697.0,37.9
2007-11-02,2007,306,33.748,23.548,24.592445,33.323,43.73514,2.4110687,681.5,38.7
2007-11-03,2007,307,33.848003,23.048,24.698,33.460503,40.310757,1.3655834,668.75,39.3
2007-11-04,2007,308,32.348003,24.248,25.392445,32.073,60.32067,1.1910766,540.75,38.5
2007-11-05,2007,309,34.598003,23.648,24.448,34.223,34.488075,1.7903162,694.25,39.7
2007-11-06,2007,310,33.998,20.048,22.403557,33.548004,38.07689,1.0155616,698.25,39.7
2007-11-07,2007,311,33.198,19.348,21.886889,32.7605,35.396072,1.5878223,696.75,38.3
2007-11-08,2007,312,32.698,19.748,22.814667,32.360504,40.73065,1.8940004,685.5,37.9
2007-11-09,2007,313,32.898003,20.398,22.714668,32.523003,43.243996,1.0241803,671.5,38.7
2007-11-10,2007,314,33.448,20.098,22.720222,32.998,32.301186,1.2694459,689.5,38.5
2007-11-11,2007,315,33.298,20.848,23.320223,32.9855,30.529778,0.63043916,691.0,38.5
2007-11-12,2007,316,33.348003,18.898,22.959112,33.0605,28.576283,0.8350512,686.5,38.4
2007-11-13,2007,317,33.098003,18.198,20.203556,32.748,24.739191,2.2073233,689.0,37.2
2007-11-14,2007,318,32.248,17.348,19.05911,31.898,28.16699,2.5565243,685.5,36.1
2007-11-15,2007,319,32.298,18.298,20.475777,31.698002,31.824055,1.5510459,677.25,36.8
2007-11-16,2007,320,32.498,19.548,21.270224,32.148003,26.937958,0.8468232,682.5,37.3
2007-11-17,2007,321,32.048,18.348,19.398,31.648,21.147314,2.3610175,692.0,35.7
2007-11-18,2007,322,31.048,16.298,18.142445,30.598,23.856974,0.8908987,691.25,35.7
2007-11-19,2007,323,30.898,15.798,17.575779,30.560501,22.20082,1.5894196,686.5,35.2
2007-11-20,2007,324,30.748,16.998,17.959112,30.3855,21.301485,2.9077275,685.75,33.9
2007-11-21,2007,325,30.698,15.898,17.470222,30.3355,23.77737,0.8334974,684.5,35.4
2007-11-22,2007,326,31.348,15.948,17.720222,30.873001,25.184715,1.4047699,681.0,35.7
2007-11-23,2007,327,31.248,16.248,18.453556,30.698,25.881092,1.0074655,677.75,35.7
2007-11-24,2007,328,31.398,16.298,18.331333,30.9355,24.2616,1.0059952,675.0,35.8
2007-11-25,2007,329,31.598,15.748,17.753555,31.1605,23.460037,1.83566,675.25,35.6
2007-11-26,2007,330,30.998,15.498,17.131334,30.5355,24.945644,2.028347,675.25,34.9
2007-11-27,2007,331,30.398,15.298,17.003555,29.973,27.513008,1.4359353,665.25,34.8
2007-11-28,2007,332,29.698,14.848,17.025778,29.323,28.463251,0.73888826,628.25,34.2
2007-11-29,2007,333,28.248,15.948,17.759111,27.848,42.907265,2.2757807,633.75,32.4
2007-11-30,2007,334,29.098,15.148,17.475777,28.773,37.35743,2.217023,646.75,33.2
2007-12-01,2007,335,29.448,17.248,18.753555,29.123001,33.854233,1.0723107,514.0,33.2
2007-12-02,2007,336,28.648,20.298,20.909111,28.3855,35.230816,1.2758379,506.25,32.4
2007-12-03,2007,337,28.798,17.248,18.842445,28.448,30.631306,3.0084105,642.75,31.6
2007-12-04,2007,338,28.698,17.348,18.248,28.248,40.585148,3.5185664,615.75,31.0
2007-12-05,2007,339,28.798,17.648,18.814667,28.348,36.890038,2.6603758,592.0,31.8
2007-12-06,2007,340,28.348,18.098,18.914665,27.835499,36.337418,2.5939393,583.5,31.2
2007-12-07,2007,341,27.798,16.348,17.648,27.4105,39.36179,1.7958941,635.75,32.3
2007-12-08,2007,342,27.798,15.698,17.225777,27.498001,37.015915,1.9534082,641.75,32.2
2007-12-09,2007,343,28.298,15.648,17.081333,27.8605,38.77875,1.0044148,637.25,33.4
2007-12-10,2007,344,28.498,15.248,17.342445,28.1355,37.50279,1.2093898,635.5,33.4
2007-12-11,2007,345,27.798,14.298,17.292444,27.398,43.436775,1.8930495,596.75,32.1
2007-12-12,2007,346,26.548,17.048,17.986889,26.073,39.112156,3.2559628,621.25,29.0
2007-12-13,2007,347,25.848,13.498,15.120222,25.3105,34.90686,2.929758,655.0,28.8
2007-12-14,2007,348,25.398,13.998,15.159112,24.898,29.580252,4.342053,656.25,26.3
2007-12-15,2007,349,25.048,14.548,15.225778,24.473,32.38177,4.1429377,647.0,26.1
2007-12-16,2007,350,26.598,14.548,15.703556,25.848,36.254566,4.0836487,643.75,27.8
2007-12-17,2007,351,27.498,16.098,17.342445,26.723,35.392014,4.154634,638.0,28.6
2007-12-18,2007,352,28.148,15.997999,17.370222,27.548,37.36572,2.3857832,641.0,31.7
2007-12-19,2007,353,27.798,14.098,15.820223,27.3605,35.95079,1.7032228,643.5,32.3
2007-12-20,2007,354,28.698,14.748,16.33689,28.098,33.662865,2.6030407,646.0,31.9
2007-12-21,2007,355,29.898,15.348,16.425777,29.173,35.274002,2.191681,644.5,33.5
2007-12-22,2007,356,30.098,15.248,16.286888,29.4105,31.700933,2.3434129,651.25,33.5
2007-12-23,2007,357,29.748,14.448,16.603556,29.2605,31.218603,1.7340595,626.0,33.7
2007-12-24,2007,358,29.398,15.648,18.075779,29.023,39.728024,3.749417,624.75,31.7
2007-12-25,2007,359,29.448,18.548,19.925777,28.823,39.855606,2.5996485,622.25,32.7
2007-12-26,2007,360,28.648,15.948,18.031334,28.073,31.364967,1.9835964,641.5,32.4
2007-12-27,2007,361,26.548,15.698,17.442444,25.7605,33.4889,2.3411407,474.75,28.3
2007-12-28,2007,362,26.998,13.648,16.014668,26.2605,38.4076,1.132948,654.75,32.0
2007-12-29,2007,363,26.448,12.898,15.1368885,26.0355,21.854782,2.6769063,678.5,29.7
2007-12-30,2007,364,26.648,11.598,14.025777,25.948,31.805517,1.3921837,673.5,31.3
2007-12-31,2007,365,27.148,12.698,14.759111,26.323,32.704384,2.0115476,672.5,31.0
2008-01-01,2008,1,26.248,12.148,14.642445,25.548,32.91281,2.369465,668.75,29.8
2008-01-02,2008,2,27.198,13.348,15.047999,26.423,28.54927,2.846214,665.75,29.9
2008-01-03,2008,3,26.698,15.598,16.375778,25.873,30.148695,3.7785163,666.75,28.2
2008-01-04,2008,4,27.798,15.198,16.031334,26.948,33.495388,2.8447778,664.5,30.6
2008-01-05,2008,5,28.848,15.548,16.581333,28.0355,40.807743,0.81936324,658.75,34.0
2008-01-06,2008,6,29.948,14.948,17.531334,29.348,37.9653,0.76944005,660.25,35.1
2008-01-07,2008,7,31.598,17.698,18.942444,30.973,31.970976,3.9155917,660.5,33.7
2008-01-08,2008,8,30.748,15.598,18.047998,30.1855,34.188347,1.968163,643.25,34.7
2008-01-09,2008,9,29.348,15.898,17.820223,28.8605,37.589886,2.0078669,661.0,33.7
2008-01-10,2008,10,26.848,16.398,17.870222,26.448,39.356705,4.0447073,662.5,28.8
2008-01-11,2008,11,25.898,13.048,15.236889,25.4855,25.445639,3.5292115,676.0,28.1
2008-01-12,2008,12,27.698,15.048,15.898,26.810501,31.860527,3.0523145,681.25,30.3
2008-01-13,2008,13,28.198,14.998,16.159111,27.3855,33.771496,2.543633,684.0,31.6
2008-01-14,2008,14,28.548,15.598,16.509111,27.710499,29.141853,3.2473078,690.5,30.9
2008-01-15,2008,15,29.348,15.848,17.259111,28.498001,27.86976,2.1650214,694.0,33.0
2008-01-16,2008,16,30.398,16.348,17.953556,29.5105,28.72742,1.5930724,679.0,34.4
2008-01-17,2008,17,30.598,16.198,18.031334,29.7605,31.257244,1.7582334,649.75,34.4
2008-01-18,2008,18,26.548,15.598,17.203556,26.0855,41.68645,3.7371976,693.0,29.1
2008-01-19,2008,19,25.048,11.748,14.020222,24.448,22.951292,1.8178843,726.5,29.8
2008-01-20,2008,20,24.798,10.948,13.353556,24.147999,24.875917,2.2906463,638.5,28.1
2008-01-21,2008,21,25.448,12.348,13.525778,24.647999,30.187931,3.3818293,721.5,27.9
2008-01-22,2008,22,25.348,12.048,13.748,24.647999,29.498089,2.5589814,716.25,29.1
2008-01-23,2008,23,24.198,11.348,13.520222,23.4355,30.36203,2.2800379,719.25,28.4
2008-01-24,2008,24,24.248,11.098,13.20911,23.6105,23.969212,1.8544819,728.0,29.1
2008-01-25,2008,25,23.798,10.598,13.042445,23.348,19.969215,3.1761694,737.5,27.0
2008-01-26,2008,26,23.098,11.148,12.920222,22.7605,23.484184,3.9336684,736.75,25.3
2008-01-27,2008,27,24.148,10.548,12.486889,23.2355,31.995998,1.2506973,740.25,29.8
2008-01-28,2008,28,25.298,10.498,13.159111,24.598,30.74522,1.0543858,718.5,30.9
2008-01-29,2008,29,25.648,12.648,15.459111,25.148,25.269424,3.1135836,634.75,27.9
2008-01-30,2008,30,25.298,15.248,17.070223,24.948,26.858686,3.1204567,747.0,28.8
2008-01-31,2008,31,24.998,11.448,13.770222,24.498,21.893143,2.5204616,765.5,29.3
2008-02-01,2008,32,25.348,11.148,13.081333,24.710499,23.90612,1.0166883,763.5,31.2
2008-02-02,2008,33,26.698,11.048,13.720222,26.1605,23.75064,2.8152509,639.0,29.3
2008-02-03,2008,34,23.148,14.198,17.175777,22.6105,33.758026,3.4613123,762.5,26.3
2008-02-04,2008,35,22.198,10.148,12.281333,21.598,32.09338,3.208015,770.75,25.8
2008-02-05,2008,36,22.248,9.298,11.614666,21.723,26.288864,3.082447,771.0,26.0
2008-02-06,2008,37,21.498,9.498,11.664667,21.1105,29.619213,3.461123,699.75,24.1
2008-02-07,2008,38,19.548,7.698,10.131333,18.8605,29.471794,3.1045327,789.0,23.5
2008-02-08,2008,39,21.598,7.398,10.220222,20.948,20.772957,3.3052835,797.75,25.1
2008-02-09,2008,40,23.048,10.548,12.031333,22.373001,21.651749,3.7225335,798.25,25.8
2008-02-10,2008,41,24.248,9.448,11.625777,23.5105,21.1039,3.1013024,799.25,27.8
2008-02-11,2008,42,25.698,10.348,12.498,24.9855,19.610168,3.497117,806.5,28.7
2008-02-12,2008,43,26.298,11.798,13.414667,25.498001,17.069605,4.623146,815.25,27.9
2008-02-13,2008,44,26.598,12.448,14.203556,25.6355,16.628193,3.899872,822.25,29.0
2008-02-14,2008,45,28.998,12.748,14.370222,27.897999,21.54117,2.6425686,806.75,32.6
2008-02-15,2008,46,30.298,12.898,15.486889,29.448,24.183905,1.3469795,805.5,35.3
2008-02-16,2008,47,31.448,13.948,16.420221,30.448,22.191576,1.4311403,808.0,36.2
2008-02-17,2008,48,30.948,13.198,16.748,30.073,17.757843,2.2035346,818.75,35.1
2008-02-18,2008,49,31.848,13.298,16.825777,30.835499,24.284384,1.4373198,807.75,36.6
2008-02-19,2008,50,32.598003,15.248,18.10911,31.848001,19.641106,0.8791858,818.0,37.6
2008-02-20,2008,51,32.198,15.648,18.264668,31.448002,18.772348,1.5295385,823.0,37.0
2008-02-21,2008,52,32.548,15.098,18.409111,31.748001,19.036747,0.8512281,823.0,37.5
2008-02-22,2008,53,31.848,15.398,17.814667,30.9105,18.42325,2.0906193,828.25,36.1
2008-02-23,2008,54,30.448,15.548,18.43689,29.2605,41.72478,2.085328,809.5,35.4
2008-02-24,2008,55,30.148,14.248,17.698,29.398,18.378796,0.62203294,848.25,35.5
2008-02-25,2008,56,31.098,16.298,18.33689,30.335499,19.806702,2.3003209,844.25,35.6
2008-02-26,2008,57,31.048,15.548,18.009111,30.3605,13.246673,2.3244662,862.75,35.5
2008-02-27,2008,58,32.048,14.898,16.670221,31.2855,15.443366,2.7404459,863.5,36.1
2008-02-28,2008,59,33.398003,15.598,18.064667,32.648003,16.219465,2.3458743,862.75,37.9
2008-02-29,2008,60,33.948,15.548,18.681334,33.335503,17.250954,0.56864434,861.25,39.1
2008-03-01,2008,61,33.398003,15.048,18.670221,32.6855,17.088717,1.657057,867.0,38.4
2008-03-02,2008,62,33.048,15.398,19.209112,32.1105,18.527603,1.4481261,863.0,38.0
2008-03-03,2008,63,33.948,14.798,19.231333,32.8855,29.497988,1.0502136,851.75,39.5
2008-03-04,2008,64,34.548,17.198,20.898,33.898003,20.331474,0.959635,860.25,40.0
2008-03-05,2008,65,34.248,16.998,20.225777,33.548,20.426485,1.3767469,864.25,39.6
2008-03-06,2008,66,34.348003,16.198,20.081333,33.448,22.164127,1.1515414,868.75,39.7
2008-03-07,2008,67,33.998,17.748,20.492443,32.9105,24.739763,2.5712626,865.75,38.4
2008-03-08,2008,68,34.698,16.298,19.214668,33.9355,18.027908,2.2023723,867.0,39.4
2008-03-09,2008,69,35.398003,17.198,20.325779,34.835503,14.372721,2.5206914,869.5,40.0
2008-03-10,2008,70,35.648003,21.698,23.470222,35.048,17.711044,3.2434642,655.5,38.4
2008-03-11,2008,71,33.748,24.498,25.620222,32.973003,29.314913,2.8383732,628.25,36.6
2008-03-12,2008,72,34.448,23.248,24.136889,34.048004,24.695782,2.9299026,673.0,37.9
2008-03-13,2008,73,33.848003,22.148,22.975777,33.223003,28.515682,2.1417263,815.0,38.9
2008-03-14,2008,74,34.998,20.998,23.342445,34.473,25.473585,2.3334448,865.0,40.3
2008-03-15,2008,75,35.098003,21.098,23.698,34.723003,20.78862,1.5872076,882.0,40.9
2008-03-16,2008,76,36.298,20.048,23.225777,35.6355,21.643969,1.36963,880.75,42.0
2008-03-17,2008,77,36.548,20.748,23.570223,35.910503,17.812632,2.428139,888.75,41.6
2008-03-18,2008,78,35.848003,21.348,22.886889,35.1355,17.52349,2.7186112,900.25,40.6
2008-03-19,2008,79,33.348003,18.148,21.392445,32.1355,26.783455,1.4450228,907.0,38.8
2008-03-20,2008,80,36.198,19.248,21.736889,35.298,21.068623,1.3585371,906.0,41.8
2008-03-21,2008,81,36.848003,17.448,23.875778,36.1355,13.662845,0.9271158,918.25,42.1
2008-03-22,2008,82,37.148003,17.598,21.209112,36.360504,15.267734,1.3230064,914.75,42.5
2008-03-23,2008,83,37.998,19.998,22.170221,36.8855,16.32245,2.0897784,904.25,42.9
2008-03-24,2008,84,36.498,19.648,23.742445,35.473,29.799204,1.9633127,872.75,42.0
2008-03-25,2008,85,36.198,20.648,23.142445,35.4105,25.791073,2.6263428,880.5,41.3
2008-03-26,2008,86,35.548,21.998,24.342445,34.6355,31.697504,1.6812732,858.0,41.3
2008-03-27,2008,87,36.548,21.898,25.131334,35.710503,26.253738,1.2299603,855.0,42.3
2008-03-28,2008,88,38.148003,22.998,24.675777,37.485504,16.536856,3.0105858,908.75,43.2
2008-03-29,2008,89,37.398003,22.748,24.55911,36.610504,21.27187,2.2425048,908.5,42.9
2008-03-30,2008,90,34.598003,22.848,24.948,33.6355,27.228619,2.3909998,681.75,38.1
2008-03-31,2008,91,32.798,20.698,23.214668,31.960499,27.622993,3.6037433,922.75,37.0
2008-04-01,2008,92,33.798,20.448,22.414665,32.7855,39.727917,4.01641,897.25,37.9
2008-04-02,2008,93,34.298,20.698,22.68689,33.085503,29.739782,3.1085052,915.0,38.7
2008-04-03,2008,94,32.698,20.748,22.814667,31.648003,38.272854,2.6217227,896.5,37.8
2008-04-04,2008,95,32.048,21.048,22.520224,30.7605,44.41307,4.023821,703.5,34.3
2008-04-05,2008,96,33.048,19.998,22.286888,32.273003,41.122704,2.132259,864.25,38.9
2008-04-06,2008,97,35.148003,22.048,24.064667,34.698,23.64023,2.002186,888.75,40.9
2008-04-07,2008,98,36.348003,22.398,24.103556,35.723,21.819736,3.5894866,800.75,40.3
2008-04-08,2008,99,36.948,21.748,24.503555,36.735504,21.757195,2.769579,854.0,42.4
2008-04-09,2008,100,37.498,23.098,25.498,37.148003,21.85672,0.6959046,819.75,43.2
2008-04-10,2008,101,38.448,24.998,26.83689,37.848,18.923159,3.2081861,916.5,43.7
2008-04-11,2008,102,38.348003,23.948,26.33689,37.648003,20.318317,3.2112179,918.75,43.5
2008-04-12,2008,103,38.198,21.848,25.386889,36.773003,31.157564,2.698268,912.0,43.4
2008-04-13,2008,104,38.948,23.698,26.631334,37.898003,23.24054,3.2889483,920.25,44.0
2008-04-14,2008,105,38.398003,23.298,26.631334,37.348,21.62555,3.1416068,924.25,43.3
2008-04-15,2008,106,38.498,22.548,25.892445,37.198,20.106747,3.0139043,941.75,43.3
2008-04-16,2008,107,37.648003,22.148,25.514668,36.798004,29.78054,2.7309492,908.5,43.3
2008-04-17,2008,108,38.598003,22.848,25.975777,37.948,15.97613,1.4406635,943.5,44.5
2008-04-18,2008,109,38.498,20.248,23.648,37.9355,11.642147,1.5634959,955.25,44.0
2008-04-19,2008,110,38.298,20.298,23.603556,37.623,14.641384,1.1543953,950.25,44.0
2008-04-20,2008,111,38.648003,22.648,24.93689,38.0605,15.352754,2.4850955,944.25,44.2
2008-04-21,2008,112,39.398003,24.198,26.092445,38.623,19.321926,3.4066668,933.25,44.7
2008-04-22,2008,113,40.048,25.148,26.981333,39.723,13.974802,3.554101,944.5,45.6
2008-04-23,2008,114,39.248,24.648,26.136889,38.723003,13.156661,2.3807194,948.0,44.9
2008-04-24,2008,115,39.748,22.748,26.136889,39.273003,16.525183,2.4161706,936.0,45.7
2008-04-25,2008,116,41.198,23.598,26.581333,40.6355,16.477337,2.115535,933.75,47.4
2008-04-26,2008,117,41.148003,25.848,27.798,40.348003,16.525208,1.5471847,933.0,47.2
2008-04-27,2008,118,41.248,24.998,27.625778,40.223003,17.555283,2.859476,943.0,46.8
2008-04-28,2008,119,39.798,23.848,26.381334,38.698,18.409748,2.2863705,948.25,45.4
2008-04-29,2008,120,38.598003,23.198,26.448,37.360504,20.476772,1.9316697,940.25,44.1
2008-04-30,2008,121,38.148003,23.348,26.448,37.235504,22.85258,3.439275,833.5,42.5
2008-05-01,2008,122,39.898003,24.948,27.670221,38.373,20.008158,3.603341,884.25,44.0
2008-05-02,2008,123,38.648003,23.698,26.392445,36.460503,31.575584,3.340038,921.75,42.6
2008-05-03,2008,124,39.898003,24.148,26.820223,37.9105,27.679192,4.609414,929.5,43.5
2008-05-04,2008,125,38.998,23.898,26.331335,36.9355,31.368336,4.3414254,927.25,42.6
2008-05-05,2008,126,38.998,24.148,26.514668,37.1605,29.358528,4.157234,923.75,42.8
2008-05-06,2008,127,37.198,24.948,26.703556,35.498,37.576157,3.4548268,877.5,41.3
2008-05-07,2008,128,37.148003,25.298,26.770224,35.748,33.904675,3.8240557,923.0,41.5
2008-05-08,2008,129,37.548,25.898,27.314667,36.3855,33.570976,3.967588,921.25,42.1
2008-05-09,2008,130,37.348003,25.798,27.681334,36.1355,37.380413,3.8073323,895.5,42.0
2008-05-10,2008,131,37.048,25.198,27.381334,35.4105,35.85468,3.7166617,907.5,41.1
2008-05-11,2008,132,37.998,24.448,26.664665,36.223003,31.205004,3.3173423,926.75,42.3
2008-05-12,2008,133,38.498,23.948,26.275778,36.460503,34.514412,4.188756,919.25,42.1
2008-05-13,2008,134,38.548,24.498,26.93689,36.610504,35.244377,4.0043187,921.25,42.5
2008-05-14,2008,135,39.448,24.648,27.18689,37.273003,30.688057,4.6632967,920.25,42.8
2008-05-15,2008,136,39.598003,24.948,26.831333,37.698,28.962034,4.648036,921.0,43.3
2008-05-16,2008,137,39.898003,24.698,26.992445,37.598003,30.64473,4.831379,919.25,43.1
2008-05-17,2008,138,39.398003,25.498,27.520224,37.4355,32.772697,5.4816794,916.75,42.8
2008-05-18,2008,139,39.898003,25.148,27.653557,38.173004,26.83882,6.1562567,921.5,43.5
2008-05-19,2008,140,39.048,25.698,27.85911,37.873,30.71548,6.0143466,917.0,43.2
2008-05-20,2008,141,39.348003,25.648,27.998,37.548004,33.456425,4.791572,916.25,43.2
2008-05-21,2008,142,39.698,25.698,28.064667,37.9105,30.624523,5.4519887,917.25,43.3
2008-05-22,2008,143,39.348003,26.248,28.209112,37.523003,33.470455,4.38562,909.0,43.3
2008-05-23,2008,144,39.098003,26.598,28.370222,37.023003,36.051678,4.0552025,901.0,42.9
2008-05-24,2008,145,39.098003,25.148,27.692444,37.410503,29.188187,3.5872931,917.75,43.4
2008-05-25,2008,146,39.848003,24.048,27.05911,38.085503,26.874142,3.1083007,920.0,44.5
2008-05-26,2008,147,39.948,25.048,28.236889,38.785503,27.02706,2.8802876,902.75,45.4
2008-05-27,2008,148,40.398003,27.198,29.892447,39.335503,27.252056,4.3430448,898.75,45.3
2008-05-28,2008,149,40.448,26.198,28.892447,38.673,30.229786,4.235187,905.25,44.6
2008-05-29,2008,150,40.298,25.648,28.236889,38.573,30.419884,4.2469296,903.5,44.5
2008-05-30,2008,151,39.748,26.098,28.442444,37.823,32.436287,4.2792745,904.0,43.6
2008-05-31,2008,152,39.498,26.448,28.370222,37.6855,34.842793,3.9280272,893.75,43.7
2008-06-01,2008,153,38.448,26.898,28.809113,37.0105,37.80285,3.9959254,871.5,42.8
2008-06-02,2008,154,38.248,27.648,29.331333,37.023003,36.178036,4.30886,772.0,41.9
2008-06-03,2008,155,37.998,28.648,29.636889,37.110504,34.07844,2.9672496,875.5,43.5
2008-06-04,2008,156,38.648003,28.498,29.698002,37.835503,32.65056,3.3302708,865.0,43.9
2008-06-05,2008,157,36.698,29.098,30.098,36.398003,44.051914,5.20623,786.25,41.3
2008-06-06,2008,158,35.448,27.998,28.448002,34.848,51.941254,5.286187,680.0,39.1
2008-06-07,2008,159,35.398003,27.048,27.925777,34.1105,55.027462,3.9627397,716.0,39.4
2008-06-08,2008,160,36.148003,26.598,27.453556,35.5605,47.582462,3.0936818,746.5,41.5
2008-06-09,2008,161,33.998,25.798,26.80911,32.8855,56.3063,5.3634934,508.5,35.6
2008-06-10,2008,162,31.398,26.748,26.931334,30.5355,68.17816,4.8650494,317.25,32.2
2008-06-11,2008,163,34.148003,26.748,27.064667,32.460503,62.84903,4.421882,648.75,37.1
2008-06-12,2008,164,33.748,26.198,27.348,32.923,59.928135,4.5666895,476.25,36.2
2008-06-13,2008,165,31.698,26.548,27.514668,31.0605,60.32968,5.15314,329.75,32.2
2008-06-14,2008,166,30.398,24.748,25.525778,27.348,89.32326,4.778414,136.0,28.1
2008-06-15,2008,167,32.398003,25.548,26.198,32.110504,57.97651,6.4780107,740.75,35.9
2008-06-16,2008,168,33.198,26.798,27.420221,32.648003,50.74707,5.53474,604.25,35.4
2008-06-17,2008,169,33.698,26.398,27.286888,32.998,49.90338,5.5491066,596.5,35.7
2008-06-18,2008,170,33.848003,26.098,27.064667,33.085503,49.969116,5.9128995,597.5,35.8
2008-06-19,2008,171,33.398003,25.998,27.264668,32.998,48.47711,5.116839,537.0,35.4
2008-06-20,2008,172,33.798,26.748,27.68689,33.048,51.4188,4.838629,523.0,35.7
2008-06-21,2008,173,33.748,26.198,27.603556,33.298004,49.04261,4.777315,608.5,36.5
2008-06-22,2008,174,34.448,25.948,27.642445,33.623,47.802414,4.1310754,599.75,37.2
2008-06-23,2008,175,34.448,25.798,27.820223,33.8855,46.76841,3.451409,521.0,37.4
2008-06-24,2008,176,34.048,25.948,27.970222,33.6355,48.69823,3.3345141,486.25,37.1
2008-06-25,2008,177,34.898003,26.648,28.398,34.3855,45.454865,3.5449593,609.75,38.5
2008-06-26,2008,178,33.498,27.248,28.92022,33.023003,52.410824,3.3458452,495.0,36.7
2008-06-27,2008,179,32.498,26.648,27.892445,29.573,75.61389,3.1863794,298.25,32.9
2008-06-28,2008,180,31.698,26.298,26.709112,31.3355,63.5696,4.652847,465.5,34.2
2008-06-29,2008,181,33.048,25.948,27.003555,32.5105,63.467003,3.274286,641.75,38.2
2008-06-30,2008,182,31.698,26.248,26.942444,31.1105,73.88795,2.8136625,526.25,37.0
2008-07-01,2008,183,31.748,26.448,26.881332,30.085499,73.890274,2.2419622,340.5,34.8
2008-07-02,2008,184,28.098,25.848,26.170221,27.948,84.22401,3.4875007,240.25,30.7
2008-07-03,2008,185,31.098,26.048,26.236889,30.123001,77.14289,4.032311,563.75,35.0
2008-07-04,2008,186,32.698,25.898,26.820223,32.3105,55.28897,5.096568,558.25,35.2
2008-07-05,2008,187,32.698,25.448,26.60911,32.1355,56.36689,5.436941,542.5,34.8
2008-07-06,2008,188,31.748,25.848,26.753555,31.173,60.528767,5.5933957,412.5,32.8
2008-07-07,2008,189,31.798,26.298,27.009111,31.523,60.299892,6.0901737,535.0,34.0
2008-07-08,2008,190,30.848,25.948,26.903557,30.4355,66.6839,4.051647,447.0,33.5
2008-07-09,2008,191,30.498,26.048,26.964668,29.9355,67.39218,3.715152,226.0,31.5
2008-07-10,2008,192,30.648,25.148,25.986889,30.098,68.47634,3.7149856,375.75,33.0
2008-07-11,2008,193,27.598,24.848,25.459112,25.8105,93.52658,3.946766,65.5,26.3
2008-07-12,2008,194,28.648,24.948,25.35911,28.4105,79.33938,4.627845,222.25,29.6
2008-07-13,2008,195,30.098,25.098,25.925777,29.3855,72.909195,4.5713344,290.5,31.0
2008-07-14,2008,196,31.748,24.998,26.192444,31.5355,62.475563,4.4035864,553.25,35.1
2008-07-15,2008,197,32.198,25.298,26.509111,31.723,60.222603,4.279651,576.0,35.4
2008-07-16,2008,198,32.248,24.848,26.348,31.748001,60.20349,4.3748603,592.25,35.5
2008-07-17,2008,199,31.848,24.698,26.048,31.473,59.56484,4.6578703,564.5,34.7
2008-07-18,2008,200,31.398,25.098,26.398,30.9855,59.915634,3.8555214,493.25,34.2
2008-07-19,2008,201,31.898,24.848,26.514668,31.498001,59.211422,4.0946393,560.0,35.1
2008-07-20,2008,202,32.248,25.298,26.909111,31.873001,56.662666,4.313043,582.5,35.4
2008-07-21,2008,203,32.048,25.548,26.731333,31.773,59.91036,4.1423736,664.5,36.2
2008-07-22,2008,204,31.548,25.898,26.775778,31.323,62.615524,3.7481084,584.75,35.6
2008-07-23,2008,205,32.398003,25.948,26.948,31.7855,58.358673,3.0116315,590.25,36.6
2008-07-24,2008,206,32.848003,26.498,27.192444,32.373,57.63643,3.6130874,632.5,37.0
2008-07-25,2008,207,32.298,26.648,27.35911,31.748001,65.191696,2.9533904,653.75,37.7
2008-07-26,2008,208,33.448,26.748,27.60911,32.748,57.525764,2.6230428,614.5,38.4
2008-07-27,2008,209,30.148,26.048,27.231333,29.6355,73.82952,1.7106044,336.0,34.8
2008-07-28,2008,210,26.398,24.798,25.748,26.1855,93.54257,3.0942566,90.5,28.2
2008-07-29,2008,211,30.348,24.598,25.175777,29.897999,72.65368,2.363352,471.75,35.4
2008-07-30,2008,212,29.398,25.098,25.631334,28.2605,80.28923,3.1171472,324.25,31.9
2008-07-31,2008,213,31.398,24.948,26.020224,30.9605,64.570496,4.0501785,536.5,34.7
2008-08-01,2008,214,28.998,25.948,26.60911,28.6855,76.92787,3.8696065,248.5,30.7
2008-08-02,2008,215,27.848,24.848,25.392445,27.098,88.130875,2.3294275,225.25,31.2
2008-08-03,2008,216,26.048,24.798,25.031334,25.823,94.08727,2.2647212,99.25,28.9
2008-08-04,2008,217,30.298,24.398,25.064667,29.823,77.68846,2.3566926,472.75,35.8
2008-08-05,2008,218,30.998,25.148,25.603554,30.397999,68.943474,2.6403875,515.75,35.7
2008-08-06,2008,219,29.948,24.848,25.564667,29.335499,72.70634,3.6802828,371.0,32.4
2008-08-07,2008,220,29.948,25.198,25.903555,29.3605,70.453354,5.786982,532.0,31.8
2008-08-08,2008,221,28.948,24.948,25.770224,28.147999,79.31079,5.370699,296.5,29.2
2008-08-09,2008,222,29.548,25.198,25.631332,29.3355,73.36451,4.4281297,433.0,32.2
2008-08-10,2008,223,29.698,25.248,25.625778,29.0605,75.91842,3.1975732,378.5,32.9
2008-08-11,2008,224,27.948,25.198,25.342445,26.2605,94.21351,2.7978494,111.75,29.0
2008-08-12,2008,225,25.898,25.098,25.209112,25.6355,96.13635,4.443612,54.5,25.7
2008-08-13,2008,226,27.598,25.048,25.181334,27.198,88.4969,4.718307,255.75,28.9
2008-08-14,2008,227,28.298,25.048,25.520224,27.173,88.52384,3.7474842,241.25,29.7
2008-08-15,2008,228,30.298,24.748,25.525778,29.5105,71.5266,4.0976777,377.25,32.1
2008-08-16,2008,229,30.848,25.148,26.103556,30.5605,65.56455,3.604674,554.75,34.8
2008-08-17,2008,230,30.948,24.848,26.047998,30.448,64.31968,3.6087532,550.5,34.5
2008-08-18,2008,231,30.598,23.798,25.331333,30.0355,61.94778,3.8832989,534.25,33.4
2008-08-19,2008,232,30.548,23.698,25.025778,30.048,60.195347,3.583838,582.5,34.0
2008-08-20,2008,233,29.698,22.848,24.898,29.423,62.311672,3.3437672,480.75,32.8
2008-08-21,2008,234,29.848,23.748,24.736889,29.435501,61.64065,3.9712594,570.0,32.8
2008-08-22,2008,235,30.298,22.648,24.148,29.685501,61.40043,3.020806,586.5,34.3
2008-08-23,2008,236,30.548,24.598,25.35911,30.223,70.95025,2.2913218,695.5,37.4
2008-08-24,2008,237,31.298,24.498,25.548,30.923,63.538605,1.9131157,670.0,37.8
2008-08-25,2008,238,30.898,25.048,25.892445,30.748001,68.767494,2.5104535,564.5,36.6
2008-08-26,2008,239,26.798,24.648,25.325779,26.598,86.01044,2.7445903,123.0,28.8
2008-08-27,2008,240,29.898,23.848,24.536888,29.248001,70.59546,2.608639,395.0,33.4
2008-08-28,2008,241,31.298,24.348,25.464668,30.9105,60.569542,3.4253223,674.25,35.9
2008-08-29,2008,242,31.148,24.448,25.753555,30.873001,57.763603,3.505834,691.75,35.7
2008-08-30,2008,243,30.898,24.448,25.914665,30.698,61.220795,3.6660264,633.0,35.2
2008-08-31,2008,244,31.448,24.398,25.831333,31.148,56.992546,2.6276984,702.75,37.0
2008-09-01,2008,245,31.748,24.248,25.614666,31.473,59.166824,1.0341365,652.75,38.7
2008-09-02,2008,246,33.498,25.848,26.664665,33.085503,57.738323,1.6570646,786.25,41.0
2008-09-03,2008,247,33.498,25.748,27.003555,33.2355,58.89209,1.7942818,773.5,41.1
2008-09-04,2008,248,32.898003,25.948,27.042444,32.523003,60.882744,2.0812857,700.75,39.6
2008-09-05,2008,249,31.548,25.748,26.436888,31.248001,66.432465,3.5111687,653.0,36.6
2008-09-06,2008,250,32.048,25.298,26.314667,31.560501,57.248245,3.7191725,688.75,36.3
2008-09-07,2008,251,31.498,25.648,26.370222,31.022999,64.38432,1.8162656,682.75,38.2
2008-09-08,2008,252,33.448,24.698,25.870222,33.173,50.48955,2.2761579,694.25,39.2
2008-09-09,2008,253,34.248,23.698,25.631334,33.823,50.370617,1.7384773,741.25,40.8
2008-09-10,2008,254,33.348003,24.348,25.964668,33.0105,60.735096,1.8743684,631.75,39.9
2008-09-11,2008,255,32.398003,26.548,27.292444,31.7355,61.6844,1.9001573,382.5,36.4
2008-09-12,2008,256,33.548,26.748,27.214666,33.210503,64.3196,1.7673404,726.75,41.3
2008-09-13,2008,257,31.698,24.948,25.853556,31.0355,73.96785,1.2215796,531.0,38.6
2008-09-14,2008,258,29.648,25.598,25.764668,29.198,81.35428,1.82384,424.75,35.6
2008-09-15,2008,259,29.148,25.198,25.531334,28.710499,79.91476,4.073434,425.0,32.2
2008-09-16,2008,260,29.398,25.248,25.398,28.948,72.97177,3.5704756,413.75,32.3
2008-09-17,2008,261,27.998,24.698,24.986889,27.8855,83.92421,1.9010491,188.75,32.0
2008-09-18,2008,262,28.798,24.048,24.503555,28.448,85.16795,3.8166785,283.5,31.5
2008-09-19,2008,263,31.248,24.098,24.614666,30.147999,76.45562,2.3546278,480.75,36.2
2008-09-20,2008,264,32.048,24.598,25.192444,31.398,70.24512,2.2437637,476.0,37.3
2008-09-21,2008,265,30.948,24.548,25.425777,30.0855,62.822876,3.3336306,611.5,34.7
2008-09-22,2008,266,29.798,24.348,25.486889,29.323,65.16016,3.2845101,698.5,34.7
2008-09-23,2008,267,29.648,23.398,25.020224,29.310501,64.01257,2.454371,577.25,34.6
2008-09-24,2008,268,30.648,21.598,22.60911,30.248001,59.767956,1.6096168,698.5,37.3
2008-09-25,2008,269,30.198,21.498,22.636889,29.8855,60.648884,3.246119,597.75,34.3
2008-09-26,2008,270,29.898,21.698,23.031334,29.373,57.701206,3.419943,696.0,34.0
2008-09-27,2008,271,29.948,21.448,22.964668,29.5105,58.434177,3.4851563,737.0,34.5
2008-09-28,2008,272,30.248,22.248,24.098,29.7855,58.67258,2.9235203,754.0,35.6
2008-09-29,2008,273,30.398,21.348,23.203556,29.923,59.069324,2.584462,726.5,36.0
2008-09-30,2008,274,30.398,22.798,23.470222,30.085499,60.61664,2.345943,746.0,36.7
2008-10-01,2008,275,31.598,22.698,23.903557,31.1355,59.180893,1.4367144,688.0,38.3
2008-10-02,2008,276,31.798,24.098,25.275778,31.448,62.493702,1.1085922,623.25,38.7
2008-10-03,2008,277,32.198,24.598,25.936888,32.048004,69.32135,1.7730498,675.25,40.0
2008-10-04,2008,278,34.748,24.898,26.536888,34.248,59.04142,1.700825,765.0,42.4
2008-10-05,2008,279,33.948,25.698,26.942444,33.623,55.061478,2.302446,745.0,40.5
2008-10-06,2008,280,32.298,24.648,25.981333,32.098,60.469795,2.0845385,718.0,39.1
2008-10-07,2008,281,31.798,24.248,25.564667,31.598,62.02072,2.2763717,716.0,38.4
2008-10-08,2008,282,32.148003,23.398,24.920221,31.560501,54.049976,1.9625006,772.25,38.5
2008-10-09,2008,283,32.848003,22.198,24.342445,32.273003,54.791996,1.0647261,751.75,40.0
2008-10-10,2008,284,34.498,23.748,24.931334,34.085503,45.28101,1.4192097,749.5,41.0
2008-10-11,2008,285,36.048,23.198,24.825779,35.585503,37.64211,1.5775307,768.25,42.2
2008-10-12,2008,286,35.998,22.848,24.514668,35.498,35.195213,1.8566378,770.0,41.7
2008-10-13,2008,287,35.748,22.098,23.675777,35.348,33.603832,2.00389,773.0,41.4
2008-10-14,2008,288,36.048,21.948,23.259111,35.710503,27.721903,2.1114166,777.5,41.4
2008-10-15,2008,289,35.648003,20.948,22.986889,35.298004,26.792126,1.9659672,773.75,40.9
2008-10-16,2008,290,35.598003,23.248,24.275778,35.248,28.289413,3.5558577,712.0,39.3
2008-10-17,2008,291,34.848003,24.698,26.542444,34.5605,33.430244,1.793447,684.75,39.9
2008-10-18,2008,292,35.248,22.448,23.420221,34.998,31.971329,2.8496213,736.5,39.9
2008-10-19,2008,293,35.348003,21.198,22.725777,35.1855,25.543455,1.8844051,757.75,40.7
2008-10-20,2008,294,35.148003,19.898,21.786888,34.823,26.273636,0.9793339,760.25,40.7
2008-10-21,2008,295,34.998,19.898,22.142445,34.648003,27.5205,1.2750256,757.25,40.5
2008-10-22,2008,296,34.448,20.998,22.753555,34.023003,28.64649,0.68551695,729.25,39.7
2008-10-23,2008,297,34.848003,20.448,22.514666,34.535503,26.745188,1.3031573,751.25,40.2
2008-10-24,2008,298,34.798,21.048,23.120222,34.3605,29.578274,1.4864786,746.75,40.1
2008-10-25,2008,299,35.148003,18.998,22.297998,34.748,23.82779,2.1411982,747.75,39.8
2008-10-26,2008,300,34.448,19.248,21.486887,33.898003,25.727867,2.7667158,745.0,38.5
2008-10-27,2008,301,34.198,19.448,21.33689,33.5605,30.639084,2.694423,737.5,38.3
2008-10-28,2008,302,32.898003,18.298,20.798,32.498,32.725624,1.7515161,726.75,38.0
2008-10-29,2008,303,33.198,20.448,22.209112,32.773003,36.51857,1.0850613,717.25,38.8
2008-10-30,2008,304,32.748,20.498,21.759111,32.2855,38.111336,1.5060573,714.0,38.1
2008-10-31,2008,305,32.898003,18.648,20.892445,32.585503,33.090454,1.9562252,716.75,37.8
2008-11-01,2008,306,33.398003,18.548,20.848,33.048004,30.944178,0.7895777,717.75,38.8
2008-11-02,2008,307,34.098003,19.348,21.570223,33.723,29.521492,1.7956673,714.0,39.0
2008-11-03,2008,308,34.548,20.448,22.331333,34.148003,26.380857,2.3722706,715.75,38.9
2008-11-04,2008,309,34.448,19.898,21.603556,34.0105,29.235558,3.0733423,710.25,38.3
2008-11-05,2008,310,33.798,19.798,21.064667,33.335503,32.352707,2.4375596,702.0,38.1
2008-11-06,2008,311,33.898003,19.698,21.142445,33.335503,30.042965,1.8317014,702.25,38.5
2008-11-07,2008,312,34.498,19.798,21.698,34.148003,22.798246,2.262203,705.75,38.7
2008-11-08,2008,313,34.348003,19.598,21.881334,34.048004,23.982588,0.9922581,702.25,39.2
2008-11-09,2008,314,34.098003,20.148,22.009111,33.648003,27.787594,0.6909566,697.75,39.0
2008-11-10,2008,315,33.998,19.598,20.981333,33.673,23.652325,1.4469608,698.0,38.6
2008-11-11,2008,316,33.348003,18.498,19.70911,33.035503,24.647343,1.5721698,693.75,37.9
2008-11-12,2008,317,32.548,17.248,19.198,32.3105,22.713001,1.2048649,694.75,37.2
2008-11-13,2008,318,31.748,17.098,19.30911,31.498,26.722317,1.1563818,686.0,36.6
2008-11-14,2008,319,31.398,17.798,19.564667,31.0855,25.579456,1.1940292,690.0,36.1
2008-11-15,2008,320,31.548,16.448,19.253555,31.073,26.999687,1.1957953,683.0,36.1
2008-11-16,2008,321,31.248,19.098,20.714668,30.6355,36.566647,1.0223116,634.75,36.0
2008-11-17,2008,322,31.948,19.398,21.953556,31.598,25.193571,3.9314575,662.25,34.2
2008-11-18,2008,323,29.148,23.248,24.58689,28.673,51.629692,2.7510364,368.5,30.9
2008-11-19,2008,324,30.598,23.298,23.759111,30.1355,54.9209,1.3295375,526.5,35.6
2008-11-20,2008,325,31.398,19.948,22.070223,31.060501,24.095713,3.4424691,680.75,34.1
2008-11-21,2008,326,30.148,17.998,18.786888,29.710499,25.536749,4.012026,678.75,32.1
2008-11-22,2008,327,30.148,18.448,19.486889,29.698,34.05019,2.812931,667.75,33.5
2008-11-23,2008,328,30.348,18.048,19.153557,29.960499,31.629353,2.7176528,671.5,33.9
2008-11-24,2008,329,30.448,17.148,18.225777,30.048,29.078346,1.6348011,672.5,34.9
2008-11-25,2008,330,31.098,15.498,17.214666,30.6355,25.708517,1.282609,674.0,35.5
2008-11-26,2008,331,31.048,15.748,17.503555,30.5355,26.115486,1.4270625,669.75,35.3
2008-11-27,2008,332,31.398,16.948,18.398,30.8355,22.005392,3.434369,675.25,33.8
2008-11-28,2008,333,30.448,17.998,19.55911,29.8605,23.942375,4.4158435,669.0,31.8
2008-11-29,2008,334,30.948,18.598,20.220222,30.147999,29.984465,4.0422115,597.75,32.1
2008-11-30,2008,335,27.798,21.498,21.948,26.310501,39.63753,1.9724538,236.5,27.2
2008-12-01,2008,336,26.198,20.148,20.781334,25.7105,41.71798,4.2028694,494.25,26.3
2008-12-02,2008,337,30.648,18.898,20.198,30.173,35.803024,1.7211385,612.0,34.8
2008-12-03,2008,338,32.148003,20.398,21.781334,31.773,36.311348,1.4421489,610.25,36.7
2008-12-04,2008,339,32.898003,20.948,22.531334,32.598003,33.17021,1.1843133,616.0,37.6
2008-12-05,2008,340,33.898003,21.598,22.903557,33.460503,25.235815,1.724147,620.75,37.8
2008-12-06,2008,341,33.098003,21.498,22.875778,32.6355,29.425018,2.7691483,582.75,36.0
2008-12-07,2008,342,32.898003,21.298,23.042444,32.585503,28.461782,2.525552,579.0,36.0
2008-12-08,2008,343,32.348003,19.148,20.403557,31.885502,27.144962,1.6137846,637.75,36.4
2008-12-09,2008,344,32.148003,16.998,19.470222,31.710503,29.581581,1.9269538,632.75,36.1
2008-12-10,2008,345,31.148,18.548,20.581333,30.598,37.074005,2.5850134,626.75,34.6
2008-12-11,2008,346,29.848,18.198,20.092445,29.272999,41.595207,2.0955324,633.5,34.0
2008-12-12,2008,347,29.848,17.298,19.10911,29.210499,41.572865,1.2888505,636.0,34.7
2008-12-13,2008,348,30.898,17.448,19.203556,30.3855,40.277275,1.3129338,629.75,35.7
2008-12-14,2008,349,31.748,18.848,20.214668,31.272999,37.243668,2.4821396,618.25,35.4
2008-12-15,2008,350,31.898,20.248,21.236889,31.4105,34.349026,2.849018,624.0,35.1
2008-12-16,2008,351,32.198,20.148,21.903557,31.648003,36.06498,2.809482,622.25,35.4
2008-12-17,2008,352,31.998,20.298,21.914665,31.522999,36.393795,3.0195427,612.0,35.0
2008-12-18,2008,353,31.198,21.748,22.781334,30.573,29.701815,2.9930634,554.25,33.2
2008-12-19,2008,354,29.248,21.348,22.375778,28.6605,30.006273,2.2428606,456.75,31.1
2008-12-20,2008,355,29.448,20.298,21.298,29.1105,36.248077,2.711211,537.0,32.0
2008-12-21,2008,356,28.398,18.948,20.381334,27.898,48.400284,2.888176,559.0,31.3
2008-12-22,2008,357,29.548,18.548,19.903557,28.935501,42.280777,2.6982853,614.75,32.8
2008-12-23,2008,358,29.298,18.398,19.281334,28.772999,41.842716,2.1770868,643.25,33.5
2008-12-24,2008,359,28.598,15.248,17.370222,28.073,31.785372,0.7947827,653.5,33.4
2008-12-25,2008,360,29.098,13.898,16.314667,28.548,30.726542,0.42985713,659.75,33.9
2008-12-26,2008,361,28.298,13.248,15.609111,27.873001,26.50052,2.0287178,671.0,32.3
2008-12-27,2008,362,26.798,12.948,14.375778,26.2605,37.145916,2.1259942,664.0,30.9
2008-12-28,2008,363,26.698,12.348,14.314667,26.073,35.804836,1.5286895,662.75,31.4
2008-12-29,2008,364,27.248,12.898,15.142445,26.6855,35.54171,0.60059434,659.0,32.5
2008-12-30,2008,365,27.498,13.148,15.570223,26.998,32.153843,2.1298635,666.0,31.5
2008-12-31,2008,366,28.648,14.098,16.264668,27.7855,30.554468,2.1995416,659.5,32.0
2009-01-01,2009,1,28.398,15.648,16.681334,27.898,26.588903,3.2029178,665.75,30.9
2009-01-02,2009,2,28.698,15.048,16.320223,27.9105,30.623407,2.120119,666.25,32.3
2009-01-03,2009,3,29.248,14.498,16.570223,28.6605,29.909874,0.740032,667.75,34.0
2009-01-04,2009,4,27.848,13.548,16.220222,27.298,33.917526,1.9314761,665.75,32.1
2009-01-05,2009,5,26.848,15.148,16.670221,26.523,45.237762,2.5557382,557.5,30.1
2009-01-06,2009,6,25.898,14.498,16.259111,25.473,28.62132,1.9237161,676.75,30.3
2009-01-07,2009,7,26.498,13.598,15.398,26.023,30.662008,2.7270355,672.75,29.8
2009-01-08,2009,8,26.648,15.898,16.881334,26.1105,41.064365,3.755527,654.25,28.7
2009-01-09,2009,9,27.348,16.898,17.736889,26.7605,43.17993,2.6960027,640.0,30.8
2009-01-10,2009,10,27.398,16.348,17.553555,26.685501,47.809273,3.4950542,658.75,30.0
2009-01-11,2009,11,27.948,16.898,18.114666,27.273,50.04746,3.0917966,659.25,31.3
2009-01-12,2009,12,28.648,18.048,19.009111,28.060501,51.46507,1.3253938,632.75,34.1
2009-01-13,2009,13,29.848,17.648,19.431334,29.335499,46.852158,0.6175932,657.75,35.7
2009-01-14,2009,14,31.048,19.198,20.692444,30.2855,41.931015,1.7231458,565.0,34.9
2009-01-15,2009,15,30.548,19.698,20.80911,29.935501,40.082592,2.716073,531.25,33.1
2009-01-16,2009,16,31.298,18.948,20.231333,30.6605,37.63553,2.5012052,667.75,35.1
2009-01-17,2009,17,29.998,19.348,20.759111,29.223,45.237915,1.1473742,655.5,35.2
2009-01-18,2009,18,28.998,17.898,19.614666,28.522999,41.143726,3.3689752,686.25,32.1
2009-01-19,2009,19,29.648,18.048,19.514668,28.935501,41.12874,2.1228924,652.25,33.7
2009-01-20,2009,20,29.748,18.698,20.225777,29.210499,41.53911,1.7562292,592.25,33.9
2009-01-21,2009,21,28.948,18.848,20.392445,28.4105,39.827507,2.2002406,487.0,31.6
2009-01-22,2009,22,30.448,17.148,19.364666,29.710499,35.543755,1.4083306,680.25,35.1
2009-01-23,2009,23,31.148,18.048,19.170221,30.2605,29.02354,2.2777135,710.0,34.8
2009-01-24,2009,24,30.498,17.298,19.414665,29.748001,28.380028,1.9524778,616.0,33.8
2009-01-25,2009,25,28.098,17.398,19.714668,27.3855,43.981255,3.3640752,710.25,31.2
2009-01-26,2009,26,27.048,15.898,17.259111,26.248,31.44912,2.4108849,730.5,30.9
2009-01-27,2009,27,27.948,12.448,15.081333,27.210499,30.178396,1.8037809,731.75,32.5
2009-01-28,2009,28,28.598,13.798,16.464668,27.8105,25.664314,1.3391945,747.0,33.4
2009-01-29,2009,29,29.048,13.448,16.33689,28.473,23.413696,2.5968428,714.0,32.5
2009-01-30,2009,30,29.698,14.498,16.820223,28.8605,22.425436,2.571705,756.75,33.2
2009-01-31,2009,31,30.048,14.698,16.959112,29.085499,22.498404,2.5941687,757.75,33.5
2009-02-01,2009,32,30.448,16.048,17.375778,29.6355,29.077314,1.5879374,753.5,35.2
2009-02-02,2009,33,30.198,14.648,17.370222,29.498001,27.453094,0.60753113,759.5,35.4
2009-02-03,2009,34,29.448,13.898,16.60911,28.8605,23.3503,2.202402,767.0,33.7
2009-02-04,2009,35,29.248,13.448,16.259111,28.573,31.127464,2.4506207,756.0,33.4
2009-02-05,2009,36,28.348,16.148,18.136889,27.7355,38.255447,2.3804374,754.5,32.9
2009-02-06,2009,37,28.198,15.098,17.198,27.5605,30.878088,1.5596477,765.5,33.4
2009-02-07,2009,38,30.098,15.348,17.264668,29.4105,23.604898,2.696467,778.75,33.9
2009-02-08,2009,39,30.798,15.498,17.748,29.823,26.875292,1.083466,778.0,35.7
2009-02-09,2009,40,29.998,15.098,17.786888,29.548,25.17419,2.9291453,763.5,33.7
2009-02-10,2009,41,28.148,15.198,17.414665,27.5355,36.894703,4.620613,768.0,30.2
2009-02-11,2009,42,28.048,14.498,17.192444,27.498001,22.19198,2.5489776,786.25,32.2
2009-02-12,2009,43,28.448,15.798,17.381334,27.848,26.4928,2.0584793,782.25,33.1
2009-02-13,2009,44,28.898,14.148,17.164665,28.348,27.655252,1.4173229,772.0,34.2
2009-02-14,2009,45,28.998,16.248,18.525778,28.3605,43.919636,1.5931597,745.5,34.6
2009-02-15,2009,46,30.148,17.598,19.525778,29.648,25.027203,2.5126984,794.5,34.5
2009-02-16,2009,47,31.298,17.098,19.10911,30.5105,26.056469,1.9054835,802.5,36.0
2009-02-17,2009,48,31.898,16.348,18.964668,31.1105,25.541428,1.2353278,802.75,37.0
2009-02-18,2009,49,31.948,16.398,19.292444,31.048,27.210327,1.2945502,806.25,37.1
2009-02-19,2009,50,33.048,18.998,20.614666,32.298,22.691011,3.2489216,802.75,36.6
2009-02-20,2009,51,33.998,18.148,20.603556,32.960503,22.901878,2.0854123,757.0,37.9
2009-02-21,2009,52,34.998,19.148,21.131332,34.1605,20.59684,1.7736955,793.25,39.5
2009-02-22,2009,53,35.148003,20.248,22.331333,34.485504,19.395052,0.8378897,806.75,40.1
2009-02-23,2009,54,33.698,19.098,21.920221,32.960503,22.463902,2.8705623,800.0,37.6
2009-02-24,2009,55,33.248,18.798,20.948,32.198,24.00426,3.0704129,824.25,36.8
2009-02-25,2009,56,34.298,20.048,22.398,33.2355,33.199703,1.7911682,816.0,39.4
2009-02-26,2009,57,35.448,21.098,22.803555,34.4855,28.295403,2.707361,818.75,39.9
2009-02-27,2009,58,35.998,20.048,22.198,35.1105,22.217745,2.9339638,831.25,40.2
2009-02-28,2009,59,36.298,21.098,23.253555,35.2855,24.361134,2.7581818,824.25,40.6
2009-03-01,2009,60,36.348003,21.048,23.536888,35.460503,23.536114,1.7026134,832.25,41.5
2009-03-02,2009,61,36.898003,21.148,23.136889,35.848003,14.217896,2.6752386,860.5,41.0
2009-03-03,2009,62,36.798,20.398,21.959112,35.698,18.24534,2.0973866,858.25,41.4
2009-03-04,2009,63,34.748,19.198,22.120222,33.6605,27.90448,2.709119,856.0,39.2
2009-03-05,2009,64,33.948,19.248,21.986889,32.985504,24.135017,2.0300565,863.25,38.9
2009-03-06,2009,65,34.148003,17.398,20.375778,33.1855,23.374184,2.9636683,865.0,38.3
2009-03-07,2009,66,31.798,18.198,20.748,30.560501,26.9565,1.9012566,871.5,36.7
2009-03-08,2009,67,33.248,16.798,19.886889,32.598,24.774914,2.1953182,865.0,38.4
2009-03-09,2009,68,34.998,17.548,21.014668,34.410503,17.202568,2.6521027,878.0,39.7
2009-03-10,2009,69,36.148003,20.248,22.414665,35.460503,14.655664,1.5497421,887.5,41.2
2009-03-11,2009,70,36.498,20.148,22.781334,35.748,16.069498,1.8906308,891.0,41.6
2009-03-12,2009,71,36.148003,20.698,22.692444,35.5105,15.452258,1.3881581,888.25,41.4
2009-03-13,2009,72,36.698,20.148,22.970222,36.1855,12.171545,1.112708,851.75,41.5
2009-03-14,2009,73,36.548,22.698,24.503555,36.023003,15.909924,0.89819914,867.0,41.8
2009-03-15,2009,74,36.548,19.698,23.159111,35.8105,15.073025,1.943932,889.0,41.5
2009-03-16,2009,75,36.098003,19.348,22.342445,35.323,15.079811,1.7179983,889.25,41.1
2009-03-17,2009,76,35.748,21.248,23.292444,35.248,16.760609,1.8237126,884.5,41.1
2009-03-18,2009,77,35.048,21.298,23.536888,34.4105,16.727995,2.5746684,896.25,39.9
2009-03-19,2009,78,35.448,21.048,23.18689,34.660503,26.348614,2.2689552,879.25,40.8
2009-03-20,2009,79,35.498,20.898,23.442444,34.460503,30.441853,1.8088051,875.75,41.1
2009-03-21,2009,80,34.948,21.798,24.009111,33.985504,33.066772,1.0373108,872.75,41.1
2009-03-22,2009,81,35.548,22.098,23.875776,34.873,21.216434,0.943286,886.5,41.3
2009-03-23,2009,82,36.348003,21.448,23.914665,35.960503,18.030132,0.80144,884.5,42.1
2009-03-24,2009,83,37.098003,21.598,25.042444,36.3855,19.271765,1.4520885,891.5,42.7
2009-03-25,2009,84,35.648003,22.798,25.725777,34.8855,24.994999,2.6911123,896.25,40.7
2009-03-26,2009,85,35.848003,20.798,24.792444,35.373,19.15279,1.1870416,886.75,41.6
2009-03-27,2009,86,35.898003,23.398,25.081333,34.473,28.925167,2.6236265,751.0,39.5
2009-03-28,2009,87,35.848003,22.798,25.864666,34.860504,30.78339,3.7995172,888.5,40.1
2009-03-29,2009,88,37.448,24.098,25.603556,36.7355,16.783104,3.5090404,902.75,42.0
2009-03-30,2009,89,38.298,23.398,25.720222,37.598,21.825596,1.5553675,898.75,44.3
2009-03-31,2009,90,39.098003,24.598,27.592445,38.523003,17.165075,2.2935152,902.75,44.7
2009-04-01,2009,91,39.898003,24.648,27.736889,39.335503,15.163494,2.4020743,911.75,45.5
2009-04-02,2009,92,40.048,24.698,27.820223,39.548,15.190723,1.63799,898.5,45.9
2009-04-03,2009,93,39.498,26.098,27.642445,38.910503,14.385273,3.9877796,906.0,44.2
2009-04-04,2009,94,39.498,23.348,25.80911,39.198,14.5375805,4.325774,860.0,44.2
2009-04-05,2009,95,38.548,27.498,28.05911,37.960503,17.547338,6.412761,767.25,42.0
2009-04-06,2009,96,38.048,26.248,27.792444,37.623,17.66603,4.4758058,865.25,42.4
2009-04-07,2009,97,36.998,23.548,25.964668,36.3855,20.906044,2.7066088,905.25,42.3
2009-04-08,2009,98,34.448,21.998,25.003555,33.8105,24.594934,3.704938,903.5,38.8
2009-04-09,2009,99,35.748,20.848,23.464668,35.123,15.858124,1.2597085,940.0,41.4
2009-04-10,2009,100,37.748,24.298,25.298,37.1855,14.685331,3.0301843,937.0,42.9
2009-04-11,2009,101,38.948,23.398,25.698,38.410503,11.21179,1.1937592,946.75,44.4
2009-04-12,2009,102,39.948,22.698,25.35911,39.448,9.50019,1.6917694,949.0,45.4
2009-04-13,2009,103,40.148003,22.048,25.009111,39.648003,9.891762,2.156785,951.75,45.6
2009-04-14,2009,104,39.198,23.748,26.348,38.3605,16.177343,3.0538151,932.5,44.3
2009-04-15,2009,105,37.148003,24.898,27.242445,36.248,20.433323,3.670291,853.0,41.1
2009-04-16,2009,106,38.548,25.248,26.725777,37.9855,16.40581,2.8151925,897.0,43.8
2009-04-17,2009,107,39.748,22.548,25.692444,39.210503,10.867024,1.5788126,952.5,45.3
2009-04-18,2009,108,40.948,22.148,26.242445,40.5605,8.255586,1.8716584,954.5,46.4
2009-04-19,2009,109,41.848003,22.298,26.353556,41.123,8.845903,1.3013792,954.5,47.1
2009-04-20,2009,110,40.998,25.048,26.636889,40.0105,14.881449,3.5722802,941.75,46.0
2009-04-21,2009,111,39.898003,23.398,26.070223,38.323,17.727926,3.811623,946.0,44.1
2009-04-22,2009,112,39.848003,23.498,25.770224,38.835503,13.145843,2.8223863,950.0,44.8
2009-04-23,2009,113,40.148003,21.998,25.048,39.523003,9.674163,2.1401436,955.25,45.4
2009-04-24,2009,114,39.698,24.198,26.453556,39.198,13.276463,3.3849926,893.75,44.6
2009-04-25,2009,115,40.198,23.948,26.420221,39.773003,10.122324,1.3413905,939.25,45.7
2009-04-26,2009,116,41.798,25.048,26.970222,41.498,7.748945,1.373703,960.25,47.4
2009-04-27,2009,117,42.548,22.548,26.636889,42.098,7.2999964,1.1551682,962.25,48.0
2009-04-28,2009,118,42.298,24.298,26.536888,41.6105,10.329144,3.2846508,954.75,47.6
2009-04-29,2009,119,42.498,25.198,27.770224,41.598,10.385799,2.9647803,955.25,47.7
2009-04-30,2009,120,41.048,23.598,26.775778,39.6855,16.31866,2.7805119,925.5,46.0
2009-05-01,2009,121,41.648003,24.098,26.509111,40.048004,19.145004,3.571504,924.0,46.3
2009-05-02,2009,122,41.698,24.948,27.598,40.5605,14.231595,3.3286994,949.0,46.8
2009-05-03,2009,123,40.748,23.398,27.164665,39.398003,19.840961,3.5192676,940.75,45.6
2009-05-04,2009,124,39.698,23.748,26.803555,38.573,24.85873,3.5137153,918.0,44.7
2009-05-05,2009,125,38.798,24.398,27.042444,37.748,25.094627,3.7320802,930.25,43.7
2009-05-06,2009,126,38.498,25.148,27.398,37.498,28.438526,1.7902311,928.25,44.8
2009-05-07,2009,127,39.698,25.248,27.303555,38.8855,22.260199,2.6768942,928.0,45.5
2009-05-08,2009,128,40.198,24.898,27.531334,39.3855,17.631882,2.642458,941.25,45.9
2009-05-09,2009,129,39.998,24.748,27.536888,38.960503,15.490351,3.1657367,949.5,45.0
2009-05-10,2009,130,40.148003,23.698,26.853556,38.348003,22.600613,3.6748571,931.75,44.3
2009-05-11,2009,131,39.798,24.598,27.142445,37.785503,30.730198,4.471268,917.5,43.5
2009-05-12,2009,132,38.848003,25.898,27.753555,37.3105,37.75767,2.441165,910.75,44.6
2009-05-13,2009,133,40.748,26.348,28.159111,39.3105,32.103973,3.383512,918.0,46.1
2009-05-14,2009,134,40.598003,27.548,28.620222,39.460503,29.326183,4.891745,924.5,45.5
2009-05-15,2009,135,39.548,26.748,28.35911,38.335503,33.491356,5.0454316,920.5,44.1
2009-05-16,2009,136,39.048,26.548,28.320223,37.835503,36.07808,4.3497753,917.5,43.9
2009-05-17,2009,137,38.948,27.298,28.492445,37.948,38.385857,3.6825128,912.75,44.5
2009-05-18,2009,138,39.498,27.698,28.57022,38.373,37.38871,3.8739872,911.0,44.9
2009-05-19,2009,139,39.348003,27.398,28.398,38.348003,36.33622,3.4489748,905.0,45.0
2009-05-20,2009,140,39.248,27.748,28.82022,38.198,37.97513,3.086321,877.75,45.0
2009-05-21,2009,141,40.348003,28.098,29.659111,39.273003,26.281948,2.4518292,876.0,46.0
2009-05-22,2009,142,41.348003,28.898,30.214668,40.048004,26.544674,3.0251675,900.25,46.8
2009-05-23,2009,143,40.298,27.448,28.786888,38.798,29.56323,3.0170736,864.5,45.2
2009-05-24,2009,144,39.848003,26.148,28.203556,38.4355,25.73604,2.7671716,926.5,45.1
2009-05-25,2009,145,39.848003,26.448,28.342445,38.123,28.401094,3.8306098,915.25,44.1
2009-05-26,2009,146,39.848003,26.148,27.909111,37.8855,29.814442,3.8961008,919.0,43.9
2009-05-27,2009,147,38.748,26.548,28.481333,37.523003,33.012104,4.126942,913.0,43.4
2009-05-28,2009,148,39.198,27.298,28.853556,37.585503,33.28691,3.942369,908.25,43.6
2009-05-29,2009,149,39.598003,27.148,29.192444,37.873,34.563526,4.637377,900.5,43.6
2009-05-30,2009,150,38.348003,27.498,29.042442,36.5105,35.034843,4.0082674,784.25,41.4
2009-05-31,2009,151,38.898003,28.098,29.336891,37.448,32.45608,3.7501407,770.5,42.5
2009-06-01,2009,152,38.598003,28.398,29.68689,36.985504,34.444756,4.112508,731.5,41.6
2009-06-02,2009,153,38.298,27.848,29.753557,36.298,36.605316,4.3019805,628.25,40.0
2009-06-03,2009,154,38.498,28.048,29.648,36.1855,38.039326,3.8061697,494.5,39.3
2009-06-04,2009,155,38.848003,27.948,29.581333,37.273003,37.092075,4.303111,852.5,42.8
2009-06-05,2009,156,38.798,27.148,28.848,37.123,34.538105,3.9320621,884.25,42.9
2009-06-06,2009,157,39.148003,26.948,28.631334,37.573,33.6988,3.3275685,890.75,43.9
2009-06-07,2009,158,40.098003,26.598,28.475779,38.323,27.38841,3.3030286,908.5,44.6
2009-06-08,2009,159,39.548,26.498,28.331333,37.910503,30.292894,3.6109905,893.5,43.9
2009-06-09,2009,160,38.748,27.898,29.175777,37.3105,33.977024,3.69974,882.25,43.2
2009-06-10,2009,161,38.998,27.998,29.103556,37.998,35.02938,4.3529534,887.5,43.8
2009-06-11,2009,162,39.048,28.148,29.159111,37.673004,33.135025,4.441839,886.5,43.3
2009-06-12,2009,163,39.248,27.598,29.042442,37.848,32.915985,4.332671,883.75,43.5
2009-06-13,2009,164,38.498,27.398,28.809113,37.2605,34.832523,3.8264458,872.75,43.1
2009-06-14,2009,165,37.998,28.148,29.059113,36.873,36.390945,4.0395265,862.0,42.5
2009-06-15,2009,166,38.548,27.948,28.903555,37.523003,36.20747,5.0145626,873.0,42.9
2009-06-16,2009,167,39.048,28.598,29.448002,37.735504,34.623222,3.3548603,813.75,43.6
2009-06-17,2009,168,38.498,28.798,29.35911,37.673,37.161877,3.5498543,847.25,43.7
2009-06-18,2009,169,39.398003,28.648,29.392447,38.2355,38.85128,2.035613,826.5,45.5
2009-06-19,2009,170,39.598003,29.248,29.786888,38.398003,37.39531,2.1280975,861.5,45.8
2009-06-20,2009,171,39.548,28.948,30.198002,38.373,37.113228,2.6758316,870.25,45.4
2009-06-21,2009,172,37.748,28.848,30.325779,37.423,39.382095,3.7650054,767.0,42.9
2009-06-22,2009,173,36.598003,29.048,29.903555,35.835503,45.578346,2.7670543,646.75,41.2
2009-06-23,2009,174,36.098003,27.198,28.786888,34.723003,55.39882,3.283656,724.0,40.9
2009-06-24,2009,175,32.048,27.248,27.664665,31.3355,65.005714,4.592707,338.25,33.4
2009-06-25,2009,176,34.998,26.898,27.525778,34.3855,52.71654,5.409585,757.75,39.0
2009-06-26,2009,177,35.348003,26.648,27.920221,34.873,47.492996,5.4137826,635.0,38.4
2009-06-27,2009,178,36.398003,27.648,28.842445,35.973,46.872734,4.2808075,782.75,41.3
2009-06-28,2009,179,35.798,28.148,29.148,35.198,47.833725,3.7384663,560.25,39.2
2009-06-29,2009,180,35.348003,26.948,27.703556,34.8105,49.966736,3.995887,623.75,39.2
2009-06-30,2009,181,35.198,27.648,28.553555,35.023003,48.0987,5.7474055,658.5,38.8
2009-07-01,2009,182,35.098003,27.548,28.264668,34.673004,51.09639,5.634979,672.5,38.6
2009-07-02,2009,183,35.398003,27.198,28.136889,35.1355,49.765347,4.688738,655.0,39.4
2009-07-03,2009,184,36.098003,27.398,28.259111,34.3605,53.247643,3.3449082,627.25,39.4
2009-07-04,2009,185,34.848003,26.298,27.525778,34.210503,56.598007,1.6345586,594.25,40.9
2009-07-05,2009,186,38.698,27.898,28.659111,37.698,43.01116,2.0537941,753.0,44.7
2009-07-06,2009,187,38.948,28.498,29.225779,37.423004,41.470055,2.652247,641.0,42.9
2009-07-07,2009,188,40.348003,28.748,30.453556,39.110504,33.282013,3.8224182,829.25,45.0
2009-07-08,2009,189,38.448,28.498,30.309113,37.1355,41.47221,4.746559,645.25,41.3
2009-07-09,2009,190,33.898003,28.448,29.35911,33.1855,54.460712,3.6219254,252.5,35.0
2009-07-10,2009,191,30.198,26.398,27.664665,28.3605,89.19597,3.2658927,242.25,32.2
2009-07-11,2009,192,32.198,25.648,26.092445,31.823,65.1731,3.325501,546.75,36.7
2009-07-12,2009,193,32.448,27.048,27.492445,32.298,62.08464,4.6749697,621.0,36.4
2009-07-13,2009,194,31.548,26.398,27.148,30.123001,73.54307,4.143661,414.5,33.4
2009-07-14,2009,195,30.898,25.848,26.231333,29.573,77.25562,1.9026318,310.0,34.6
2009-07-15,2009,196,29.948,25.898,26.05911,28.8855,83.30221,2.6122954,324.25,33.7
2009-07-16,2009,197,29.648,25.248,25.509111,28.9855,81.86069,2.7140522,311.5,33.4
2009-07-17,2009,198,28.648,24.998,25.736889,27.5355,86.06052,3.0202765,251.25,30.9
2009-07-18,2009,199,26.598,25.548,25.959112,26.248,92.791306,4.983883,130.25,26.5
2009-07-19,2009,200,31.048,25.098,26.009111,30.3855,69.73518,4.2312818,495.75,34.0
2009-07-20,2009,201,31.448,26.098,26.642445,30.8855,66.561844,3.9187899,552.0,35.0
2009-07-21,2009,202,28.148,26.098,26.331333,27.973,86.15656,1.6087401,169.75,32.5
2009-07-22,2009,203,28.298,25.248,25.786888,27.473,89.38923,2.2498896,239.25,32.1
2009-07-23,2009,204,26.648,25.098,25.470222,26.2855,95.09991,3.2915623,145.0,28.8
2009-07-24,2009,205,27.148,24.598,24.931334,26.598,85.98268,6.3873925,183.5,25.9
2009-07-25,2009,206,28.548,25.398,25.759111,26.8605,92.40355,5.373439,137.75,27.2
2009-07-26,2009,207,29.148,26.098,26.520224,28.6855,78.90178,4.1414433,230.75,30.5
2009-07-27,2009,208,31.248,25.798,26.353556,30.7605,65.59419,5.8008027,508.25,33.2
2009-07-28,2009,209,31.098,25.948,26.486889,30.698,64.426285,6.09881,481.75,32.7
2009-07-29,2009,210,30.298,26.148,26.514668,29.898,69.505875,4.750413,288.0,31.3
2009-07-30,2009,211,31.248,26.098,26.325779,30.897999,64.1626,5.006016,511.5,33.7
2009-07-31,2009,212,30.848,24.898,25.903557,30.4105,61.24713,4.407209,482.0,33.0
2009-08-01,2009,213,31.298,24.998,26.164665,30.7355,62.659206,4.6900854,497.75,33.5
2009-08-02,2009,214,31.098,24.948,26.181334,30.772999,62.503365,4.447401,508.75,33.8
2009-08-03,2009,215,31.448,25.498,26.414665,30.923,59.741276,4.1581182,567.0,34.4
2009-08-04,2009,216,30.998,25.448,26.425777,30.748,61.22683,4.6397324,503.25,33.4
2009-08-05,2009,217,31.198,25.898,26.375778,30.473,61.590057,5.3766923,435.0,32.1
2009-08-06,2009,218,30.998,25.748,26.386889,30.548,63.026608,4.8664603,453.25,32.8
2009-08-07,2009,219,31.048,25.798,26.431334,30.748001,60.946823,4.011195,454.25,33.5
2009-08-08,2009,220,31.098,25.348,26.292444,30.748001,61.848717,3.7238898,447.5,33.8
2009-08-09,2009,221,30.848,25.348,26.303555,30.5105,61.376312,3.6795805,464.5,33.7
2009-08-10,2009,222,31.198,24.798,26.575779,30.823,60.6991,3.269804,494.0,34.6
2009-08-11,2009,223,31.798,26.148,26.964668,31.423,61.170357,2.9252675,568.0,36.4
2009-08-12,2009,224,31.498,26.148,26.598,31.147999,63.795383,2.6451602,460.75,35.7
2009-08-13,2009,225,31.898,25.698,26.959112,31.5105,58.137283,3.814646,511.75,34.9
2009-08-14,2009,226,31.298,25.498,26.898,30.9105,58.42281,3.948278,448.25,33.6
2009-08-15,2009,227,30.998,25.348,26.414665,30.323,64.10525,4.002893,504.25,33.6
2009-08-16,2009,228,29.948,25.298,26.10911,29.6105,65.17801,3.40759,384.75,32.5
2009-08-17,2009,229,31.748,24.848,26.186888,31.2855,61.434174,3.8090794,601.0,35.6
2009-08-18,2009,230,33.098003,25.448,26.953556,32.085503,56.635014,2.8835044,683.0,37.7
2009-08-19,2009,231,33.398003,25.848,27.364666,32.710503,55.456886,2.683273,663.75,38.4
2009-08-20,2009,232,33.798,26.448,27.764666,33.123,54.155376,2.9670665,695.25,38.8
2009-08-21,2009,233,32.698,25.698,27.181334,32.1855,53.872288,3.3003469,523.75,36.0
2009-08-22,2009,234,32.448,25.598,27.30911,31.848,56.193546,2.696302,510.25,36.3
2009-08-23,2009,235,33.048,25.648,27.314667,32.260498,53.655994,2.5359106,602.0,37.4
2009-08-24,2009,236,33.798,26.048,27.709112,33.023003,53.819855,1.5356249,635.25,39.5
2009-08-25,2009,237,33.048,26.798,27.992445,32.5605,56.099483,2.474175,644.5,38.4
2009-08-26,2009,238,30.948,26.048,27.214666,30.5355,59.333813,2.0475836,292.75,33.8
2009-08-27,2009,239,30.148,25.298,26.598,29.298,70.26989,1.9451065,308.0,33.5
2009-08-28,2009,240,26.448,25.098,25.620222,26.098,93.12076,1.8844271,86.25,29.6
2009-08-29,2009,241,29.448,24.648,24.881334,28.2355,83.877975,2.4158487,344.0,33.2
2009-08-30,2009,242,28.748,24.498,24.731333,27.7605,80.64154,3.6934614,305.25,30.4
2009-08-31,2009,243,30.898,25.298,25.820223,30.4855,71.124115,5.027105,584.25,34.3
2009-09-01,2009,244,31.798,25.048,26.153557,31.373001,70.44225,1.9396933,683.25,39.1
2009-09-02,2009,245,31.698,25.998,26.514668,31.435501,70.13757,2.5085702,613.25,38.0
2009-09-03,2009,246,31.448,25.848,26.364666,30.5355,72.515625,2.933467,522.75,35.9
2009-09-04,2009,247,31.198,25.748,26.398,31.022999,66.09065,3.7876275,532.25,35.1
2009-09-05,2009,248,31.598,25.298,26.331333,31.460499,63.26622,2.9577744,619.5,36.9
2009-09-06,2009,249,31.248,25.648,26.298,31.022999,67.806244,2.5323136,586.0,37.0
2009-09-07,2009,250,31.248,25.048,26.009111,30.823,69.09515,2.5656626,610.75,37.0
2009-09-08,2009,251,32.298,24.598,26.192444,31.823002,64.464455,3.8383193,784.5,37.8
2009-09-09,2009,252,31.948,24.798,26.303555,31.4105,64.41946,4.02239,752.75,36.8
2009-09-10,2009,253,31.398,25.248,26.048,30.798,62.060608,4.4667306,698.0,35.1
2009-09-11,2009,254,31.248,23.698,25.131334,30.673,58.743675,2.863265,691.5,36.2
2009-09-12,2009,255,32.148003,23.698,24.764666,31.510502,59.649204,2.1907191,582.75,37.2
2009-09-13,2009,256,32.698,24.198,25.348,32.335503,59.615513,3.0940037,742.75,38.5
2009-09-14,2009,257,32.398003,24.198,25.748,32.0355,59.74074,2.9927597,790.75,38.5
2009-09-15,2009,258,32.248,23.598,25.159111,31.685501,55.70934,3.3118474,724.5,37.0
2009-09-16,2009,259,32.198,23.398,24.881334,31.685501,55.581078,2.3152697,720.0,38.0
2009-09-17,2009,260,32.998,23.348,24.970222,32.448,54.578434,1.331044,825.75,40.5
2009-09-18,2009,261,33.898003,23.998,25.042444,33.398003,52.354816,2.362734,823.25,40.5
2009-09-19,2009,262,33.898003,24.598,26.003555,33.248,48.60475,3.2283683,818.0,39.1
2009-09-20,2009,263,33.198,22.898,24.55911,32.223,50.97975,2.3915594,822.25,39.0
2009-09-21,2009,264,33.248,22.898,24.403557,32.348003,56.558167,2.121067,817.25,39.8
2009-09-22,2009,265,34.248,22.948,24.803555,33.498,52.66858,2.3218908,807.5,40.6
2009-09-23,2009,266,35.098003,23.148,25.198,34.485504,48.309418,2.828784,801.25,40.9
2009-09-24,2009,267,35.048,23.698,26.242445,34.4105,51.257576,2.7171605,791.25,41.0
2009-09-25,2009,268,34.648003,25.698,27.298,34.023003,50.57399,2.7402945,690.75,39.8
2009-09-26,2009,269,33.398003,25.298,26.798,32.6105,54.54007,2.452297,510.75,37.3
2009-09-27,2009,270,34.098003,24.998,26.30911,33.573,51.018257,2.561701,745.25,39.8
2009-09-28,2009,271,35.198,25.648,27.403557,34.548,46.51857,3.9973052,756.25,39.5
2009-09-29,2009,272,36.298,26.598,28.386889,35.6855,41.655212,4.8758545,764.25,40.1
2009-09-30,2009,273,37.848003,27.398,28.931332,37.123,35.062378,3.924952,783.25,42.2
2009-10-01,2009,274,37.948,27.248,28.30911,37.1855,34.950397,3.603705,794.5,42.6
2009-10-02,2009,275,37.798,24.948,26.714668,37.273003,38.805897,4.0168953,758.75,42.4
2009-10-03,2009,276,36.248,27.648,28.45911,35.7855,44.73284,3.018129,762.75,41.7
2009-10-04,2009,277,34.698,27.398,28.314667,34.3105,54.676132,1.1160572,616.25,41.3
2009-10-05,2009,278,33.898003,25.648,26.864666,33.223,59.02649,1.9603484,629.25,39.9
2009-10-06,2009,279,36.348003,25.598,26.942444,35.585503,39.689827,3.0185761,721.25,40.8
2009-10-07,2009,280,33.598003,23.848,25.68689,32.723,46.912235,3.2570562,780.5,38.1
2009-10-08,2009,281,32.798,23.598,25.320223,31.9605,45.91204,3.0789158,747.25,37.0
2009-10-09,2009,282,32.898003,24.048,25.792444,32.348,42.43158,3.5104241,746.75,36.9
2009-10-10,2009,283,33.048,24.598,26.009111,32.5105,43.535522,2.506423,665.25,37.5
2009-10-11,2009,284,33.898003,23.098,25.259111,33.3855,39.782543,1.4769225,735.25,39.6
2009-10-12,2009,285,34.548,22.698,24.614666,34.248,33.923588,1.0695533,722.0,40.3
2009-10-13,2009,286,34.798,23.398,25.020224,34.5355,30.94165,1.4181712,729.25,40.3
2009-10-14,2009,287,35.448,22.848,24.409111,35.085503,28.075592,1.9536066,740.5,40.5
2009-10-15,2009,288,35.348003,21.448,23.220222,34.973003,27.215668,2.300151,741.75,40.1
2009-10-16,2009,289,35.498,21.748,23.259111,35.248,22.67697,2.7666028,751.25,39.9
2009-10-17,2009,290,34.848003,21.398,23.103556,34.398003,26.955145,2.8486829,687.25,38.6
2009-10-18,2009,291,34.498,20.248,23.181334,34.0605,29.013885,1.5964123,719.75,39.5
2009-10-19,2009,292,34.648003,20.298,22.581333,34.298004,26.17454,1.754903,697.0,39.3
2009-10-20,2009,293,34.648003,20.098,22.070223,34.323,23.460043,1.3126202,753.5,39.8
2009-10-21,2009,294,34.398003,20.298,22.164665,34.123,21.234314,1.2636212,759.5,39.5
2009-10-22,2009,295,35.198,19.048,21.731333,34.898003,19.122875,1.9889367,759.0,39.9
2009-10-23,2009,296,35.898003,20.448,22.853556,35.598,13.149258,3.1247602,767.25,39.7
2009-10-24,2009,297,34.648003,19.348,21.659111,34.298004,13.005177,1.8903794,772.75,38.9
2009-10-25,2009,298,35.098003,18.248,20.514668,34.835503,15.3155365,0.96209383,761.0,39.8
2009-10-26,2009,299,34.998,19.048,20.964666,34.6605,20.387917,0.76801467,744.25,39.9
2009-10-27,2009,300,34.898003,19.698,21.770224,34.673004,16.689146,0.62864345,745.25,39.5
2009-10-28,2009,301,35.348003,20.098,21.998,35.0605,18.46598,1.8929868,738.75,39.9
2009-10-29,2009,302,35.648003,21.148,22.714668,35.235504,20.581116,2.1373649,719.25,40.0
2009-10-30,2009,303,35.998,21.948,23.43689,35.6105,18.422081,3.25698,725.75,39.6
2009-10-31,2009,304,35.948,20.648,22.498,35.610504,18.68405,0.6466473,728.75,40.6
2009-11-01,2009,305,35.198,18.948,21.403557,34.835503,18.401892,0.7608187,731.0,39.8
2009-11-02,2009,306,36.048,20.248,22.281334,35.773003,16.858315,1.8185415,723.0,40.5
2009-11-03,2009,307,35.298,20.448,22.870222,34.923,19.778076,0.6646779,716.0,39.8
2009-11-04,2009,308,34.998,20.748,22.264668,34.673,19.224983,1.3207333,712.75,39.5
2009-11-05,2009,309,34.298,20.798,22.348,33.998,20.610207,1.2480404,713.5,39.0
2009-11-06,2009,310,34.348003,20.748,22.209112,34.123,19.935074,1.6751629,711.25,38.9
2009-11-07,2009,311,34.548,20.598,22.353556,34.1355,24.503782,0.9115799,699.25,39.3
2009-11-08,2009,312,34.298,21.548,22.875778,34.123,27.474476,1.427519,635.5,38.9
2009-11-09,2009,313,34.548,22.048,23.631334,34.248,27.73656,1.0514053,679.75,39.5
2009-11-10,2009,314,32.848003,22.948,24.253555,32.673,34.30661,2.7548685,515.75,35.7
2009-11-11,2009,315,26.648,22.248,23.392445,25.298,57.805676,4.6315055,246.75,23.9
2009-11-12,2009,316,26.848,20.998,21.925777,26.348,54.157604,4.24582,425.25,27.1
2009-11-13,2009,317,29.598,18.398,20.248,28.7355,51.30532,0.61935604,557.5,34.6
2009-11-14,2009,318,30.248,20.548,22.164665,30.0105,49.031647,1.9737031,529.5,34.5
2009-11-15,2009,319,30.398,19.548,21.659111,30.1855,43.521736,1.5922408,611.25,35.4
2009-11-16,2009,320,30.848,18.548,20.792444,30.5355,39.553635,1.6957586,665.25,35.8
2009-11-17,2009,321,30.848,18.398,20.331333,30.523,25.35018,1.8106085,686.75,35.2
2009-11-18,2009,322,30.398,16.798,18.920221,30.1355,25.74322,1.1673253,684.25,35.2
2009-11-19,2009,323,30.498,18.498,20.164665,30.198,35.7133,2.238794,664.0,34.7
2009-11-20,2009,324,30.148,18.548,20.214668,29.810501,27.236551,2.043063,674.75,34.2
2009-11-21,2009,325,30.248,15.898,18.092445,29.823,23.636675,2.3847487,682.0,33.8
2009-11-22,2009,326,29.998,15.898,17.942444,29.4105,21.454851,3.0570312,684.75,32.7
2009-11-23,2009,327,30.548,16.098,18.348,29.8855,27.487831,2.4689178,665.0,33.8
2009-11-24,2009,328,31.498,18.498,20.353556,31.0605,31.77907,0.7133325,642.0,36.2
2009-11-25,2009,329,31.848,18.948,20.464668,31.548,23.330566,2.6195993,661.75,35.2
2009-11-26,2009,330,31.448,16.048,18.536888,31.0855,19.343674,2.3260636,671.75,34.9
2009-11-27,2009,331,31.798,16.498,18.825777,31.4855,22.882643,0.8512469,665.0,36.2
2009-11-28,2009,332,31.798,17.548,19.492445,31.5105,26.593708,1.1567714,654.25,36.3
2009-11-29,2009,333,31.148,17.648,19.742445,30.823,25.097382,1.1875231,654.0,35.5
2009-11-30,2009,334,30.898,16.948,18.964668,30.6105,25.953352,0.79349524,652.0,35.5
2009-12-01,2009,335,30.198,17.098,18.83689,29.923,25.9506,1.2960427,652.5,34.6
2009-12-02,2009,336,30.448,16.598,18.514668,30.098,24.650507,2.0250373,652.5,34.2
2009-12-03,2009,337,30.648,16.498,18.598,30.2605,30.274195,1.2577507,642.75,35.2
2009-12-04,2009,338,30.798,17.448,19.314667,30.448,31.069893,1.05394,639.0,35.5
2009-12-05,2009,339,29.948,16.698,19.009111,29.6105,29.002426,1.6971366,637.0,34.1
2009-12-06,2009,340,30.048,17.248,18.909111,29.6855,25.383198,2.1257968,642.25,33.7
2009-12-07,2009,341,29.598,15.348,17.514668,29.085499,23.935677,1.7714794,652.75,33.4
2009-12-08,2009,342,29.298,14.148,16.842445,28.723,29.162544,0.5905726,650.5,33.9
2009-12-09,2009,343,30.348,14.248,16.692444,29.835499,24.962406,1.3978225,649.25,34.4
2009-12-10,2009,344,30.098,15.298,17.642445,29.647999,28.398956,1.6365657,609.75,33.9
2009-12-11,2009,345,30.548,14.548,17.459112,29.897999,25.444633,0.88606924,647.75,34.7
2009-12-12,2009,346,31.348,16.198,18.070223,30.848,27.126785,0.69701564,629.25,35.6
2009-12-13,2009,347,30.548,16.398,19.009111,30.147999,30.25968,1.7419888,629.75,34.6
2009-12-14,2009,348,31.248,16.948,19.203556,30.873001,34.260216,1.0513186,623.0,35.9
2009-12-15,2009,349,30.998,17.748,19.848,30.623,28.994793,2.2149625,626.5,34.6
2009-12-16,2009,350,30.498,17.248,19.281334,30.123001,30.697842,2.6656604,625.0,33.7
2009-12-17,2009,351,28.948,17.248,19.031334,28.348,39.962822,1.5518322,619.5,33.4
2009-12-18,2009,352,28.748,16.898,18.420221,28.335499,39.46842,1.7562764,609.75,33.0
2009-12-19,2009,353,29.448,18.198,19.264668,28.848,43.08036,2.860505,629.25,32.7
2009-12-20,2009,354,29.448,19.148,20.731333,29.173,44.43768,1.6029794,545.25,33.8
2009-12-21,2009,355,29.998,19.098,20.625778,29.585499,42.813885,1.9848199,599.25,34.2
2009-12-22,2009,356,29.598,20.198,21.092445,29.1605,41.586178,1.4626417,554.75,33.8
2009-12-23,2009,357,29.198,19.798,20.614666,28.773,37.062515,1.4734257,606.0,33.6
2009-12-24,2009,358,29.048,17.448,18.970222,28.7355,26.749557,1.5731936,647.25,33.3
2009-12-25,2009,359,28.348,15.198,16.870222,27.9855,22.987757,1.7636476,654.0,32.4
2009-12-26,2009,360,27.548,14.498,16.225777,27.223,22.071268,1.812218,655.25,31.6
2009-12-27,2009,361,27.498,14.248,16.053555,27.173,23.203543,1.6000849,660.5,31.8
2009-12-28,2009,362,27.748,14.448,16.486889,27.323,26.068398,1.672257,657.0,32.0
2009-12-29,2009,363,28.098,14.398,16.648,27.522999,35.66406,2.0334163,650.0,32.1
2009-12-30,2009,364,28.098,15.148,17.214668,27.598,29.90952,2.7783744,655.5,31.1
2009-12-31,2009,365,27.948,16.248,17.231333,27.598,30.947235,1.8658698,656.25,32.2
2010-01-01,2010,1,28.248,15.698,17.331333,27.698,25.34357,3.4595294,664.25,30.4
2010-01-02,2010,2,29.398,17.898,19.142445,28.698,33.788864,1.6813493,575.25,32.9
2010-01-03,2010,3,27.098,18.748,20.631332,26.798,43.56309,3.6167774,576.5,29.1
2010-01-04,2010,4,27.148,15.698,17.014668,26.6605,37.776726,3.4136798,659.5,29.7
2010-01-05,2010,5,26.998,14.798,16.192444,26.460499,28.538216,2.2984495,680.5,30.8
2010-01-06,2010,6,27.748,13.198,14.942444,26.9855,26.05785,2.5083523,688.0,31.0
2010-01-07,2010,7,28.398,14.198,16.342445,27.623001,24.313099,2.462531,679.25,31.5
2010-01-08,2010,8,28.948,15.298,17.064667,28.323,23.195745,1.6545832,652.0,32.8
2010-01-09,2010,9,28.498,16.098,17.264668,28.022999,26.703236,1.8047416,674.75,32.7
2010-01-10,2010,10,28.298,13.548,16.242445,27.7605,26.028599,1.4064957,673.75,32.7
2010-01-11,2010,11,29.748,14.398,16.575777,28.998,26.805199,1.5503491,653.75,33.6
2010-01-12,2010,12,28.998,16.348,17.931334,28.473,32.11577,3.35006,677.0,31.6
2010-01-13,2010,13,25.498,14.498,16.570223,25.085499,27.16959,4.2684155,700.25,27.0
2010-01-14,2010,14,25.948,13.298,15.075779,25.2605,29.126728,3.6801662,702.25,28.0
2010-01-15,2010,15,27.498,14.698,16.231333,26.710499,30.854525,3.3994663,698.25,29.8
2010-01-16,2010,16,28.198,15.448,16.93689,27.498,29.980915,2.2444394,703.25,32.1
2010-01-17,2010,17,28.348,14.998,16.55911,27.6355,30.906528,0.73424935,697.5,33.4
2010-01-18,2010,18,28.898,14.648,16.764668,28.273,28.563225,1.1022012,706.5,33.8
2010-01-19,2010,19,29.548,15.248,17.464668,29.022999,27.315031,0.7475969,708.5,34.5
2010-01-20,2010,20,30.298,15.148,17.492445,29.6605,21.337763,1.4559715,713.5,34.6
2010-01-21,2010,21,30.448,15.298,17.731333,29.923,17.271036,1.2830213,709.0,34.7
2010-01-22,2010,22,30.698,15.098,17.709112,30.198,18.282482,1.5841044,724.75,35.0
2010-01-23,2010,23,30.398,14.598,17.148,29.923,19.864399,0.54405975,722.25,35.0
2010-01-24,2010,24,29.748,15.798,18.003555,29.198,20.858444,2.0201066,727.5,33.8
2010-01-25,2010,25,30.098,14.948,17.170221,29.6105,20.529255,2.1671877,729.5,34.1
2010-01-26,2010,26,30.698,15.048,17.409111,30.148,20.901741,0.63934815,728.25,35.4
2010-01-27,2010,27,30.998,16.198,18.375778,30.5355,20.919989,1.4311551,719.25,35.5
2010-01-28,2010,28,30.648,16.298,18.692444,30.048,25.89199,1.4231608,674.5,34.9
2010-01-29,2010,29,30.048,16.348,18.948,29.498001,25.924885,1.9811395,729.0,34.4
2010-01-30,2010,30,30.698,17.598,19.425777,30.223,24.902477,1.4216825,732.25,35.5
2010-01-31,2010,31,30.448,17.098,19.053555,29.9855,19.962013,1.5791395,746.75,35.0
2010-02-01,2010,32,29.898,14.998,17.509111,29.4855,22.593029,0.9472028,741.75,35.0
2010-02-02,2010,33,29.998,16.048,18.014668,29.6105,23.565868,1.6182603,746.25,34.8
2010-02-03,2010,34,30.498,15.548,17.853556,29.9105,22.611973,1.5779259,755.0,35.2
2010-02-04,2010,35,30.498,18.398,19.43689,30.0355,31.81537,2.064275,706.0,34.9
2010-02-05,2010,36,30.898,18.098,19.964668,30.248001,35.649445,1.5071816,735.5,36.0
2010-02-06,2010,37,31.998,17.898,19.770224,31.522999,28.780052,1.8960122,749.5,36.8
2010-02-07,2010,38,33.648003,19.048,21.131334,33.0605,29.191479,2.5461812,744.25,37.9
2010-02-08,2010,39,30.648,18.798,21.625778,30.2355,38.971825,3.2412472,586.0,33.3
2010-02-09,2010,40,27.898,17.448,20.992445,27.2105,26.639427,3.7963135,755.5,30.3
2010-02-10,2010,41,28.598,12.448,15.5146675,27.9855,20.032587,1.190044,788.75,33.8
2010-02-11,2010,42,29.848,16.548,18.342445,28.973,33.650665,1.5862978,752.0,34.7
2010-02-12,2010,43,29.748,16.498,18.714668,29.323,20.806166,2.5620613,794.25,34.0
2010-02-13,2010,44,29.398,15.248,17.736889,28.7355,25.965855,1.2768207,796.75,34.7
2010-02-14,2010,45,29.848,16.298,18.642445,29.1105,30.9641,2.2805848,785.0,34.3
2010-02-15,2010,46,29.948,16.648,18.698,29.6105,13.836336,3.3530529,814.25,33.5
2010-02-16,2010,47,30.148,14.398,17.509111,29.6355,15.472399,1.8976674,810.0,34.8
2010-02-17,2010,48,29.798,15.748,17.803555,29.185501,15.126703,2.2110648,824.5,34.3
2010-02-18,2010,49,30.098,15.448,17.159111,29.3105,15.436438,1.9512362,828.25,34.6
2010-02-19,2010,50,31.448,14.148,16.914665,30.6605,16.134384,1.3082176,834.0,36.3
2010-02-20,2010,51,33.548,15.598,18.270222,32.710503,18.03166,1.6443374,827.25,38.2
2010-02-21,2010,52,33.748,16.848,19.953556,33.1355,18.768896,1.3588948,740.25,38.1
2010-02-22,2010,53,32.548,20.698,22.509111,31.7105,23.888699,2.24601,740.0,36.4
2010-02-23,2010,54,30.398,17.648,20.303555,29.4855,33.45312,3.0165787,817.5,34.3
2010-02-24,2010,55,30.748,17.648,19.681334,30.060501,28.10896,1.7328622,821.5,36.0
2010-02-25,2010,56,31.598,17.998,19.731333,30.9605,24.39199,0.51914275,824.0,37.1
2010-02-26,2010,57,33.348003,17.798,20.159111,32.523003,23.641808,1.4003263,830.5,38.5
2010-02-27,2010,58,34.998,18.998,21.614666,34.1605,21.191961,0.7930899,839.0,40.1
2010-02-28,2010,59,35.798,18.948,21.648,34.998,15.464974,1.4884051,849.75,40.6
2010-03-01,2010,60,35.498,17.398,19.981333,34.873,14.963397,2.4179695,850.5,40.0
2010-03-02,2010,61,34.748,18.698,20.975777,33.873,24.857351,2.0861163,838.5,39.6
2010-03-03,2010,62,33.398003,21.698,23.814667,32.498,27.049974,3.7467284,830.0,36.8
2010-03-04,2010,63,32.998,20.798,23.253555,31.898,33.827568,3.079096,831.75,37.0
2010-03-05,2010,64,33.148003,21.498,23.748,32.423,34.734756,1.3381969,797.75,38.8
2010-03-06,2010,65,31.598,22.848,24.409111,30.948,41.163773,3.5200896,653.75,34.4
2010-03-07,2010,66,31.798,19.848,22.05911,31.173,27.443455,2.695725,805.0,36.1
2010-03-08,2010,67,34.198,19.198,22.103556,33.6355,18.518364,2.398383,864.25,39.0
2010-03-09,2010,68,35.698,20.848,23.286888,35.2605,14.718177,2.8694015,875.0,40.3
2010-03-10,2010,69,36.698,21.948,24.142445,36.123,16.503067,3.508688,868.5,41.0
2010-03-11,2010,70,37.498,22.298,24.553555,36.7605,18.809555,2.3529296,859.75,42.5
2010-03-12,2010,71,38.148003,22.398,24.825779,37.773003,8.957703,3.138319,894.75,42.6
2010-03-13,2010,72,37.398003,18.798,22.798,36.723003,12.34258,1.4368706,894.25,42.4
2010-03-14,2010,73,37.148003,19.148,21.692444,36.3605,15.869816,2.9933975,885.75,41.7
2010-03-15,2010,74,37.498,19.898,22.759111,36.148003,18.398642,2.6078944,887.75,41.8
2010-03-16,2010,75,37.398003,19.698,23.43689,35.910503,24.052702,1.4659948,881.5,42.5
2010-03-17,2010,76,39.248,22.348,24.814667,38.3605,19.067497,0.8897339,879.25,44.8
2010-03-18,2010,77,40.648003,23.848,26.714668,40.098,13.416264,1.2779716,883.0,46.2
2010-03-19,2010,78,40.498,25.648,27.664665,39.6605,15.248367,1.4325632,888.25,45.9
2010-03-20,2010,79,40.698,24.448,26.614666,40.098003,11.516117,0.80678225,900.75,45.8
2010-03-21,2010,80,40.698,23.598,26.248,40.048004,13.546303,1.6800345,895.25,46.2
2010-03-22,2010,81,38.298,23.098,25.920221,37.223,14.740216,2.9419577,906.5,42.7
2010-03-23,2010,82,36.548,20.498,23.83689,35.323,19.021313,2.5989985,906.0,41.1
2010-03-24,2010,83,35.798,19.848,23.43689,34.6855,22.079863,2.0946016,903.5,40.8
2010-03-25,2010,84,37.348003,22.048,24.503555,36.273003,27.006159,2.1495368,893.0,42.8
2010-03-26,2010,85,37.048,21.848,24.581333,35.960503,20.623837,2.2558384,908.0,42.1
2010-03-27,2010,86,36.948,21.348,24.381334,35.9355,22.548412,1.5085255,909.5,42.6
2010-03-28,2010,87,38.698,21.398,23.431334,37.973,18.382578,2.9735365,911.0,43.9
2010-03-29,2010,88,37.948,23.048,25.348,36.985504,16.531824,2.9272661,915.5,42.7
2010-03-30,2010,89,38.698,21.348,24.548,36.8605,21.697042,3.9111538,911.5,42.2
2010-03-31,2010,90,36.748,22.298,24.831333,35.4355,27.813297,4.037728,907.25,40.6
2010-04-01,2010,91,36.148003,22.098,24.192444,34.723003,35.42162,2.8763175,898.0,40.9
2010-04-02,2010,92,38.048,22.048,24.270224,36.2605,26.842094,3.9724383,898.75,41.6
2010-04-03,2010,93,35.898003,20.848,24.003555,34.5355,23.474245,2.7752132,928.0,40.4
2010-04-04,2010,94,37.798,21.648,24.431334,36.898003,20.145937,3.0642333,923.5,42.8
2010-04-05,2010,95,38.798,22.198,24.325779,38.2605,12.487904,3.3149128,935.5,43.8
2010-04-06,2010,96,40.348003,23.448,26.103554,39.6855,13.283146,2.2374187,930.0,45.9
2010-04-07,2010,97,41.598003,23.098,25.992443,41.148003,9.288322,2.4829125,932.75,47.0
2010-04-08,2010,98,39.198,25.698,27.831333,38.585503,16.44746,2.5992482,598.0,42.4
2010-04-09,2010,99,38.048,26.898,28.43689,37.573,15.956525,3.4613876,747.75,41.9
2010-04-10,2010,100,38.698,23.798,25.981333,37.460503,18.085564,2.9393187,932.0,43.4
2010-04-11,2010,101,38.148003,20.898,24.664665,36.5355,24.99434,2.9489555,927.0,42.7
2010-04-12,2010,102,41.198,23.298,26.386889,39.523003,18.244991,4.004012,926.75,45.4
2010-04-13,2010,103,40.348003,23.898,26.970222,38.910503,27.207268,2.0809813,911.25,46.1
2010-04-14,2010,104,41.248,25.848,28.125776,40.198,19.665112,0.93582374,927.75,47.3
2010-04-15,2010,105,41.598003,24.198,27.375778,40.648003,18.040588,2.611796,927.75,47.3
2010-04-16,2010,106,42.348003,25.848,28.148,41.610504,16.338629,2.1373985,928.0,48.5
2010-04-17,2010,107,41.248,25.398,28.148,39.998,17.873543,3.0135899,937.25,46.4
2010-04-18,2010,108,41.598003,23.548,26.564667,39.973003,22.981667,4.049345,924.0,46.2
2010-04-19,2010,109,41.748,24.948,26.986889,40.148003,22.35444,4.9588146,917.0,46.1
2010-04-20,2010,110,40.798,24.598,27.475777,39.548,21.087383,5.387992,892.25,45.0
2010-04-21,2010,111,38.948,24.448,27.714668,37.723,29.09715,3.3712647,876.5,43.7
2010-04-22,2010,112,39.198,24.648,27.464668,37.485504,31.569653,2.9450355,914.0,44.1
2010-04-23,2010,113,41.148003,25.548,27.659111,40.473,15.883414,3.932725,934.25,46.5
2010-04-24,2010,114,40.648003,26.248,28.292444,39.8855,16.446133,3.992732,936.25,45.8
2010-04-25,2010,115,39.998,24.148,27.442444,38.723,23.36256,4.236209,930.5,44.6
2010-04-26,2010,116,40.548,24.998,28.036888,39.3855,23.276379,2.6837006,928.75,46.2
2010-04-27,2010,117,41.698,26.798,29.553555,40.823,19.186562,3.2490952,922.5,47.3
2010-04-28,2010,118,41.748,27.498,30.098,40.898003,18.226929,3.1232684,925.75,47.4
2010-04-29,2010,119,41.198,27.398,29.992445,40.473,19.486837,2.5773091,905.0,47.1
2010-04-30,2010,120,41.098003,27.598,30.003557,40.473,14.877386,3.0641499,930.0,46.7
2010-05-01,2010,121,40.898003,26.248,28.964668,40.223003,17.285376,2.4823802,916.5,46.7
2010-05-02,2010,122,42.248,26.398,29.203556,41.573,17.440414,1.955518,870.75,48.2
2010-05-03,2010,123,41.248,27.198,29.481333,40.4855,24.223505,3.0397427,886.25,47.1
2010-05-04,2010,124,41.298,26.348,29.07022,40.098,23.85456,3.5199533,916.25,46.5
2010-05-05,2010,125,40.748,26.348,29.131334,39.5355,24.312716,3.4856877,912.5,45.9
2010-05-06,2010,126,40.998,25.848,28.992445,39.7355,26.036804,3.1863422,917.5,46.4
2010-05-07,2010,127,41.398003,28.148,30.631334,40.673004,18.884302,4.061511,922.5,46.8
2010-05-08,2010,128,41.698,29.098,31.459114,40.948,17.42099,4.5595098,926.25,47.0
2010-05-09,2010,129,41.798,29.298,31.370222,41.073,17.006222,3.5048256,929.0,47.4
2010-05-10,2010,130,41.548,28.248,30.592445,40.798,13.348998,4.350252,946.0,46.6
2010-05-11,2010,131,41.548,25.848,29.003557,40.548,19.947546,2.2301702,935.25,47.6
2010-05-12,2010,132,42.898003,27.898,30.35911,42.223003,16.656492,3.3463743,923.75,48.8
2010-05-13,2010,133,43.098003,27.648,30.225777,41.998,17.388435,3.3811498,919.25,48.5
2010-05-14,2010,134,42.998,26.748,29.375776,41.773003,19.873089,4.144524,925.0,48.3
2010-05-15,2010,135,41.548,26.748,28.798,40.098,23.517109,3.753699,928.5,46.5
2010-05-16,2010,136,42.048,26.998,28.898,40.4355,24.167955,3.59066,926.5,47.0
2010-05-17,2010,137,42.748,26.748,29.714668,41.048004,19.829708,3.2335196,933.25,47.7
2010-05-18,2010,138,43.248,26.648,30.086891,42.3855,13.528631,3.9058902,942.0,48.7
2010-05-19,2010,139,43.598003,28.898,31.331333,42.973003,17.285948,4.3222027,923.25,49.5
2010-05-20,2010,140,45.148003,30.148,32.681335,43.948,19.638296,3.8400438,888.75,50.8
2010-05-21,2010,141,45.398003,30.698,32.748,44.298004,17.652424,4.2643356,896.25,51.0
2010-05-22,2010,142,44.598003,29.698,32.253555,43.235504,21.166443,3.7734113,911.5,50.2
2010-05-23,2010,143,44.498,28.448,31.309113,42.498,21.463043,3.967723,918.0,49.3
2010-05-24,2010,144,44.648003,27.448,30.581333,42.848003,19.849726,5.57894,919.75,49.5
2010-05-25,2010,145,43.748,27.898,30.053555,42.235504,21.240913,6.685618,913.0,49.0
2010-05-26,2010,146,42.948,28.548,30.153557,41.285503,26.335518,6.8730426,903.75,47.9
2010-05-27,2010,147,42.998,28.898,30.242445,41.2605,25.551994,6.5946016,904.25,47.7
2010-05-28,2010,148,43.248,28.548,30.048,41.3855,25.085783,6.210637,905.0,47.8
2010-05-29,2010,149,42.198,28.098,29.792442,40.360504,28.628178,5.5220637,898.75,46.4
2010-05-30,2010,150,41.348003,27.498,29.286888,39.460503,28.660507,3.3116405,903.25,46.0
2010-05-31,2010,151,41.598003,26.748,29.231333,40.023003,22.643276,3.8777204,915.25,46.2
2010-06-01,2010,152,40.198,29.048,30.559113,39.2855,31.247055,3.7336986,852.5,45.4
2010-06-02,2010,153,39.198,29.448,30.542442,37.648003,40.01116,5.1470695,801.0,42.8
2010-06-03,2010,154,38.698,27.498,28.759111,37.973003,38.85996,3.9866514,809.75,43.7
2010-06-04,2010,155,39.148003,29.198,31.025778,38.223003,36.41507,4.59529,757.0,43.2
2010-06-05,2010,156,39.348003,28.598,30.292446,38.2605,34.30564,5.307289,771.0,43.1
2010-06-06,2010,157,38.598003,28.848,30.236887,37.985504,32.829872,5.7701273,794.0,42.7
2010-06-07,2010,158,34.648003,27.898,28.814667,33.5105,55.21273,5.4352374,552.0,36.6
2010-06-08,2010,159,36.598003,26.798,28.303555,35.485504,45.923656,3.282589,793.25,41.4
2010-06-09,2010,160,38.598003,27.598,29.23689,37.485504,35.218346,1.87622,857.5,44.7
2010-06-10,2010,161,40.098003,28.648,30.536888,39.110504,32.82013,1.3542467,827.25,46.5
2010-06-11,2010,162,43.048,31.248,32.820225,42.1105,23.179096,3.2920072,841.25,48.6
2010-06-12,2010,163,43.848003,31.798,33.753555,42.460503,22.747013,3.7301104,873.25,49.1
2010-06-13,2010,164,43.698,31.148,32.948,42.398003,21.482473,3.8792727,876.75,48.9
2010-06-14,2010,165,40.348003,29.098,31.325779,39.0105,32.954453,3.7493143,813.25,44.8
2010-06-15,2010,166,33.348003,27.498,30.531334,32.273003,58.66677,1.3928932,409.25,37.4
2010-06-16,2010,167,35.498,26.798,27.603556,34.798,49.51065,2.2998593,706.0,41.2
2010-06-17,2010,168,36.848003,27.948,28.653555,36.548004,46.324844,2.6950421,779.5,43.2
2010-06-18,2010,169,39.898003,28.998,30.270224,38.5355,38.267616,2.7544653,778.25,45.0
2010-06-19,2010,170,42.048,30.248,31.348001,40.835503,31.453611,3.4618258,850.5,47.5
2010-06-20,2010,171,41.548,29.798,30.670223,40.473,31.165655,3.73047,864.5,46.9
2010-06-21,2010,172,39.898003,29.448,30.85911,38.8105,37.269993,4.967238,761.5,44.0
2010-06-22,2010,173,38.698,29.498,30.464668,37.923004,41.12379,4.7662206,523.0,41.5
2010-06-23,2010,174,38.698,29.398,30.93689,37.423,40.183613,4.614368,449.75,40.3
2010-06-24,2010,175,37.348003,29.148,30.386889,36.6355,41.950947,4.0811014,556.75,40.4
2010-06-25,2010,176,37.898003,29.348,30.103556,37.423004,43.047234,3.8242145,783.75,43.2
2010-06-26,2010,177,38.198,28.998,29.881334,37.198,46.16937,1.5570533,645.25,44.0
2010-06-27,2010,178,38.298,29.998,30.197998,37.985504,45.18535,3.0012448,624.25,43.6
2010-06-28,2010,179,38.398003,28.798,29.503557,37.748,43.696796,4.0817795,677.5,42.9
2010-06-29,2010,180,38.348003,29.798,30.348,37.798004,38.043983,4.75132,652.75,42.0
2010-06-30,2010,181,39.148003,28.548,30.036888,37.823,34.888306,4.778123,830.0,43.0
2010-07-01,2010,182,36.948,28.898,30.259111,36.098,38.675186,3.651793,499.5,39.3
2010-07-02,2010,183,36.248,29.148,29.93689,35.798004,45.99953,2.3074455,548.0,40.9
2010-07-03,2010,184,35.248,26.498,27.159111,33.923,55.469566,2.907227,573.0,39.1
2010-07-04,2010,185,32.248,25.748,26.392445,31.298,65.09102,1.1736697,475.25,37.6
2010-07-05,2010,186,27.498,25.498,25.798,26.7605,91.994896,2.5755389,102.5,29.7
2010-07-06,2010,187,31.098,25.598,25.953556,30.397999,73.96013,4.2215176,522.5,34.6
2010-07-07,2010,188,31.898,25.748,26.153557,30.848,72.03511,4.1641607,605.5,35.7
2010-07-08,2010,189,30.748,26.148,26.409111,29.598,79.46771,4.237793,599.75,34.6
2010-07-09,2010,190,31.448,26.148,26.625778,30.9605,70.52411,2.623869,512.0,36.6
2010-07-10,2010,191,31.348,26.698,26.964668,31.1355,68.95212,3.7577586,429.0,34.9
2010-07-11,2010,192,32.948,27.148,27.759111,32.323,59.49923,5.71603,537.5,35.2
2010-07-12,2010,193,32.698,26.998,27.848,32.1355,59.40777,6.2705784,530.75,34.7
2010-07-13,2010,194,31.998,26.898,27.648,31.4355,62.768745,5.10956,521.75,34.3
2010-07-14,2010,195,33.198,26.548,27.33689,32.585503,62.601433,2.723794,610.25,38.5
2010-07-15,2010,196,32.748,26.148,26.781334,31.973001,67.99512,2.459239,685.75,39.1
2010-07-16,2010,197,31.498,26.548,27.509111,31.1605,67.70953,1.2657455,414.25,37.1
2010-07-17,2010,198,31.098,25.648,26.392445,30.685501,73.86841,1.2190894,371.75,36.9
2010-07-18,2010,199,32.448,26.098,26.681334,32.1355,65.72928,3.279879,651.75,38.0
2010-07-19,2010,200,32.548,27.098,27.581333,32.3105,62.88146,3.0050004,525.75,37.3
2010-07-20,2010,201,32.298,26.348,27.464668,32.073,65.562965,2.2186408,572.25,38.4
2010-07-21,2010,202,31.998,26.648,27.009111,30.9105,73.33667,2.5292752,473.0,36.6
2010-07-22,2010,203,30.198,25.948,26.209112,29.198,82.517746,0.9774569,342.5,35.9
2010-07-23,2010,204,30.498,25.548,25.703556,29.9105,77.28618,3.3056734,464.25,34.7
2010-07-24,2010,205,30.398,25.898,25.998,27.960499,84.30167,5.1818333,246.5,29.2
2010-07-25,2010,206,29.248,25.148,25.375778,28.3605,81.093185,5.1380787,427.75,30.9
2010-07-26,2010,207,25.998,24.848,25.236887,25.835499,94.017365,5.065583,91.25,25.5
2010-07-27,2010,208,30.598,25.048,25.653557,30.085499,72.277,4.927717,483.0,33.1
2010-07-28,2010,209,31.348,25.498,26.375778,30.748,70.64586,4.3216743,683.25,35.8
2010-07-29,2010,210,31.098,25.198,26.170221,30.823,70.60602,3.386165,617.5,36.3
2010-07-30,2010,211,31.648,25.848,26.564667,31.4105,63.88011,2.1973536,574.0,37.4
2010-07-31,2010,212,30.298,25.698,25.942444,29.3605,75.53337,1.3617659,308.25,34.7
2010-08-01,2010,213,29.448,25.348,25.653557,29.0355,77.6776,1.8304058,353.0,34.4
2010-08-02,2010,214,28.698,25.348,25.514668,28.147999,83.68622,2.0636244,284.0,33.0
2010-08-03,2010,215,29.848,24.848,25.214668,29.0605,79.76612,1.6450145,330.5,34.7
2010-08-04,2010,216,26.798,24.848,25.603556,25.823,90.90366,5.8355684,35.25,24.1
2010-08-05,2010,217,31.048,25.248,25.886889,30.3855,67.169914,4.219057,504.25,33.8
2010-08-06,2010,218,30.598,25.348,26.098,30.210499,65.26457,2.8882523,512.0,34.8
2010-08-07,2010,219,28.848,24.948,25.509111,28.073,87.55219,3.416735,199.5,31.0
2010-08-08,2010,220,28.598,25.048,25.203556,27.873001,84.13353,1.9071383,205.75,32.2
2010-08-09,2010,221,30.898,24.548,25.253555,30.4855,68.84941,3.9894814,585.0,34.9
2010-08-10,2010,222,30.848,25.098,26.014668,30.647999,67.82393,3.724178,606.75,35.4
2010-08-11,2010,223,30.948,26.098,26.481333,30.598,67.8203,2.5306711,476.75,35.6
2010-08-12,2010,224,31.348,25.848,26.486889,30.748001,68.036446,3.085684,577.75,36.0
2010-08-13,2010,225,30.048,26.048,26.498,29.748001,72.120476,2.1547198,304.25,34.0
2010-08-14,2010,226,31.048,25.598,25.992445,30.4355,75.420876,2.31179,565.25,37.1
2010-08-15,2010,227,31.148,25.448,26.392445,30.723,67.92283,1.7391373,515.75,37.0
2010-08-16,2010,228,32.048,25.948,26.797998,31.473,74.62117,1.2754734,688.25,40.4
2010-08-17,2010,229,31.598,26.148,26.648,31.2105,75.13623,1.7563602,622.0,39.2
2010-08-18,2010,230,31.448,26.448,26.875778,30.897999,72.16801,2.7650602,447.5,36.0
2010-08-19,2010,231,31.248,25.748,26.459112,30.7355,66.351494,3.7101655,578.0,35.2
2010-08-20,2010,232,30.398,25.898,26.55911,30.2855,70.08247,3.228769,503.5,34.9
2010-08-21,2010,233,30.348,25.598,26.003555,29.873001,74.24129,3.1626027,469.0,34.6
2010-08-22,2010,234,31.448,25.248,25.925777,30.823,64.37373,3.928499,629.0,35.3
2010-08-23,2010,235,30.998,25.398,26.414665,30.6355,70.84288,4.1604753,598.75,35.2
2010-08-24,2010,236,30.598,25.448,26.370222,30.198,68.15064,3.8172178,588.75,34.6
2010-08-25,2010,237,30.598,25.498,26.414665,30.373001,67.732605,2.8493853,593.5,35.9
2010-08-26,2010,238,31.398,25.248,25.886889,30.8855,77.08836,0.749536,609.5,39.7
2010-08-27,2010,239,32.498,25.298,25.764668,31.848,72.67704,0.6402425,643.5,40.8
2010-08-28,2010,240,31.998,25.698,26.381334,31.2855,70.37372,0.44575036,512.75,38.8
2010-08-29,2010,241,30.348,25.448,25.953556,29.948,78.98282,1.7318459,392.75,36.2
2010-08-30,2010,242,29.698,24.748,25.220222,29.4105,78.54727,2.3717556,357.25,34.4
2010-08-31,2010,243,29.498,24.198,24.831333,28.848,75.22259,1.717262,264.0,33.3
2010-09-01,2010,244,30.298,25.448,25.698,29.8605,77.73692,4.0897226,557.5,34.6
2010-09-02,2010,245,30.798,25.198,25.825779,30.6105,67.16918,3.8847084,571.0,34.9
2010-09-03,2010,246,30.448,25.398,26.025778,30.1605,74.32167,3.3556187,478.5,34.8
2010-09-04,2010,247,29.198,26.098,26.364666,28.798,79.15814,3.9791353,298.75,31.4
2010-09-05,2010,248,31.048,25.298,25.886889,30.335499,72.31799,2.5998833,491.5,35.8
2010-09-06,2010,249,31.248,25.148,25.470222,30.6605,74.76336,1.8159485,464.75,37.2
2010-09-07,2010,250,29.248,25.548,25.720222,29.085499,81.09914,1.9248164,301.0,34.3
2010-09-08,2010,251,30.748,25.448,25.975777,30.548,70.92485,1.9586794,551.5,37.1
2010-09-09,2010,252,27.898,25.248,25.536888,27.7355,85.655914,3.315193,188.0,30.3
2010-09-10,2010,253,27.498,24.748,25.331333,25.498001,93.56209,4.300123,96.0,25.7
2010-09-11,2010,254,29.948,24.848,25.703556,29.748001,66.43182,5.60345,543.0,32.2
2010-09-12,2010,255,28.648,24.998,25.403557,28.335499,74.2514,3.5672784,275.5,30.5
2010-09-13,2010,256,30.498,25.098,25.459112,30.198,70.60334,3.2354832,515.0,34.9
2010-09-14,2010,257,30.898,25.048,25.503555,30.3605,73.18532,2.8939178,590.75,36.3
2010-09-15,2010,258,30.348,24.898,25.725777,29.7855,75.94874,2.0442376,567.0,36.7
2010-09-16,2010,259,31.448,24.648,25.181334,31.173,68.046074,2.135324,555.5,37.4
2010-09-17,2010,260,30.748,24.448,25.409111,30.4355,77.526375,2.3164115,621.5,37.8
2010-09-18,2010,261,30.598,23.848,25.225777,30.3105,65.07468,1.7430809,632.25,37.1
2010-09-19,2010,262,31.648,23.198,24.703556,31.3105,62.44166,3.0254526,731.75,37.4
2010-09-20,2010,263,32.748,24.198,25.325777,32.460503,56.034588,3.2755141,705.75,37.9
2010-09-21,2010,264,32.598003,22.848,24.203556,32.4105,58.757324,2.1253774,752.75,39.6
2010-09-22,2010,265,32.448,23.248,24.892445,32.223,55.43615,2.3413413,756.5,38.9
2010-09-23,2010,266,31.498,24.148,25.081333,31.335499,67.400925,1.5857178,701.25,39.2
2010-09-24,2010,267,31.098,23.398,24.820223,30.948,61.548607,1.9394913,739.5,38.2
2010-09-25,2010,268,31.548,21.298,23.236889,31.173,51.623,2.2503042,821.0,37.9
2010-09-26,2010,269,32.448,21.098,22.492445,32.023003,54.65647,1.5691817,752.0,39.3
2010-09-27,2010,270,34.198,22.948,24.475777,33.773003,45.33699,2.2304173,707.0,39.7
2010-09-28,2010,271,34.398003,23.848,25.225777,33.9355,47.534515,1.9092209,792.25,40.9
2010-09-29,2010,272,33.348003,24.998,26.892445,32.960503,58.767056,1.5462859,635.0,39.9
2010-09-30,2010,273,34.298,23.898,25.592445,33.8855,49.55696,1.5611844,677.75,40.5
2010-10-01,2010,274,34.748,22.848,24.047998,34.360504,39.910404,2.775528,805.0,40.2
2010-10-02,2010,275,34.698,23.398,24.348,34.4355,42.249016,1.9652439,789.5,41.0
2010-10-03,2010,276,35.098003,23.548,24.231333,34.660503,44.277435,1.6615207,793.25,41.7
2010-10-04,2010,277,35.498,22.998,24.431334,34.985504,43.721657,2.0067258,791.5,41.8
2010-10-05,2010,278,35.898003,22.498,24.85911,35.523003,40.58985,1.246888,782.5,42.6
2010-10-06,2010,279,36.248,22.848,24.736889,35.773003,37.656475,1.8884305,794.0,42.4
2010-10-07,2010,280,34.898003,22.948,25.092445,34.3855,39.419647,1.0949218,790.0,41.4
2010-10-08,2010,281,34.598003,21.448,23.253555,34.0355,36.70568,2.796352,793.25,39.5
2010-10-09,2010,282,33.698,22.848,23.853556,33.0605,45.461254,3.3155508,783.25,38.3
2010-10-10,2010,283,32.448,22.398,24.525778,31.835499,49.828636,3.0116606,732.25,37.1
2010-10-11,2010,284,31.348,24.548,25.386889,30.1855,62.245346,2.4934604,632.0,35.9
2010-10-12,2010,285,30.898,23.598,24.153557,30.398,62.46937,1.2027603,553.25,36.9
2010-10-13,2010,286,32.098003,23.798,24.453556,31.7355,53.619755,0.7878444,712.75,39.1
2010-10-14,2010,287,33.148003,23.048,24.33689,32.8855,49.86432,0.33690083,704.25,40.1
2010-10-15,2010,288,34.498,23.748,25.159111,34.0605,44.372818,2.3447444,738.25,40.0
2010-10-16,2010,289,35.798,24.898,26.042444,35.210503,35.250725,4.0452676,759.5,39.6
2010-10-17,2010,290,35.098003,22.798,25.614666,34.5605,38.395367,2.2591352,755.0,40.4
2010-10-18,2010,291,34.348003,26.498,27.014668,34.198,51.792786,2.1963859,654.75,40.3
2010-10-19,2010,292,34.548,26.098,27.136889,34.398003,47.040802,2.3639739,663.25,40.1
2010-10-20,2010,293,34.148003,25.898,26.992445,33.948,54.632404,1.023891,647.75,41.2
2010-10-21,2010,294,34.098003,25.698,26.403557,33.573,53.5619,1.1202912,695.25,40.9
2010-10-22,2010,295,34.198,24.948,26.198,33.7855,46.04335,2.0845494,701.5,39.8
2010-10-23,2010,296,33.348003,22.848,24.753555,32.598003,43.46194,1.535285,745.5,39.1
2010-10-24,2010,297,33.398003,21.298,22.659111,32.835503,39.82075,1.4985187,699.5,38.8
2010-10-25,2010,298,33.498,21.998,23.33689,33.148003,31.502106,2.410686,681.25,37.7
2010-10-26,2010,299,34.098003,22.098,23.653557,33.798004,29.85369,1.2874248,722.0,39.4
2010-10-27,2010,300,34.998,20.698,23.964668,34.573,28.65966,1.2696929,727.0,40.2
2010-10-28,2010,301,34.848003,21.998,24.398,34.548004,25.244083,2.2800598,724.25,39.4
2010-10-29,2010,302,33.898003,21.148,23.775778,33.223,29.494633,1.2959511,703.5,38.6
2010-10-30,2010,303,33.748,22.798,24.009111,33.198,31.715757,1.1518602,719.0,38.9
2010-10-31,2010,304,33.248,22.748,23.770224,32.9105,32.028873,1.9232618,690.5,38.0
2010-11-01,2010,305,32.798,22.348,23.414665,32.523003,29.25972,2.222489,716.5,37.4
2010-11-02,2010,306,31.998,21.148,22.175777,31.748,28.413929,3.1815104,718.75,35.6
2010-11-03,2010,307,32.198,20.848,21.492443,31.9605,26.719833,3.0302036,722.75,35.9
2010-11-04,2010,308,33.148003,19.948,21.014668,32.748,32.38745,1.7573445,711.75,38.1
2010-11-05,2010,309,33.498,19.748,21.203556,33.048004,32.957554,1.2170664,704.25,38.7
2010-11-06,2010,310,33.098003,20.348,21.970222,32.723,27.364876,2.2459724,687.0,37.2
2010-11-07,2010,311,32.498,21.348,22.159111,32.210503,27.697254,3.879601,696.5,35.3
2010-11-08,2010,312,32.248,21.348,22.864666,31.910501,33.031586,3.9850073,650.75,34.7
2010-11-09,2010,313,32.948,25.298,25.920221,32.673004,48.414234,4.1603117,476.5,35.1
2010-11-10,2010,314,28.698,23.648,24.992445,28.123001,69.55973,1.9722257,249.25,31.4
2010-11-11,2010,315,30.898,22.498,23.709112,30.685501,55.59225,0.8514482,431.0,35.8
2010-11-12,2010,316,30.348,22.898,24.231333,29.7605,66.101074,2.0067952,524.75,35.4
2010-11-13,2010,317,31.198,23.248,24.259111,30.7855,62.515106,2.1757257,561.5,36.5
2010-11-14,2010,318,31.448,23.748,24.60911,31.2855,55.955956,1.5393752,542.5,37.0
2010-11-15,2010,319,32.298,23.748,24.525778,32.0605,52.407402,1.3286105,578.0,38.0
2010-11-16,2010,320,31.248,23.248,24.025778,30.897999,59.67474,0.9349766,601.75,37.8
2010-11-17,2010,321,31.348,23.098,23.681334,31.148,57.12754,0.67526174,607.0,38.0
2010-11-18,2010,322,31.048,21.998,23.031334,30.673,53.8078,1.2319982,623.75,37.0
2010-11-19,2010,323,30.798,22.398,23.370222,30.4605,52.20916,2.15235,597.75,35.6
2010-11-20,2010,324,30.198,20.898,21.414665,29.960499,34.138756,2.4510849,658.75,34.1
2010-11-21,2010,325,27.548,18.948,20.248,27.3855,45.38118,0.8792348,247.75,29.7
2010-11-22,2010,326,24.498,19.798,20.431334,24.198,73.23859,3.022771,219.25,25.2
2010-11-23,2010,327,24.448,19.448,20.103556,23.873001,71.83189,3.9151013,317.0,24.5
2010-11-24,2010,328,24.898,20.298,20.848,24.623001,83.28714,1.4874191,158.0,27.9
2010-11-25,2010,329,27.348,18.748,20.025778,26.9855,58.197533,1.6966319,587.0,32.6
2010-11-26,2010,330,27.548,18.048,19.264668,27.223,52.328632,2.146947,634.5,32.4
2010-11-27,2010,331,27.898,17.348,19.009111,27.473,52.765213,1.2808821,616.0,33.5
2010-11-28,2010,332,28.898,17.298,18.864666,28.473,54.086365,1.2651895,641.0,34.8
2010-11-29,2010,333,29.598,19.298,20.170221,29.1855,54.738937,2.3807433,628.25,34.3
2010-11-30,2010,334,29.298,19.548,20.492445,28.9105,53.280514,2.017541,632.5,34.4
2010-12-01,2010,335,28.898,18.248,19.598,28.5105,49.173195,1.257981,635.75,34.5
2010-12-02,2010,336,28.848,17.148,19.053555,28.573,42.240868,2.442287,638.75,32.9
2010-12-03,2010,337,28.998,19.298,20.198,28.448,46.24961,1.9174289,643.75,33.7
2010-12-04,2010,338,28.748,18.698,19.581333,28.272999,43.18415,1.8354785,640.75,33.4
2010-12-05,2010,339,29.048,18.848,19.792444,28.6605,44.84166,1.7068126,596.0,33.6
2010-12-06,2010,340,29.398,19.048,20.125778,29.023,38.70768,2.4219456,633.0,33.2
2010-12-07,2010,341,27.548,17.798,18.753555,27.185501,32.071598,3.8011684,651.0,29.5
2010-12-08,2010,342,27.448,15.798,16.970222,27.060501,29.904957,2.7335608,657.5,30.6
2010-12-09,2010,343,27.348,14.648,16.153557,26.8855,43.91051,1.3540295,631.25,32.4
2010-12-10,2010,344,26.098,14.548,16.348,25.698,38.9404,1.3290162,645.5,31.2
2010-12-11,2010,345,25.148,13.148,15.125778,24.673,37.065033,0.8361926,649.5,30.7
2010-12-12,2010,346,24.848,11.998,14.198,24.498,34.328102,2.0015128,650.75,29.2
2010-12-13,2010,347,25.248,13.098,13.698,24.835499,29.306942,1.4314594,655.25,30.1
2010-12-14,2010,348,26.648,11.648,13.281333,26.123001,29.180006,1.7213486,654.75,30.9
2010-12-15,2010,349,27.148,13.448,14.692444,26.7605,32.605232,1.4001298,650.25,31.9
2010-12-16,2010,350,27.598,13.448,15.648,27.198,26.117565,1.1504408,656.5,32.3
2010-12-17,2010,351,27.898,13.498,15.481334,27.435501,25.814651,0.92887837,658.0,32.6
2010-12-18,2010,352,27.948,13.448,15.531333,27.498001,23.506516,0.89468396,661.0,32.6
2010-12-19,2010,353,28.348,14.098,15.814667,27.710499,23.146648,3.4004073,663.5,30.4
2010-12-20,2010,354,27.648,14.748,16.05911,27.048,23.01881,3.0126731,664.75,30.2
2010-12-21,2010,355,27.798,11.748,14.059111,27.198,23.135822,0.86720836,667.0,32.4
2010-12-22,2010,356,26.398,10.848,13.881333,25.848,22.849194,1.5855756,672.5,30.8
2010-12-23,2010,357,26.498,13.598,15.525777,25.8605,42.311623,1.1731268,649.75,31.7
2010-12-24,2010,358,27.198,12.248,14.986889,26.548,39.900955,1.6280334,646.5,31.8
2010-12-25,2010,359,27.398,14.148,15.120222,26.935501,28.330454,1.0143859,661.5,32.2
2010-12-26,2010,360,27.748,11.198,13.859111,27.1605,27.236233,0.7846266,653.0,32.4
2010-12-27,2010,361,28.548,14.998,17.225777,28.023,38.40113,0.76843506,572.5,33.1
2010-12-28,2010,362,27.498,17.948,19.170221,27.210499,45.004025,2.1390781,501.5,30.8
2010-12-29,2010,363,26.148,18.398,19.675777,25.8855,53.457348,2.8083587,481.75,28.8
2010-12-30,2010,364,26.098,16.348,17.131332,25.823,36.625454,4.1286244,658.75,27.8
2010-12-31,2010,365,24.448,11.948,13.964666,24.223,21.007166,2.6688542,677.25,28.0
2011-01-01,2011,1,24.948,11.848,13.175777,24.335499,20.713493,3.6751635,683.25,26.7
2011-01-02,2011,2,24.998,12.148,13.375777,24.4355,22.400532,2.4679403,687.5,28.6
2011-01-03,2011,3,25.748,12.248,13.453556,25.022999,27.361593,3.1413522,673.75,28.2
2011-01-04,2011,4,26.348,13.448,14.8868885,25.523,33.698845,2.2047105,658.5,30.0
2011-01-05,2011,5,26.098,13.148,14.409112,25.423,26.15348,2.8147213,677.75,29.0
2011-01-06,2011,6,26.198,12.848,14.086888,25.273,24.118608,3.0606756,694.25,28.6
2011-01-07,2011,7,26.298,11.798,13.220222,25.373,23.862068,1.8970072,688.0,30.2
2011-01-08,2011,8,26.848,10.298,13.103556,26.098,24.188826,0.9054127,691.5,31.7
2011-01-09,2011,9,27.448,12.248,14.120222,26.5605,22.438461,2.5170205,696.0,30.6
2011-01-10,2011,10,26.898,13.598,14.431334,25.960499,22.444923,2.6912982,702.0,29.8
2011-01-11,2011,11,27.348,11.098,12.948,26.4105,20.34896,0.8062774,702.0,32.0
2011-01-12,2011,12,27.998,11.648,14.086888,27.2605,22.036478,1.4416575,695.5,32.3
2011-01-13,2011,13,28.048,12.098,14.675777,27.248001,40.504013,1.8840617,681.75,32.5
2011-01-14,2011,14,26.898,14.848,16.464666,26.398,35.515705,2.947426,684.75,30.1
2011-01-15,2011,15,26.448,14.298,15.798,25.823,29.469109,2.260754,701.25,30.4
2011-01-16,2011,16,25.398,11.248,13.503555,24.5105,13.568665,2.8321216,723.5,28.4
2011-01-17,2011,17,26.748,10.298,12.531333,25.873,17.19349,1.0164565,720.75,31.5
2011-01-18,2011,18,26.548,11.798,14.320223,25.548,43.69311,1.6493889,685.25,31.3
2011-01-19,2011,19,27.498,13.898,16.164665,26.835499,20.145977,1.7853769,710.25,31.7
2011-01-20,2011,20,28.098,12.398,14.342444,27.272999,21.51329,1.5817614,719.5,32.4
2011-01-21,2011,21,28.948,12.698,14.898,28.085499,24.546299,0.99376416,718.75,33.6
2011-01-22,2011,22,29.148,13.548,16.103556,28.3605,26.088673,0.8001946,718.25,34.0
2011-01-23,2011,23,29.148,13.548,16.631334,28.2855,31.400267,1.0331285,705.25,34.0
2011-01-24,2011,24,29.198,16.198,18.314667,28.498001,31.817833,1.4061962,703.0,33.9
2011-01-25,2011,25,28.648,15.848,17.703556,28.198,27.629925,3.2352943,717.25,31.7
2011-01-26,2011,26,26.898,12.948,15.353557,26.298,18.535078,3.4116511,751.5,29.6
2011-01-27,2011,27,27.998,14.498,15.620222,27.0355,33.2889,3.381681,726.5,30.5
2011-01-28,2011,28,27.848,15.248,16.692444,26.973,39.45221,1.2071451,723.75,33.2
2011-01-29,2011,29,27.248,13.398,16.131334,26.498001,27.973993,2.0361743,736.5,31.6
2011-01-30,2011,30,27.998,14.498,16.292444,27.3855,42.828064,1.8773913,715.25,33.0
2011-01-31,2011,31,29.048,16.298,17.770224,28.248001,33.33798,3.2273083,742.0,32.1
2011-02-01,2011,32,29.498,16.398,17.475777,28.5605,34.43181,2.6499684,740.25,33.1
2011-02-02,2011,33,30.398,15.997999,17.403557,29.460499,35.02043,2.225637,743.5,34.6
2011-02-03,2011,34,31.048,16.348,17.870222,30.185501,32.528,1.4049817,749.25,36.0
2011-02-04,2011,35,31.298,15.848,17.909111,30.473,29.737347,0.7603541,756.75,36.4
2011-02-05,2011,36,30.498,14.798,17.642445,29.6855,35.132473,1.7012608,752.25,35.4
2011-02-06,2011,37,29.598,15.798,17.814667,28.873001,38.126087,1.9286189,756.25,34.6
2011-02-07,2011,38,30.098,15.648,18.314667,28.8605,39.67714,3.0179133,752.0,33.3
2011-02-08,2011,39,29.148,17.348,19.481333,28.348,42.170116,0.7913693,748.0,35.1
2011-02-09,2011,40,29.298,14.698,17.698,28.7355,29.989012,0.64040023,773.5,35.0
2011-02-10,2011,41,29.498,14.948,17.370222,28.848,26.657024,0.70501703,774.5,34.9
2011-02-11,2011,42,31.798,16.298,18.003555,30.810501,33.239323,1.5982625,770.25,36.7
2011-02-12,2011,43,32.698,16.948,19.470222,31.748001,32.13967,2.2033846,774.5,37.1
2011-02-13,2011,44,29.548,16.548,19.470222,28.448,35.314785,2.0763576,778.75,34.0
2011-02-14,2011,45,28.948,16.848,18.770224,28.1355,44.039368,1.8666807,773.75,34.3
2011-02-15,2011,46,27.248,18.348,20.103556,26.798,42.663017,3.7929258,604.25,29.1
2011-02-16,2011,47,26.498,15.948,18.698,26.048,32.217754,1.929036,789.75,31.9
2011-02-17,2011,48,27.198,17.048,18.492445,26.698,30.93122,1.5378131,774.5,32.7
2011-02-18,2011,49,27.848,15.448,17.525778,27.348,32.175316,1.3266951,794.5,33.7
2011-02-19,2011,50,28.298,16.098,18.081333,27.698,30.451591,1.6163969,804.75,33.8
2011-02-20,2011,51,29.398,17.148,19.014668,28.798,26.128235,3.7535427,805.75,32.4
2011-02-21,2011,52,28.048,17.048,18.55911,27.423,29.607761,2.262342,819.0,32.9
2011-02-22,2011,53,29.048,15.498,17.081333,28.598,30.361845,1.5728624,708.25,33.9
2011-02-23,2011,54,31.148,14.848,17.953556,30.498001,27.69635,1.0455391,817.25,36.8
2011-02-24,2011,55,30.548,16.248,18.786888,29.810501,24.792376,1.3371136,826.25,35.9
2011-02-25,2011,56,30.448,16.398,18.748,30.0105,20.800018,2.4723022,828.75,35.0
2011-02-26,2011,57,31.248,16.298,18.248,30.7355,23.512455,2.535427,828.5,35.8
2011-02-27,2011,58,30.798,17.798,19.203556,30.1855,22.61914,2.9044874,844.0,35.0
2011-02-28,2011,59,32.248,19.348,20.353556,31.2855,29.453796,2.5542161,829.25,36.6
2011-03-01,2011,60,33.298,19.048,20.948,32.5605,26.935587,1.6560423,824.0,38.5
2011-03-02,2011,61,32.948,17.948,20.981333,32.273003,26.334671,0.5693849,823.75,38.5
2011-03-03,2011,62,33.898003,20.298,22.270224,33.123,29.592352,2.6682763,823.75,38.5
2011-03-04,2011,63,32.148003,18.548,21.192444,31.2105,31.061014,1.8375496,838.75,37.3
2011-03-05,2011,64,32.598003,17.748,20.286888,31.885502,27.583872,1.8688896,844.75,37.9
2011-03-06,2011,65,33.298,17.548,20.475777,32.585503,22.847569,1.0231857,853.0,38.8
2011-03-07,2011,66,34.948,18.498,21.098,34.0605,23.474184,1.7614956,863.0,40.1
2011-03-08,2011,67,33.948,20.348,22.009111,33.4355,22.417961,4.3625445,862.75,37.5
2011-03-09,2011,68,32.048,20.048,21.342445,31.7605,15.836502,3.4467525,884.25,36.2
2011-03-10,2011,69,32.098003,16.848,19.431334,31.5855,14.445539,2.9377482,893.0,36.5
2011-03-11,2011,70,32.348003,18.848,20.253555,31.635502,15.333058,3.5199926,900.0,36.1
2011-03-12,2011,71,32.898003,18.248,19.581333,32.173004,17.9473,3.0318604,893.5,37.1
2011-03-13,2011,72,34.698,17.548,20.042444,34.210503,17.175655,1.0759447,885.0,40.2
2011-03-14,2011,73,36.198,18.648,22.048,35.423,17.620466,1.5975219,886.5,41.4
2011-03-15,2011,74,37.698,19.248,22.186888,36.898003,18.41372,1.5522962,884.75,43.1
2011-03-16,2011,75,37.698,22.498,24.125778,37.0355,17.778841,1.9660397,893.5,43.2
2011-03-17,2011,76,38.298,18.098,22.220222,37.523003,19.13845,1.3443432,895.25,44.0
2011-03-18,2011,77,38.698,22.398,24.60911,37.735504,13.535496,3.411322,904.75,43.0
2011-03-19,2011,78,36.598003,21.198,23.948,35.5105,15.357813,4.6795673,913.5,39.9
2011-03-20,2011,79,34.998,18.998,22.020224,33.323,29.04184,2.3574636,896.5,39.5
2011-03-21,2011,80,34.648003,18.198,21.642445,33.4355,23.551928,2.8299847,907.75,39.0
2011-03-22,2011,81,33.898003,17.698,21.225777,32.823,22.775808,2.0647192,910.75,38.9
2011-03-23,2011,82,33.698,18.798,21.898,32.773003,26.307718,1.9844186,904.0,39.1
2011-03-24,2011,83,34.998,19.398,21.553555,34.173004,27.098003,2.140443,890.5,40.4
2011-03-25,2011,84,35.798,21.348,23.575777,34.698,27.849625,0.9601023,882.5,41.6
2011-03-26,2011,85,37.348003,19.398,22.870222,36.585503,15.897823,0.8261595,916.0,42.7
2011-03-27,2011,86,37.748,20.798,24.642445,37.3105,13.022731,1.8768427,926.0,43.3
2011-03-28,2011,87,37.748,21.498,24.081333,36.7855,12.380496,3.4583788,937.25,42.0
2011-03-29,2011,88,37.548,19.648,23.898,35.998,21.684948,3.9899433,913.0,41.1
2011-03-30,2011,89,36.448,21.998,24.692444,35.623,17.030207,3.922441,921.25,40.6
2011-03-31,2011,90,34.748,20.798,23.592445,33.773003,25.871023,3.3530655,919.75,39.2
2011-04-01,2011,91,35.548,20.998,23.136889,34.673,27.35825,3.0285225,910.0,40.4
2011-04-02,2011,92,36.298,21.048,23.286888,35.6355,21.580664,2.3877828,906.25,41.7
2011-04-03,2011,93,36.298,19.648,22.720222,35.8855,11.235197,2.6242256,937.5,41.3
2011-04-04,2011,94,35.798,21.148,23.292444,35.1855,17.763357,2.2588828,916.75,41.1
2011-04-05,2011,95,37.098003,22.748,25.081333,36.773003,12.856272,2.2282772,932.0,42.6
2011-04-06,2011,96,37.598003,21.898,25.175777,37.123,13.408413,1.1932569,922.25,43.1
2011-04-07,2011,97,38.298,22.548,26.05911,37.710503,15.84736,0.96499383,921.5,44.0
2011-04-08,2011,98,37.448,22.348,24.459112,36.8105,20.751442,0.62176204,909.5,43.4
2011-04-09,2011,99,37.948,23.998,25.692444,37.0105,25.428568,0.5235387,903.75,44.0
2011-04-10,2011,100,38.548,22.948,25.781334,37.573,21.616783,0.9841285,912.75,44.4
2011-04-11,2011,101,38.148003,24.298,25.975777,37.4355,24.688108,2.7169523,911.0,43.8
2011-04-12,2011,102,38.198,24.948,26.842445,37.6355,21.772057,3.5814106,910.25,43.3
2011-04-13,2011,103,38.048,24.398,27.009111,37.423,24.329086,2.154419,892.5,44.0
2011-04-14,2011,104,38.498,25.248,27.320223,38.048,21.863214,1.889063,847.5,44.3
2011-04-15,2011,105,38.898003,24.548,27.192444,38.548,19.363552,0.845164,860.5,44.9
2011-04-16,2011,106,38.698,25.898,27.875778,38.198,27.69792,2.1756058,839.0,44.7
2011-04-17,2011,107,38.698,25.848,27.781334,38.2605,25.92363,3.9346557,904.0,44.1
2011-04-18,2011,108,37.998,25.548,27.075779,37.673,15.83214,2.7640715,931.0,43.6
2011-04-19,2011,109,38.398003,22.048,25.481333,37.898003,14.709103,1.2186378,932.5,44.2
2011-04-20,2011,110,38.648003,22.098,25.692444,38.298004,10.910605,1.0461494,929.75,44.1
2011-04-21,2011,111,39.348003,22.048,25.281334,38.835503,12.973405,0.7878271,919.25,44.8
2011-04-22,2011,112,40.198,21.648,25.742445,39.835503,10.28745,1.5127721,949.25,45.9
2011-04-23,2011,113,40.398003,21.548,25.83689,39.8855,9.609957,0.9637982,954.25,45.8
2011-04-24,2011,114,40.198,23.398,25.931334,39.3105,12.807217,1.7037464,946.0,45.6
2011-04-25,2011,115,39.998,25.198,27.136889,39.148003,13.33784,2.934774,946.0,45.1
2011-04-26,2011,116,40.498,25.498,27.764668,39.4855,16.824793,3.885843,939.0,45.4
2011-04-27,2011,117,41.098003,26.298,28.198,40.3105,17.47657,4.0839095,934.5,46.3
2011-04-28,2011,118,40.698,26.648,28.870222,40.023003,19.879387,4.4225464,920.75,45.9
2011-04-29,2011,119,39.448,27.048,29.364668,38.6105,26.033333,3.1917782,911.25,45.0
2011-04-30,2011,120,38.898003,25.898,28.514666,37.785503,27.029161,2.1703053,840.5,44.2
2011-05-01,2011,121,39.198,27.598,29.325779,38.223003,28.232203,2.7000635,886.25,44.8
2011-05-02,2011,122,39.298,24.898,27.903557,38.323,23.281298,4.3782277,930.75,44.0
2011-05-03,2011,123,38.298,23.298,26.43689,37.023003,26.021315,3.9455638,934.0,42.7
2011-05-04,2011,124,37.398003,24.398,26.281334,35.748,35.941704,3.4620938,902.5,41.7
2011-05-05,2011,125,37.148003,24.798,26.870222,36.073,36.52196,3.8081279,878.5,41.7
2011-05-06,2011,126,37.498,23.548,26.331333,36.173004,24.39019,2.8030872,944.0,42.5
2011-05-07,2011,127,37.648003,24.698,26.831333,36.7355,31.373661,1.4972533,890.25,44.0
2011-05-08,2011,128,39.898003,26.048,27.486889,38.610504,25.188997,2.936326,916.5,45.1
2011-05-09,2011,129,40.448,24.448,27.35911,38.835503,22.034042,3.4395013,939.75,45.1
2011-05-10,2011,130,39.548,24.598,27.036888,37.448,28.545855,4.0100207,929.75,43.3
2011-05-11,2011,131,40.048,24.498,26.920221,38.035503,24.970991,4.266597,931.25,43.8
2011-05-12,2011,132,39.448,24.498,26.675777,37.498,28.872023,3.997886,924.75,43.3
2011-05-13,2011,133,39.498,25.198,27.453556,37.673,30.527378,3.5854354,927.5,43.9
2011-05-14,2011,134,40.098003,24.998,27.853556,38.198,29.992077,3.9801147,921.25,44.2
2011-05-15,2011,135,40.198,25.348,28.242445,38.910503,25.7924,3.313377,927.25,45.4
2011-05-16,2011,136,39.498,26.248,28.631334,38.5105,30.113564,2.472261,911.0,45.5
2011-05-17,2011,137,40.498,27.798,29.809113,39.598003,34.779728,1.9958917,880.5,47.3
2011-05-18,2011,138,40.598003,26.848,29.414665,38.948,29.868755,3.4810324,866.25,45.1
2011-05-19,2011,139,40.148003,26.348,28.753557,38.985504,30.172005,4.9719634,918.75,44.9
2011-05-20,2011,140,40.698,26.998,29.331333,39.073,32.280327,6.4807634,910.0,44.9
2011-05-21,2011,141,39.098003,28.148,29.631334,38.023003,32.56797,6.253459,755.25,42.5
2011-05-22,2011,142,38.898003,28.148,29.464668,37.585503,36.205067,5.2445183,871.5,42.9
2011-05-23,2011,143,39.248,27.698,29.375776,37.973,35.52664,4.140641,881.75,43.9
2011-05-24,2011,144,38.848003,27.998,29.409111,37.673004,36.708572,3.590903,880.75,43.9
2011-05-25,2011,145,38.998,27.448,28.948002,37.623,34.510513,3.791892,909.25,43.8
2011-05-26,2011,146,39.098003,27.198,29.003553,37.7605,34.887646,3.1901174,905.0,44.3
2011-05-27,2011,147,39.748,27.098,29.242445,38.448,30.043383,2.8572955,896.75,45.1
2011-05-28,2011,148,39.748,27.598,29.509111,38.498,28.951574,3.2879121,904.5,44.9
2011-05-29,2011,149,39.948,26.698,29.159111,38.5355,27.884714,3.4792118,902.5,44.7
2011-05-30,2011,150,40.298,26.948,29.264666,38.748,29.55378,3.6861064,899.0,44.9
2011-05-31,2011,151,40.498,26.648,28.614664,38.573,32.149487,4.797736,893.25,44.3
2011-06-01,2011,152,39.098003,27.798,29.531334,38.098003,34.078842,5.2262154,857.75,43.4
2011-06-02,2011,153,39.148003,28.198,30.092445,38.198,32.20866,3.0890765,887.0,44.7
2011-06-03,2011,154,39.248,28.848,30.353556,38.748,35.033585,0.99276674,811.25,46.2
2011-06-04,2011,155,39.748,29.948,30.831333,38.573,34.120865,0.7537225,819.0,46.0
2011-06-05,2011,156,41.548,30.048,31.198002,40.423,30.477743,1.0115285,859.75,48.1
2011-06-06,2011,157,41.548,29.698,31.348,40.535503,33.098705,2.063921,879.25,48.2
2011-06-07,2011,158,41.098003,30.398,31.242445,40.1855,35.284966,3.3904757,876.5,47.1
2011-06-08,2011,159,39.098003,28.998,29.586891,38.585503,40.152813,5.245552,860.25,44.5
2011-06-09,2011,160,38.598003,28.498,29.425777,37.610504,41.05343,3.6791801,727.25,43.0
2011-06-10,2011,161,37.898003,29.248,30.014666,37.360504,41.84698,4.3172793,728.25,42.4
2011-06-11,2011,162,37.748,27.848,28.425777,37.073,45.456562,3.9205813,681.5,42.2
2011-06-12,2011,163,36.498,27.898,28.148,35.9105,44.372143,6.35539,710.25,40.0
2011-06-13,2011,164,35.848003,27.598,28.10911,35.423004,44.578743,5.705351,546.0,38.3
2011-06-14,2011,165,37.148003,27.598,29.225779,36.848003,39.63145,5.1956244,547.25,40.0
2011-06-15,2011,166,37.398003,28.198,30.103556,36.8855,36.21879,5.4043093,710.75,40.9
2011-06-16,2011,167,37.748,27.998,29.786888,36.773003,39.11825,5.8700943,580.5,40.0
2011-06-17,2011,168,37.048,27.698,29.564667,35.923004,41.167843,5.7179437,495.5,38.4
2011-06-18,2011,169,36.948,28.098,29.464668,35.623,40.47268,5.173619,465.5,37.8
2011-06-19,2011,170,36.098003,28.098,29.498,35.348003,42.225758,5.305274,477.5,37.6
2011-06-20,2011,171,37.648003,27.998,29.60911,36.148003,39.13331,5.2999134,574.25,39.2
2011-06-21,2011,172,36.298,28.048,29.470222,35.5105,43.269333,5.419013,511.0,38.1
2011-06-22,2011,173,36.848003,27.748,29.136889,35.485504,41.074287,4.5044007,474.5,38.0
2011-06-23,2011,174,33.348003,28.198,29.259111,32.373,53.488087,5.2317777,213.0,32.5
2011-06-24,2011,175,32.998,26.798,28.759111,31.898,56.698803,5.9393563,313.0,32.6
2011-06-25,2011,176,34.548,27.598,28.70911,33.6605,44.099903,5.522098,365.25,34.6
2011-06-26,2011,177,36.798,27.448,28.920223,35.585503,39.901512,5.013489,464.5,37.8
2011-06-27,2011,178,35.148003,27.548,29.142447,33.6855,47.742256,5.147982,359.5,35.0
2011-06-28,2011,179,35.098003,27.998,29.225779,33.898003,48.38375,6.074078,435.5,35.7
2011-06-29,2011,180,34.698,27.798,29.064667,33.8105,47.24314,5.7156096,300.0,34.5
2011-06-30,2011,181,36.798,27.348,28.842445,35.8605,42.37135,6.6826186,673.0,39.5
2011-07-01,2011,182,36.598003,27.398,29.231333,35.673,40.835407,6.1762366,610.0,38.7
2011-07-02,2011,183,36.598003,26.948,28.770224,35.623,39.513203,5.0219173,663.5,39.2
2011-07-03,2011,184,34.998,27.048,28.548,33.8605,48.487106,4.7930365,604.5,37.2
2011-07-04,2011,185,36.098003,27.448,28.503557,35.035503,43.292816,3.0771372,685.0,40.1
2011-07-05,2011,186,37.048,28.298,29.192444,35.948,44.168953,1.211313,777.25,43.4
2011-07-06,2011,187,30.848,27.698,28.881334,30.698,67.68979,3.3639135,330.5,33.7
2011-07-07,2011,188,33.648003,25.498,26.448,32.298,65.45577,2.3156052,559.5,38.5
2011-07-08,2011,189,29.248,25.548,26.042444,29.1105,76.18858,2.4901977,308.5,33.2
2011-07-09,2011,190,26.898,25.198,25.403557,25.973,93.18512,3.4010801,122.25,27.7
2011-07-10,2011,191,27.398,24.298,24.903557,26.685501,88.70564,3.9389246,224.0,28.6
2011-07-11,2011,192,30.198,25.048,25.498,28.960499,76.18259,4.2124276,368.75,31.6
2011-07-12,2011,193,31.848,25.698,26.448,31.498,60.591644,3.6659613,587.0,35.8
2011-07-13,2011,194,30.848,26.048,26.870222,30.3605,66.877815,3.091091,286.75,33.1
2011-07-14,2011,195,30.048,25.298,26.531334,28.948,74.433235,2.9120026,296.5,32.2
2011-07-15,2011,196,31.798,26.298,26.953556,31.3855,63.983604,2.4733305,465.5,36.3
2011-07-16,2011,197,31.198,26.198,26.825779,30.948,75.954384,2.1552372,531.0,37.8
2011-07-17,2011,198,31.798,26.048,26.875778,31.1105,73.28683,1.2844682,465.0,38.1
2011-07-18,2011,199,32.498,25.898,26.531334,31.773,74.0447,2.2243166,551.75,38.8
2011-07-19,2011,200,28.448,26.098,26.786888,27.198,92.62802,3.5715566,161.0,29.7
2011-07-20,2011,201,31.898,26.598,27.098,31.298,62.272926,5.568858,479.25,33.6
2011-07-21,2011,202,31.848,26.398,27.003555,31.298,61.227398,5.8284826,502.75,33.6
2011-07-22,2011,203,31.248,25.748,26.603556,30.3605,63.1003,4.947636,385.75,32.0
2011-07-23,2011,204,28.098,25.348,26.192444,27.772999,82.65698,3.566629,157.25,29.5
2011-07-24,2011,205,29.348,25.298,25.648,28.973,64.08983,2.1819792,378.5,32.9
2011-07-25,2011,206,29.098,24.698,25.470222,28.1605,80.13753,1.3051853,335.0,33.9
2011-07-26,2011,207,31.248,25.798,26.242445,30.548,73.36591,3.1861727,528.5,35.8
2011-07-27,2011,208,32.148003,25.298,25.948,31.648,74.21322,2.6619444,678.0,39.1
2011-07-28,2011,209,30.548,26.098,26.386889,30.2105,71.67142,2.7683094,465.75,35.2
2011-07-29,2011,210,31.048,25.698,26.031334,30.5855,70.9025,2.5700028,469.0,35.8
2011-07-30,2011,211,29.898,25.548,25.886889,29.2855,77.29931,1.8674741,296.75,34.2
2011-07-31,2011,212,29.648,25.298,25.614666,28.698,78.85374,2.4154186,308.5,33.0
2011-08-01,2011,213,29.148,25.348,25.664665,28.2855,79.74188,3.2355917,304.75,31.5
2011-08-02,2011,214,31.298,24.998,25.803555,30.935501,65.09557,2.5851035,536.25,36.2
2011-08-03,2011,215,30.748,26.148,26.698,30.148,69.59641,3.347998,470.75,34.3
2011-08-04,2011,216,30.298,26.448,26.864666,29.873001,70.92506,3.6852596,418.25,33.3
2011-08-05,2011,217,31.748,26.198,26.914665,31.298,64.99856,3.866855,572.25,35.6
2011-08-06,2011,218,31.548,25.548,26.798,31.123001,63.35289,4.7358627,513.25,34.1
2011-08-07,2011,219,31.448,26.198,26.898,30.9355,65.24374,4.6922297,496.75,34.0
2011-08-08,2011,220,29.748,26.098,26.614666,29.548,74.12591,3.3102968,316.75,32.7
2011-08-09,2011,221,26.348,25.648,25.842445,26.173,94.31037,4.6695595,91.5,26.5
2011-08-10,2011,222,27.648,25.198,25.481333,26.4855,91.28827,5.871373,187.0,26.6
2011-08-11,2011,223,28.598,25.198,25.453556,28.173,78.92357,5.5532236,391.0,29.9
2011-08-12,2011,224,26.598,24.248,24.853556,26.2855,91.83102,4.866894,180.75,27.0
2011-08-13,2011,225,27.898,24.798,25.009111,26.473,91.46202,2.3493614,147.0,29.9
2011-08-14,2011,226,25.948,24.898,25.036888,25.522999,95.27623,3.6912045,44.5,26.2
2011-08-15,2011,227,26.448,25.098,25.203556,26.198,91.88701,4.973261,132.0,26.3
2011-08-16,2011,228,30.648,24.848,25.43689,29.810501,73.978714,3.3359094,524.0,34.7
2011-08-17,2011,229,30.448,24.248,25.553555,30.1855,66.68331,3.6005406,585.75,34.7
2011-08-18,2011,230,30.648,25.198,26.114666,30.373001,71.42888,2.4345226,648.25,37.1
2011-08-19,2011,231,30.398,25.548,25.953556,30.023,73.47319,1.4347593,455.5,36.5
2011-08-20,2011,232,28.848,25.198,25.692444,28.5105,81.186264,1.8751224,266.75,33.3
2011-08-21,2011,233,28.298,24.348,24.820223,27.335499,87.04907,1.8187414,255.0,32.3
2011-08-22,2011,234,28.998,24.148,24.714668,27.935501,80.865036,1.0084248,344.25,34.0
2011-08-23,2011,235,31.598,25.248,25.898,31.4105,70.29898,2.1777134,658.25,38.7
2011-08-24,2011,236,30.298,25.298,25.80911,29.7105,76.37738,1.8769909,348.75,35.1
2011-08-25,2011,237,28.898,25.198,25.492443,28.7105,76.12039,2.926894,288.5,32.0
2011-08-26,2011,238,28.348,24.948,25.320223,26.973,86.655815,1.6850069,240.5,31.8
2011-08-27,2011,239,29.798,24.698,25.170221,28.823,79.60467,2.1582108,384.0,34.2
2011-08-28,2011,240,30.698,24.998,25.392445,30.1355,73.94764,1.817162,423.0,36.0
2011-08-29,2011,241,27.598,24.698,25.070223,26.098,91.331894,0.8434172,96.5,30.5
2011-08-30,2011,242,30.448,24.548,25.103556,29.348,76.65047,2.5318584,496.0,35.0
2011-08-31,2011,243,30.748,25.298,25.664665,30.4105,73.155304,3.3395088,610.25,36.0
2011-09-01,2011,244,30.598,25.198,25.770224,30.098,79.449524,1.936935,535.25,37.3
2011-09-02,2011,245,30.398,25.048,25.553555,29.823,81.55568,1.0943911,545.75,38.1
2011-09-03,2011,246,30.398,24.498,25.148,29.3855,76.97336,2.271505,538.0,35.8
2011-09-04,2011,247,30.148,25.048,25.331333,29.5105,78.49093,3.5489771,343.0,33.1
2011-09-05,2011,248,29.448,25.598,25.948,29.0355,79.01733,6.526036,440.25,31.1
2011-09-06,2011,249,27.148,24.798,25.564667,26.873001,87.09643,6.1783433,176.5,26.5
2011-09-07,2011,250,28.698,24.398,24.881334,28.373,75.3733,6.0386324,336.0,29.2
2011-09-08,2011,251,30.798,25.248,25.553555,30.473,69.97552,4.6385713,596.75,34.5
2011-09-09,2011,252,29.598,25.448,25.620222,29.2605,71.420166,3.7197673,322.75,31.7
2011-09-10,2011,253,28.948,24.848,25.292444,28.848,73.88572,2.0856254,361.75,33.6
2011-09-11,2011,254,28.148,24.998,25.236889,28.048,82.0051,2.332736,224.0,31.8
2011-09-12,2011,255,28.898,23.798,24.503555,27.648,83.233376,3.2115712,350.5,31.4
2011-09-13,2011,256,30.248,25.598,25.775778,29.748001,69.36663,4.5861645,518.0,32.9
2011-09-14,2011,257,30.898,25.198,25.831333,30.5355,74.54967,1.3512256,668.5,39.0
2011-09-15,2011,258,30.948,24.748,25.570223,30.6105,70.46655,1.3267629,486.75,37.2
2011-09-16,2011,259,30.598,24.498,25.547998,30.448,63.43037,4.531762,629.5,34.2
2011-09-17,2011,260,29.798,24.798,25.242445,29.2355,68.09328,3.4422734,526.0,33.3
2011-09-18,2011,261,29.898,23.198,24.675777,29.685501,60.447372,3.7025502,586.25,33.5
2011-09-19,2011,262,29.698,23.248,24.375778,29.4105,60.70372,3.0763252,628.25,34.2
2011-09-20,2011,263,29.898,23.348,24.036888,29.598,63.83614,2.8589983,664.75,35.1
2011-09-21,2011,264,29.898,22.298,23.542444,29.522999,59.99018,2.8263805,692.0,35.0
2011-09-22,2011,265,29.948,22.898,23.392445,29.4855,60.906612,2.654161,674.5,35.1
2011-09-23,2011,266,30.548,22.198,22.914665,30.0355,59.010853,1.684632,682.75,36.8
2011-09-24,2011,267,30.598,21.948,23.520224,30.373,69.17943,2.180104,686.5,37.5
2011-09-25,2011,268,30.298,23.048,24.303555,29.772999,65.151,2.8651493,607.0,35.0
2011-09-26,2011,269,29.548,22.998,24.35911,29.2605,62.609188,2.709651,430.25,33.0
2011-09-27,2011,270,30.348,23.248,24.320223,29.9105,60.994366,3.1898172,582.5,34.3
2011-09-28,2011,271,30.348,22.198,23.492443,29.9105,61.061333,2.5677803,596.25,35.1
2011-09-29,2011,272,30.698,22.748,24.103556,30.3605,59.670288,2.0917473,670.75,36.7
2011-09-30,2011,273,31.048,22.348,23.753555,30.772999,61.474247,1.4211947,733.5,38.4
2011-10-01,2011,274,31.598,22.698,23.975777,31.1605,56.833923,2.3023703,727.75,37.6
2011-10-02,2011,275,31.298,22.248,23.698,30.8355,53.698307,2.1384892,777.25,37.5
2011-10-03,2011,276,30.948,22.098,23.425777,30.448,56.470177,2.602938,757.25,36.6
2011-10-04,2011,277,30.898,21.648,23.170221,30.4105,52.87995,2.3506424,720.0,36.3
2011-10-05,2011,278,31.648,21.848,22.975777,31.3355,52.667046,1.3249447,729.0,38.4
2011-10-06,2011,279,32.598003,21.898,23.470222,32.2355,49.03961,1.8066156,775.0,39.1
2011-10-07,2011,280,32.648003,22.498,23.770224,32.373,50.29572,1.2254264,723.75,39.4
2011-10-08,2011,281,32.748,23.048,24.081333,32.5355,48.006523,1.7728398,716.75,38.9
2011-10-09,2011,282,33.698,22.798,24.025778,33.2605,47.372173,2.3030841,737.0,39.4
2011-10-10,2011,283,34.648003,23.248,24.892445,34.2605,39.566925,1.8150524,743.5,40.4
2011-10-11,2011,284,35.398003,23.448,25.148,35.0605,35.46102,2.4919546,689.75,40.1
2011-10-12,2011,285,35.098003,22.898,24.831333,34.848003,35.985416,1.6941383,729.0,40.8
2011-10-13,2011,286,34.798,23.848,25.659111,34.373,38.52542,2.0504334,682.25,39.8
2011-10-14,2011,287,35.548,24.748,27.131334,35.173,37.183777,1.7252114,689.5,41.0
2011-10-15,2011,288,35.648003,26.098,27.136889,35.398003,33.852547,1.1363684,740.0,41.7
2011-10-16,2011,289,35.398003,23.398,25.625778,35.098003,34.214233,0.6296341,747.5,41.5
2011-10-17,2011,290,34.748,24.348,26.320223,34.548,44.379982,0.49605545,651.25,41.0
2011-10-18,2011,291,35.298,24.448,26.031334,35.1105,35.17357,1.6450989,662.75,40.6
2011-10-19,2011,292,34.298,23.448,24.914665,33.960503,31.93979,0.53412646,725.75,39.9
2011-10-20,2011,293,33.648003,22.048,23.10911,33.2605,33.04344,0.65446764,680.5,38.9
2011-10-21,2011,294,33.598003,21.448,22.58689,33.285503,34.620396,0.6886694,724.0,39.4
2011-10-22,2011,295,34.598003,20.998,22.481333,34.285503,26.110466,1.796448,756.5,39.7
2011-10-23,2011,296,34.798,21.948,22.83689,34.4105,25.642698,1.4573196,757.5,40.0
2011-10-24,2011,297,34.498,21.248,23.092445,34.1355,30.767675,1.9727769,742.75,39.6
2011-10-25,2011,298,34.698,21.798,23.781334,34.410503,26.87734,2.3964148,737.0,39.4
2011-10-26,2011,299,34.348003,22.698,23.803555,34.035503,27.633968,2.492043,740.0,38.9
2011-10-27,2011,300,34.098003,21.848,23.053555,33.673004,30.470554,1.1053593,733.75,39.5
2011-10-28,2011,301,33.998,21.448,22.18689,33.6355,27.608948,2.2738445,736.0,38.6
2011-10-29,2011,302,33.748,21.348,22.136889,33.398003,29.705969,2.2504628,729.5,38.4
2011-10-30,2011,303,33.198,21.198,21.953556,32.848,29.379824,1.2055655,677.25,38.1
2011-10-31,2011,304,32.698,21.098,21.903557,32.398003,27.184063,1.3220015,705.75,37.6
2011-11-01,2011,305,32.698,20.698,21.659111,32.210503,28.427479,2.42899,661.75,36.4
2011-11-02,2011,306,32.898003,20.448,22.070223,32.5355,32.00077,2.003383,697.0,37.5
2011-11-03,2011,307,32.648003,21.898,23.798,32.273003,33.42282,1.3328846,661.0,37.5
2011-11-04,2011,308,33.048,21.598,23.175777,32.698,40.97904,1.3082266,633.5,38.3
2011-11-05,2011,309,33.498,22.648,24.092445,33.223,39.139366,0.9181393,660.0,39.1
2011-11-06,2011,310,33.448,22.198,23.509111,33.173004,38.032845,1.2291645,686.75,39.1
2011-11-07,2011,311,33.548,20.448,22.081333,33.298,33.770008,0.70266926,680.25,39.0
2011-11-08,2011,312,33.298,23.198,23.875778,32.948,35.912712,0.80709016,608.5,38.2
2011-11-09,2011,313,33.448,20.448,22.442444,33.173004,29.868279,0.77349377,689.0,38.6
2011-11-10,2011,314,33.848003,21.098,22.703556,33.535503,29.941153,0.5685089,690.5,39.0
2011-11-11,2011,315,33.198,19.598,21.625778,32.898003,30.355783,1.6174009,686.5,38.0
2011-11-12,2011,316,33.148003,19.798,21.636889,32.798004,35.26242,0.832936,669.5,38.5
2011-11-13,2011,317,33.648003,21.148,22.670221,33.335503,35.500526,0.8458544,671.75,39.1
2011-11-14,2011,318,34.048,21.098,22.709112,33.6855,26.819077,1.3864322,680.0,38.7
2011-11-15,2011,319,33.198,20.098,22.064667,32.948,28.402779,1.8531368,673.75,37.7
2011-11-16,2011,320,32.148003,20.298,21.992445,31.798,31.81947,1.2609051,673.0,37.1
2011-11-17,2011,321,32.148003,19.798,21.264668,31.898,29.92397,0.543363,675.75,37.2
2011-11-18,2011,322,32.048,18.098,19.942444,31.698,30.636988,0.8157679,677.0,37.1
2011-11-19,2011,323,31.848,17.248,19.364666,31.4855,33.534893,0.8651893,677.0,37.0
2011-11-20,2011,324,32.898003,17.598,19.875778,32.3855,30.702667,1.1493555,677.25,37.7
2011-11-21,2011,325,33.648003,19.748,21.431334,33.2855,27.71372,2.7566142,667.5,37.3
2011-11-22,2011,326,32.748,20.548,21.475777,32.3855,27.147356,3.3201518,669.75,35.8
2011-11-23,2011,327,30.848,19.848,21.014666,30.5105,29.270052,3.3279142,670.0,33.7
2011-11-24,2011,328,30.748,19.498,21.053555,30.460499,32.986187,2.0373998,656.0,35.0
2011-11-25,2011,329,30.948,18.998,20.681334,30.6355,31.873253,3.0116267,653.75,34.2
2011-11-26,2011,330,30.798,18.948,20.414665,30.498001,32.23688,1.7513695,653.25,35.2
2011-11-27,2011,331,31.398,19.498,21.259111,30.848,35.94708,2.186893,583.25,34.8
2011-11-28,2011,332,30.648,24.098,24.498,30.348,41.616962,2.2960577,375.0,32.7
2011-11-29,2011,333,32.048,23.048,23.742445,31.635502,39.31245,3.2273028,606.5,35.1
2011-11-30,2011,334,31.448,21.698,22.842445,31.085499,33.868423,2.2845824,629.25,35.3
2011-12-01,2011,335,31.348,19.098,20.431334,30.9105,28.936077,1.5778568,643.5,35.5
2011-12-02,2011,336,31.348,19.198,20.58689,30.873,27.244247,2.305413,633.5,34.7
2011-12-03,2011,337,31.548,19.448,20.853556,31.0605,28.77966,1.4108229,629.0,35.7
2011-12-04,2011,338,31.998,19.798,21.55911,31.647999,36.507034,1.3192388,625.75,36.8
2011-12-05,2011,339,31.448,19.898,21.453556,31.148,43.583454,1.4145083,628.75,36.7
2011-12-06,2011,340,30.748,18.198,19.853554,30.4105,36.408375,0.7924741,641.75,35.9
2011-12-07,2011,341,30.398,16.648,19.142445,30.048,36.068626,0.6191071,639.25,35.5
2011-12-08,2011,342,30.798,16.848,19.30911,30.4355,33.944927,0.8382107,639.0,35.7
2011-12-09,2011,343,30.498,17.048,19.60911,30.123,34.928455,1.294873,634.5,35.2
2011-12-10,2011,344,28.548,17.198,18.675777,28.1605,28.776379,2.1032007,654.5,32.4
2011-12-11,2011,345,27.148,14.598,16.064667,26.685501,17.931946,2.4720376,674.5,30.5
2011-12-12,2011,346,27.698,13.748,14.942444,27.060501,24.086603,3.1935573,667.0,30.0
2011-12-13,2011,347,27.898,14.598,16.031334,27.2855,26.728817,3.199176,658.0,30.2
2011-12-14,2011,348,27.998,14.448,15.692444,27.4105,28.763994,2.3403668,657.5,31.4
2011-12-15,2011,349,28.248,14.698,16.020224,27.648,31.370045,1.4022012,648.5,32.6
2011-12-16,2011,350,28.448,14.148,15.848001,27.897999,30.765034,1.2261233,654.75,33.0
2011-12-17,2011,351,28.848,15.298,16.792444,28.248,33.330475,1.4481542,644.25,33.2
2011-12-18,2011,352,28.698,15.098,16.992445,28.3605,29.827589,1.3007356,650.5,33.3
2011-12-19,2011,353,28.148,13.748,15.609111,27.698,31.624619,1.1795388,649.25,32.9
2011-12-20,2011,354,27.248,12.398,14.848001,26.772999,32.18722,1.4699695,653.75,31.8
2011-12-21,2011,355,27.848,12.598,15.275777,27.2855,35.747562,1.3024428,641.75,32.5
2011-12-22,2011,356,27.848,13.648,15.814667,27.298,38.36812,1.2948786,636.5,32.6
2011-12-23,2011,357,28.148,14.048,16.30911,27.522999,36.828377,1.1342512,642.25,32.9
2011-12-24,2011,358,28.048,13.498,15.798,27.498001,35.21175,1.1112654,652.25,32.9
2011-12-25,2011,359,27.298,13.148,15.253555,26.835499,36.70588,2.226146,656.75,31.3
2011-12-26,2011,360,26.648,11.548,14.298,26.022999,34.77998,1.2061329,662.25,31.6
2011-12-27,2011,361,26.248,11.898,14.531333,25.548,37.81483,1.694822,658.5,30.8
2011-12-28,2011,362,27.548,14.098,15.542445,26.698,35.5795,1.9287109,655.5,31.5
2011-12-29,2011,363,27.398,15.248,16.281334,26.823,33.81266,2.87967,652.25,30.3
2011-12-30,2011,364,26.448,14.898,15.842444,25.8605,33.372257,2.6035843,657.25,29.7
2011-12-31,2011,365,26.548,14.248,15.425777,25.935501,38.424175,3.4044523,649.5,28.9
2012-01-01,2012,1,25.248,13.748,15.320223,24.648,38.36928,3.7982283,667.0,27.1
2012-01-02,2012,2,25.648,13.398,14.703556,25.098,36.549843,3.21391,664.5,28.3
2012-01-03,2012,3,25.598,13.498,14.709111,24.835499,41.099014,2.286537,663.0,29.5
2012-01-04,2012,4,25.948,12.148,14.375778,25.310501,36.226463,1.054729,664.75,31.2
2012-01-05,2012,5,26.298,12.898,15.314667,25.673,43.715195,1.0823584,651.5,31.7
2012-01-06,2012,6,26.498,14.948,16.320223,26.085499,50.963604,2.3908556,626.25,30.8
2012-01-07,2012,7,25.948,13.348,15.3868885,25.6105,30.98209,2.245811,675.75,30.1
2012-01-08,2012,8,24.448,11.898,13.709111,24.023,24.29552,2.4386384,692.75,28.3
2012-01-09,2012,9,24.398,11.848,13.375777,23.698,34.03602,2.294379,682.25,28.4
2012-01-10,2012,10,24.598,12.348,13.348001,23.973,33.432144,2.8429232,684.75,27.8
2012-01-11,2012,11,24.498,12.098,13.242444,23.8105,32.05373,2.644773,683.5,27.9
2012-01-12,2012,12,25.248,12.148,13.475778,24.6355,25.59509,2.944375,690.0,28.2
2012-01-13,2012,13,25.748,12.448,14.0535555,25.123,23.242388,2.8796344,701.25,28.8
2012-01-14,2012,14,26.248,12.098,13.870222,25.4605,26.796627,1.186837,697.5,31.1
2012-01-15,2012,15,27.348,11.498,14.497999,26.798,29.203247,1.682981,696.75,31.9
2012-01-16,2012,16,26.898,13.848,15.798,26.248001,51.822876,3.4406812,563.5,29.0
2012-01-17,2012,17,25.598,15.448,17.381334,25.273,26.181679,3.0870569,718.25,28.9
2012-01-18,2012,18,23.948,10.448,12.942445,23.560501,27.048264,1.7718569,717.75,29.1
2012-01-19,2012,19,23.648,9.048,12.5146675,23.223,30.351269,0.5939621,713.0,30.0
2012-01-20,2012,20,23.848,10.898,12.986889,23.348,26.442854,2.1127074,720.25,28.5
2012-01-21,2012,21,25.248,12.348,13.542444,24.2855,26.001389,4.0562496,720.75,26.6
2012-01-22,2012,22,26.148,13.298,15.103557,25.3355,32.264095,0.6712456,705.25,31.6
2012-01-23,2012,23,26.298,15.348,16.475777,25.585499,31.1981,1.470834,714.25,31.3
2012-01-24,2012,24,26.948,12.898,15.459111,26.173,31.525108,0.6877349,666.0,31.9
2012-01-25,2012,25,27.548,13.598,16.125778,27.123001,31.98014,1.724244,713.5,32.4
2012-01-26,2012,26,26.598,16.848,17.420221,26.223,27.792553,3.418054,724.25,29.5
2012-01-27,2012,27,26.398,13.148,15.247999,25.798,33.14573,1.070338,730.25,32.0
2012-01-28,2012,28,26.148,12.998,15.075779,25.7105,24.29512,3.932091,744.75,28.4
2012-01-29,2012,29,25.598,14.148,15.209111,25.272999,25.918106,4.0123196,734.0,27.8
2012-01-30,2012,30,26.698,15.948,16.714668,25.848,36.037033,3.6157603,721.25,29.0
2012-01-31,2012,31,26.898,14.298,15.736889,26.348,27.77589,3.5079944,749.75,29.7
2012-02-01,2012,32,26.798,13.148,15.0146675,26.173,20.912075,3.9594839,762.5,29.0
2012-02-02,2012,33,27.798,14.048,15.731334,26.8855,29.07824,2.7366066,754.0,31.3
2012-02-03,2012,34,29.248,14.848,16.648,28.373,34.42097,1.3781438,749.25,34.3
2012-02-04,2012,35,26.998,14.198,16.486889,26.1855,41.042576,4.150128,742.25,29.1
2012-02-05,2012,36,27.498,15.898,17.448,26.973,38.351517,2.2736928,742.5,32.2
2012-02-06,2012,37,27.248,14.498,16.442444,26.522999,32.8045,2.1010814,757.25,31.9
2012-02-07,2012,38,24.998,13.898,15.2646675,24.6105,24.749416,5.1737337,780.5,26.1
2012-02-08,2012,39,21.598,9.998,12.464666,20.647999,14.831956,4.9591584,813.75,22.3
2012-02-09,2012,40,23.448,8.948,10.770222,22.548,17.215754,2.7305315,798.25,27.5
2012-02-10,2012,41,25.548,11.398,12.575778,24.598,20.71956,3.0512195,790.75,28.8
2012-02-11,2012,42,28.048,12.548,13.986889,26.998001,23.169968,2.646459,787.0,31.6
2012-02-12,2012,43,28.248,12.348,14.992445,27.5855,28.469963,1.782939,776.25,33.2
2012-02-13,2012,44,27.998,15.098,16.659111,27.3605,38.902756,3.4661112,765.5,31.3
2012-02-14,2012,45,28.448,14.348,16.775778,27.998001,29.835625,2.5348432,782.5,32.9
2012-02-15,2012,46,27.198,13.748,16.248,26.6105,25.421597,2.3296704,794.75,31.8
2012-02-16,2012,47,26.748,13.098,15.420222,25.9855,36.17112,2.5545802,792.0,31.2
2012-02-17,2012,48,28.448,16.098,17.181334,27.723,31.406422,4.057633,793.25,31.0
2012-02-18,2012,49,29.898,16.498,17.748,28.9855,27.291317,3.0961504,793.5,33.2
2012-02-19,2012,50,31.248,16.598,18.125778,30.373,26.562435,2.0576675,799.25,35.8
2012-02-20,2012,51,31.798,15.498,18.18689,30.973,24.422073,1.6255773,812.0,36.7
2012-02-21,2012,52,31.798,15.648,18.431334,30.5105,23.264963,2.113282,822.25,35.9
2012-02-22,2012,53,30.648,16.548,18.57022,29.698,31.609781,2.917377,822.0,34.6
2012-02-23,2012,54,30.248,14.898,17.703556,29.798,22.184153,3.4106483,828.0,33.9
2012-02-24,2012,55,28.648,14.648,16.970222,28.123001,16.147732,3.3356678,845.5,32.3
2012-02-25,2012,56,29.398,12.398,15.314667,28.673,17.05636,2.7422414,851.75,33.5
2012-02-26,2012,57,30.648,13.598,15.892445,29.6105,24.473667,2.6159163,845.5,34.7
2012-02-27,2012,58,31.648,14.748,17.292444,30.823,22.474667,1.6950338,842.5,36.6
2012-02-28,2012,59,31.048,15.048,17.564667,30.3855,16.658997,3.3092806,861.25,34.7
2012-02-29,2012,60,30.698,12.698,16.886889,30.1105,20.430485,1.8350911,860.0,35.9
2012-03-01,2012,61,28.448,15.648,17.770224,27.5105,30.394318,1.693363,854.75,33.9
2012-03-02,2012,62,29.498,14.798,17.042444,28.723,42.564667,2.2283351,831.0,34.9
2012-03-03,2012,63,31.148,16.048,18.375778,30.073,31.834772,1.7322261,846.0,36.3
2012-03-04,2012,64,33.398003,15.997999,19.064667,32.1605,31.666115,2.1953707,851.25,38.1
2012-03-05,2012,65,33.248,16.898,20.381334,32.023003,27.624107,3.209044,862.25,36.9
2012-03-06,2012,66,29.698,17.848,19.831333,28.7605,28.340826,3.8132744,865.25,32.8
2012-03-07,2012,67,30.198,14.998,16.942444,29.5355,21.82043,2.8012621,878.75,34.6
2012-03-08,2012,68,28.648,15.997999,17.82022,28.223,13.908096,3.3774204,899.25,32.8
2012-03-09,2012,69,28.948,11.248,14.775777,28.498,9.159097,2.6723156,914.0,33.8
2012-03-10,2012,70,30.048,13.948,15.997999,29.560501,11.97622,2.980287,906.5,34.5
2012-03-11,2012,71,31.398,15.398,17.353556,30.598,16.812174,1.0728955,899.75,36.9
2012-03-12,2012,72,30.648,15.698,18.292444,30.173,21.41251,3.7457416,894.25,34.5
2012-03-13,2012,73,31.198,16.648,18.692444,30.7105,18.900236,3.9012203,897.0,34.9
2012-03-14,2012,74,32.448,16.448,18.392445,31.748001,14.574111,2.2665224,899.5,37.2
2012-03-15,2012,75,33.748,16.748,19.35911,33.148003,16.804821,1.0130264,897.75,39.2
2012-03-16,2012,76,34.448,17.148,20.425777,33.623,20.145239,1.9652066,899.0,39.6
2012-03-17,2012,77,34.648003,18.798,20.581333,33.623,20.887747,2.9177272,906.0,39.0
2012-03-18,2012,78,35.248,18.298,21.075779,34.048004,20.36718,2.5966792,909.5,39.7
2012-03-19,2012,79,35.698,19.148,21.55911,34.423,18.092701,3.0199203,920.0,39.8
2012-03-20,2012,80,35.298,19.798,21.842445,34.248,20.055214,2.8619769,916.75,39.8
2012-03-21,2012,81,33.748,15.598,19.492445,33.073,10.619524,1.8478473,936.75,38.7
2012-03-22,2012,82,34.548,16.448,19.35911,33.6605,12.082792,1.8924228,937.0,39.4
2012-03-23,2012,83,35.648003,17.548,20.175777,34.8605,13.798689,1.1028552,937.25,40.9
2012-03-24,2012,84,36.298,17.898,21.125778,35.460503,14.804606,1.1760966,937.25,41.7
2012-03-25,2012,85,36.698,18.298,21.214668,35.985504,13.2341385,1.7164352,938.75,42.0
2012-03-26,2012,86,36.148003,18.798,21.386889,35.1855,19.957127,1.4313642,925.25,41.7
2012-03-27,2012,87,37.048,21.048,23.392445,36.098,28.041624,2.1139307,895.5,42.7
2012-03-28,2012,88,37.998,21.898,24.042444,37.460503,20.209293,3.3746061,908.0,43.1
2012-03-29,2012,89,38.448,21.498,24.031334,37.8855,18.523727,2.3429735,909.75,44.1
2012-03-30,2012,90,38.248,21.298,24.164665,37.4105,21.960312,2.7844403,903.5,43.5
2012-03-31,2012,91,37.748,21.148,24.703556,36.323,29.331436,1.3927935,901.0,43.5
2012-04-01,2012,92,38.848003,22.748,24.898,37.9355,16.509716,3.0348687,917.5,43.7
2012-04-02,2012,93,38.998,22.548,25.253555,38.360504,16.61128,2.2956772,914.5,44.6
2012-04-03,2012,94,38.748,23.798,25.409111,37.785503,26.226152,1.9176712,904.5,44.7
2012-04-04,2012,95,39.198,23.398,25.531334,38.173004,23.508804,2.4393437,903.0,44.7
2012-04-05,2012,96,37.348003,25.098,26.60911,36.210503,24.28873,1.6922767,917.0,43.0
2012-04-06,2012,97,37.298,22.398,25.081333,35.873,29.36748,2.2359974,912.25,42.6
2012-04-07,2012,98,37.898003,22.048,24.942444,36.498,25.502611,1.8573143,915.75,43.3
2012-04-08,2012,99,38.298,21.748,25.098,37.2855,20.625084,1.7115467,925.5,44.0
2012-04-09,2012,100,39.048,22.648,25.303555,37.948,20.772371,2.5717583,917.5,44.3
2012-04-10,2012,101,38.998,23.448,25.964666,37.948,21.87446,3.193574,885.5,43.8
2012-04-11,2012,102,38.548,22.348,25.592445,37.1355,23.054762,2.9958258,851.75,42.7
2012-04-12,2012,103,37.498,22.398,25.386889,36.373,22.450499,2.9567316,921.75,42.3
2012-04-13,2012,104,37.048,21.898,24.375778,35.910503,26.9503,3.3039644,908.0,41.7
2012-04-14,2012,105,36.298,22.998,25.386889,35.048,32.869385,2.3843107,905.0,41.6
2012-04-15,2012,106,37.498,23.998,26.542444,36.923004,27.325312,3.369917,901.75,42.8
2012-04-16,2012,107,38.048,23.948,27.103556,37.4355,25.0854,2.3517742,908.25,44.0
2012-04-17,2012,108,37.648003,25.598,28.10911,36.673004,22.109842,2.7051294,876.25,42.5
2012-04-18,2012,109,37.198,24.948,26.920221,36.5355,24.754105,3.026743,872.5,42.2
2012-04-19,2012,110,36.698,25.798,26.864666,36.1105,24.283163,4.857643,849.5,40.5
2012-04-20,2012,111,32.448,26.448,27.525778,30.948,39.375465,3.3963294,755.0,35.2
2012-04-21,2012,112,35.048,21.898,24.403557,34.698,29.950912,1.461098,816.25,41.1
2012-04-22,2012,113,35.498,23.998,25.653557,34.973003,26.914932,2.9396245,928.5,41.0
2012-04-23,2012,114,35.048,22.948,24.825779,34.2355,31.476604,1.5982332,889.25,41.1
2012-04-24,2012,115,35.548,23.948,25.792444,34.9355,30.614643,2.3383512,881.0,41.3
2012-04-25,2012,116,36.398003,23.548,25.314667,36.023003,26.690723,1.6065761,807.0,42.2
2012-04-26,2012,117,36.998,24.648,26.459112,36.398003,25.581116,3.376788,882.5,41.9
2012-04-27,2012,118,37.498,25.498,26.80911,37.148003,21.459105,3.4334497,854.75,42.4
2012-04-28,2012,119,37.998,24.898,26.631334,37.3855,24.063068,3.335579,910.75,43.3
2012-04-29,2012,120,39.098003,24.098,26.442444,38.048004,21.812683,2.9419663,937.0,44.4
2012-04-30,2012,121,40.398003,23.748,26.325777,38.998,18.988838,3.4757957,941.0,45.1
2012-05-01,2012,122,39.148003,21.548,25.298,38.398003,12.087657,2.1322212,964.75,44.6
2012-05-02,2012,123,39.148003,23.798,25.886889,38.023003,20.823317,2.4511943,940.25,44.6
2012-05-03,2012,124,39.448,23.098,25.547998,38.348003,22.27061,3.6954467,933.75,44.3
2012-05-04,2012,125,38.148003,25.148,27.125778,37.0605,32.87925,3.364213,921.0,43.4
2012-05-05,2012,126,37.248,25.748,27.203556,36.360504,36.500504,3.6984959,915.5,42.4
2012-05-06,2012,127,36.698,25.998,26.992443,35.9105,38.821514,3.3403654,900.25,42.2
2012-05-07,2012,128,36.798,25.798,27.231333,35.923,40.63363,2.1993935,898.75,43.3
2012-05-08,2012,129,37.698,26.398,28.114666,36.8105,36.859116,1.3603215,898.0,44.6
2012-05-09,2012,130,38.648003,27.098,29.270224,38.0105,33.837345,1.8274087,883.0,45.4
2012-05-10,2012,131,38.748,27.298,29.442444,38.198,31.86422,2.5692432,888.0,45.0
2012-05-11,2012,132,38.298,25.348,28.014668,36.773003,30.740904,2.6581159,922.75,43.4
2012-05-12,2012,133,37.948,24.398,26.953556,36.4105,32.914116,3.7719445,923.0,42.3
2012-05-13,2012,134,36.898003,25.998,27.581333,35.623,35.920788,3.5253391,840.25,41.1
2012-05-14,2012,135,38.048,25.848,27.642445,36.710503,32.28143,2.9249458,921.25,43.2
2012-05-15,2012,136,38.798,25.098,27.781334,37.323,27.946987,3.0377564,930.25,43.7
2012-05-16,2012,137,40.298,24.548,27.409111,38.223003,25.12768,3.8502407,929.0,44.2
2012-05-17,2012,138,40.498,24.548,27.10911,38.523003,23.980894,4.0748672,927.25,44.4
2012-05-18,2012,139,39.648003,24.398,27.459112,38.123,23.428099,3.0092404,933.5,44.5
2012-05-19,2012,140,39.948,25.148,28.292444,38.7605,23.394855,3.3164663,926.75,45.1
2012-05-20,2012,141,40.398003,26.398,29.020224,39.0355,28.661976,2.8639355,918.25,45.9
2012-05-21,2012,142,39.648003,25.298,27.820223,38.198,28.011908,3.3816705,924.75,44.5
2012-05-22,2012,143,39.798,25.948,28.159111,38.335503,32.3944,3.049706,912.5,45.1
2012-05-23,2012,144,40.298,26.198,28.292444,38.6105,32.274662,2.9744868,915.0,45.5
2012-05-24,2012,145,40.898003,25.948,28.792446,38.948,29.531988,3.554065,916.25,45.4
2012-05-25,2012,146,41.298,26.298,29.259111,39.323,27.297096,4.4974604,910.0,45.3
2012-05-26,2012,147,40.848003,25.698,28.13689,39.110504,26.464607,4.068241,915.25,45.2
2012-05-27,2012,148,39.498,25.348,27.898,37.998,29.60647,3.1837363,915.25,44.4
2012-05-28,2012,149,40.598003,26.398,28.475779,38.735504,28.055597,3.4009988,914.75,45.1
2012-05-29,2012,150,40.448,25.648,28.142445,38.710503,27.390291,3.0265486,916.75,45.3
2012-05-30,2012,151,40.648003,25.948,28.225777,38.748,29.305681,3.5930805,910.0,45.0
2012-05-31,2012,152,39.548,26.248,27.742445,37.9105,30.87041,3.8104885,909.75,43.9
2012-06-01,2012,153,39.698,26.548,27.959112,38.023003,30.778881,4.5470576,903.5,43.7
2012-06-02,2012,154,39.998,26.948,28.57022,38.2355,30.262259,4.3126826,902.5,44.0
2012-06-03,2012,155,39.148003,27.148,28.848,37.6855,32.28339,5.0297213,858.0,42.8
2012-06-04,2012,156,39.648003,27.498,28.931332,37.6605,33.524635,4.650005,841.0,42.9
2012-06-05,2012,157,38.748,27.348,28.970222,37.3605,33.85498,4.206478,885.0,43.0
2012-06-06,2012,158,37.748,27.698,29.020224,36.798004,34.61559,3.8815637,836.0,42.2
2012-06-07,2012,159,38.198,28.248,29.197998,37.398003,32.183044,3.1604457,816.5,43.2
2012-06-08,2012,160,37.248,28.898,29.664665,36.035503,41.2245,2.6073198,718.75,41.8
2012-06-09,2012,161,37.848003,29.448,30.35911,36.523003,38.331295,3.2518697,742.25,41.9
2012-06-10,2012,162,37.398003,28.848,29.620222,36.448,35.6356,4.104838,715.25,40.8
2012-06-11,2012,163,36.448,27.298,27.953556,35.648003,45.09198,3.9275062,751.5,40.8
2012-06-12,2012,164,37.848003,27.298,28.731333,36.9855,45.02176,1.0867462,755.0,44.6
2012-06-13,2012,165,37.048,27.448,28.520224,36.548,47.472004,1.8287885,767.5,44.0
2012-06-14,2012,166,36.048,27.098,27.931332,35.5105,50.08555,3.1684403,706.5,41.3
2012-06-15,2012,167,35.698,28.048,28.85911,35.5105,46.895195,5.1017027,635.75,39.4
2012-06-16,2012,168,35.698,28.148,28.898,34.085503,54.49778,4.3611307,600.5,38.2
2012-06-17,2012,169,36.398003,27.898,29.159111,35.360504,42.59834,4.3157763,668.5,39.4
2012-06-18,2012,170,37.848003,27.398,28.853556,36.423004,39.316975,4.478857,815.5,41.5
2012-06-19,2012,171,37.948,28.198,29.125776,36.448,40.0844,5.4623585,668.5,40.2
2012-06-20,2012,172,37.398003,27.748,29.18689,36.073,39.845993,6.050889,644.0,39.5
2012-06-21,2012,173,37.948,27.698,29.264666,36.3855,37.469124,5.6259975,615.75,39.6
2012-06-22,2012,174,37.348003,27.298,29.064667,35.873,39.199055,5.0779943,566.0,38.8
2012-06-23,2012,175,37.498,27.498,29.503553,36.410503,40.66824,4.788933,687.75,40.6
2012-06-24,2012,176,38.148003,27.898,30.114668,36.398003,38.11699,5.1457806,552.0,39.3
2012-06-25,2012,177,38.448,28.198,29.836891,37.0105,39.565464,5.709487,749.0,41.5
2012-06-26,2012,178,38.698,27.998,29.553555,36.998,36.0065,6.0677185,741.25,41.1
2012-06-27,2012,179,38.748,28.048,29.598,37.423,36.26165,5.2763433,784.75,42.1
2012-06-28,2012,180,38.198,28.448,29.481333,37.0105,37.392937,4.14675,709.5,41.6
2012-06-29,2012,181,37.598003,28.098,29.064667,36.535503,34.606148,3.7997952,652.25,40.6
2012-06-30,2012,182,38.648003,28.548,29.448002,37.773003,35.157772,3.587457,820.75,43.5
2012-07-01,2012,183,35.998,28.998,29.781334,34.535503,46.463127,2.511978,282.75,37.1
2012-07-02,2012,184,35.498,28.948,29.792442,34.1605,50.55784,1.3331561,504.75,39.7
2012-07-03,2012,185,37.048,29.148,30.192444,34.7605,51.48497,2.6949673,622.75,40.3
2012-07-04,2012,186,31.498,26.348,27.08689,30.1605,71.519966,1.9317168,375.0,35.3
2012-07-05,2012,187,31.398,26.448,26.720222,30.9105,58.81243,3.7758765,442.0,33.7
2012-07-06,2012,188,31.548,26.548,27.320223,31.060501,66.65503,4.763547,452.75,33.9
2012-07-07,2012,189,32.048,26.498,27.303555,31.5855,63.820923,5.8458457,473.75,34.0
2012-07-08,2012,190,31.898,26.398,27.259111,31.435501,61.390125,3.3592348,496.75,35.4
2012-07-09,2012,191,34.898003,27.448,28.386889,34.360504,49.74552,2.8925438,731.5,40.3
2012-07-10,2012,192,29.398,25.898,27.270224,27.335499,90.26243,2.0055935,123.0,31.2
2012-07-11,2012,193,29.448,25.748,25.942444,29.335499,66.71452,4.09879,393.75,31.6
2012-07-12,2012,194,31.598,25.948,26.398,30.973,71.39925,3.0406122,531.75,36.4
2012-07-13,2012,195,30.448,26.498,27.153557,29.623,72.19862,3.814767,273.5,31.8
2012-07-14,2012,196,31.998,26.348,27.142445,31.7605,59.58216,4.9350686,577.25,35.0
2012-07-15,2012,197,31.398,25.848,27.048,31.085499,62.762814,4.705249,558.25,34.4
2012-07-16,2012,198,30.848,25.498,26.848,30.3605,66.168,3.3506546,548.25,34.8
2012-07-17,2012,199,31.348,26.148,26.814667,31.2605,62.22735,2.8325753,546.0,36.2
2012-07-18,2012,200,31.798,26.398,27.18689,31.248001,66.34748,4.0210295,554.5,35.4
2012-07-19,2012,201,32.548,26.448,27.475777,32.0355,57.941452,4.9037476,488.25,34.6
2012-07-20,2012,202,33.298,26.748,27.803555,32.6605,57.320652,4.3759193,492.0,35.8
2012-07-21,2012,203,34.298,26.598,28.092445,33.023003,53.063927,2.725051,582.0,38.0
2012-07-22,2012,204,33.148003,26.948,28.481333,32.223,57.8285,3.974598,410.0,34.9
2012-07-23,2012,205,29.048,26.948,27.803555,28.5355,74.7563,3.7416677,167.25,29.7
2012-07-24,2012,206,32.998,27.198,27.953556,32.3105,54.622704,5.37129,476.0,34.4
2012-07-25,2012,207,33.198,27.098,28.192444,32.498,55.060806,5.3268204,401.5,34.2
2012-07-26,2012,208,34.498,26.798,28.242445,33.485504,49.96972,5.4754205,575.25,36.3
2012-07-27,2012,209,32.898003,26.798,28.148,32.323,55.931015,3.8258042,463.5,35.4
2012-07-28,2012,210,31.748,26.598,28.170221,31.323,58.079594,4.1465683,244.5,32.3
2012-07-29,2012,211,30.098,26.398,27.670221,29.698,69.51755,2.4123943,149.75,32.0
2012-07-30,2012,212,29.348,25.398,26.181334,28.6355,77.28714,2.6837177,177.25,31.3
2012-07-31,2012,213,27.298,25.598,26.064667,27.098,89.713745,2.3296857,121.25,30.4
2012-08-01,2012,214,32.348003,25.048,26.081333,31.548,62.009563,5.078639,538.5,34.6
2012-08-02,2012,215,32.748,26.948,27.581333,31.9605,57.10461,6.100616,521.75,34.2
2012-08-03,2012,216,32.598003,26.898,27.648,31.710503,57.742386,6.8135557,390.25,32.9
2012-08-04,2012,217,33.348003,26.948,27.60911,32.660503,53.27179,5.456045,472.5,34.7
2012-08-05,2012,218,32.248,27.048,27.620222,31.885502,59.662804,3.6227317,373.0,34.7
2012-08-06,2012,219,33.548,26.848,27.786888,32.210503,56.38653,3.4973807,588.5,36.5
2012-08-07,2012,220,32.648003,25.948,27.43689,32.248,55.069363,2.5472078,449.75,36.3
2012-08-08,2012,221,28.448,25.298,26.075779,27.8855,79.82074,3.9158747,192.5,29.3
2012-08-09,2012,222,30.298,25.848,26.564667,28.960499,72.19575,3.1768336,272.0,31.5
2012-08-10,2012,223,31.148,25.148,25.848,30.3605,62.842865,2.8807602,412.75,34.0
2012-08-11,2012,224,31.248,25.498,25.848,30.8855,61.14666,3.604308,380.0,33.5
2012-08-12,2012,225,26.498,24.948,25.520224,25.8605,91.86564,4.4270706,101.25,26.0
2012-08-13,2012,226,26.498,24.998,25.125778,26.272999,91.07277,3.4623566,107.25,27.8
2012-08-14,2012,227,29.748,24.948,25.436888,29.1355,71.016556,4.5069995,357.75,31.1
2012-08-15,2012,228,31.298,25.248,26.120222,30.698,60.61281,4.6374416,507.25,33.3
2012-08-16,2012,229,31.648,24.498,25.981333,30.9605,59.099586,3.9412417,610.25,34.9
2012-08-17,2012,230,31.298,24.798,26.148,30.7605,59.531174,3.695065,593.5,34.8
2012-08-18,2012,231,30.598,25.198,26.325779,30.048,65.55383,3.0878985,484.0,34.2
2012-08-19,2012,232,31.948,25.348,26.536888,31.1355,59.23926,2.2386248,594.0,36.8
2012-08-20,2012,233,31.898,25.948,26.675777,31.2355,65.794525,3.3782706,615.25,36.4
2012-08-21,2012,234,31.098,26.098,27.10911,30.923,62.59149,4.1464133,498.25,34.1
2012-08-22,2012,235,29.348,25.348,26.209112,29.198,74.77906,4.077247,343.5,31.8
2012-08-23,2012,236,31.348,25.448,25.975777,30.4855,71.33543,4.3229847,606.25,35.0
2012-08-24,2012,237,31.248,25.148,26.142445,30.835499,68.2598,3.3281064,601.0,36.1
2012-08-25,2012,238,30.698,25.448,26.720222,30.147999,67.21254,3.5580754,441.0,33.6
2012-08-26,2012,239,30.098,25.648,26.153557,28.998001,74.99291,2.487008,324.25,33.1
2012-08-27,2012,240,30.948,25.198,25.470222,30.3605,72.8629,1.4932613,441.25,36.7
2012-08-28,2012,241,31.548,24.698,25.520222,30.9855,66.78772,1.6379851,554.25,37.6
2012-08-29,2012,242,31.748,25.398,26.003555,31.022999,71.424324,1.4762628,637.0,38.9
2012-08-30,2012,243,30.948,25.148,25.703556,30.323,77.221886,1.2936662,358.0,36.6
2012-08-31,2012,244,32.048,26.148,26.575777,31.448,75.45897,1.4497961,587.25,39.6
2012-09-01,2012,245,29.998,25.498,25.925777,29.3855,79.772995,1.6133065,324.25,35.1
2012-09-02,2012,246,31.798,25.548,26.248,31.2855,72.34033,2.197278,497.25,37.6
2012-09-03,2012,247,31.098,26.348,26.770224,30.823,73.74746,2.0390103,395.5,36.5
2012-09-04,2012,248,28.898,24.848,25.142445,28.498001,78.1835,1.3191521,271.25,33.6
2012-09-05,2012,249,31.248,24.798,25.253555,30.448,76.13435,1.3624237,533.5,38.0
2012-09-06,2012,250,28.748,24.848,25.453556,26.7605,90.760956,1.1280267,120.0,31.4
2012-09-07,2012,251,28.248,25.148,25.409111,27.748,86.120865,4.4029193,256.25,29.8
2012-09-08,2012,252,28.248,25.298,25.464668,27.6105,87.31743,5.5885305,281.5,28.9
2012-09-09,2012,253,29.248,25.298,25.43689,28.048,83.24733,5.2655306,292.0,29.5
2012-09-10,2012,254,28.698,23.748,24.681334,27.498001,85.49585,1.7519027,254.0,32.4
2012-09-11,2012,255,29.398,24.698,25.092445,28.9605,73.65394,3.8189998,311.25,31.3
2012-09-12,2012,256,29.898,24.298,25.003555,29.0355,72.470825,4.1749353,440.5,32.0
2012-09-13,2012,257,29.648,24.598,25.314667,29.147999,73.03705,5.081043,476.25,31.7
2012-09-14,2012,258,29.948,25.348,25.698,29.323,75.63795,4.3837824,497.5,32.9
2012-09-15,2012,259,30.698,24.798,25.398,30.3855,63.53122,4.5066276,535.75,33.5
2012-09-16,2012,260,30.248,25.048,25.553555,29.8855,63.4323,3.9860022,527.75,33.2
2012-09-17,2012,261,29.898,23.898,25.281334,29.522999,62.781906,3.700058,568.0,33.3
2012-09-18,2012,262,29.748,24.148,25.331333,29.397999,68.531006,2.423448,649.5,35.7
2012-09-19,2012,263,30.598,23.898,24.603556,30.3355,61.67242,1.2000487,678.0,37.7
2012-09-20,2012,264,31.698,23.648,24.83689,31.473,66.62647,1.5896758,693.5,39.3
2012-09-21,2012,265,32.098003,24.848,25.898,31.648,65.51601,2.046706,684.5,38.9
2012-09-22,2012,266,31.348,24.798,25.481333,30.923,69.170685,2.2296472,637.25,37.7
2012-09-23,2012,267,30.598,23.848,24.225777,29.923,71.71342,2.0410175,543.75,36.2
2012-09-24,2012,268,30.098,23.298,24.320223,29.748,71.71636,2.273406,656.25,36.6
2012-09-25,2012,269,29.598,23.798,24.564667,29.3105,69.135414,2.4964185,640.5,35.5
2012-09-26,2012,270,30.698,22.948,23.58689,30.3855,60.232574,1.896392,726.75,37.4
2012-09-27,2012,271,31.498,22.598,23.631334,31.223,55.56947,1.3848395,756.75,38.7
2012-09-28,2012,272,31.998,23.148,24.303555,31.698,59.946358,1.8078015,766.0,39.2
2012-09-29,2012,273,33.198,23.248,24.659111,32.7355,52.50643,2.1770532,763.0,39.5
2012-09-30,2012,274,34.248,22.598,24.786888,33.835503,44.39673,2.7139177,780.25,39.7
2012-10-01,2012,275,34.398003,24.148,25.164665,33.973003,47.755585,2.1464937,783.0,40.7
2012-10-02,2012,276,34.648003,24.848,25.542444,34.198,47.728752,1.5478671,748.0,41.2
2012-10-03,2012,277,34.148003,23.148,25.08689,33.7605,47.84442,0.45603794,769.0,41.4
2012-10-04,2012,278,33.448,25.148,26.098,32.948,54.478714,1.1250806,773.0,40.9
2012-10-05,2012,279,32.498,24.048,25.653557,32.110504,59.21258,1.3264072,746.75,40.0
2012-10-06,2012,280,32.698,24.848,25.920221,32.4105,60.521935,0.78606844,730.5,40.7
2012-10-07,2012,281,32.148003,24.298,26.031334,31.985502,53.480785,1.7372763,564.0,37.6
2012-10-08,2012,282,33.998,25.548,26.070223,33.710503,45.96787,1.3618506,725.75,40.5
2012-10-09,2012,283,34.598003,22.598,24.136889,34.235504,36.79065,1.266241,751.0,40.6
2012-10-10,2012,284,34.448,22.148,23.742445,33.985504,32.845318,1.8013401,789.0,40.0
2012-10-11,2012,285,33.948,20.098,22.009111,33.473,32.1974,1.6761392,784.5,39.5
2012-10-12,2012,286,33.848003,20.148,22.60911,33.548004,34.195084,0.75414044,774.0,40.0
2012-10-13,2012,287,33.248,20.298,22.042444,32.773003,38.697647,1.5154847,774.0,39.2
2012-10-14,2012,288,33.048,20.348,22.198,32.473,45.41584,0.8931532,760.75,39.6
2012-10-15,2012,289,33.798,20.998,22.986887,33.2605,42.930264,0.81159437,753.75,40.2
2012-10-16,2012,290,33.598003,20.848,22.442444,33.123,38.592056,0.8793173,770.25,39.8
2012-10-17,2012,291,33.498,20.248,21.775778,33.110504,37.849823,1.4945644,748.5,39.3
2012-10-18,2012,292,33.898003,19.598,21.920221,33.498,37.63104,1.8368518,730.0,39.3
2012-10-19,2012,293,33.798,20.398,22.031334,33.5105,36.3939,1.3568641,734.5,39.6
2012-10-20,2012,294,33.948,20.248,22.003555,33.6355,34.182648,0.77652323,703.25,39.6
2012-10-21,2012,295,33.948,20.998,22.698,33.4355,34.911194,1.4564538,713.25,39.2
2012-10-22,2012,296,32.948,19.898,22.325779,32.5105,41.141697,0.8657403,716.5,39.0
2012-10-23,2012,297,33.798,20.848,22.125778,33.523003,35.36522,0.37434557,673.5,39.3
2012-10-24,2012,298,33.948,19.498,22.092445,33.773003,30.467598,1.0143985,720.75,39.5
2012-10-25,2012,299,32.898003,21.648,22.553555,32.523003,31.109488,1.9077599,734.5,37.8
2012-10-26,2012,300,32.548,19.748,21.175777,32.1605,26.314993,2.3318963,748.5,37.0
2012-10-27,2012,301,32.798,20.298,21.18689,32.198,32.4283,2.6286907,739.5,37.0
2012-10-28,2012,302,33.148003,21.498,22.081333,32.723,30.678284,2.55705,733.75,37.5
2012-10-29,2012,303,33.048,19.298,20.775778,32.6355,27.449087,2.1786308,734.5,37.6
2012-10-30,2012,304,32.948,19.648,20.631334,32.448,27.528429,2.7111561,733.5,36.9
2012-10-31,2012,305,32.598003,20.248,21.164665,32.173004,27.81198,2.866581,728.5,36.4
2012-11-01,2012,306,31.898,20.598,21.942444,31.6605,29.058378,3.5859663,698.0,35.0
2012-11-02,2012,307,32.148003,20.848,21.531334,31.8355,26.358822,3.618598,726.5,35.3
2012-11-03,2012,308,31.748,19.798,20.731333,31.3105,32.351746,2.6001196,718.75,35.8
2012-11-04,2012,309,31.348,18.948,19.848,31.0605,26.915667,2.3430443,722.0,35.6
2012-11-05,2012,310,30.998,18.398,19.43689,30.7355,24.852455,2.316322,721.75,35.2
2012-11-06,2012,311,31.198,18.148,18.920221,30.898,23.888937,2.5966876,721.5,35.1
2012-11-07,2012,312,31.548,17.648,19.10911,31.2105,24.107037,1.9380306,713.5,35.9
2012-11-08,2012,313,31.448,17.498,19.470222,31.1105,25.533417,1.5049186,706.0,36.1
2012-11-09,2012,314,31.098,16.898,18.853556,30.748,29.101807,0.4069025,700.75,36.2
2012-11-10,2012,315,31.548,16.598,19.053555,31.1855,29.440964,0.69923586,695.75,36.6
2012-11-11,2012,316,31.548,17.948,19.964668,31.148,32.116684,1.3937213,691.5,36.5
2012-11-12,2012,317,31.898,18.698,20.009111,31.373001,30.891386,0.95100665,686.75,36.8
2012-11-13,2012,318,31.798,18.148,19.853556,31.348,32.502487,0.856442,652.75,36.6
2012-11-14,2012,319,32.048,19.448,20.642445,31.6605,32.99947,1.4453666,649.5,36.7
2012-11-15,2012,320,31.798,20.548,21.125778,31.3355,30.322983,1.1618755,662.25,36.4
2012-11-16,2012,321,31.148,18.548,19.820223,30.648,29.042555,1.8973733,680.5,35.3
2012-11-17,2012,322,30.798,17.448,18.825779,30.423,24.194939,2.1566744,686.5,34.7
2012-11-18,2012,323,30.448,17.048,18.803555,30.098,27.005884,1.1100423,683.25,35.2
2012-11-19,2012,324,30.648,17.548,19.525778,30.273,28.08813,1.2538935,674.25,35.3
2012-11-20,2012,325,30.498,17.598,19.375778,30.1855,28.061337,2.1488557,668.5,34.5
2012-11-21,2012,326,30.148,17.198,18.570223,29.8605,27.289028,2.269097,669.0,34.0
2012-11-22,2012,327,29.548,16.448,17.942444,29.273,28.630627,1.1236967,666.75,34.4
2012-11-23,2012,328,29.448,15.248,17.709112,29.1605,33.860386,2.0580182,657.0,33.7
2012-11-24,2012,329,29.998,15.298,17.492445,29.6355,28.49577,1.4558998,662.25,34.5
2012-11-25,2012,330,30.498,17.098,18.881334,30.1355,28.813244,2.100295,659.0,34.4
2012-11-26,2012,331,30.298,16.498,18.414665,29.8605,30.209555,1.5631354,659.75,34.7
2012-11-27,2012,332,30.348,16.298,18.164665,29.835499,32.279648,0.96631235,658.25,35.1
2012-11-28,2012,333,29.848,15.648,18.148,29.397999,33.75323,1.2457842,657.75,34.6
2012-11-29,2012,334,29.148,14.048,17.236889,28.723,36.09774,2.554173,652.25,32.8
2012-11-30,2012,335,28.848,17.298,18.442444,28.4855,32.80795,2.6158621,648.75,32.3
2012-12-01,2012,336,28.348,16.148,17.298,27.7605,30.238207,2.2968068,652.0,31.8
2012-12-02,2012,337,29.348,16.098,17.509111,28.8105,38.052963,1.0789797,641.5,34.3
2012-12-03,2012,338,30.698,18.348,19.364666,30.173,41.121635,1.3905602,626.75,35.5
2012-12-04,2012,339,31.148,20.198,21.292444,30.7105,36.541588,2.533324,632.75,34.8
2012-12-05,2012,340,30.798,20.248,21.398,30.310501,30.465714,2.9732962,602.25,33.4
2012-12-06,2012,341,31.298,18.798,20.031334,30.6355,27.999287,2.2467346,629.25,34.5
2012-12-07,2012,342,31.648,18.098,19.681334,31.098,30.352285,1.5591209,634.25,35.7
2012-12-08,2012,343,31.348,18.548,20.35911,30.973,29.360874,2.3939934,627.25,34.8
2012-12-09,2012,344,29.748,16.798,18.775778,29.423,30.676662,2.4794664,642.25,33.3
2012-12-10,2012,345,29.148,15.798,18.514668,28.810501,44.58708,1.8250948,617.0,33.8
2012-12-11,2012,346,29.098,16.748,18.320223,28.7605,34.61876,2.38993,635.25,32.8
2012-12-12,2012,347,28.248,14.698,16.80911,27.897999,28.709211,0.50251997,646.0,33.1
2012-12-13,2012,348,28.448,15.898,17.153557,27.9855,33.745335,1.4997927,635.25,32.9
2012-12-14,2012,349,27.798,16.448,18.198,27.2355,52.69987,1.3590447,537.25,32.5
2012-12-15,2012,350,29.098,18.448,20.192444,28.7855,43.80207,0.9977263,577.0,34.1
2012-12-16,2012,351,29.548,17.498,19.514668,29.148,40.308758,1.9478319,627.75,33.9
2012-12-17,2012,352,30.298,18.398,19.492443,29.710499,37.942867,1.9506855,624.25,34.3
2012-12-18,2012,353,29.748,17.498,19.33689,29.323,37.726162,2.0617728,621.75,33.8
2012-12-19,2012,354,29.448,18.648,19.625778,29.0105,34.104973,2.7258692,635.25,32.6
2012-12-20,2012,355,28.248,16.498,17.60911,27.710499,30.255142,2.1532638,651.25,31.9
2012-12-21,2012,356,28.748,15.398,16.786888,28.0855,28.370686,2.5772545,650.25,31.8
2012-12-22,2012,357,29.398,16.598,18.153557,28.6105,28.805742,2.7553573,648.0,32.1
2012-12-23,2012,358,29.448,16.748,18.292444,28.7855,28.722,2.844009,645.75,32.1
2012-12-24,2012,359,29.198,16.598,17.986889,28.573,30.373405,2.6922393,648.75,32.2
2012-12-25,2012,360,28.498,15.198,16.414665,27.8605,21.24089,2.6236513,662.5,31.4
2012-12-26,2012,361,28.448,14.548,16.18689,27.8355,23.681082,1.845435,664.25,32.3
2012-12-27,2012,362,27.848,13.648,15.43689,27.335499,24.69963,1.2857239,668.5,32.3
2012-12-28,2012,363,26.998,12.348,14.614666,26.647999,25.421556,2.0350442,668.25,31.0
2012-12-29,2012,364,26.298,13.398,15.314667,25.673,42.004757,0.8774706,650.0,31.8
2012-12-30,2012,365,26.698,14.348,15.820223,25.8855,35.90023,2.6491919,558.0,28.9
2012-12-31,2012,366,27.898,15.348,16.503555,27.048,39.715576,2.0207849,655.75,31.9
2013-01-01,2013,1,26.598,13.698,15.242445,26.085499,40.325443,2.2221823,654.75,30.7
2013-01-02,2013,2,25.148,11.448,13.720222,24.223,33.6094,2.0025702,685.0,29.3
2013-01-03,2013,3,26.148,11.548,13.459111,25.4605,34.313843,1.9466975,676.25,30.4
2013-01-04,2013,4,25.348,11.598,13.470222,24.835499,32.276695,2.2385159,681.75,29.4
2013-01-05,2013,5,24.798,10.498,13.153555,23.973,34.235508,1.3459415,683.5,29.9
2013-01-06,2013,6,25.698,13.098,14.109111,24.8605,30.462187,2.7217588,682.25,28.7
2013-01-07,2013,7,25.198,12.848,13.970222,24.5105,23.628305,3.6500611,690.5,27.0
2013-01-08,2013,8,25.298,12.548,14.131333,24.198,20.89965,3.7924564,700.0,26.6
2013-01-09,2013,9,27.298,12.698,14.20911,26.248001,23.419676,2.5442994,685.0,30.2
2013-01-10,2013,10,28.148,12.748,14.803555,27.298,21.54763,2.1734242,690.0,31.6
2013-01-11,2013,11,28.998,13.698,15.453556,28.298,26.376236,1.8624952,685.5,33.0
2013-01-12,2013,12,29.998,14.098,16.614666,29.3605,30.059772,0.5816022,683.25,34.8
2013-01-13,2013,13,29.648,14.498,17.503555,28.8855,43.88215,2.1702445,678.0,34.0
2013-01-14,2013,14,29.498,15.748,17.981333,28.848,37.43247,1.546187,677.75,34.2
2013-01-15,2013,15,28.398,15.398,17.464668,27.6605,33.91533,2.6161227,682.25,31.8
2013-01-16,2013,16,27.898,15.948,18.031334,27.348,43.309006,1.31757,641.0,33.0
2013-01-17,2013,17,27.498,15.598,17.80911,27.0355,44.080437,2.2707324,685.75,32.0
2013-01-18,2013,18,21.698,13.448,16.014668,21.0355,38.44987,4.017247,711.25,23.4
2013-01-19,2013,19,23.948,10.848,12.3035555,23.098,25.717361,2.785086,726.0,27.3
2013-01-20,2013,20,25.048,12.748,13.520222,24.298,23.589619,3.7660475,730.0,27.0
2013-01-21,2013,21,25.298,12.748,14.003555,24.498001,21.474777,3.5768156,724.25,27.4
2013-01-22,2013,22,26.698,13.248,14.603557,25.7355,21.134575,4.0056047,731.25,28.2
2013-01-23,2013,23,27.748,14.498,15.786889,26.7355,25.122852,3.6315367,728.5,29.7
2013-01-24,2013,24,27.498,15.198,16.570223,26.573,25.575575,3.9452543,734.5,29.2
2013-01-25,2013,25,27.448,15.898,17.320223,26.685501,25.230179,3.9114623,734.5,29.4
2013-01-26,2013,26,27.548,14.998,16.209112,26.873001,23.245655,3.6416497,738.75,29.9
2013-01-27,2013,27,28.248,15.448,16.442444,27.423,24.88749,3.377461,741.0,30.8
2013-01-28,2013,28,28.848,14.748,16.020224,27.8855,29.172054,2.6199248,733.75,32.2
2013-01-29,2013,29,29.348,15.048,16.475777,28.548,26.400043,3.0228848,737.5,32.4
2013-01-30,2013,30,29.348,16.248,17.786888,28.210499,34.008217,2.4845479,656.75,32.3
2013-01-31,2013,31,29.848,18.348,19.486889,29.085499,36.17774,1.679763,698.25,34.4
2013-02-01,2013,32,30.648,16.548,18.448,29.848,32.798264,1.20173,735.5,35.7
2013-02-02,2013,33,31.048,16.498,18.909111,30.522999,30.793762,1.305273,728.25,36.1
2013-02-03,2013,34,31.348,17.798,20.092445,30.723,34.168613,1.9744022,728.25,36.0
2013-02-04,2013,35,28.798,17.848,20.614666,27.598,46.03762,3.6576836,721.75,31.3
2013-02-05,2013,36,26.848,17.698,19.214668,26.198,36.22424,3.9622211,733.0,29.1
2013-02-06,2013,37,25.198,13.698,15.453556,24.6355,22.162134,2.5811176,785.75,29.5
2013-02-07,2013,38,27.098,12.898,14.5146675,26.348,27.490726,3.9943328,779.5,29.4
2013-02-08,2013,39,27.448,14.798,15.820223,26.7605,23.228842,3.433237,786.25,30.4
2013-02-09,2013,40,28.348,14.498,15.9702215,27.4855,26.17745,3.0785651,783.5,31.6
2013-02-10,2013,41,30.898,16.348,17.864666,29.973,39.34658,1.6159081,760.25,36.1
2013-02-11,2013,42,31.998,17.698,19.570223,31.272999,33.383522,1.7420802,755.0,36.9
2013-02-12,2013,43,31.798,18.098,20.703556,31.098,39.97228,0.52052605,754.0,37.7
2013-02-13,2013,44,33.048,19.398,21.281334,32.573,28.436176,1.2269453,745.75,38.2
2013-02-14,2013,45,32.548,19.248,21.486889,31.935501,30.151346,1.4246678,704.5,37.3
2013-02-15,2013,46,28.998,17.598,20.131332,28.198,34.789448,3.2483323,511.75,30.1
2013-02-16,2013,47,23.898,16.348,18.592445,23.473,33.85323,4.9687905,797.25,25.4
2013-02-17,2013,48,25.498,12.448,15.109111,24.6605,37.051548,0.7663449,803.25,32.1
2013-02-18,2013,49,28.248,14.298,15.992445,27.623,28.369759,2.2265246,802.5,33.0
2013-02-19,2013,50,29.348,16.098,17.898,28.673,29.298122,1.285321,800.5,34.9
2013-02-20,2013,51,30.298,16.648,18.742445,29.7855,27.838808,2.2818198,801.25,35.0
2013-02-21,2013,52,32.248,17.548,19.43689,31.473,26.85675,2.874571,803.5,36.2
2013-02-22,2013,53,32.548,18.048,20.236889,31.8355,29.35527,1.2500589,806.75,38.0
2013-02-23,2013,54,30.598,19.198,20.725777,30.2355,27.036213,3.4280038,815.5,34.4
2013-02-24,2013,55,29.398,16.648,18.648,28.448,25.580124,3.3853133,839.0,32.7
2013-02-25,2013,56,30.948,17.748,18.736889,30.248001,25.697544,2.8765466,835.5,35.1
2013-02-26,2013,57,32.798,17.798,19.648,31.897999,26.374565,3.7331972,830.75,36.1
2013-02-27,2013,58,29.198,17.548,19.170221,28.310501,28.046001,2.7740555,843.75,33.4
2013-02-28,2013,59,30.648,15.997999,18.164665,29.773,19.36734,2.606508,863.75,34.9
2013-03-01,2013,60,31.848,17.998,19.003555,31.0355,17.037645,3.6998732,871.0,35.2
2013-03-02,2013,61,32.298,16.398,18.092445,31.3855,14.784132,2.9403567,881.25,36.2
2013-03-03,2013,62,34.098003,16.448,18.05911,33.148003,15.1417675,2.5711677,878.0,38.3
2013-03-04,2013,63,34.598003,16.498,19.114666,33.7605,17.288446,0.7301846,870.0,39.6
2013-03-05,2013,64,35.498,18.198,20.870222,34.798,16.703352,1.8484335,866.75,40.5
2013-03-06,2013,65,35.348003,18.848,20.848,34.548004,17.222841,1.6396031,872.0,40.4
2013-03-07,2013,66,36.148003,19.548,21.442444,35.4355,16.02961,2.0588892,870.75,41.0
2013-03-08,2013,67,36.548,19.848,21.942444,35.660503,16.588634,1.5043571,871.0,41.5
2013-03-09,2013,68,35.548,18.898,21.564667,34.898003,14.926078,3.2289681,877.5,39.7
2013-03-10,2013,69,34.098003,18.498,20.881332,32.923004,28.318491,3.0802052,869.25,38.1
2013-03-11,2013,70,34.248,17.948,20.681334,33.598,22.38739,1.0623119,846.25,39.7
2013-03-12,2013,71,34.398003,17.248,21.014668,33.798,18.032152,1.8961718,886.5,39.6
2013-03-13,2013,72,33.348003,17.348,20.220222,32.448,27.898485,1.6392359,871.75,38.8
2013-03-14,2013,73,33.948,18.798,21.631332,33.198,25.026228,1.9480896,877.75,39.3
2013-03-15,2013,74,34.648003,20.948,23.042444,34.298004,16.89713,3.076963,885.25,39.3
2013-03-16,2013,75,34.498,21.648,23.159111,34.110504,25.490408,2.056668,783.5,39.5
2013-03-17,2013,76,34.598003,20.948,22.998,33.710503,28.255318,3.1303973,854.75,38.9
2013-03-18,2013,77,35.198,20.748,22.948,34.8105,20.274803,1.1585469,886.5,41.1
2013-03-19,2013,78,35.848003,21.948,24.314667,35.360504,20.497711,0.7657521,886.0,41.7
2013-03-20,2013,79,34.848003,20.348,22.35911,34.335503,14.6196575,3.6946251,905.25,39.0
2013-03-21,2013,80,34.448,19.748,22.35911,33.5605,27.327911,1.9171308,895.25,40.0
2013-03-22,2013,81,33.998,20.798,22.870222,33.0355,34.114037,2.4360456,721.25,38.0
2013-03-23,2013,82,34.148003,20.348,22.931334,33.1355,27.888208,1.610616,893.5,39.7
2013-03-24,2013,83,33.998,21.898,23.892445,33.373,23.673822,2.7967997,900.75,38.9
2013-03-25,2013,84,35.498,19.948,23.053555,34.985504,15.603561,2.5689402,912.25,40.5
2013-03-26,2013,85,35.598003,21.598,23.975777,34.973003,18.179167,1.0717996,814.5,40.6
2013-03-27,2013,86,33.048,22.648,24.581333,32.248,30.28691,2.350377,781.25,37.5
2013-03-28,2013,87,33.348003,22.098,23.80911,32.573,23.535421,2.4537077,905.0,38.4
2013-03-29,2013,88,33.148003,20.848,23.225777,32.485504,26.717834,3.7381797,904.0,37.3
2013-03-30,2013,89,34.548,20.948,23.642445,33.973,22.635763,3.6204588,912.0,39.0
2013-03-31,2013,90,35.748,22.448,25.320223,35.1855,19.391314,1.4791813,907.75,41.5
2013-04-01,2013,91,36.398003,21.598,24.10911,35.835503,15.883906,1.774637,919.5,41.9
2013-04-02,2013,92,34.948,21.598,23.764668,34.1605,21.786741,2.4663806,913.25,40.1
2013-04-03,2013,93,33.348003,20.798,23.303555,32.4855,29.347128,1.6647918,915.5,39.3
2013-04-04,2013,94,35.998,20.398,23.081333,35.373,22.835161,1.5822357,905.75,41.9
2013-04-05,2013,95,37.948,21.898,25.064667,37.485504,13.396205,1.8893249,930.75,43.5
2013-04-06,2013,96,37.798,21.748,24.675777,37.148003,13.90329,0.8752784,934.25,43.2
2013-04-07,2013,97,37.148003,22.898,24.642445,36.5355,16.3247,2.4702697,932.75,42.5
2013-04-08,2013,98,35.098003,21.098,24.020224,34.323,21.591644,2.4764237,888.0,40.0
2013-04-09,2013,99,35.148003,22.148,24.236889,34.5605,32.61555,1.457016,828.25,41.2
2013-04-10,2013,100,35.848003,24.048,25.931334,35.235504,20.591972,3.1452365,922.0,40.8
2013-04-11,2013,101,36.148003,21.698,23.925777,35.598,23.078127,2.7483723,923.75,41.6
2013-04-12,2013,102,37.298,21.598,24.042444,36.835503,17.076773,2.604467,934.0,42.8
2013-04-13,2013,103,38.848003,22.948,24.664665,38.398003,16.084312,3.082058,935.75,44.3
2013-04-14,2013,104,39.148003,24.898,26.403557,38.7605,17.54646,2.8044758,930.25,45.0
2013-04-15,2013,105,39.948,24.748,26.292444,39.1605,18.88307,3.4800844,926.75,45.2
2013-04-16,2013,106,38.498,22.998,25.481333,36.9105,23.752487,3.3517265,923.75,42.8
2013-04-17,2013,107,36.748,21.248,24.486889,35.423,28.210106,3.1833327,925.25,41.3
2013-04-18,2013,108,37.348003,24.148,25.731333,36.123,30.1499,2.9651601,851.0,41.9
2013-04-19,2013,109,35.898003,23.448,25.314667,34.9105,31.604795,3.0005,905.25,40.9
2013-04-20,2013,110,35.148003,23.998,25.675777,34.6605,34.978836,2.6018076,855.0,40.8
2013-04-21,2013,111,35.048,23.548,25.353556,34.273003,40.752625,1.6837398,841.25,41.4
2013-04-22,2013,112,36.298,24.898,25.881334,35.8105,36.251766,1.0254294,821.5,43.0
2013-04-23,2013,113,36.148003,24.148,25.864666,35.735504,34.36517,2.382876,809.0,41.8
2013-04-24,2013,114,38.248,25.698,28.075777,37.848003,25.849117,2.8757527,815.5,43.6
2013-04-25,2013,115,39.198,26.798,28.692444,38.798,20.034294,4.2435303,909.5,44.4
2013-04-26,2013,116,38.848003,27.098,28.448002,38.210503,18.604918,2.8665664,930.75,44.4
2013-04-27,2013,117,39.748,26.448,28.236889,39.048,19.608831,3.1318774,929.25,45.3
2013-04-28,2013,118,40.398003,26.248,28.420221,39.9355,18.0551,3.7168112,925.25,46.0
2013-04-29,2013,119,40.198,27.248,29.264666,39.585503,21.16367,3.6412237,925.25,45.8
2013-04-30,2013,120,40.048,27.648,29.625776,39.5105,23.774323,3.3893433,915.25,45.9
2013-05-01,2013,121,41.798,25.748,28.67022,41.4355,12.190192,3.1168983,940.75,47.6
2013-05-02,2013,122,40.848003,25.848,27.986889,40.5105,10.893264,3.2676616,942.5,46.3
2013-05-03,2013,123,40.748,25.598,27.43689,39.948,17.674812,3.5737793,928.0,46.1
2013-05-04,2013,124,40.948,26.648,28.60911,39.6355,23.18044,3.305718,922.75,46.1
2013-05-05,2013,125,39.048,24.398,27.103556,37.873,23.549282,2.9315143,938.0,44.3
2013-05-06,2013,126,39.148003,25.848,27.814667,38.223003,29.37184,1.7995722,921.75,45.6
2013-05-07,2013,127,40.298,26.698,28.35911,39.4105,26.328974,2.3299103,919.0,46.5
2013-05-08,2013,128,40.548,26.248,28.992445,39.5105,17.957008,3.5651639,941.0,45.6
2013-05-09,2013,129,40.348003,25.398,28.409111,39.2605,17.650478,3.9306886,945.0,45.2
2013-05-10,2013,130,39.548,25.048,27.914665,38.173,23.101158,3.9484174,897.5,43.8
2013-05-11,2013,131,39.348003,25.248,28.175777,38.498,21.063316,5.249856,891.5,43.7
2013-05-12,2013,132,38.948,24.298,27.175777,37.923,23.047995,3.3406758,901.75,43.8
2013-05-13,2013,133,38.848003,25.248,27.431334,37.9105,24.127974,2.3889542,935.25,44.7
2013-05-14,2013,134,39.248,26.248,28.281334,38.585503,27.850119,2.3597775,848.5,45.1
2013-05-15,2013,135,40.798,26.448,28.675777,39.8855,22.58289,2.9300377,901.5,46.4
2013-05-16,2013,136,41.148003,25.948,27.942444,39.585503,24.156387,3.0892146,931.25,46.3
2013-05-17,2013,137,40.148003,26.348,28.114666,38.548004,29.790154,3.123949,919.25,45.2
2013-05-18,2013,138,41.348003,26.748,28.153557,39.660503,25.158707,2.9783683,928.75,46.5
2013-05-19,2013,139,41.798,26.498,28.853556,40.3605,21.133842,2.6828654,927.25,47.2
2013-05-20,2013,140,42.298,28.198,30.203556,41.048,16.730053,3.0220814,907.75,47.4
2013-05-21,2013,141,42.898003,28.898,30.43689,41.8855,14.324035,4.297196,915.0,47.9
2013-05-22,2013,142,41.998,26.398,29.131334,41.0355,14.965946,4.7619905,931.75,46.9
2013-05-23,2013,143,41.498,25.648,28.198,39.7855,22.226212,4.3580947,930.25,45.8
2013-05-24,2013,144,40.748,25.848,28.053555,38.835503,28.375229,4.506437,916.0,44.7
2013-05-25,2013,145,40.298,27.148,28.925777,38.473,32.663116,4.1172256,879.75,44.4
2013-05-26,2013,146,39.048,27.648,29.620222,37.523003,35.590614,4.4437075,743.5,42.2
2013-05-27,2013,147,39.448,27.798,29.720222,38.248,33.55121,4.378068,854.75,43.8
2013-05-28,2013,148,39.198,28.398,30.081333,37.960503,34.709736,3.3090413,854.75,44.2
2013-05-29,2013,149,39.798,27.648,29.60911,38.448,29.139336,3.7028263,894.25,44.5
2013-05-30,2013,150,39.248,27.048,29.242445,37.948,30.080093,3.533964,907.75,44.1
2013-05-31,2013,151,39.498,27.648,29.848,38.398003,31.138397,3.5711985,881.5,44.5
2013-06-01,2013,152,39.298,27.898,29.875776,38.3105,32.630123,2.6157603,876.5,45.1
2013-06-02,2013,153,38.498,28.748,30.60911,37.710503,36.47172,1.3484781,834.75,45.2
2013-06-03,2013,154,36.198,28.248,29.675777,35.348003,43.612732,1.0604048,557.0,41.0
2013-06-04,2013,155,37.798,29.748,30.825779,37.1855,41.16214,2.595987,777.5,43.6
2013-06-05,2013,156,38.748,29.498,30.714668,37.4355,38.62683,2.559041,611.0,42.6
2013-06-06,2013,157,39.098003,29.448,30.875776,38.373,39.175392,3.587771,740.5,44.0
2013-06-07,2013,158,36.448,29.198,30.675777,35.485504,48.75473,1.5951225,638.25,42.0
2013-06-08,2013,159,36.998,28.948,29.425777,36.1855,47.725475,2.679608,637.5,41.9
2013-06-09,2013,160,35.848003,28.148,28.925777,34.948,51.758392,5.205307,728.5,39.6
2013-06-10,2013,161,34.298,27.448,28.114666,33.423,56.863617,5.1251163,619.0,37.2
2013-06-11,2013,162,33.148003,25.898,26.748,31.7605,59.092323,5.530312,446.0,33.7
2013-06-12,2013,163,31.948,26.848,27.342445,31.772999,58.961845,4.2989106,399.0,34.1
2013-06-13,2013,164,34.698,26.198,26.770224,34.210503,46.780243,3.6720843,599.75,38.2
2013-06-14,2013,165,36.448,26.498,27.542442,35.5355,46.541355,1.9732044,822.25,42.9
2013-06-15,2013,166,34.248,26.248,27.148,33.098003,56.252308,1.3964434,555.25,39.4
2013-06-16,2013,167,35.148003,25.998,26.592445,33.748,62.206028,1.6352434,569.75,40.8
2013-06-17,2013,168,31.098,25.298,25.886889,28.173,82.102806,4.1136284,182.0,29.6
2013-06-18,2013,169,30.748,25.848,26.031334,30.022999,79.052216,2.353263,408.75,35.8
2013-06-19,2013,170,31.198,25.448,26.353556,30.723,72.41608,1.9133056,467.25,36.9
2013-06-20,2013,171,33.148003,25.998,26.825777,32.585503,62.379436,2.3067484,759.5,40.0
2013-06-21,2013,172,33.548,26.748,27.564667,33.148003,57.060417,3.222426,759.75,39.3
2013-06-22,2013,173,32.948,26.898,27.681334,32.598,57.26886,3.7402992,686.75,37.6
2013-06-23,2013,174,32.748,26.548,27.553555,32.273003,58.473877,3.2846105,672.0,37.6
2013-06-24,2013,175,33.398003,26.548,27.714668,32.973003,55.16878,2.837679,629.5,38.3
2013-06-25,2013,176,32.098003,27.248,28.242443,31.373,62.254025,3.5347753,439.0,34.8
2013-06-26,2013,177,30.298,25.998,26.520222,29.7855,73.191185,3.382373,343.5,33.1
2013-06-27,2013,178,32.298,25.848,26.548,32.0605,58.889046,5.210643,612.25,35.4
2013-06-28,2013,179,31.748,25.848,26.953556,31.6855,62.318535,4.6851063,603.0,35.5
2013-06-29,2013,180,32.748,26.248,27.320223,32.4355,57.610706,5.6472397,554.75,35.3
2013-06-30,2013,181,32.148003,26.248,27.364666,31.8355,60.0514,4.591936,398.5,34.1
2013-07-01,2013,182,32.898003,26.798,28.08689,32.360504,55.802208,4.3217745,421.75,34.8
2013-07-02,2013,183,33.998,26.898,28.325779,33.485504,50.73109,3.9720643,598.75,37.4
2013-07-03,2013,184,32.498,26.848,28.081333,31.948002,55.106163,4.6450167,249.75,32.6
2013-07-04,2013,185,28.748,24.798,26.60911,26.310501,89.72918,5.3906527,59.25,25.3
2013-07-05,2013,186,31.098,22.998,24.248,30.5355,65.940735,4.2948647,583.25,34.4
2013-07-06,2013,187,31.098,25.198,25.925777,30.2355,72.501305,2.8578935,525.0,35.6
2013-07-07,2013,188,31.198,25.698,26.275778,30.5855,67.79228,2.9889348,480.75,35.2
2013-07-08,2013,189,30.948,25.848,26.342445,30.498,67.25759,3.5662613,471.0,34.3
2013-07-09,2013,190,30.148,25.798,26.464668,29.835499,68.65109,4.488924,404.75,32.2
2013-07-10,2013,191,31.198,25.498,26.031334,30.935501,66.52134,3.760114,500.75,34.9
2013-07-11,2013,192,29.698,25.598,26.153557,29.4605,69.254944,2.2719314,433.75,34.3
2013-07-12,2013,193,30.098,25.848,26.264668,29.748001,72.77936,4.1151156,388.5,32.7
2013-07-13,2013,194,25.898,24.398,25.009111,25.723,94.64492,3.2141557,83.25,27.4
2013-07-14,2013,195,30.098,24.798,25.05911,29.848,69.3743,3.2570658,455.0,33.8
2013-07-15,2013,196,30.048,25.348,25.870222,29.5355,66.90604,3.100925,356.75,32.6
2013-07-16,2013,197,30.148,25.048,25.581333,29.5855,72.51307,2.868573,352.75,33.4
2013-07-17,2013,198,29.898,25.748,26.148,29.4605,73.52214,2.7374578,362.5,33.6
2013-07-18,2013,199,29.798,25.198,25.85911,28.998,73.98475,4.2401276,308.0,31.0
2013-07-19,2013,200,29.948,25.548,26.286888,29.548,70.00242,4.2078195,363.75,31.8
2013-07-20,2013,201,28.048,25.048,25.681334,27.498,81.52271,3.0498948,187.0,29.8
2013-07-21,2013,202,30.848,24.898,25.620222,30.323,70.88432,2.8598945,535.0,35.7
2013-07-22,2013,203,29.848,25.348,26.014668,29.323,72.299515,2.5014167,285.5,32.9
2013-07-23,2013,204,28.698,25.948,26.492443,28.123,81.34926,2.7950377,333.0,32.2
2013-07-24,2013,205,30.198,25.998,26.170221,29.6855,78.27645,1.0429838,384.0,36.3
2013-07-25,2013,206,29.398,25.148,25.536888,28.6605,87.24478,3.6310537,344.0,32.8
2013-07-26,2013,207,28.998,24.848,25.025778,28.5105,78.973465,3.5978472,295.5,31.3
2013-07-27,2013,208,28.098,24.498,24.909111,27.448,79.19935,3.9291062,287.0,29.4
2013-07-28,2013,209,28.798,24.448,24.903557,27.7105,82.71078,4.0804396,297.5,30.0
2013-07-29,2013,210,27.048,24.248,24.631332,26.4105,88.527245,3.2639108,139.0,28.2
2013-07-30,2013,211,29.298,24.498,24.986889,29.0355,73.08702,2.5141306,402.5,33.6
2013-07-31,2013,212,28.798,25.098,25.292442,27.560501,82.50139,1.7564256,180.5,31.5
2013-08-01,2013,213,27.748,24.648,25.08689,27.2355,83.03727,2.6483157,231.25,30.5
2013-08-02,2013,214,29.798,24.548,25.420221,27.935501,85.10892,2.8695068,261.25,31.7
2013-08-03,2013,215,28.648,24.398,24.748,27.648,77.221214,4.4848375,261.0,28.7
2013-08-04,2013,216,29.498,24.198,25.009111,29.147999,73.23641,3.7709746,466.5,32.8
2013-08-05,2013,217,30.598,24.548,25.564667,30.210499,63.3044,2.6714656,497.5,34.8
2013-08-06,2013,218,29.948,24.548,25.720222,29.7605,66.440094,3.044246,488.0,34.0
2013-08-07,2013,219,30.148,25.498,25.898,29.7355,65.75495,2.2836087,447.75,34.4
2013-08-08,2013,220,29.498,24.748,25.503555,29.4105,67.07158,3.3620715,429.75,32.8
2013-08-09,2013,221,29.398,24.848,25.509111,28.147999,79.20984,4.0153046,328.25,30.6
2013-08-10,2013,222,26.048,23.998,24.498,25.873001,93.18013,3.0645308,153.75,28.3
2013-08-11,2013,223,29.448,24.298,24.736889,29.2355,75.52121,3.2488415,513.75,34.1
2013-08-12,2013,224,30.748,24.298,25.114666,30.147999,74.4365,2.477572,640.25,37.0
2013-08-13,2013,225,26.848,24.848,25.242445,26.2355,93.96974,2.645776,158.25,29.6
2013-08-14,2013,226,28.848,24.248,24.798,28.1355,79.59897,3.9128594,409.5,31.4
2013-08-15,2013,227,30.248,24.648,25.009111,29.548,75.9692,3.9443614,459.5,33.4
2013-08-16,2013,228,27.798,24.748,25.320223,25.9855,92.80455,2.8184671,141.75,28.7
2013-08-17,2013,229,31.098,24.748,25.431334,30.498001,70.826035,2.9861863,576.75,36.1
2013-08-18,2013,230,31.198,25.248,25.870222,30.573,61.05357,4.0452476,588.0,34.3
2013-08-19,2013,231,29.948,23.948,25.386889,29.698,64.24788,4.125605,473.25,32.5
2013-08-20,2013,232,30.448,24.148,25.314667,30.185501,62.626152,4.4589486,509.25,33.0
2013-08-21,2013,233,28.998,24.848,25.514668,28.6105,70.692215,2.5480847,291.75,31.8
2013-08-22,2013,234,29.398,23.948,25.103556,29.1605,64.868385,3.1180878,375.75,32.1
2013-08-23,2013,235,30.148,24.448,25.364666,29.823,65.36737,3.8994493,485.75,33.0
2013-08-24,2013,236,26.898,24.148,24.775778,26.185501,88.45988,3.4370449,96.5,27.3
2013-08-25,2013,237,28.648,24.148,24.892445,28.3355,77.98145,3.6294878,301.75,31.0
2013-08-26,2013,238,30.598,24.648,25.425777,30.1105,60.883373,3.8920872,612.0,34.0
2013-08-27,2013,239,30.448,23.598,24.981333,29.998,60.01606,3.9215083,541.75,33.3
2013-08-28,2013,240,30.648,23.798,25.198,30.0855,62.549828,3.4800766,502.5,33.7
2013-08-29,2013,241,30.248,24.648,25.742445,30.098,64.33182,3.435295,602.75,34.7
2013-08-30,2013,242,30.398,24.798,25.714668,29.7855,72.49614,3.0774899,576.0,35.2
2013-08-31,2013,243,29.848,24.748,25.581333,29.6605,71.15802,2.9655485,559.0,34.9
2013-09-01,2013,244,31.098,23.898,25.092445,30.423,63.7812,2.3373687,655.5,36.7
2013-09-02,2013,245,30.198,24.648,25.470222,29.873001,67.59931,2.397194,615.0,35.9
2013-09-03,2013,246,30.498,24.348,25.525778,29.9355,63.897858,3.344357,611.5,34.6
2013-09-04,2013,247,30.698,23.698,25.042444,30.3105,59.278473,3.287086,614.75,34.8
2013-09-05,2013,248,30.698,23.798,25.18689,30.273,58.063828,3.7198248,628.5,34.3
2013-09-06,2013,249,30.398,23.698,25.10911,29.9105,62.780037,3.2344651,642.75,34.8
2013-09-07,2013,250,30.398,23.998,25.120222,29.998,62.272945,1.9099345,638.5,36.4
2013-09-08,2013,251,30.498,23.598,24.986889,30.223,67.133286,1.1256901,688.25,38.2
2013-09-09,2013,252,32.148003,23.398,24.892445,31.748001,61.36326,1.131432,781.75,40.1
2013-09-10,2013,253,33.248,25.148,25.875778,32.8855,56.831642,2.1423721,781.5,40.2
2013-09-11,2013,254,34.298,24.748,25.970222,33.773003,55.35288,1.9151994,788.5,41.4
2013-09-12,2013,255,33.448,25.748,26.625778,32.9855,58.594784,2.2621963,630.25,39.2
2013-09-13,2013,256,34.698,25.498,26.85911,34.460503,53.997456,2.0145721,735.75,41.6
2013-09-14,2013,257,34.548,25.898,26.536888,33.8605,61.73571,2.1310947,782.25,41.9
2013-09-15,2013,258,34.798,26.148,27.242445,34.148003,55.9919,2.6197486,794.5,41.3
2013-09-16,2013,259,33.448,25.448,27.042444,32.798,59.76802,1.7620604,785.75,40.7
2013-09-17,2013,260,33.898003,25.548,26.853554,33.423004,57.871437,3.0455751,788.25,40.1
2013-09-18,2013,261,34.848003,26.298,27.048,34.373,52.118023,2.2837853,783.25,41.4
2013-09-19,2013,262,35.948,26.448,27.031334,35.460503,49.171997,3.1459658,773.0,41.7
2013-09-20,2013,263,35.748,26.598,27.164665,34.973003,46.645645,3.9546402,815.5,40.5
2013-09-21,2013,264,31.848,25.398,26.475777,31.210499,61.62857,2.115439,406.75,35.7
2013-09-22,2013,265,30.398,24.998,25.275778,29.6605,79.18015,2.8209133,445.5,35.0
2013-09-23,2013,266,29.648,25.048,25.136889,29.048,83.95642,3.1465294,369.0,33.7
2013-09-24,2013,267,28.148,24.748,24.948,26.9105,92.06229,2.831591,218.5,30.6
2013-09-25,2013,268,26.298,24.348,25.031334,25.948,96.505844,2.0495481,127.25,29.9
2013-09-26,2013,269,28.248,24.148,24.55911,27.073,84.99472,6.7263355,226.5,26.8
2013-09-27,2013,270,28.848,24.298,24.60911,28.398,71.381996,5.858713,370.25,29.2
2013-09-28,2013,271,29.148,24.248,24.964668,28.7605,80.05277,5.2614164,479.5,31.7
2013-09-29,2013,272,30.198,24.298,24.598,29.673,72.931335,4.3338685,412.0,32.5
2013-09-30,2013,273,30.948,23.848,24.625778,30.3355,70.64421,4.307618,504.5,34.0
2013-10-01,2013,274,28.198,24.648,24.948,27.398,82.86889,1.8307164,221.75,31.6
2013-10-02,2013,275,31.448,23.848,24.820223,31.060501,71.5903,0.7234473,624.75,39.4
2013-10-03,2013,276,31.598,24.248,25.025778,31.348,65.076935,2.205805,620.75,37.8
2013-10-04,2013,277,31.198,24.998,25.564667,30.3105,71.205956,0.8955232,504.25,37.4
2013-10-05,2013,278,32.448,24.098,25.286888,32.085503,63.960102,2.445373,722.25,39.1
2013-10-06,2013,279,30.648,24.748,25.553555,30.3855,72.3941,1.9632545,560.75,37.1
2013-10-07,2013,280,30.748,23.948,24.959112,30.3855,76.729164,1.1769521,573.5,38.5
2013-10-08,2013,281,30.248,24.048,24.770224,30.0105,74.74249,1.7695103,570.25,37.2
2013-10-09,2013,282,29.498,23.798,24.142445,29.073,73.361176,0.6879638,430.5,35.6
2013-10-10,2013,283,29.748,23.448,24.264668,29.310501,77.14011,2.2284708,607.5,36.3
2013-10-11,2013,284,30.398,23.948,24.625778,30.173,66.584015,0.7973323,564.5,37.3
2013-10-12,2013,285,30.748,23.448,24.531334,30.5105,68.21576,1.2153404,587.5,37.8
2013-10-13,2013,286,31.398,22.848,24.231333,31.073,61.268353,1.7669332,667.5,37.9
2013-10-14,2013,287,32.248,22.648,24.10911,32.098,54.154778,1.6916564,680.25,38.7
2013-10-15,2013,288,32.748,22.198,23.83689,32.535503,53.130333,1.8157659,692.5,39.1
2013-10-16,2013,289,32.048,23.248,24.136889,31.7355,58.421795,2.1202326,738.0,38.6
2013-10-17,2013,290,32.748,21.498,23.159111,32.3105,54.84772,1.1007059,751.0,40.0
2013-10-18,2013,291,33.698,22.298,23.853554,33.360504,47.971558,1.4520981,746.75,40.3
2013-10-19,2013,292,33.298,22.098,23.425777,32.998,48.109444,2.8096123,742.5,38.6
2013-10-20,2013,293,33.148003,21.648,22.842445,32.8105,46.2512,1.6759242,737.5,39.3
2013-10-21,2013,294,32.448,20.248,21.542444,32.1355,44.34059,2.0900135,747.75,38.1
2013-10-22,2013,295,32.398003,20.298,21.531334,31.9105,40.65116,2.6791224,756.5,37.1
2013-10-23,2013,296,32.048,20.048,21.364666,31.6605,39.886627,2.349392,755.0,37.2
2013-10-24,2013,297,31.048,21.498,22.136889,30.7355,44.82953,3.705071,742.25,34.9
2013-10-25,2013,298,31.648,22.398,23.08689,31.310501,52.019104,3.4076471,725.5,36.2
2013-10-26,2013,299,31.898,22.498,24.092445,31.598,48.356503,3.5492654,717.25,36.1
2013-10-27,2013,300,31.948,20.298,21.286888,31.573,47.134613,2.268901,724.75,37.4
2013-10-28,2013,301,31.198,19.148,20.948,30.923,44.93334,0.55250484,722.0,37.7
2013-10-29,2013,302,30.598,19.198,22.186888,30.3355,44.44124,0.52171636,721.25,37.0
2013-10-30,2013,303,30.348,18.548,21.786888,30.073,43.86709,0.99925643,719.0,36.6
2013-10-31,2013,304,30.148,17.498,19.225777,29.9105,42.894814,1.2571932,717.25,36.2
2013-11-01,2013,305,30.298,17.248,18.831333,30.0355,46.61781,0.697248,708.75,36.8
2013-11-02,2013,306,30.898,18.598,19.820223,30.648,45.818474,0.80817974,699.75,37.2
2013-11-03,2013,307,31.298,19.748,20.753555,31.0355,45.344563,2.035959,697.5,36.7
2013-11-04,2013,308,31.448,20.198,20.942444,30.9605,42.678303,1.7368529,702.5,36.7
2013-11-05,2013,309,31.198,19.848,20.703556,30.8605,43.349854,0.8894622,693.25,37.2
2013-11-06,2013,310,30.898,18.898,20.753555,30.673,43.455208,1.1631436,592.75,36.0
2013-11-07,2013,311,29.998,21.148,21.842445,29.8605,43.96324,0.41642135,624.5,35.7
2013-11-08,2013,312,29.898,18.748,19.85911,29.773,39.19415,1.1784562,613.75,35.0
2013-11-09,2013,313,28.848,19.098,20.259111,28.710499,42.4036,2.322608,621.0,33.1
2013-11-10,2013,314,29.548,20.048,20.531334,29.098,42.582382,3.2253594,681.25,32.9
2013-11-11,2013,315,28.698,17.648,18.986889,28.3605,38.542984,1.2058951,692.5,34.2
2013-11-12,2013,316,28.548,15.698,17.792444,28.2855,38.484303,0.7561578,681.75,34.3
2013-11-13,2013,317,28.998,16.998,18.525778,28.748,40.88293,1.370899,673.25,34.4
2013-11-14,2013,318,29.098,17.848,18.892445,28.7355,41.235367,2.4775214,673.5,33.3
2013-11-15,2013,319,28.848,18.998,19.481333,28.423,39.414413,3.4750934,671.0,31.7
2013-11-16,2013,320,27.948,17.898,18.781334,27.573,31.340982,3.1243246,688.0,31.0
2013-11-17,2013,321,27.798,16.548,17.775778,27.4105,32.887676,3.8366106,691.75,30.1
2013-11-18,2013,322,28.548,17.248,18.153557,28.0855,35.69749,3.3766618,685.25,31.4
2013-11-19,2013,323,29.198,16.798,17.509111,28.723,34.128777,2.2666037,685.75,33.3
2013-11-20,2013,324,28.898,14.398,15.920222,28.348,32.808235,2.2361329,681.5,32.8
2013-11-21,2013,325,29.298,14.798,16.431334,28.7605,33.74106,1.959539,674.25,33.5
2013-11-22,2013,326,29.098,15.997999,17.425777,28.647999,34.41512,3.202348,668.0,32.0
2013-11-23,2013,327,29.098,16.698,18.020224,28.647999,35.456825,2.2413979,668.75,33.1
2013-11-24,2013,328,29.798,16.798,17.803555,29.3605,38.763058,1.89896,657.75,34.3
2013-11-25,2013,329,30.548,17.498,18.681334,30.048,39.523155,1.882285,646.0,35.0
2013-11-26,2013,330,30.348,19.148,20.014668,29.873001,37.51272,2.7477834,635.0,33.7
2013-11-27,2013,331,30.548,19.448,20.481333,29.935501,36.25876,1.9500952,611.25,34.3
2013-11-28,2013,332,30.548,18.398,20.10911,30.073,34.25535,3.4217963,634.5,33.1
2013-11-29,2013,333,29.248,19.748,20.581333,28.873001,35.476776,3.9694564,646.75,31.3
2013-11-30,2013,334,29.448,18.148,19.131334,28.9855,33.873302,3.076167,656.75,32.4
2013-12-01,2013,335,29.848,17.498,18.209112,29.2605,43.914543,1.3538638,641.0,34.9
2013-12-02,2013,336,29.498,17.648,18.414665,29.1105,37.659924,2.325247,631.25,33.3
2013-12-03,2013,337,29.248,15.548,17.620222,28.823,33.55874,2.0536423,657.5,33.3
2013-12-04,2013,338,29.948,17.498,18.492445,29.5105,46.452698,2.1970918,628.75,34.4
2013-12-05,2013,339,29.498,19.248,19.659111,29.0355,44.363777,2.1728826,635.5,33.8
2013-12-06,2013,340,28.498,17.198,18.120222,28.098,36.360954,2.0449293,646.75,32.7
2013-12-07,2013,341,28.298,15.348,16.703556,27.873001,36.758488,0.94410837,646.5,33.4
2013-12-08,2013,342,27.948,14.748,16.442444,27.6105,38.24108,0.8845813,647.5,33.3
2013-12-09,2013,343,27.698,14.498,16.175777,27.310501,38.443043,1.0209794,650.0,33.0
2013-12-10,2013,344,28.448,14.548,15.792445,27.8855,35.546898,2.0703084,651.25,32.4
2013-12-11,2013,345,28.148,14.598,16.08689,27.673,36.46151,1.4250797,648.0,32.9
2013-12-12,2013,346,27.948,14.598,16.264668,27.548,33.08689,2.6423998,649.5,31.3
2013-12-13,2013,347,27.798,14.798,16.253555,27.448,33.533592,1.768593,650.0,32.2
2013-12-14,2013,348,27.648,13.848,15.525777,27.2355,35.01352,0.60629237,658.0,33.0
2013-12-15,2013,349,27.048,12.598,14.575779,26.6605,35.575825,0.4569234,659.0,32.5
2013-12-16,2013,350,26.498,12.648,14.664666,26.073,38.57723,1.1080458,653.5,31.8
2013-12-17,2013,351,26.198,12.648,14.509111,25.772999,38.666027,0.87228405,655.25,31.7
2013-12-18,2013,352,26.698,11.848,14.059111,26.1105,44.176544,1.506432,639.25,31.6
2013-12-19,2013,353,27.548,13.698,15.759111,27.147999,39.10006,2.3822882,642.75,31.4
2013-12-20,2013,354,25.298,12.448,13.981334,24.723,31.949636,1.6314623,664.5,29.9
2013-12-21,2013,355,24.848,11.248,12.792445,24.2605,33.105232,0.95275134,660.0,30.2
2013-12-22,2013,356,24.948,10.848,13.159111,24.373001,34.534588,2.0350256,650.5,29.1
2013-12-23,2013,357,25.998,13.898,14.892445,25.2605,42.72567,3.874701,644.25,27.6
2013-12-24,2013,358,25.948,15.748,16.598,25.210499,49.283676,3.0892248,605.25,28.6
2013-12-25,2013,359,26.898,15.298,16.536888,26.2605,50.399387,2.3019469,626.75,31.0
2013-12-26,2013,360,26.898,15.798,17.114666,26.272999,49.362534,1.7859294,613.75,31.5
2013-12-27,2013,361,26.048,16.148,17.303555,25.6355,44.66107,3.633922,644.5,28.5
2013-12-28,2013,362,24.548,12.298,14.231334,24.1105,39.90228,2.3529725,660.5,28.7
2013-12-29,2013,363,25.298,13.648,14.6368885,24.560501,47.44021,3.2283683,637.0,27.9
2013-12-30,2013,364,25.298,15.048,16.042444,24.7355,50.401646,2.6234083,640.0,29.2
2013-12-31,2013,365,23.948,13.048,14.492445,23.398,35.18133,2.8058276,669.0,27.2
2014-01-01,2014,1,24.398,14.098,15.770222,23.623001,56.13312,3.945557,561.5,25.6
2014-01-02,2014,2,24.148,16.898,18.075779,23.673,57.084015,3.2451904,389.25,25.1
2014-01-03,2014,3,27.548,18.448,18.998,26.698,52.418255,0.7015414,595.5,32.9
2014-01-04,2014,4,25.698,15.848,17.798,25.248001,44.242413,3.1216824,614.75,28.5
2014-01-05,2014,5,25.298,11.898,13.948,24.798,28.595604,2.6627073,684.5,28.7
2014-01-06,2014,6,25.398,11.948,13.703556,24.7605,39.917747,2.3569567,674.25,29.4
2014-01-07,2014,7,25.748,14.148,14.975778,24.9105,38.18982,3.8258343,674.75,27.4
2014-01-08,2014,8,28.298,15.048,16.614666,27.5105,46.769165,1.3907261,663.5,33.5
2014-01-09,2014,9,25.498,13.998,16.136889,24.898,36.273037,2.96517,680.5,28.6
2014-01-10,2014,10,23.598,11.798,13.825778,23.073,41.617264,3.1367817,690.25,26.8
2014-01-11,2014,11,22.998,11.598,13.481334,22.6855,42.507362,4.4155917,582.5,23.5
2014-01-12,2014,12,24.048,13.498,14.981334,23.185501,37.147858,3.772008,695.75,25.9
2014-01-13,2014,13,26.098,13.498,14.948,25.173,44.731773,1.9721127,673.5,30.5
2014-01-14,2014,14,25.948,14.348,15.575777,25.4855,46.181423,3.1044643,683.25,29.4
2014-01-15,2014,15,25.398,12.198,14.153556,24.798,32.303787,3.245972,710.75,28.2
2014-01-16,2014,16,25.348,14.848,15.247999,24.898,36.25406,3.3111553,702.0,28.3
2014-01-17,2014,17,24.598,12.948,14.092444,24.073,41.227207,2.6283507,693.75,28.6
2014-01-18,2014,18,24.898,9.598,12.309111,24.448,27.467817,2.6814563,717.75,28.7
2014-01-19,2014,19,25.148,13.198,14.453556,24.473,30.702465,4.6396627,718.75,26.1
2014-01-20,2014,20,27.348,15.748,17.503555,26.498,46.31285,1.439853,676.0,32.5
2014-01-21,2014,21,24.648,18.398,19.220222,23.7855,65.31848,3.0572863,452.75,26.6
2014-01-22,2014,22,25.348,17.098,17.781334,24.710499,52.866043,2.0989733,599.5,29.6
2014-01-23,2014,23,25.598,13.998,15.759111,25.0605,51.306923,3.4443274,669.5,28.6
2014-01-24,2014,24,25.398,15.448,16.331333,24.898,49.05817,3.662535,669.5,28.0
2014-01-25,2014,25,26.348,15.997999,16.886889,25.6355,53.92717,3.5573795,704.75,29.5
2014-01-26,2014,26,26.948,15.698,17.409111,25.998,54.040665,3.1701472,705.5,30.4
2014-01-27,2014,27,27.248,16.048,17.531334,26.473,49.99351,3.8366022,716.75,30.0
2014-01-28,2014,28,27.198,14.998,16.459112,26.2855,36.87123,2.7193544,736.0,30.8
2014-01-29,2014,29,27.998,13.298,15.281333,27.1605,32.783188,1.5301657,738.5,32.9
2014-01-30,2014,30,28.448,13.848,15.586888,27.748,32.160225,1.8902607,742.75,33.1
2014-01-31,2014,31,28.598,14.748,16.503555,27.8105,28.429676,2.8565269,745.25,32.0
2014-02-01,2014,32,29.298,16.098,18.025778,28.423,33.236053,2.707511,731.5,32.8
2014-02-02,2014,33,29.448,17.198,19.036888,28.748001,34.986824,1.9352765,669.5,33.6
2014-02-03,2014,34,30.898,16.698,19.047998,30.198,32.00179,1.1564233,735.25,36.0
2014-02-04,2014,35,30.248,16.698,19.098,29.723,26.941048,1.9869637,751.25,34.8
2014-02-05,2014,36,30.548,15.898,18.220222,29.8855,32.20267,1.7047762,740.25,35.4
2014-02-06,2014,37,31.348,16.948,18.853556,30.723,31.144436,1.7956759,751.75,36.2
2014-02-07,2014,38,29.498,17.098,18.986889,28.423,44.690216,3.1959987,749.0,32.9
2014-02-08,2014,39,27.148,14.898,17.220222,26.573,30.92471,2.6716084,778.75,31.3
2014-02-09,2014,40,26.198,13.448,15.503555,25.473,24.747612,2.6234398,791.0,30.3
2014-02-10,2014,41,25.948,11.198,14.497999,25.4105,22.205345,2.5996366,777.75,30.1
2014-02-11,2014,42,25.848,12.748,14.964667,25.373001,33.851177,0.8836304,760.5,32.1
2014-02-12,2014,43,27.598,13.598,15.109111,26.685501,32.440716,3.5711348,782.5,30.4
2014-02-13,2014,44,27.748,14.298,16.114666,26.848,24.272429,5.1943245,783.5,28.7
2014-02-14,2014,45,25.798,15.498,17.30911,25.373001,30.98951,3.3669474,677.0,28.3
2014-02-15,2014,46,24.898,13.548,16.003555,24.685501,34.077118,0.7578076,603.5,30.2
2014-02-16,2014,47,26.048,13.948,15.864666,25.7605,21.642168,1.666651,785.25,31.6
2014-02-17,2014,48,26.498,13.298,14.981334,26.073,24.981888,3.9223084,809.0,29.4
2014-02-18,2014,49,27.448,14.098,15.8868885,26.8855,23.585379,3.5332901,821.0,30.7
2014-02-19,2014,50,28.748,13.198,15.575777,28.1355,27.425861,1.0836467,812.75,34.5
2014-02-20,2014,51,29.448,14.748,17.531334,28.6105,31.275583,0.46945408,756.5,34.8
2014-02-21,2014,52,27.598,18.948,20.181334,27.4355,38.824314,2.4951932,596.5,31.1
2014-02-22,2014,53,28.948,15.148,18.43689,28.5355,27.85502,1.4066617,813.25,34.7
2014-02-23,2014,54,29.098,16.248,18.203556,28.6355,26.933867,4.4313197,824.25,31.7
2014-02-24,2014,55,29.098,18.448,20.036888,28.2855,41.8811,4.598597,725.75,30.9
2014-02-25,2014,56,30.898,19.598,20.925777,30.223,47.89216,0.8534485,773.25,37.5
2014-02-26,2014,57,30.648,18.748,20.031334,30.0355,47.0401,1.194815,755.5,36.9
2014-02-27,2014,58,30.298,16.648,18.125778,29.998001,20.319435,2.4980564,824.5,34.9
2014-02-28,2014,59,28.848,15.698,17.820223,28.473,21.832102,3.3218954,845.0,32.8
2014-03-01,2014,60,27.398,12.798,15.992443,26.973,21.29346,2.031443,857.25,32.9
2014-03-02,2014,61,28.048,14.948,16.620222,27.598,23.98634,3.188057,853.25,32.1
2014-03-03,2014,62,28.298,15.498,17.248,27.823,23.048918,3.631576,791.75,31.3
2014-03-04,2014,63,29.998,16.248,17.80911,29.522999,23.756544,2.741076,855.5,34.6
2014-03-05,2014,64,30.148,16.248,18.136889,29.948,29.736696,2.0169816,780.0,35.3
2014-03-06,2014,65,31.298,17.948,19.93689,30.8605,30.444643,2.2830238,749.5,35.8
2014-03-07,2014,66,31.998,18.448,20.136889,31.5605,29.167118,3.5359755,805.0,35.8
2014-03-08,2014,67,32.248,19.898,20.848,31.948002,27.42693,4.8590717,755.0,34.8
2014-03-09,2014,68,32.248,19.898,21.60911,31.5855,35.42384,2.5751166,806.5,37.0
2014-03-10,2014,69,32.348003,19.248,21.60911,32.048,30.685204,0.7459569,738.75,37.9
2014-03-11,2014,70,32.998,19.148,22.031334,32.210503,24.760616,1.3670049,847.0,38.4
2014-03-12,2014,71,32.898003,16.248,19.620222,32.335503,16.891663,1.4075825,873.75,38.2
2014-03-13,2014,72,33.548,18.498,20.603556,32.6855,21.8183,2.1480355,874.5,38.4
2014-03-14,2014,73,34.748,20.798,22.509111,33.9855,26.036512,1.6291722,873.0,40.4
2014-03-15,2014,74,36.298,21.198,23.542444,35.773003,22.258501,1.02948,875.25,42.2
2014-03-16,2014,75,36.598003,20.848,23.070223,35.735504,22.719458,2.0606182,887.5,42.0
2014-03-17,2014,76,34.898003,20.998,23.136889,34.0605,22.910225,3.6211667,880.5,38.9
2014-03-18,2014,77,32.248,20.398,22.664665,31.398,12.456024,2.4133706,933.75,36.9
2014-03-19,2014,78,34.198,16.748,19.442444,33.5355,15.694487,1.8884228,919.75,39.4
2014-03-20,2014,79,34.898003,17.798,21.042444,34.373,14.666074,1.7238395,921.5,40.3
2014-03-21,2014,80,31.648,16.248,19.136889,30.0605,28.607327,2.9528952,918.5,35.5
2014-03-22,2014,81,32.698,17.598,20.503555,31.448002,41.444824,1.4109601,882.75,38.8
2014-03-23,2014,82,34.748,19.798,22.58689,33.723,36.68976,1.6629086,880.75,40.8
2014-03-24,2014,83,35.098003,22.598,24.509111,34.398003,25.693863,2.5076408,894.25,40.4
2014-03-25,2014,84,34.498,21.298,23.60911,33.848,26.250835,1.5654254,896.0,40.4
2014-03-26,2014,85,35.298,20.998,23.064667,34.7355,23.838127,1.3438773,901.75,41.4
2014-03-27,2014,86,36.148003,19.748,23.264668,35.423004,23.733223,0.99842423,866.5,41.9
2014-03-28,2014,87,36.348003,22.898,24.642445,35.698,22.151419,2.911807,906.0,41.4
2014-03-29,2014,88,35.598003,21.548,23.870222,34.860504,23.994593,2.6135163,910.0,40.8
2014-03-30,2014,89,36.298,20.998,23.364666,35.7355,22.762997,2.835309,902.25,41.5
2014-03-31,2014,90,36.098003,22.148,24.075779,35.2605,25.19006,2.7063413,903.0,41.2
2014-04-01,2014,91,35.348003,22.398,24.742443,34.3855,23.577827,2.5473073,917.75,40.4
2014-04-02,2014,92,35.498,21.748,24.664665,34.585503,29.404814,3.0337052,903.5,40.4
2014-04-03,2014,93,36.298,20.498,24.009111,35.3855,27.65534,0.7491448,913.25,42.5
2014-04-04,2014,94,37.848003,22.298,24.948,37.248,18.991795,1.0611632,925.25,43.9
2014-04-05,2014,95,38.298,22.548,24.420221,37.548,20.602861,1.354503,923.25,44.4
2014-04-06,2014,96,36.948,22.548,25.225777,36.1355,18.466846,2.8893175,933.25,42.0
2014-04-07,2014,97,36.848003,24.248,25.659111,36.110504,21.614439,3.2649689,913.75,41.7
2014-04-08,2014,98,37.398003,20.598,23.770222,36.910503,18.520676,0.7560289,922.0,43.4
2014-04-09,2014,99,36.898003,19.848,22.986887,36.323,13.601062,1.1850345,940.25,42.4
2014-04-10,2014,100,36.348003,19.398,22.236889,35.4355,21.293312,1.0283577,934.75,42.2
2014-04-11,2014,101,37.048,20.098,23.048,36.210503,19.387089,1.0816739,935.0,42.9
2014-04-12,2014,102,36.898003,21.748,23.986889,35.985504,21.134855,1.8970009,928.5,42.5
2014-04-13,2014,103,36.548,21.748,24.248,35.748,21.787077,1.91416,922.75,42.2
2014-04-14,2014,104,36.798,22.448,25.164665,35.8105,29.155416,1.5348792,913.0,42.9
2014-04-15,2014,105,37.698,22.698,25.042444,36.998,28.416729,1.4324198,906.5,44.2
2014-04-16,2014,106,38.498,24.298,26.620222,37.698,27.814302,1.7341287,913.25,44.9
2014-04-17,2014,107,37.348003,24.798,27.253555,36.1855,32.784714,2.4660103,897.75,42.8
2014-04-18,2014,108,36.248,24.298,26.381334,35.210503,35.37341,2.9146142,910.75,41.6
2014-04-19,2014,109,35.698,24.098,26.081333,35.0605,37.393684,1.7853309,902.25,42.4
2014-04-20,2014,110,37.048,24.598,26.642445,36.773003,30.198689,0.8254384,841.5,43.7
2014-04-21,2014,111,37.548,24.148,26.281334,37.073,23.809055,1.027067,900.5,44.0
2014-04-22,2014,112,38.698,25.098,27.503555,38.223,20.186487,1.0181313,923.0,45.1
2014-04-23,2014,113,38.698,24.298,26.80911,38.2605,19.241152,1.39277,934.25,45.1
2014-04-24,2014,114,39.098003,22.648,26.292444,38.523003,19.583466,1.6867775,930.75,45.4
2014-04-25,2014,115,38.948,25.248,27.036888,38.335503,21.586063,2.6105707,926.75,44.8
2014-04-26,2014,116,39.348003,25.248,27.442444,38.773003,24.30183,2.1389015,924.5,45.8
2014-04-27,2014,117,40.548,25.448,27.642445,39.9105,24.10593,1.2482696,895.75,47.2
2014-04-28,2014,118,41.948,25.548,28.270224,41.473003,14.297129,1.5157695,935.75,48.2
2014-04-29,2014,119,41.648003,25.648,27.931334,40.910503,18.14549,1.749527,911.5,47.8
2014-04-30,2014,120,40.498,25.698,28.070223,39.748,21.182575,2.4517612,924.75,46.6
2014-05-01,2014,121,40.298,24.648,27.709112,39.460503,16.5709,2.8411088,937.25,45.8
2014-05-02,2014,122,39.498,23.948,27.009111,38.4355,21.2878,3.256665,938.75,44.7
2014-05-03,2014,123,39.448,23.948,26.598,38.198,24.047285,3.4227834,922.75,44.3
2014-05-04,2014,124,38.098003,23.148,26.281334,36.9855,28.096298,3.335642,918.75,43.0
2014-05-05,2014,125,38.548,25.798,28.042444,37.9355,32.725708,1.785086,888.75,45.3
2014-05-06,2014,126,40.298,26.298,28.575779,39.648003,23.304184,1.1749287,901.75,46.9
2014-05-07,2014,127,41.498,26.848,28.70911,41.298,15.3527975,2.3506477,860.5,47.5
2014-05-08,2014,128,41.548,26.098,27.914665,41.235504,13.196699,3.443205,929.25,47.3
2014-05-09,2014,129,39.548,27.048,29.10911,38.960503,14.721747,2.7913775,942.5,45.1
2014-05-10,2014,130,37.298,24.198,26.953556,36.248,30.479458,3.7915783,832.5,41.3
2014-05-11,2014,131,37.948,25.148,27.431334,36.398003,32.46632,3.5618808,896.5,42.2
2014-05-12,2014,132,37.248,25.498,27.431334,36.123,31.631824,3.1535387,884.5,42.1
2014-05-13,2014,133,37.898003,24.648,26.959112,36.110504,33.764515,3.346726,915.75,42.2
2014-05-14,2014,134,36.298,25.298,27.409111,35.1855,38.30883,2.3618436,890.25,42.0
2014-05-15,2014,135,36.648003,26.298,28.242445,35.7355,35.90146,3.488666,895.0,41.6
2014-05-16,2014,136,36.648003,26.598,28.470222,35.748,37.87147,3.334365,876.0,41.7
2014-05-17,2014,137,37.448,27.098,29.192444,36.6855,39.38761,2.4725435,878.25,43.7
2014-05-18,2014,138,38.398003,27.398,29.414665,37.523003,37.721584,2.1210873,900.25,45.0
2014-05-19,2014,139,39.198,27.448,29.431332,38.573,25.938778,2.4559765,883.5,45.2
2014-05-20,2014,140,39.798,27.448,28.736887,39.085503,20.428783,3.2570772,883.5,45.0
2014-05-21,2014,141,40.098003,26.348,27.692444,39.460503,22.198591,3.5719585,922.75,45.7
2014-05-22,2014,142,40.748,27.198,28.70911,39.923,22.58191,3.375522,918.5,46.4
2014-05-23,2014,143,40.748,25.698,28.170221,39.3105,22.74643,3.2948523,924.75,45.7
2014-05-24,2014,144,40.298,25.148,28.070223,38.9355,26.089386,2.762891,920.25,45.7
2014-05-25,2014,145,40.398003,27.748,29.770224,39.3105,32.802284,1.521079,901.0,47.2
2014-05-26,2014,146,41.248,28.348,30.481333,40.123,29.588207,1.9084342,893.25,47.6
2014-05-27,2014,147,41.598003,28.148,30.298,40.798,26.134357,1.0107025,874.0,48.2
2014-05-28,2014,148,41.548,28.098,30.220222,40.323,29.892927,2.206637,898.25,47.8
2014-05-29,2014,149,42.348003,27.748,30.092445,40.8105,25.149488,4.1124563,903.5,47.2
2014-05-30,2014,150,41.048,26.598,28.70911,38.998,28.05542,4.1952896,905.5,45.0
2014-05-31,2014,151,40.448,26.848,28.670223,38.398003,32.50305,3.5924773,897.25,44.7
2014-06-01,2014,152,39.348003,26.748,29.009111,37.6605,36.067272,2.2799017,895.5,44.9
2014-06-02,2014,153,40.898003,28.198,30.453556,39.748,37.71012,1.840862,882.75,47.8
2014-06-03,2014,154,41.648003,29.848,32.048,40.748,32.139774,2.0770285,876.5,48.4
2014-06-04,2014,155,41.998,29.848,31.198002,40.9355,29.07737,2.7387347,883.0,48.1
2014-06-05,2014,156,41.548,29.148,30.275778,40.085503,30.02372,2.9548783,881.5,46.9
2014-06-06,2014,157,41.898003,28.748,29.986887,40.198,26.006113,3.3330216,864.75,46.5
2014-06-07,2014,158,41.498,27.598,29.603556,39.748,26.179594,3.3721523,896.0,46.2
2014-06-08,2014,159,40.898003,27.298,29.086891,39.698,24.844786,3.5003078,902.75,46.0
2014-06-09,2014,160,40.098003,27.848,29.886889,38.798,28.301582,4.065608,892.5,44.7
2014-06-10,2014,161,39.398003,28.698,30.07022,38.735504,36.446518,4.008891,858.75,44.8
2014-06-11,2014,162,37.498,29.698,30.481333,37.148003,43.29058,6.0486097,759.0,42.0
2014-06-12,2014,163,37.098003,28.748,29.303555,36.323,41.262737,6.3805847,692.75,40.2
2014-06-13,2014,164,37.848003,28.248,29.309113,37.348003,37.930527,5.549535,797.5,42.1
2014-06-14,2014,165,36.798,28.548,29.842445,36.423,43.23264,5.5509276,718.75,40.7
2014-06-15,2014,166,36.448,28.748,29.592445,35.610504,47.12241,5.183209,666.75,39.7
2014-06-16,2014,167,35.898003,27.798,28.392445,34.610504,53.459675,5.2175508,643.0,38.7
2014-06-17,2014,168,35.848003,28.448,28.853556,34.7855,50.44731,4.8815937,616.75,38.6
2014-06-18,2014,169,36.498,27.648,28.536888,36.085503,41.694633,4.8465786,630.5,39.8
2014-06-19,2014,170,37.748,28.148,29.020224,36.9105,44.317574,4.242569,761.25,42.3
2014-06-20,2014,171,38.698,28.248,29.68689,37.573,36.50065,5.390884,824.5,42.6
2014-06-21,2014,172,38.548,28.148,29.798,37.5355,34.830147,6.311414,644.25,41.2
2014-06-22,2014,173,39.248,28.198,29.603556,37.585503,34.13265,6.3172197,627.75,41.1
2014-06-23,2014,174,40.148003,28.448,29.753557,38.335503,34.830357,6.5709867,832.25,43.5
2014-06-24,2014,175,40.098003,28.148,29.720222,38.0355,33.20119,6.2307224,843.5,43.1
2014-06-25,2014,176,38.998,28.098,29.759111,37.585503,33.925835,5.8622627,796.75,42.2
2014-06-26,2014,177,38.398003,28.048,29.18689,36.348,36.351444,4.510679,632.25,40.0
2014-06-27,2014,178,38.098003,27.898,29.648,36.7605,35.00433,3.944862,802.25,41.9
2014-06-28,2014,179,38.748,27.298,29.414665,36.998,35.6081,4.1002364,836.25,42.4
2014-06-29,2014,180,38.648003,27.248,29.153555,36.960503,33.81843,5.698424,735.5,41.0
2014-06-30,2014,181,38.648003,27.398,29.164665,36.698,35.34525,5.7673397,666.5,40.2
2014-07-01,2014,182,36.048,27.498,29.203556,35.210503,38.681553,5.488009,408.75,36.7
2014-07-02,2014,183,37.598003,27.998,29.575779,36.7605,36.69734,5.0302773,710.75,40.8
2014-07-03,2014,184,37.048,27.548,29.348,36.035503,37.69327,5.6708245,548.0,38.7
2014-07-04,2014,185,38.198,27.848,29.32022,36.473,36.001633,4.9436426,658.0,40.1
2014-07-05,2014,186,38.698,27.498,29.325779,37.198,34.43605,3.6946666,805.5,42.6
2014-07-06,2014,187,38.548,28.548,30.203556,37.2855,34.535217,3.3865435,761.0,42.6
2014-07-07,2014,188,38.298,29.498,30.992445,36.9855,38.987663,3.3126302,668.5,41.9
2014-07-08,2014,189,38.798,28.598,30.286888,37.610504,34.6126,3.756147,794.75,43.0
2014-07-09,2014,190,36.548,29.098,30.020224,35.673,41.26232,3.3958225,531.0,39.4
2014-07-10,2014,191,34.848003,28.598,29.303555,34.235504,48.035896,3.0923061,380.0,37.2
2014-07-11,2014,192,36.598003,28.398,29.053555,34.948,51.52625,2.4269598,653.25,41.0
2014-07-12,2014,193,35.298,28.198,28.742445,34.710503,49.480324,2.0961642,665.5,40.9
2014-07-13,2014,194,36.198,27.098,27.520224,35.5605,46.065678,3.4044182,695.0,40.8
2014-07-14,2014,195,33.298,27.998,28.386889,30.048,68.73015,2.382317,182.25,32.8
2014-07-15,2014,196,34.148003,26.948,27.748,33.6605,54.077183,1.2449646,433.0,39.0
2014-07-16,2014,197,30.548,26.398,26.592445,29.9855,74.667816,0.39739513,280.25,35.7
2014-07-17,2014,198,31.698,26.198,26.55911,31.1355,70.833115,2.5893319,365.0,35.8
2014-07-18,2014,199,28.548,26.548,26.959112,26.6605,92.73336,5.3810506,64.25,26.3
2014-07-19,2014,200,30.298,25.648,26.298,30.0855,69.947845,4.913644,346.0,31.9
2014-07-20,2014,201,32.648003,25.698,26.853556,32.048,56.552757,4.756194,548.0,35.0
2014-07-21,2014,202,32.198,26.198,27.075779,31.435501,60.60614,4.675588,581.75,34.8
2014-07-22,2014,203,32.048,26.148,27.192444,31.398,61.473404,5.0801864,546.25,34.4
2014-07-23,2014,204,28.148,25.848,26.742445,27.147999,89.46173,4.502179,183.75,28.5
2014-07-24,2014,205,26.298,24.698,25.148,26.0355,92.844955,5.2519827,134.75,26.0
2014-07-25,2014,206,28.498,24.748,25.08689,28.022999,82.048294,3.2792938,175.25,30.2
2014-07-26,2014,207,31.098,24.898,25.475777,30.6605,72.101105,3.804293,481.5,34.9
2014-07-27,2014,208,30.548,26.098,26.581333,29.772999,72.189804,3.3031921,386.5,33.4
2014-07-28,2014,209,30.648,25.798,26.492443,30.323,67.390015,3.5971713,450.75,33.9
2014-07-29,2014,210,28.798,25.098,25.592445,27.648,88.97281,0.692711,198.0,33.4
2014-07-30,2014,211,28.798,25.298,25.564667,28.3605,86.18182,3.1305704,255.0,32.1
2014-07-31,2014,212,29.548,25.098,25.525778,29.223,81.84003,2.3169634,400.5,34.9
2014-08-01,2014,213,31.048,25.298,25.792444,30.810501,68.99383,4.1804633,596.0,35.2
2014-08-02,2014,214,29.898,25.648,26.198,28.898,80.371765,4.0190926,348.0,32.0
2014-08-03,2014,215,29.448,24.948,26.236889,28.348,81.64596,4.981132,256.25,29.7
2014-08-04,2014,216,30.398,26.098,26.525778,30.1105,67.67424,4.0755606,503.5,33.6
2014-08-05,2014,217,28.598,25.398,25.80911,28.460499,77.869385,3.349845,288.0,31.3
2014-08-06,2014,218,28.098,24.898,25.209112,27.473,79.09562,3.4870052,148.0,28.7
2014-08-07,2014,219,29.598,24.448,24.925777,28.923,74.53535,3.614387,366.5,32.0
2014-08-08,2014,220,29.798,24.798,25.286888,29.273,75.43786,3.8036203,421.75,32.8
2014-08-09,2014,221,29.498,24.848,25.253555,28.848,78.63146,4.0194626,455.0,32.5
2014-08-10,2014,222,30.748,25.198,25.775778,30.272999,73.242035,2.657678,565.75,36.3
2014-08-11,2014,223,30.998,25.648,26.375778,30.698,62.73131,2.8035638,537.0,35.5
2014-08-12,2014,224,30.798,25.448,26.142445,30.272999,72.70258,3.8034704,628.0,35.4
2014-08-13,2014,225,30.898,24.948,26.148,29.973,71.161476,3.7675967,482.75,33.9
2014-08-14,2014,226,29.998,25.448,26.075779,29.560501,68.92338,5.2089586,411.25,31.4
2014-08-15,2014,227,29.998,25.198,25.831333,29.573,68.64909,5.8613043,504.5,31.7
2014-08-16,2014,228,30.998,25.248,25.942444,30.5105,63.84449,5.1232357,543.5,33.3
2014-08-17,2014,229,31.398,24.248,25.664665,30.560501,64.14348,2.9909651,581.75,35.6
2014-08-18,2014,230,30.848,24.798,25.959112,30.185501,70.74567,2.1482935,671.25,37.3
2014-08-19,2014,231,32.148003,24.798,25.825779,31.798,61.578617,1.2731862,709.0,39.6
2014-08-20,2014,232,32.398003,25.198,26.275778,31.923,61.9694,2.3161874,692.25,38.6
2014-08-21,2014,233,31.898,25.348,26.509111,31.498001,62.947403,2.162417,609.0,37.7
2014-08-22,2014,234,32.198,25.448,26.781334,31.760502,65.648476,1.4132904,768.75,40.3
2014-08-23,2014,235,31.748,26.248,27.075777,31.248001,67.29256,1.4735124,536.75,38.0
2014-08-24,2014,236,31.048,24.798,26.325779,30.298,73.497734,2.3704643,492.5,36.1
2014-08-25,2014,237,32.198,25.348,25.986889,31.560501,67.750984,1.7277446,579.75,38.5
2014-08-26,2014,238,30.548,25.498,26.214668,30.3855,64.3903,2.7524538,521.25,35.2
2014-08-27,2014,239,31.248,24.998,26.075779,30.873,61.27904,1.9613168,681.5,37.6
2014-08-28,2014,240,31.448,25.348,26.325779,31.0355,69.23715,0.7318118,676.75,39.5
2014-08-29,2014,241,33.148003,25.898,26.842445,32.735504,62.9292,1.7795675,752.5,40.7
2014-08-30,2014,242,32.098003,25.798,26.231333,31.373001,72.7626,2.5075421,583.5,38.0
2014-08-31,2014,243,30.748,24.948,25.43689,30.2605,76.07492,3.0627131,488.5,35.5
2014-09-01,2014,244,30.898,25.098,25.509111,30.7105,72.0238,1.0937741,478.0,37.7
2014-09-02,2014,245,30.698,24.898,25.18689,29.798,75.39772,1.8673806,462.5,36.0
2014-09-03,2014,246,28.598,25.448,25.725777,27.7605,86.206345,4.992353,291.5,29.6
2014-09-04,2014,247,28.248,24.948,25.281334,27.373,85.321495,3.1875625,195.0,29.9
2014-09-05,2014,248,31.298,25.198,25.714666,30.848,64.33728,5.2300572,572.0,34.0
2014-09-06,2014,249,30.498,24.398,25.292444,29.9105,64.17302,2.9862266,486.75,34.0
2014-09-07,2014,250,30.548,24.398,25.386889,30.173,61.97837,2.4985108,620.25,35.8
2014-09-08,2014,251,28.148,25.248,25.881334,27.298,86.04239,4.473877,213.5,28.6
2014-09-09,2014,252,26.148,23.598,24.575779,26.0355,91.26482,3.3090773,170.0,28.2
2014-09-10,2014,253,25.398,23.598,23.825777,25.348,92.26011,2.9035928,94.5,27.1
2014-09-11,2014,254,26.098,23.398,23.931334,25.648,93.3808,1.9634817,134.25,29.3
2014-09-12,2014,255,30.298,24.048,24.698,30.023,64.223946,3.076908,607.25,35.0
2014-09-13,2014,256,30.598,24.598,25.30911,30.210499,62.127815,2.6234088,605.5,35.6
2014-09-14,2014,257,30.398,24.448,25.281334,29.7855,69.51272,2.6197717,636.75,35.9
2014-09-15,2014,258,30.248,24.698,25.175777,30.0605,66.904785,1.5806174,604.75,36.9
2014-09-16,2014,259,30.998,24.348,25.275778,30.598,66.75452,1.5095665,588.5,37.5
2014-09-17,2014,260,30.348,24.248,24.981333,29.9855,66.99097,2.1833823,564.25,35.9
2014-09-18,2014,261,30.948,23.498,24.653557,30.698,62.914677,2.1958992,612.75,36.8
2014-09-19,2014,262,30.798,23.548,24.547998,30.5605,63.27672,2.8487043,627.0,36.0
2014-09-20,2014,263,30.298,22.748,24.120222,29.9105,62.348423,3.1753798,544.75,34.1
2014-09-21,2014,264,30.748,22.198,23.270224,30.272999,60.279182,2.1404638,634.75,36.3
2014-09-22,2014,265,30.998,22.598,23.870222,30.7355,60.7996,1.9645894,644.0,37.1
2014-09-23,2014,266,31.048,23.148,24.009111,30.7605,57.51053,3.0730987,759.0,36.5
2014-09-24,2014,267,30.598,21.948,23.570223,30.423,59.73757,2.6781461,662.25,36.0
2014-09-25,2014,268,30.748,24.298,24.820223,30.3605,64.35776,1.914688,587.25,36.6
2014-09-26,2014,269,31.698,23.648,24.881332,31.323,58.69184,1.0647216,705.25,38.9
2014-09-27,2014,270,31.898,22.898,24.742445,31.5855,60.270485,0.75608337,745.25,39.8
2014-09-28,2014,271,32.398003,23.448,25.092445,32.085503,58.408157,0.36569512,751.5,40.3
2014-09-29,2014,272,32.848003,24.048,25.18689,32.585503,57.81886,0.8058773,747.75,40.7
2014-09-30,2014,273,33.248,24.248,25.731333,32.998,59.69108,0.6849073,754.0,41.5
2014-10-01,2014,274,33.148003,24.248,25.592445,32.873,58.57366,1.0658555,741.25,41.0
2014-10-02,2014,275,33.898003,23.698,25.592445,33.473,52.985577,0.903981,746.0,41.2
2014-10-03,2014,276,34.248,23.948,25.981333,33.948,47.17385,1.0876888,783.0,41.5
2014-10-04,2014,277,34.098003,24.198,26.442444,33.8105,47.286663,2.2106085,780.75,40.4
2014-10-05,2014,278,33.998,23.698,25.164665,33.498,49.977436,1.7150836,766.5,40.6
2014-10-06,2014,279,33.798,23.348,24.531334,33.4855,50.507023,1.758103,746.25,40.4
2014-10-07,2014,280,34.948,23.848,24.875778,34.5105,45.631065,2.6364071,759.5,40.6
2014-10-08,2014,281,35.198,24.148,25.031334,34.648003,43.844116,2.415455,762.0,40.8
2014-10-09,2014,282,34.848003,23.448,25.020224,34.485504,44.03736,2.374993,735.25,40.5
2014-10-10,2014,283,35.048,23.548,24.925777,34.6605,42.554558,1.2753202,769.5,41.7
2014-10-11,2014,284,35.298,22.298,25.009111,34.848,40.56222,0.68450105,775.5,42.0
2014-10-12,2014,285,35.948,22.248,25.092445,35.410503,35.806255,1.9755553,778.0,41.6
2014-10-13,2014,286,34.298,22.498,23.759111,33.8605,34.843166,1.7998952,781.0,40.0
2014-10-14,2014,287,33.948,21.498,22.870222,33.3855,36.752666,0.97121894,771.5,40.0
2014-10-15,2014,288,34.798,21.848,23.064667,34.4355,37.035767,0.8313359,758.0,41.1
2014-10-16,2014,289,34.398003,21.298,22.925777,34.073,32.81819,1.2446412,769.0,40.3
2014-10-17,2014,290,33.998,20.398,22.214668,33.698,31.174292,1.4192281,766.75,39.7
2014-10-18,2014,291,33.498,19.748,21.797998,33.248,33.814537,0.4817207,762.75,39.6
2014-10-19,2014,292,34.298,20.848,21.986889,33.998,36.17984,0.4002364,749.5,40.5
2014-10-20,2014,293,34.698,22.298,23.231333,34.298,36.56203,1.9773512,745.5,40.2
2014-10-21,2014,294,35.198,22.398,23.83689,34.7605,33.50094,2.352293,745.75,40.2
2014-10-22,2014,295,34.798,23.098,24.131334,34.498,34.774887,2.161098,702.0,39.8
2014-10-23,2014,296,34.598003,21.898,23.642445,34.335503,32.7539,0.84560674,681.75,40.0
2014-10-24,2014,297,34.098003,21.848,23.531334,33.848,32.33464,0.7704555,656.0,39.3
2014-10-25,2014,298,33.498,20.798,23.092445,33.1605,35.077763,0.4388658,693.5,39.0
2014-10-26,2014,299,31.998,21.248,23.05911,31.522999,48.266624,1.0885656,703.0,38.2
2014-10-27,2014,300,32.448,21.748,23.236889,31.9855,43.268265,0.84085906,685.75,38.3
2014-10-28,2014,301,32.548,20.948,23.020224,32.085503,42.630714,0.6766962,653.75,38.2
2014-10-29,2014,302,33.148003,21.248,23.175777,32.7855,36.391724,0.6945221,539.75,37.5
2014-10-30,2014,303,32.998,23.048,24.603556,32.835503,38.110424,0.6892233,509.75,37.4
2014-10-31,2014,304,32.698,24.998,25.764668,32.323,39.824776,3.0435781,575.25,35.8
2014-11-01,2014,305,32.948,23.998,25.181334,32.735504,37.584015,1.0447959,610.75,38.0
2014-11-02,2014,306,33.898003,24.198,25.153557,33.660503,34.23176,0.7973676,666.5,39.3
2014-11-03,2014,307,34.048,22.098,23.281334,33.723,32.107845,1.2433281,704.5,39.4
2014-11-04,2014,308,33.598003,20.298,22.047998,33.248,34.498775,1.5346704,691.75,38.8
2014-11-05,2014,309,32.848003,20.348,22.370222,32.4855,37.617336,1.8799549,697.5,37.9
2014-11-06,2014,310,32.248,20.048,22.325779,31.923,40.60711,1.8157656,694.25,37.5
2014-11-07,2014,311,31.998,18.798,21.825779,31.6105,40.279182,1.5760115,694.5,37.4
2014-11-08,2014,312,33.198,18.598,20.93689,32.848003,31.295897,1.840555,691.75,37.9
2014-11-09,2014,313,33.698,21.098,22.931334,33.373,28.887474,2.804421,686.0,37.6
2014-11-10,2014,314,33.348003,23.298,23.93689,33.048004,31.484348,2.5426757,654.25,37.3
2014-11-11,2014,315,33.498,21.898,23.520224,33.1355,34.458023,2.8038375,669.0,37.4
2014-11-12,2014,316,33.448,24.248,24.775778,33.123,45.408592,1.6272521,651.75,39.0
2014-11-13,2014,317,33.798,24.248,25.203556,33.5105,45.997322,1.6182421,596.5,39.1
2014-11-14,2014,318,33.848003,24.998,25.93689,33.585503,45.970055,0.75084186,607.5,39.7
2014-11-15,2014,319,32.198,24.298,25.053555,31.948002,50.365265,0.18251409,552.0,37.9
2014-11-16,2014,320,31.398,23.098,23.881332,31.185501,53.38147,1.2299576,587.25,37.2
2014-11-17,2014,321,32.348003,23.348,24.342445,31.9855,47.648155,1.8438208,610.75,37.4
2014-11-18,2014,322,32.698,22.748,24.003555,32.448,41.60629,1.7931932,611.75,37.5
2014-11-19,2014,323,32.898003,22.048,23.014668,32.610504,34.131554,1.9837068,652.0,37.4
2014-11-20,2014,324,32.798,20.748,22.253555,32.498,26.507092,2.32388,663.25,36.7
2014-11-21,2014,325,31.748,18.698,20.548,31.4605,24.386068,2.1982117,665.0,35.6
2014-11-22,2014,326,31.148,17.248,19.686888,30.8355,32.10583,1.1668197,659.75,36.0
2014-11-23,2014,327,31.148,17.148,19.142445,30.8855,30.523203,1.2529507,661.75,36.0
2014-11-24,2014,328,31.648,18.298,19.720222,31.397999,31.39463,1.4255812,654.75,36.4
2014-11-25,2014,329,31.548,18.748,19.909111,31.310501,32.445465,1.2866824,653.75,36.4
2014-11-26,2014,330,31.098,18.148,19.770224,30.8355,32.26802,1.258573,657.25,36.0
2014-11-27,2014,331,30.498,16.348,18.742445,30.210499,32.96656,1.4590691,656.0,35.2
2014-11-28,2014,332,30.498,16.748,19.453556,30.073,35.937534,1.1198666,650.75,35.4
2014-11-29,2014,333,30.498,16.848,19.286888,30.085499,40.895325,0.6576286,643.5,35.9
2014-11-30,2014,334,30.548,18.598,19.909111,30.2355,41.563065,1.1021602,637.75,35.9
2014-12-01,2014,335,30.848,18.698,20.286888,30.5105,36.04442,0.81142116,640.5,35.9
2014-12-02,2014,336,31.198,18.898,20.525778,30.823,34.169724,2.2459462,637.75,35.1
2014-12-03,2014,337,30.698,18.748,20.303555,30.4105,31.426537,1.7877322,638.75,35.0
2014-12-04,2014,338,30.548,17.848,19.670221,30.248001,32.57368,2.1182222,639.75,34.6
2014-12-05,2014,339,30.548,18.598,19.736889,30.123001,30.174578,3.5622761,640.25,32.9
2014-12-06,2014,340,30.248,19.248,20.136889,29.835499,30.75528,3.987712,629.75,32.1
2014-12-07,2014,341,29.798,18.548,19.292444,29.398,31.52724,2.5700362,637.25,33.1
2014-12-08,2014,342,29.698,16.898,18.18689,29.085499,33.378048,1.6749842,618.75,33.6
2014-12-09,2014,343,29.848,15.948,17.942444,29.4355,32.43935,1.8610075,644.25,34.0
2014-12-10,2014,344,29.648,16.398,18.114666,29.0855,33.074226,2.4049726,640.5,33.1
2014-12-11,2014,345,29.898,18.648,19.30911,29.2605,41.356606,2.5808904,630.5,33.4
2014-12-12,2014,346,29.548,18.448,19.536888,29.048,46.53356,1.4329878,635.0,34.7
2014-12-13,2014,347,26.948,14.998,17.014668,26.623,24.605556,3.1011672,656.25,29.6
2014-12-14,2014,348,25.598,12.298,14.575779,25.310501,28.353971,3.084054,657.5,28.4
2014-12-15,2014,349,25.048,12.098,13.792445,24.5355,24.810226,3.0433607,665.75,27.7
2014-12-16,2014,350,25.248,13.548,14.4702215,24.723,31.46539,4.2923713,657.5,26.3
2014-12-17,2014,351,24.498,13.648,15.036889,23.8105,32.80948,3.8158524,661.25,26.0
2014-12-18,2014,352,24.998,13.348,14.920222,24.248001,35.208595,3.5242777,602.0,26.4
2014-12-19,2014,353,25.698,14.048,15.659112,24.935501,33.91598,3.335482,626.25,27.5
2014-12-20,2014,354,25.298,15.098,15.870222,24.6605,37.90318,3.0368397,560.5,27.2
2014-12-21,2014,355,26.198,12.748,13.986889,25.573,37.103653,2.3018308,657.0,30.0
2014-12-22,2014,356,26.898,12.998,14.681334,26.298,36.68865,0.5498488,654.0,32.2
2014-12-23,2014,357,26.648,11.998,14.181333,26.310501,35.673416,2.9772556,650.0,29.7
2014-12-24,2014,358,27.248,12.598,14.681334,26.6105,36.875034,1.6230644,652.0,31.7
2014-12-25,2014,359,27.698,16.048,16.692444,27.1355,37.96307,2.967413,649.0,30.7
2014-12-26,2014,360,26.548,15.248,16.225777,26.048,28.816486,3.11927,657.5,29.1
2014-12-27,2014,361,25.798,13.498,14.959111,25.323,23.519358,3.2643647,674.25,28.2
2014-12-28,2014,362,25.348,12.948,14.103556,24.848,27.000515,3.4910238,671.0,27.5
2014-12-29,2014,363,25.248,12.698,13.759111,24.710499,28.132153,3.208289,671.5,27.7
2014-12-30,2014,364,25.348,13.248,14.392445,24.6355,32.22319,2.6293983,663.0,28.5
2014-12-31,2014,365,25.148,13.298,15.253555,24.5355,40.479805,3.235435,571.0,27.0
2015-01-01,2015,1,24.298,17.098,18.148,23.798,55.56126,3.5754035,349.5,24.2
2015-01-02,2015,2,23.648,17.298,18.542444,23.373001,53.692245,2.6014795,368.5,25.3
2015-01-03,2015,3,25.398,15.448,16.470222,24.723,49.898624,2.082075,627.75,29.8
2015-01-04,2015,4,26.348,14.548,15.936888,25.873001,41.6105,3.6316166,658.75,28.7
2015-01-05,2015,5,25.448,14.098,15.753555,24.598,33.414715,2.8043654,685.5,28.5
2015-01-06,2015,6,26.648,11.898,14.081333,25.948,32.598423,0.75189674,683.75,31.9
2015-01-07,2015,7,26.348,10.998,13.714666,25.647999,37.497692,1.1926523,676.25,31.5
2015-01-08,2015,8,27.648,13.498,15.198,26.9105,33.981613,1.3622707,680.25,32.4
2015-01-09,2015,9,27.398,13.098,15.031333,26.7355,30.750462,1.6410855,687.0,31.9
2015-01-10,2015,10,27.748,13.248,15.348001,27.085499,31.798115,1.195088,688.25,32.6
2015-01-11,2015,11,28.398,12.898,14.820223,27.6105,29.733192,1.2902077,696.25,33.0
2015-01-12,2015,12,28.748,12.398,14.898,28.022999,31.08413,0.7305688,699.5,33.8
2015-01-13,2015,13,27.448,12.748,15.497999,26.823,32.46091,0.8398625,700.5,32.8
2015-01-14,2015,14,25.248,13.598,17.08689,24.9855,64.03494,2.161344,503.25,29.6
2015-01-15,2015,15,26.798,15.598,17.053555,26.0105,43.374443,2.5713038,684.5,30.6
2015-01-16,2015,16,26.798,14.948,16.142445,26.098,40.936913,2.3090274,696.5,31.0
2015-01-17,2015,17,26.148,14.548,15.509111,25.498,37.082256,2.5065415,706.25,30.1
2015-01-18,2015,18,25.848,13.448,14.814667,25.210499,35.163097,2.007169,712.5,30.5
2015-01-19,2015,19,27.098,13.398,15.2646675,26.085499,38.736294,2.909122,699.5,30.1
2015-01-20,2015,20,27.598,16.798,17.853556,26.8855,43.84751,3.335146,691.75,30.6
2015-01-21,2015,21,26.048,16.048,17.442444,25.2355,49.33297,1.0786703,455.75,29.8
2015-01-22,2015,22,25.848,16.748,17.775778,25.248001,42.806133,2.425514,685.25,30.0
2015-01-23,2015,23,25.498,13.198,14.914666,25.173,35.053413,2.1800084,702.5,30.1
2015-01-24,2015,24,25.348,14.198,15.642445,24.7605,52.50293,3.1851065,659.0,28.6
2015-01-25,2015,25,25.698,16.598,17.381334,25.148,51.82112,2.6341295,615.0,29.4
2015-01-26,2015,26,24.348,13.448,15.670222,23.897999,48.182434,2.1832995,627.5,28.8
2015-01-27,2015,27,24.398,13.248,14.942444,23.748001,40.165283,3.1162198,727.0,27.8
2015-01-28,2015,28,24.148,13.048,14.114666,23.522999,31.313847,3.5778008,742.0,26.8
2015-01-29,2015,29,25.548,11.898,13.353556,24.647999,30.593357,3.050811,745.75,28.6
2015-01-30,2015,30,26.698,13.398,14.598001,25.835499,28.08339,3.517403,746.0,29.1
2015-01-31,2015,31,27.748,13.648,15.336888,26.8105,30.589708,1.8310322,748.5,32.3
2015-02-01,2015,32,29.148,12.898,15.203556,28.298,30.86547,1.5907276,747.75,33.9
2015-02-02,2015,33,28.698,13.648,16.098,27.698,37.873,1.2627385,739.25,33.9
2015-02-03,2015,34,28.648,15.298,17.420221,28.023,39.77566,2.0879583,742.75,33.5
2015-02-04,2015,35,28.948,16.948,17.875778,28.073,34.646614,4.4720273,746.75,30.7
2015-02-05,2015,36,29.098,16.998,18.492445,28.185501,36.34471,2.3999567,743.25,33.2
2015-02-06,2015,37,29.898,16.798,18.475777,29.148,38.819984,1.5465524,732.0,35.0
2015-02-07,2015,38,29.548,16.748,18.592445,29.0605,26.334558,1.550333,767.25,34.6
2015-02-08,2015,39,28.698,15.198,17.392445,28.0855,25.144644,2.1519437,771.75,33.1
2015-02-09,2015,40,29.048,14.748,16.853556,28.4355,30.603409,3.215642,772.75,32.5
2015-02-10,2015,41,29.498,18.148,19.236889,28.8605,38.702953,4.411355,723.0,31.6
2015-02-11,2015,42,29.548,16.798,18.43689,28.698,39.66534,2.502441,765.75,33.9
2015-02-12,2015,43,29.848,15.848,17.870222,28.960499,32.346767,2.4934871,779.25,34.0
2015-02-13,2015,44,30.398,15.098,17.20911,29.523,22.174255,1.26756,789.5,35.2
2015-02-14,2015,45,31.248,14.848,17.748,30.298,29.42087,2.3082943,788.25,35.5
2015-02-15,2015,46,31.248,15.798,18.375778,30.085499,43.93286,0.8645606,778.25,37.1
2015-02-16,2015,47,32.248,15.997999,18.675777,30.935501,29.45862,1.8842082,801.25,36.6
2015-02-17,2015,48,31.198,17.848,19.93689,30.098,38.1838,2.7804034,794.0,35.2
2015-02-18,2015,49,31.848,17.498,19.775778,30.9855,38.276844,0.51780677,789.75,37.8
2015-02-19,2015,50,32.198,17.248,19.670221,31.2855,35.714607,2.3997889,793.0,36.8
2015-02-20,2015,51,32.648003,17.448,19.642445,31.698002,30.655506,0.7948438,805.75,38.1
2015-02-21,2015,52,33.748,18.098,20.020224,33.085503,24.399006,1.4306632,810.25,38.9
2015-02-22,2015,53,35.098003,18.948,21.08689,34.498,24.619497,1.5122877,808.75,40.4
2015-02-23,2015,54,34.698,18.998,21.398,33.9105,26.60841,0.899386,807.75,40.1
2015-02-24,2015,55,32.898003,19.248,21.870222,32.0105,32.031845,1.9347296,736.0,37.3
2015-02-25,2015,56,28.948,19.748,21.959112,28.0355,33.675827,3.118494,807.0,32.6
2015-02-26,2015,57,27.648,15.948,17.920221,27.0855,18.774225,2.3266885,853.5,32.5
2015-02-27,2015,58,28.448,13.148,15.6368885,27.973,19.524242,0.9901392,841.5,34.3
2015-02-28,2015,59,29.848,15.098,17.448,29.448,28.217516,3.3928535,777.0,33.3
2015-03-01,2015,60,21.498,17.298,19.214668,20.698,84.25017,3.1014128,336.0,22.8
2015-03-02,2015,61,23.998,15.148,16.486889,23.3605,49.395447,3.2126012,836.5,28.6
2015-03-03,2015,62,24.198,12.598,15.542445,24.023,39.725872,1.494765,595.5,29.1
2015-03-04,2015,63,26.348,14.098,15.814667,25.9355,39.122917,0.93138355,839.5,33.4
2015-03-05,2015,64,27.598,13.648,18.070223,27.0105,38.610146,0.35388768,848.25,34.6
2015-03-06,2015,65,29.548,15.548,17.903557,28.9355,38.830616,0.8736173,846.25,36.2
2015-03-07,2015,66,31.148,17.098,19.503555,30.5355,34.38505,2.878121,842.25,35.8
2015-03-08,2015,67,30.048,18.848,19.720222,29.522999,33.219933,1.2279017,865.75,36.4
2015-03-09,2015,68,29.998,17.148,18.325779,29.272999,24.642704,3.6229444,888.0,33.7
2015-03-10,2015,69,30.648,18.098,19.248,29.522999,34.498795,3.6260211,856.0,34.0
2015-03-11,2015,70,33.098003,19.798,20.703556,32.423004,36.106674,1.1604807,834.75,39.3
2015-03-12,2015,71,33.148003,19.148,20.981333,32.598003,36.14505,1.2802372,818.75,39.3
2015-03-13,2015,72,30.948,19.848,23.025778,29.8855,41.128986,3.6132724,698.5,33.5
2015-03-14,2015,73,30.348,19.598,20.55911,30.048,44.26983,0.9512243,759.75,36.9
2015-03-15,2015,74,29.848,17.798,19.564667,28.522999,39.032616,3.6021864,859.0,33.1
2015-03-16,2015,75,28.548,17.098,19.286888,27.948,35.40478,0.9915104,881.25,35.3
2015-03-17,2015,76,31.048,16.198,18.464668,30.647999,24.550932,3.1982358,875.75,35.5
2015-03-18,2015,77,31.798,18.248,19.981333,31.1605,23.734936,2.5823376,896.25,36.7
2015-03-19,2015,78,33.198,17.648,19.320223,32.6855,22.798267,2.2338881,890.75,38.5
2015-03-20,2015,79,34.748,18.698,20.720222,34.085503,21.704475,1.4930034,891.25,40.4
2015-03-21,2015,80,36.048,20.398,22.331333,35.4355,24.254692,1.3237969,884.75,42.0
2015-03-22,2015,81,37.748,20.148,23.253555,37.160503,22.74075,1.2685763,884.0,43.8
2015-03-23,2015,82,38.348003,23.948,26.014668,37.598003,23.26823,0.93106884,890.5,44.4
2015-03-24,2015,83,38.398003,24.198,25.786888,37.610504,21.946234,1.2058977,895.0,44.4
2015-03-25,2015,84,39.048,23.348,25.531334,38.273003,20.50267,0.69888914,900.75,44.9
2015-03-26,2015,85,38.698,24.548,27.453556,37.585503,24.748774,1.1252122,884.0,44.5
2015-03-27,2015,86,38.348003,24.148,26.575779,37.610504,32.176697,1.7059205,863.5,44.7
2015-03-28,2015,87,38.348003,23.898,26.170221,37.585503,22.735716,1.9552548,887.75,44.1
2015-03-29,2015,88,34.598003,26.398,27.648,34.423,31.060093,3.6142955,464.0,36.6
2015-03-30,2015,89,36.098003,21.898,24.170221,35.198,23.56503,3.791152,908.75,40.3
2015-03-31,2015,90,34.798,20.048,22.93689,33.8855,24.538555,1.6029952,917.75,40.5
2015-04-01,2015,91,35.748,21.248,23.753555,34.8605,23.838661,2.0948014,908.75,41.2
2015-04-02,2015,92,37.348003,20.998,24.153557,35.735504,26.82799,3.6037016,901.25,41.2
2015-04-03,2015,93,36.298,22.248,24.925777,34.723003,28.208233,4.1432014,909.75,39.7
2015-04-04,2015,94,34.648003,23.748,24.948,32.710503,39.772736,3.8985636,753.0,36.8
2015-04-05,2015,95,33.798,21.598,24.048,32.773003,36.22544,1.5272037,899.0,39.9
2015-04-06,2015,96,34.998,22.098,24.725777,34.248,34.75448,0.664221,896.25,41.7
2015-04-07,2015,97,35.398003,23.298,26.009111,34.823,33.28305,1.027239,829.5,41.7
2015-04-08,2015,98,37.048,22.998,25.998,36.548,28.015736,1.8621187,842.75,43.0
2015-04-09,2015,99,38.098003,25.198,27.092445,37.698,21.989449,2.048013,890.5,44.2
2015-04-10,2015,100,37.098003,24.148,26.036888,36.523003,34.167236,3.0821328,872.25,42.6
2015-04-11,2015,101,35.648003,23.998,25.531334,34.823,34.93551,4.0277314,885.75,40.0
2015-04-12,2015,102,32.448,22.798,24.320223,32.335503,37.966694,2.0115778,853.25,38.8
2015-04-13,2015,103,33.448,21.998,24.18689,32.9355,37.266182,0.53467035,864.25,40.3
2015-04-14,2015,104,33.598003,23.048,25.042444,33.273003,35.794582,1.6576364,794.0,39.6
2015-04-15,2015,105,34.748,23.748,25.686888,34.148003,30.619255,1.801649,804.75,40.2
2015-04-16,2015,106,37.248,23.748,26.159111,36.6855,27.199486,1.5931365,897.5,43.6
2015-04-17,2015,107,39.448,24.748,27.798,38.748,22.892138,2.0282903,915.5,45.6
2015-04-18,2015,108,41.398003,25.898,28.198,40.223,16.58279,3.7261431,924.25,46.2
2015-04-19,2015,109,40.948,23.998,27.720222,39.573,20.001076,2.7348626,929.75,46.2
2015-04-20,2015,110,41.398003,25.548,28.009111,40.598,14.217015,3.390359,930.5,46.6
2015-04-21,2015,111,41.248,26.348,28.070223,40.648003,15.826469,3.0802996,921.0,46.9
2015-04-22,2015,112,40.098003,27.098,28.625776,39.148003,13.084338,3.4580379,925.5,44.7
2015-04-23,2015,113,39.048,22.948,26.486889,37.448,17.952847,2.7032442,947.5,43.7
2015-04-24,2015,114,38.998,23.248,25.820223,37.523003,24.616472,2.6193476,931.25,44.1
2015-04-25,2015,115,38.448,22.848,25.853556,37.085503,26.802021,2.5598145,931.5,43.7
2015-04-26,2015,116,39.498,23.648,26.220222,38.273003,27.753399,2.8120608,926.25,45.0
2015-04-27,2015,117,40.898003,24.548,27.231333,39.148003,24.471878,3.1833992,929.5,45.7
2015-04-28,2015,118,41.748,23.748,27.092445,39.398003,22.971645,3.8497744,934.25,45.6
2015-04-29,2015,119,40.898003,25.398,27.692444,39.3605,25.33178,2.6565957,930.5,46.3
2015-04-30,2015,120,41.048,23.848,27.092445,39.073,22.465113,3.3575435,942.5,45.5
2015-05-01,2015,121,40.348003,25.098,27.448,38.8855,28.836884,1.8695166,922.25,46.3
2015-05-02,2015,122,41.798,25.498,28.131332,40.923004,15.734278,2.2884614,934.75,47.6
2015-05-03,2015,123,40.598003,23.698,26.786888,39.348003,18.235918,1.8294035,948.75,46.3
2015-05-04,2015,124,41.098003,25.498,27.648,40.148003,15.19186,2.8285131,933.5,46.4
2015-05-05,2015,125,41.348003,25.048,27.003555,40.648003,14.799961,1.7899559,899.75,47.1
2015-05-06,2015,126,39.448,24.848,27.564667,38.623,22.491129,1.8762633,926.75,45.6
2015-05-07,2015,127,40.398003,25.398,28.092445,39.398003,18.296362,2.6170545,934.75,45.9
2015-05-08,2015,128,40.048,25.648,28.370222,38.9855,24.600925,2.5217855,908.0,45.7
2015-05-09,2015,129,40.198,25.948,28.542442,39.298004,16.92781,2.384011,936.75,45.8
2015-05-10,2015,130,39.448,25.198,27.948,38.398003,21.554201,2.6507907,931.75,44.9
2015-05-11,2015,131,39.598003,26.348,28.753557,38.523003,27.3432,2.464077,919.25,45.4
2015-05-12,2015,132,38.348003,26.598,28.870222,37.448,35.774124,2.7756894,904.25,44.3
2015-05-13,2015,133,39.148003,27.298,29.498,38.410503,31.504845,2.1874688,886.5,45.5
2015-05-14,2015,134,38.748,27.448,29.614668,38.1855,32.520363,1.460635,846.25,45.4
2015-05-15,2015,135,40.348003,28.098,29.998,39.710503,26.511185,1.9659715,877.5,46.8
2015-05-16,2015,136,42.248,28.048,29.970222,41.3105,19.564795,2.9292643,927.0,48.1
2015-05-17,2015,137,42.248,27.248,30.253557,41.223003,16.662872,3.1082973,935.25,47.8
2015-05-18,2015,138,42.248,26.948,29.492445,41.035503,21.146431,3.339429,927.0,47.7
2015-05-19,2015,139,41.898003,26.348,29.075779,40.1355,27.942175,3.9623804,918.0,46.6
2015-05-20,2015,140,40.798,26.248,28.531332,38.973,31.653193,2.8498132,921.5,46.0
2015-05-21,2015,141,40.998,26.598,29.020224,39.023003,33.780476,3.2236683,908.25,45.9
2015-05-22,2015,142,41.498,26.848,29.381334,39.398003,30.681313,3.6622086,913.75,45.9
2015-05-23,2015,143,42.248,26.748,29.275778,40.323,28.954744,5.0383425,907.25,46.5
2015-05-24,2015,144,41.748,27.598,29.709114,39.7605,30.32035,5.2733555,905.5,45.8
2015-05-25,2015,145,41.148003,27.998,29.775778,39.198,32.68654,4.8640795,903.0,45.2
2015-05-26,2015,146,41.348003,27.298,29.120222,39.2605,31.933449,4.4225864,905.75,45.4
2015-05-27,2015,147,40.448,26.748,29.181335,38.5105,34.3106,3.209452,900.5,45.2
2015-05-28,2015,148,40.798,26.998,29.292442,39.0605,31.172653,2.8834863,893.0,45.9
2015-05-29,2015,149,41.198,27.198,29.970222,39.710503,29.112871,2.6070619,906.0,46.8
2015-05-30,2015,150,41.448,27.498,30.18689,40.123,23.969734,2.5884948,915.5,47.1
2015-05-31,2015,151,41.398003,26.448,29.103556,40.0605,21.919926,2.708157,921.0,46.8
2015-06-01,2015,152,39.998,26.648,28.93689,38.923,27.163328,4.522834,915.0,44.8
2015-06-02,2015,153,38.448,26.898,28.848,37.073,35.573013,4.5538263,889.75,42.6
2015-06-03,2015,154,37.948,27.448,29.364668,36.748,36.394897,2.4314597,811.5,43.1
2015-06-04,2015,155,38.948,28.348,29.553555,38.148003,32.97957,1.4771347,830.5,45.3
2015-06-05,2015,156,41.098003,29.198,31.098001,40.398003,23.780117,2.194638,868.25,47.2
2015-06-06,2015,157,41.548,29.798,31.442444,40.773003,21.926403,1.9010326,853.0,47.5
2015-06-07,2015,158,41.398003,30.348,31.692444,40.648003,23.980062,1.3369714,822.75,47.5
2015-06-08,2015,159,35.898003,29.398,30.075779,35.123,48.766357,1.9147601,446.75,39.9
2015-06-09,2015,160,37.848003,28.648,29.642447,37.0355,40.64529,3.265801,753.0,42.7
2015-06-10,2015,161,37.598003,28.498,29.420223,36.723003,41.6895,4.2386475,793.25,42.0
2015-06-11,2015,162,36.698,28.898,29.836891,35.5105,47.822468,2.1430612,691.5,41.9
2015-06-12,2015,163,37.648003,27.598,28.803555,37.173004,43.213448,2.9542747,793.25,43.6
2015-06-13,2015,164,36.798,28.848,29.431332,35.898003,47.53457,3.8360784,802.25,41.7
2015-06-14,2015,165,36.498,27.748,28.514666,35.910503,45.826294,3.6495886,764.5,41.5
2015-06-15,2015,166,36.348003,28.198,29.303555,35.660503,46.8453,3.3474853,733.75,41.3
2015-06-16,2015,167,36.148003,27.548,27.998,35.673004,49.577328,3.157746,780.0,42.0
2015-06-17,2015,168,35.948,26.848,27.592445,34.8105,50.078182,2.8258333,630.75,40.2
2015-06-18,2015,169,36.748,27.498,28.281334,36.023003,46.65558,2.9609213,738.5,42.1
2015-06-19,2015,170,35.998,27.248,27.892445,35.023003,47.83908,3.5535161,556.0,39.1
2015-06-20,2015,171,36.698,26.698,27.703556,35.9355,43.86107,4.1873574,594.0,39.8
2015-06-21,2015,172,36.898003,27.498,28.070223,35.7605,47.540028,4.4378653,678.5,40.3
2015-06-22,2015,173,34.948,27.298,27.820223,33.335503,59.568195,4.4497833,572.25,37.4
2015-06-23,2015,174,32.898003,26.498,27.170221,31.835503,62.841747,5.0132813,293.25,33.3
2015-06-24,2015,175,27.398,26.348,26.675777,27.1605,91.26712,4.51992,64.5,27.7
2015-06-25,2015,176,33.048,26.648,27.30911,32.3855,59.55779,4.9394484,488.5,35.2
2015-06-26,2015,177,34.048,26.348,27.381334,33.198,52.168003,5.084295,580.25,36.3
2015-06-27,2015,178,35.198,26.398,27.30911,34.098003,49.29702,4.446621,736.5,38.7
2015-06-28,2015,179,34.498,25.998,27.114666,33.823,48.92585,3.48878,719.5,38.9
2015-06-29,2015,180,34.348003,26.548,27.425777,33.960503,47.903828,3.733522,786.75,39.3
2015-06-30,2015,181,36.198,26.448,27.570223,34.898003,42.691868,4.036916,778.25,39.8
2015-07-01,2015,182,36.698,26.698,28.242445,35.198,42.031322,4.0202904,701.25,39.6
2015-07-02,2015,183,36.898003,26.598,28.381334,35.298004,39.5623,4.392189,695.75,39.3
2015-07-03,2015,184,37.998,26.798,28.598,35.9105,38.41382,4.6138725,697.5,39.9
2015-07-04,2015,185,38.398003,27.148,28.636889,36.5355,36.27703,6.2782507,662.5,40.0
2015-07-05,2015,186,37.698,27.548,28.814667,36.1855,38.349495,6.66528,538.75,38.9
2015-07-06,2015,187,35.998,27.248,28.453556,35.323,42.20297,6.5682793,388.0,36.9
2015-07-07,2015,188,35.948,27.348,28.659111,34.6355,44.747276,5.6621666,347.75,35.9
2015-07-08,2015,189,34.948,27.348,28.864668,34.048004,49.268444,4.5465417,357.75,35.9
2015-07-09,2015,190,37.048,27.398,28.764666,35.323,41.230995,5.291411,484.75,37.6
2015-07-10,2015,191,37.598003,27.348,28.947998,35.698,40.87573,5.195753,595.25,38.9
2015-07-11,2015,192,35.198,27.098,28.836891,34.198,45.167843,4.00677,370.75,36.1
2015-07-12,2015,193,36.748,28.048,29.331333,36.0105,40.86389,3.7880034,683.25,40.6
2015-07-13,2015,194,36.048,28.498,29.35911,34.985504,43.740707,3.137466,471.5,38.4
2015-07-14,2015,195,37.798,28.298,29.286888,36.4355,39.395264,3.8929005,726.5,41.2
2015-07-15,2015,196,36.498,27.848,29.648,35.548,38.88917,5.062436,514.75,38.0
2015-07-16,2015,197,37.248,27.298,29.098,35.710503,40.221905,5.04612,546.0,38.5
2015-07-17,2015,198,36.748,27.848,29.520224,35.773003,40.04886,4.2297096,425.5,38.1
2015-07-18,2015,199,34.598003,28.098,29.786888,33.710503,49.144207,3.6459558,339.5,35.8
2015-07-19,2015,200,30.598,27.348,28.431334,30.423,63.672253,3.6648512,187.75,31.5
2015-07-20,2015,201,31.848,27.048,27.498,31.4855,59.06788,3.703464,341.75,33.8
2015-07-21,2015,202,31.298,26.648,26.942444,29.873001,71.56502,1.9474683,279.0,34.1
2015-07-22,2015,203,26.698,26.048,26.209112,25.848,95.29057,0.8823788,23.75,29.9
2015-07-23,2015,204,31.698,25.548,26.08689,31.398,72.14602,2.836304,634.5,38.0
2015-07-24,2015,205,31.848,26.498,27.120222,30.973,71.52199,2.9394813,513.75,36.4
2015-07-25,2015,206,28.848,25.748,25.981333,28.423,77.80308,4.816999,204.25,29.2
2015-07-26,2015,207,25.498,24.598,24.903557,25.185501,93.49484,4.69407,52.75,24.4
2015-07-27,2015,208,25.548,24.398,24.753555,25.3605,91.55916,7.165515,60.75,22.9
2015-07-28,2015,209,25.248,24.548,24.786888,24.998,89.01588,9.469978,32.5,20.9
2015-07-29,2015,210,28.598,24.548,25.014668,28.4355,77.640945,6.286747,342.75,29.4
2015-07-30,2015,211,30.498,25.598,25.914665,29.748,67.33067,6.4136925,461.25,31.4
2015-07-31,2015,212,30.298,26.048,26.370222,29.8855,66.21569,5.6624737,481.75,31.9
2015-08-01,2015,213,30.348,25.648,26.303555,29.948,66.99425,5.1718245,390.75,31.6
2015-08-02,2015,214,29.698,25.648,26.286888,28.8855,69.7634,4.8034577,387.0,30.6
2015-08-03,2015,215,30.248,25.448,26.042444,29.7855,66.14996,3.7136345,441.25,32.9
2015-08-04,2015,216,30.948,24.798,25.970222,30.3105,61.661694,4.35343,497.5,33.1
2015-08-05,2015,217,30.098,24.998,25.803555,29.7355,66.63588,4.9736753,444.0,31.8
2015-08-06,2015,218,30.698,25.198,25.942444,30.3855,62.240036,3.9745975,488.5,33.5
2015-08-07,2015,219,31.648,24.448,26.131332,30.973,59.819653,3.0258245,567.25,35.6
2015-08-08,2015,220,31.198,25.548,26.742445,30.7855,62.52491,2.8339095,554.75,35.7
2015-08-09,2015,221,31.298,25.448,26.303555,30.998,61.11181,2.8590288,564.0,35.9
2015-08-10,2015,222,31.348,26.098,26.642445,30.823,65.07194,2.869226,496.75,35.5
2015-08-11,2015,223,31.148,26.098,26.564667,30.8605,66.15053,3.3209264,557.75,35.6
2015-08-12,2015,224,30.448,26.148,26.60911,30.1105,68.75672,1.8684587,518.25,36.2
2015-08-13,2015,225,29.598,25.398,25.770224,29.423,72.77929,2.7922468,360.75,33.4
2015-08-14,2015,226,30.598,25.048,25.575779,29.7605,80.38371,1.5266136,460.25,36.9
2015-08-15,2015,227,30.848,25.598,26.036888,30.4355,77.3114,2.2206507,565.0,37.5
2015-08-16,2015,228,31.498,25.948,26.714668,31.048,65.70163,3.1478746,606.75,36.3
2015-08-17,2015,229,31.898,25.798,26.68689,31.273,63.91012,3.0044608,650.5,36.9
2015-08-18,2015,230,31.148,26.248,26.992443,30.7105,68.041595,2.7062836,536.25,36.1
2015-08-19,2015,231,31.348,25.848,26.648,31.0105,62.460346,3.7370574,575.5,35.2
2015-08-20,2015,232,30.348,25.098,26.414665,29.8105,67.31985,4.836052,467.25,32.3
2015-08-21,2015,233,31.698,25.498,26.209112,30.998,60.277515,4.975053,566.75,33.9
2015-08-22,2015,234,31.248,24.748,25.953556,30.6355,62.623352,4.1762576,470.75,33.5
2015-08-23,2015,235,31.798,25.148,26.259111,31.248001,59.487656,3.5895822,524.0,35.0
2015-08-24,2015,236,31.248,25.548,26.43689,30.710499,61.10089,3.7220433,494.25,34.1
2015-08-25,2015,237,31.348,25.548,26.592445,30.7855,62.548206,3.0518467,473.25,34.8
2015-08-26,2015,238,31.298,24.998,26.481333,30.9855,61.53726,2.6711125,500.25,35.6
2015-08-27,2015,239,32.598003,25.048,26.342445,31.5355,58.952152,2.5237904,585.0,36.9
2015-08-28,2015,240,32.448,24.998,26.148,31.673,58.284027,2.4197965,615.75,37.3
2015-08-29,2015,241,31.948,25.398,26.58689,31.335499,62.914665,2.002864,619.5,37.8
2015-08-30,2015,242,31.398,26.498,27.003555,31.0855,61.97014,2.5406296,430.75,35.4
2015-08-31,2015,243,32.398003,26.148,26.925777,31.498001,55.62994,3.2675428,506.25,35.2
2015-09-01,2015,244,33.048,25.148,26.036888,32.1105,50.70132,3.2413113,730.0,37.2
2015-09-02,2015,245,32.348003,23.998,25.403557,31.473,49.79913,2.3877156,836.0,38.1
2015-09-03,2015,246,31.698,23.898,25.375778,31.2105,54.520836,1.9872012,681.0,37.4
2015-09-04,2015,247,32.798,24.148,25.348,32.585503,50.389603,1.9745836,753.25,39.2
2015-09-05,2015,248,32.298,24.698,25.920221,31.960503,55.818184,0.9026128,674.0,39.2
2015-09-06,2015,249,32.998,24.248,25.43689,32.273003,47.302956,1.9321723,755.25,38.7
2015-09-07,2015,250,31.948,23.798,25.209112,31.2105,56.38829,1.6155958,642.25,37.6
2015-09-08,2015,251,32.998,24.548,26.142445,32.3855,55.78405,0.9402561,748.0,40.2
2015-09-09,2015,252,33.698,25.748,26.753555,33.248,54.176334,0.7833543,768.5,41.3
2015-09-10,2015,253,34.198,26.198,27.281334,33.710503,55.40796,1.4092724,769.75,41.6
2015-09-11,2015,254,35.648003,26.648,27.975777,35.235504,48.180706,1.7353524,760.0,42.5
2015-09-12,2015,255,36.448,27.598,28.542442,35.9355,45.53662,2.0117996,742.25,42.7
2015-09-13,2015,256,35.348003,26.598,28.075779,34.835503,51.426487,3.137539,724.0,40.7
2015-09-14,2015,257,35.598003,27.648,28.892447,34.898003,49.572487,3.2988756,773.75,40.8
2015-09-15,2015,258,33.598003,26.848,28.342445,33.198,54.003494,2.6051157,548.25,38.1
2015-09-16,2015,259,34.998,26.448,27.986889,34.273003,50.748726,2.619281,767.0,40.8
2015-09-17,2015,260,35.798,26.848,28.675777,35.4105,48.883965,3.3748162,718.25,41.0
2015-09-18,2015,261,35.548,27.248,28.998,33.223,61.072067,4.3033314,539.75,37.3
2015-09-19,2015,262,31.348,26.548,26.759111,31.1105,67.51781,2.8766155,341.0,34.9
2015-09-20,2015,263,28.248,25.598,26.020224,27.473,85.088005,4.055098,243.25,29.5
2015-09-21,2015,264,28.348,24.348,25.225777,26.7355,85.34733,6.0910234,205.75,26.4
2015-09-22,2015,265,31.248,24.648,25.292444,30.647999,67.57164,3.4704607,528.75,35.1
2015-09-23,2015,266,31.098,23.648,24.920221,30.560501,56.15412,3.1308959,643.75,35.3
2015-09-24,2015,267,30.698,23.548,24.236889,30.198,56.946697,2.521892,762.25,36.5
2015-09-25,2015,268,30.998,21.848,23.225777,30.4855,53.445484,3.0262945,782.0,36.1
2015-09-26,2015,269,31.348,21.548,23.159111,30.848,51.314667,2.924254,792.75,36.6
2015-09-27,2015,270,31.598,22.848,24.398,31.0855,53.042675,1.6863997,746.75,38.0
2015-09-28,2015,271,32.998,21.198,23.925777,32.298,51.750237,1.1515431,789.0,40.0
2015-09-29,2015,272,35.098003,23.448,24.870222,34.848003,37.362606,2.530033,667.25,39.8
2015-09-30,2015,273,35.698,24.998,26.320223,35.585503,36.446594,3.4566317,628.0,39.6
2015-10-01,2015,274,36.798,22.948,25.181334,36.423,28.940418,2.4559689,806.5,42.3
2015-10-02,2015,275,37.348003,22.848,24.85911,37.048004,28.408894,1.8409969,778.25,43.1
2015-10-03,2015,276,36.348003,24.048,25.575779,36.0605,35.804836,1.4809198,753.5,42.5
2015-10-04,2015,277,35.898003,24.598,26.60911,35.3105,34.774384,1.3642336,791.0,41.9
2015-10-05,2015,278,36.098003,22.748,24.83689,35.748,34.234856,1.321206,735.75,42.0
2015-10-06,2015,279,36.798,24.698,26.292444,36.673,29.796684,1.7780414,606.0,41.5
2015-10-07,2015,280,36.998,24.298,26.675777,36.5105,30.361946,1.8660719,681.25,41.9
2015-10-08,2015,281,37.498,25.798,27.342445,37.073,27.36826,2.1932235,751.5,42.7
2015-10-09,2015,282,37.098003,23.098,25.431334,36.6855,29.670368,1.2579122,776.5,43.1
2015-10-10,2015,283,36.398003,23.548,26.125778,35.973003,27.509716,2.4362338,780.0,41.5
2015-10-11,2015,284,35.798,24.198,26.064667,35.123,34.539497,1.3618942,768.25,41.5
2015-10-12,2015,285,35.798,24.148,25.792444,35.5355,34.224594,0.53500104,735.25,41.9
2015-10-13,2015,286,36.398003,25.798,27.198,36.098003,36.63012,0.6611771,688.0,42.4
2015-10-14,2015,287,37.348003,25.148,27.231333,36.848003,31.425613,0.5775265,735.75,43.1
2015-10-15,2015,288,37.748,25.098,27.053555,37.373,24.756708,2.1704018,735.75,42.8
2015-10-16,2015,289,37.048,25.248,26.998,36.898003,26.52882,2.28032,644.75,41.6
2015-10-17,2015,290,37.248,25.048,26.803555,37.098,26.645592,1.73386,645.0,42.1
2015-10-18,2015,291,37.148003,24.398,26.692444,36.835503,27.626356,0.35307765,610.0,41.8
2015-10-19,2015,292,36.598003,24.048,26.83689,36.423004,29.096235,0.65606135,615.25,41.5
2015-10-20,2015,293,36.098003,24.948,26.564667,35.8105,31.661205,1.1568379,646.25,41.2
2015-10-21,2015,294,36.098003,24.748,26.525778,35.823,32.684425,0.946988,699.5,41.8
2015-10-22,2015,295,36.448,24.948,25.942444,36.1855,28.62947,2.060547,688.25,41.4
2015-10-23,2015,296,36.148003,22.448,24.553555,35.848,24.651802,2.0111103,745.75,41.2
2015-10-24,2015,297,35.798,21.448,23.58689,35.448,23.514772,1.5137572,742.75,40.9
2015-10-25,2015,298,35.298,21.148,23.325779,34.973,28.285555,0.86666113,725.0,40.7
2015-10-26,2015,299,35.048,22.648,24.964666,34.7855,30.300098,0.8539208,678.0,40.3
2015-10-27,2015,300,34.548,22.398,24.075779,34.398003,29.75522,0.9205049,643.0,39.6
2015-10-28,2015,301,34.498,21.698,23.392445,34.198,22.282587,2.8376827,736.75,38.5
2015-10-29,2015,302,31.198,19.598,21.803555,30.8855,21.92266,3.8004546,748.75,34.1
2015-10-30,2015,303,30.998,21.048,22.35911,30.522999,31.789103,3.998311,728.5,33.7
2015-10-31,2015,304,31.148,21.448,22.803555,30.7605,34.33051,3.6965866,718.5,34.2
2015-11-01,2015,305,32.548,21.548,23.014668,32.198,36.4488,2.9531627,698.75,36.5
2015-11-02,2015,306,33.798,22.548,24.136889,33.548,33.314213,2.3999176,675.5,38.2
2015-11-03,2015,307,34.098003,24.448,25.60911,33.948,29.434055,0.8741305,607.5,38.8
2015-11-04,2015,308,34.448,21.998,24.148,34.2355,28.807905,0.831962,682.25,39.6
2015-11-05,2015,309,34.198,22.048,24.225777,33.910503,27.218384,1.9042852,699.75,38.9
2015-11-06,2015,310,33.748,21.998,23.053555,33.498,28.704943,0.5729059,695.0,38.9
2015-11-07,2015,311,33.448,20.898,22.85911,33.160503,30.511356,1.2965229,668.5,38.4
2015-11-08,2015,312,33.448,21.098,22.948,33.110504,28.202627,1.4041826,692.25,38.3
2015-11-09,2015,313,33.698,19.898,22.014668,33.360504,28.681494,0.92935956,690.0,38.7
2015-11-10,2015,314,33.698,20.798,22.698,33.423004,31.558416,0.73527086,678.25,38.9
2015-11-11,2015,315,34.248,21.948,23.420221,34.0105,29.278145,1.0453696,673.5,39.3
2015-11-12,2015,316,34.948,22.298,23.948,34.6855,27.362299,1.2985356,677.0,39.9
2015-11-13,2015,317,34.648003,21.548,23.631334,34.410503,28.43163,0.8168714,675.5,39.7
2015-11-14,2015,318,34.048,21.298,23.131334,33.7605,27.525795,1.276099,680.25,38.9
2015-11-15,2015,319,33.698,18.898,21.198,33.373,25.097946,1.6628408,682.0,38.2
2015-11-16,2015,320,33.248,19.898,21.625778,32.9355,26.807766,1.3963367,680.0,37.9
2015-11-17,2015,321,33.048,20.098,21.648,32.673,24.479986,2.3306098,680.75,36.9
2015-11-18,2015,322,32.698,20.148,21.409111,32.335503,26.07418,3.067829,676.25,35.9
2015-11-19,2015,323,32.698,20.948,21.942444,32.3605,25.681606,2.8254619,674.75,36.2
2015-11-20,2015,324,32.448,20.448,21.498,32.098,25.324358,3.341019,677.25,35.4
2015-11-21,2015,325,32.948,19.498,21.292444,32.598,25.962479,2.4157815,668.5,36.7
2015-11-22,2015,326,33.548,21.548,22.83689,33.210503,27.25719,1.2931938,637.0,38.0
2015-11-23,2015,327,33.148003,21.748,23.725777,32.710503,41.48251,1.9385225,565.25,37.3
2015-11-24,2015,328,33.748,24.498,25.498,33.360504,38.91173,2.4186692,552.0,37.4
2015-11-25,2015,329,33.798,24.398,25.498,33.460503,34.692627,1.9333457,564.5,37.7
2015-11-26,2015,330,33.598003,23.698,24.942444,33.3105,33.48175,2.8346741,612.0,37.1
2015-11-27,2015,331,28.848,19.248,21.036888,28.435501,15.34515,2.5281358,638.75,31.7
2015-11-28,2015,332,28.948,16.448,17.714666,28.5855,21.978462,2.6318285,646.0,32.0
2015-11-29,2015,333,30.498,16.798,18.33689,29.898,32.03919,1.9873188,656.25,34.4
2015-11-30,2015,334,32.248,19.398,20.448,31.7355,39.205444,1.2177098,623.75,37.1
2015-12-01,2015,335,32.448,18.948,20.998,32.048,29.063528,2.8367636,637.0,35.6
2015-12-02,2015,336,30.848,17.448,19.470222,30.310501,27.889004,2.8571558,657.5,33.8
2015-12-03,2015,337,30.398,17.998,18.831333,29.9855,23.688784,2.689858,663.5,33.5
2015-12-04,2015,338,30.498,15.548,17.253555,29.973,25.403793,1.2810338,663.5,34.8
2015-12-05,2015,339,31.248,16.098,17.948,30.710499,30.423672,0.6370656,653.75,35.9
2015-12-06,2015,340,31.848,16.448,18.448,31.397999,25.815191,1.7881187,654.25,35.8
2015-12-07,2015,341,31.598,16.698,18.670221,31.1355,25.300003,0.7456646,652.25,35.9
2015-12-08,2015,342,31.648,16.648,18.509111,31.298,25.30657,0.601177,650.5,36.1
2015-12-09,2015,343,31.948,16.898,19.198,31.548,26.723017,2.4936483,634.25,35.3
2015-12-10,2015,344,29.798,20.198,20.80911,29.423,38.754143,2.54277,611.25,33.3
2015-12-11,2015,345,27.148,16.498,18.386889,26.7605,31.29094,2.7487392,655.0,30.3
2015-12-12,2015,346,26.648,13.148,15.43689,26.048,24.269503,2.2405524,663.5,30.2
2015-12-13,2015,347,26.798,13.198,14.631334,26.3355,24.692598,2.8231814,661.75,29.7
2015-12-14,2015,348,26.698,13.998,14.736889,26.185501,24.107122,3.6666698,664.0,28.5
2015-12-15,2015,349,26.398,13.548,14.864666,25.7105,21.782684,3.5042915,670.5,28.2
2015-12-16,2015,350,27.198,12.048,13.914667,26.598,23.880573,1.6717241,666.0,31.3
2015-12-17,2015,351,26.998,12.598,14.497999,26.548,22.918972,3.0841613,656.0,29.5
2015-12-18,2015,352,26.798,13.448,15.009111,26.3355,20.54528,3.8965242,666.75,28.3
2015-12-19,2015,353,27.598,13.998,15.2202215,26.823,27.779259,2.759504,657.75,30.3
2015-12-20,2015,354,26.998,12.648,14.581333,26.585499,21.831114,2.5505037,668.5,30.3
2015-12-21,2015,355,26.798,12.798,14.270223,26.273,28.549215,2.3588705,656.25,30.3
2015-12-22,2015,356,26.398,13.148,14.781333,25.8855,25.588755,1.9113097,655.5,30.4
2015-12-23,2015,357,25.748,12.698,14.675777,25.223,24.605112,2.1025338,653.5,29.5
2015-12-24,2015,358,24.998,13.598,14.664666,24.6105,25.807966,3.2250354,666.0,27.5
2015-12-25,2015,359,25.198,13.398,14.186889,24.5355,28.249744,3.944993,664.0,26.5
2015-12-26,2015,360,26.298,13.598,15.209111,25.473,23.968597,2.709149,650.25,28.9
2015-12-27,2015,361,29.048,13.948,15.731334,28.273,23.004885,2.52065,639.75,31.7
2015-12-28,2015,362,31.448,15.298,17.003555,30.623001,22.569471,2.0030615,649.25,34.7
2015-12-29,2015,363,32.398003,16.598,18.492443,31.698002,25.858177,1.0307432,637.25,36.4
2015-12-30,2015,364,33.048,16.448,18.953556,32.4855,26.239365,0.99258244,650.75,37.3
2015-12-31,2015,365,32.298,17.048,19.298,31.760502,27.079782,1.1128509,634.5,36.5
2016-01-01,2016,1,31.048,15.698,17.998,30.4855,24.668674,2.0267153,662.5,34.7
2016-01-02,2016,2,30.448,15.498,17.892445,29.647999,30.849903,1.4344016,658.75,34.6
2016-01-03,2016,3,30.448,16.348,18.192444,29.835499,30.638218,1.968852,659.75,34.3
2016-01-04,2016,4,30.448,16.248,18.236889,29.9355,30.455288,1.2022214,659.5,35.0
2016-01-05,2016,5,29.748,16.298,18.259111,29.2605,32.820023,0.5575577,656.0,34.7
2016-01-06,2016,6,29.848,15.548,18.392445,29.198,35.29809,0.71603155,654.25,34.7
2016-01-07,2016,7,29.398,18.448,20.386889,28.8855,34.07778,0.97476476,478.5,32.7
2016-01-08,2016,8,29.298,17.048,19.053555,28.935501,28.003893,2.368182,667.75,33.0
2016-01-09,2016,9,28.398,14.948,17.148,27.7355,29.482512,0.9849113,686.75,33.2
2016-01-10,2016,10,28.748,13.648,15.964667,28.1605,26.387856,0.4611681,690.25,33.6
2016-01-11,2016,11,29.598,14.698,16.931334,29.1105,26.89936,1.2489892,679.75,34.2
2016-01-12,2016,12,28.598,15.748,17.803555,28.098,32.52967,1.7888939,674.5,33.0
2016-01-13,2016,13,27.998,15.698,17.770224,27.498001,34.66694,1.2912781,682.75,33.0
2016-01-14,2016,14,27.798,15.148,17.331333,27.273,32.796135,2.0106292,681.75,32.0
2016-01-15,2016,15,27.048,14.398,16.570223,26.310501,30.975601,0.96649337,695.0,32.1
2016-01-16,2016,16,27.798,14.398,16.175777,27.1355,40.26961,0.79151905,687.75,33.4
2016-01-17,2016,17,27.398,15.148,17.325779,26.9855,38.264923,0.88303244,664.5,32.9
2016-01-18,2016,18,26.648,15.598,17.203556,26.123001,40.685154,1.9304887,551.0,30.2
2016-01-19,2016,19,26.398,12.848,15.536889,25.948,28.008493,2.6589408,700.5,30.0
2016-01-20,2016,20,25.548,14.448,15.620222,25.1605,31.239073,2.1862555,700.25,29.9
2016-01-21,2016,21,25.548,12.648,14.164667,24.9605,22.916584,3.1901221,732.25,28.5
2016-01-22,2016,22,26.098,11.598,13.448,25.398,22.006353,2.6030703,734.0,29.7
2016-01-23,2016,23,27.198,11.948,14.053555,26.4105,22.568796,2.0402765,738.75,31.4
2016-01-24,2016,24,27.348,11.248,13.936889,26.7355,21.457424,1.0487533,738.75,32.5
2016-01-25,2016,25,27.298,11.798,14.320223,26.448,25.095453,0.6549646,732.5,32.5
2016-01-26,2016,26,27.698,12.348,14.742443,26.998001,26.129745,2.0967546,734.25,31.9
2016-01-27,2016,27,27.848,13.048,15.853557,26.9855,46.759724,2.3370743,707.0,32.2
2016-01-28,2016,28,29.198,15.698,18.159111,28.3855,36.966354,1.1098253,719.25,34.4
2016-01-29,2016,29,30.798,15.598,18.314667,29.9355,36.319607,0.6929554,723.75,36.1
2016-01-30,2016,30,29.698,16.598,18.798,28.8605,44.354115,2.5864017,727.5,33.9
2016-01-31,2016,31,30.148,15.997999,18.142445,29.3855,38.818886,1.7931767,728.75,35.0
2016-02-01,2016,32,29.598,16.548,18.875778,28.923,36.312843,1.6005175,727.5,34.6
2016-02-02,2016,33,28.698,16.448,18.298,28.2605,22.837973,2.7176104,756.75,32.5
2016-02-03,2016,34,28.598,14.998,16.670221,27.948,31.046268,3.6973867,754.5,31.3
2016-02-04,2016,35,28.598,15.498,16.575777,27.923,24.537485,2.9220004,767.0,32.1
2016-02-05,2016,36,29.298,14.498,16.281334,28.3605,26.517368,1.6111829,767.75,33.9
2016-02-06,2016,37,28.398,14.598,16.614666,27.723,24.778225,2.2082705,766.25,32.7
2016-02-07,2016,38,28.748,12.748,16.164665,28.2855,22.705126,1.6197065,772.5,33.8
2016-02-08,2016,39,29.348,15.048,16.60911,28.748,19.426422,3.6372292,786.5,32.2
2016-02-09,2016,40,29.798,14.948,16.60911,28.897999,29.393305,2.2216532,775.5,34.0
2016-02-10,2016,41,29.048,14.348,16.798,28.598,21.337212,2.9603121,789.75,32.8
2016-02-11,2016,42,28.598,15.498,16.964668,27.710499,42.987396,2.2997413,759.75,33.2
2016-02-12,2016,43,27.698,15.248,17.214668,26.8855,27.969528,2.291841,786.25,32.1
2016-02-13,2016,44,27.848,15.048,16.653557,27.348,23.37443,3.1250315,791.75,31.4
2016-02-14,2016,45,27.748,13.498,15.759111,26.948,26.488737,2.3477337,799.25,32.1
2016-02-15,2016,46,28.948,14.198,16.825779,28.1105,30.816574,1.4729487,793.0,34.2
2016-02-16,2016,47,31.048,16.548,18.95911,30.148,40.374023,2.4067817,758.25,35.5
2016-02-17,2016,48,31.898,21.998,22.892445,31.1355,41.93752,2.0562282,693.0,36.5
2016-02-18,2016,49,33.098003,21.298,22.542444,32.273003,43.852283,1.77671,727.75,38.4
2016-02-19,2016,50,31.498,20.598,22.681334,30.698,45.646175,1.5327206,692.75,36.8
2016-02-20,2016,51,31.748,22.598,23.636889,31.248,30.31669,3.9050126,778.0,34.9
2016-02-21,2016,52,30.448,17.848,20.314667,29.948,29.46054,1.8023518,814.25,35.8
2016-02-22,2016,53,31.298,17.348,19.536888,30.6105,22.922163,2.1309915,773.75,35.6
2016-02-23,2016,54,32.148003,16.048,18.670221,31.498001,16.185728,2.6163263,843.75,36.3
2016-02-24,2016,55,32.498,16.198,18.903557,31.8355,18.402544,1.630784,813.5,37.2
2016-02-25,2016,56,31.948,16.998,19.842445,31.223,24.692345,0.4380027,747.75,36.7
2016-02-26,2016,57,33.398003,18.748,20.170221,32.648003,19.128977,3.4412327,818.25,36.8
2016-02-27,2016,58,33.398003,19.248,20.55911,32.6605,21.016117,3.8738756,848.25,36.8
2016-02-28,2016,59,34.548,19.748,21.170221,33.6355,26.0136,3.2293665,834.75,38.5
2016-02-29,2016,60,35.048,20.548,21.881334,34.173,32.03299,2.3874688,823.0,40.0
2016-03-01,2016,61,36.048,23.048,23.964668,35.323,28.547068,1.8403624,820.0,41.5
2016-03-02,2016,62,35.898003,21.948,24.186888,35.335503,25.74834,3.277876,779.5,40.0
2016-03-03,2016,63,35.048,22.098,24.392445,34.460503,28.791039,3.3662157,819.25,39.3
2016-03-04,2016,64,35.198,21.898,24.025778,34.648003,27.48938,2.0189593,778.5,40.2
2016-03-05,2016,65,33.548,21.348,23.042444,32.898003,24.44123,2.7578425,847.5,38.1
2016-03-06,2016,66,32.548,19.998,22.231333,32.0605,27.298756,0.61400545,844.25,38.5
2016-03-07,2016,67,32.748,20.548,22.464668,32.3605,22.772978,2.6819925,828.5,37.3
2016-03-08,2016,68,32.598003,19.698,21.886889,32.0605,24.237253,1.9891918,852.25,37.8
2016-03-09,2016,69,33.448,19.898,22.370222,32.948,25.19059,0.7339251,854.75,39.3
2016-03-10,2016,70,34.148003,20.498,22.736889,33.485504,28.616856,1.3466748,844.25,39.9
2016-03-11,2016,71,34.948,21.598,23.514668,34.148003,28.926666,1.7060238,859.5,40.6
2016-03-12,2016,72,32.098003,21.748,23.292444,31.573,33.455814,3.154574,790.0,36.2
2016-03-13,2016,73,31.298,20.098,22.159111,30.5605,31.046032,2.837558,816.25,35.5
2016-03-14,2016,74,32.298,19.448,21.736889,31.773,25.946064,1.7842622,851.75,37.8
2016-03-15,2016,75,33.348003,20.248,22.164665,32.573,22.416328,2.1853812,811.5,37.8
2016-03-16,2016,76,34.598003,21.248,23.014668,34.1855,23.138918,2.511414,873.75,39.8
2016-03-17,2016,77,35.248,21.498,23.909111,34.485504,25.389826,2.1970763,862.75,40.4
2016-03-18,2016,78,35.598003,22.648,25.120222,34.6855,28.7224,4.4401617,866.75,39.2
2016-03-19,2016,79,36.648003,23.048,25.536888,35.798004,26.479511,4.9946327,868.25,40.3
2016-03-20,2016,80,37.148003,23.398,25.798,35.773003,22.417639,3.9035993,894.25,40.8
2016-03-21,2016,81,36.398003,21.898,24.564667,35.8105,17.760033,3.1096048,905.75,41.2
2016-03-22,2016,82,36.598003,22.598,24.55911,36.0605,13.702073,2.7271152,917.25,41.5
2016-03-23,2016,83,37.348003,20.548,23.30911,36.673004,10.155293,1.6337503,932.5,42.3
2016-03-24,2016,84,38.298,19.548,23.248,37.498,13.411218,0.56625247,918.5,43.3
2016-03-25,2016,85,38.098003,23.698,25.948,37.1855,18.882372,1.7554373,833.0,43.1
2016-03-26,2016,86,37.748,24.548,27.131334,37.210503,19.671371,3.4735084,832.5,42.2
2016-03-27,2016,87,37.148003,24.098,26.042444,36.673,18.462074,2.8397174,915.25,42.5
2016-03-28,2016,88,37.248,22.648,25.08689,36.573,16.371462,1.2061164,918.5,42.9
2016-03-29,2016,89,36.898003,20.748,23.814667,36.2605,13.769426,1.0210788,928.0,42.3
2016-03-30,2016,90,37.598003,20.248,22.825779,36.948,14.340032,1.3226618,926.25,43.1
2016-03-31,2016,91,36.198,21.448,23.825779,35.148003,26.020887,1.9074737,891.25,41.6
2016-04-01,2016,92,36.698,22.098,24.270224,35.6855,29.58833,1.8122958,896.25,42.5
2016-04-02,2016,93,37.648003,23.498,25.781334,36.448,32.90233,1.5554723,825.5,43.3
2016-04-03,2016,94,37.648003,25.348,27.398,36.710503,26.980303,2.8976727,876.25,42.7
2016-04-04,2016,95,36.148003,24.748,26.920221,35.610504,23.586525,3.2191215,805.25,40.5
2016-04-05,2016,96,36.648003,23.348,25.598,35.848,22.066984,2.6206744,911.75,41.9
2016-04-06,2016,97,35.548,23.698,26.225777,34.8855,25.140047,3.3762813,859.75,40.0
2016-04-07,2016,98,35.698,24.848,26.425777,34.848,20.73643,2.8313098,922.75,40.6
2016-04-08,2016,99,35.598003,22.398,24.564667,34.8105,22.834929,2.1960342,924.5,41.1
2016-04-09,2016,100,36.348003,23.198,25.075779,35.6855,23.962185,1.6030692,904.25,42.3
2016-04-10,2016,101,37.498,24.248,26.236889,36.973,23.20676,3.4054384,858.0,42.3
2016-04-11,2016,102,37.298,26.098,27.831333,36.698,21.970043,3.5101676,914.5,42.3
2016-04-12,2016,103,38.348003,25.598,26.914665,37.785503,20.199062,2.11252,919.0,44.3
2016-04-13,2016,104,38.848003,24.648,26.270224,38.348,16.122295,1.442974,933.75,44.9
2016-04-14,2016,105,39.048,24.598,26.198,38.373,20.493673,2.1299968,930.0,45.1
2016-04-15,2016,106,38.698,23.898,26.536888,37.710503,22.678886,2.8638785,932.0,44.1
2016-04-16,2016,107,38.698,23.998,26.30911,37.9355,18.677685,3.50695,933.5,43.7
2016-04-17,2016,108,38.748,23.648,26.192444,37.410503,27.688717,3.852107,891.5,43.0
2016-04-18,2016,109,37.298,24.198,27.08689,36.460503,25.557896,2.6223767,865.25,42.4
2016-04-19,2016,110,38.048,24.548,27.186888,37.335503,27.792282,2.690994,912.0,43.9
2016-04-20,2016,111,39.098003,24.748,27.370222,38.235504,22.171413,2.955214,920.25,44.5
2016-04-21,2016,112,38.398003,24.248,26.825779,37.498,21.741226,3.1342878,929.25,43.6
2016-04-22,2016,113,37.698,22.248,25.259111,36.048,24.249317,3.8470712,928.25,41.5
2016-04-23,2016,114,37.498,24.698,26.592445,36.573,29.931524,2.727802,912.5,43.0
2016-04-24,2016,115,36.898003,24.148,26.35911,35.773003,26.941761,2.3275285,924.25,42.3
2016-04-25,2016,116,37.398003,24.098,26.498,36.698,21.488493,2.530984,851.75,42.4
2016-04-26,2016,117,36.048,25.948,27.681334,35.0355,24.05502,1.2189325,550.0,39.1
2016-04-27,2016,118,39.998,25.498,26.875778,39.5605,13.048615,3.5730157,943.0,45.3
2016-04-28,2016,119,40.498,25.398,27.964666,39.860504,18.026688,2.1678803,934.75,46.6
2016-04-29,2016,120,41.498,26.148,28.45911,40.798,18.333912,1.8612968,903.75,47.6
2016-04-30,2016,121,41.298,25.848,28.631334,40.173,19.548952,2.8018494,930.25,46.8
2016-05-01,2016,122,40.798,25.398,28.186888,39.598003,22.854677,2.8813717,920.75,46.2
2016-05-02,2016,123,40.798,26.148,28.95911,39.7605,21.35958,4.12905,836.75,45.2
2016-05-03,2016,124,40.898003,24.998,28.342445,39.848003,21.123701,3.2258935,916.5,46.2
2016-05-04,2016,125,37.998,25.998,28.153557,37.473,29.59655,3.079139,797.25,43.0
2016-05-05,2016,126,38.348003,25.548,27.825779,37.3105,27.110594,2.295448,915.25,44.1
2016-05-06,2016,127,38.598003,26.148,28.314667,38.223003,24.253538,2.3676996,844.0,44.4
2016-05-07,2016,128,38.748,26.798,29.131334,38.1355,28.733877,2.0330098,804.0,44.5
2016-05-08,2016,129,40.248,26.798,29.10911,39.5605,25.368023,2.9982018,877.0,46.0
2016-05-09,2016,130,40.648003,26.548,28.95911,39.748,25.189783,2.9316158,910.75,46.5
2016-05-10,2016,131,41.598003,27.648,29.548,40.835503,19.046652,3.199592,910.0,47.3
2016-05-11,2016,132,41.548,27.348,29.803555,40.5605,25.108175,3.0527139,911.25,47.4
2016-05-12,2016,133,41.748,27.198,29.992445,40.6355,22.088985,3.3165565,911.75,47.2
2016-05-13,2016,134,42.548,27.948,30.303555,41.710503,18.470306,3.4099042,916.0,48.2
2016-05-14,2016,135,42.448,26.648,29.76467,41.2855,19.726091,4.3005567,928.5,47.6
2016-05-15,2016,136,42.548,26.848,29.925777,41.473,18.783808,4.215191,934.5,47.9
2016-05-16,2016,137,42.198,27.598,30.35911,41.110504,20.677795,3.3768036,931.75,47.8
2016-05-17,2016,138,42.998,28.648,31.042446,41.773003,23.092678,2.6810656,912.25,48.9
2016-05-18,2016,139,45.248,29.148,31.586891,44.123,17.305754,3.3114865,922.25,51.1
2016-05-19,2016,140,45.398003,29.098,31.403557,43.498,17.11628,3.0543342,918.5,50.4
2016-05-20,2016,141,43.448,27.898,30.475779,41.785503,24.844978,5.0113363,917.5,48.3
2016-05-21,2016,142,42.198,27.998,29.925777,40.273003,29.501736,5.41421,909.5,46.4
2016-05-22,2016,143,41.548,27.998,30.009111,39.673,29.816349,5.9351273,898.5,45.5
2016-05-23,2016,144,41.648003,28.248,29.903555,39.785503,30.200798,5.5908375,898.75,45.7
2016-05-24,2016,145,40.848003,27.998,29.892447,39.0605,33.02173,5.376348,902.0,44.9
2016-05-25,2016,146,40.798,28.748,30.553555,39.248,32.30763,5.108852,855.25,44.9
2016-05-26,2016,147,40.648003,29.098,30.942444,39.248,33.68966,4.7165103,799.5,44.7
2016-05-27,2016,148,40.548,28.848,30.914665,38.985504,32.99852,4.5885835,859.0,44.7
2016-05-28,2016,149,40.048,28.898,30.725779,38.198,36.54032,4.7259746,783.0,43.3
2016-05-29,2016,150,40.248,28.098,30.042442,38.548,32.560707,5.0940213,865.75,44.0
2016-05-30,2016,151,40.698,28.698,30.042442,39.1355,31.403322,4.37333,877.0,45.0
2016-05-31,2016,152,40.248,28.598,30.253557,38.648003,30.465534,3.2092001,899.5,45.1
2016-06-01,2016,153,39.548,28.048,30.020224,38.548004,33.47617,3.2954466,878.0,45.0
2016-06-02,2016,154,39.898003,27.598,29.93689,38.448,32.861416,3.0578778,895.5,45.1
2016-06-03,2016,155,40.748,27.898,30.492445,39.348003,31.286093,3.132983,897.0,46.1
2016-06-04,2016,156,42.298,29.448,31.592445,41.198,25.287035,4.191435,894.75,47.6
2016-06-05,2016,157,43.498,29.798,31.76467,42.5105,18.746584,3.9386566,900.5,49.0
2016-06-06,2016,158,42.898003,29.248,31.525778,41.7605,18.443188,3.4524155,906.5,48.2
2016-06-07,2016,159,42.198,28.098,30.681335,40.523003,23.873774,3.367308,900.75,47.0
2016-06-08,2016,160,41.648003,27.248,29.35911,39.798004,30.258745,3.506035,895.25,46.4
2016-06-09,2016,161,41.048,28.048,29.975779,39.5105,32.443977,4.7552238,883.5,45.5
2016-06-10,2016,162,40.298,28.898,30.76467,38.5355,35.44465,5.0100546,689.75,43.0
2016-06-11,2016,163,39.898003,28.798,30.486887,38.1105,33.61846,5.440563,692.25,42.3
2016-06-12,2016,164,40.098003,28.498,30.136889,38.4355,32.43561,5.1942663,877.75,43.9
2016-06-13,2016,165,40.098003,28.548,30.286888,38.1105,33.72804,5.324428,824.25,43.2
2016-06-14,2016,166,38.248,28.698,30.309113,36.9355,35.016953,5.8734617,527.75,39.6
2016-06-15,2016,167,39.098003,28.598,30.081333,37.7855,31.3087,5.6571903,707.5,41.8
2016-06-16,2016,168,39.298,27.898,29.581333,37.7855,30.951658,4.937602,727.0,42.1
2016-06-17,2016,169,38.798,27.398,29.442444,37.4355,33.156635,3.4439294,773.75,42.8
2016-06-18,2016,170,38.948,27.798,29.520224,37.9355,31.773388,4.2564983,810.0,43.1
2016-06-19,2016,171,34.148003,28.198,29.659111,32.5355,45.066154,4.1572084,399.0,34.1
2016-06-20,2016,172,39.548,28.948,30.253557,38.198,35.72432,2.2303696,754.25,44.6
2016-06-21,2016,173,36.798,27.248,30.048,35.373,41.54565,1.5628669,441.5,39.7
2016-06-22,2016,174,35.598003,29.398,29.848,34.873,50.346737,3.1249075,547.0,39.4
2016-06-23,2016,175,35.898003,26.548,28.992445,35.285503,46.32577,1.1463652,502.25,40.7
2016-06-24,2016,176,36.398003,28.248,29.192444,35.585503,49.101013,3.1201916,708.75,41.4
2016-06-25,2016,177,36.848003,28.698,29.509111,35.9355,50.183884,3.0064178,703.5,42.0
2016-06-26,2016,178,35.398003,27.548,28.148,34.7855,50.06317,4.60606,618.75,38.7
2016-06-27,2016,179,37.098003,27.648,28.43689,36.485504,46.66075,3.9339552,757.75,42.1
2016-06-28,2016,180,36.898003,27.748,28.848,35.473,46.701656,1.7957582,696.0,42.1
2016-06-29,2016,181,32.348003,26.798,27.492445,31.635502,71.345795,1.9719572,428.75,37.6
2016-06-30,2016,182,33.998,27.248,27.920221,33.648003,55.984634,3.5036452,680.25,39.0
2016-07-01,2016,183,33.748,27.698,28.409111,33.498,57.42089,3.462447,526.75,37.9
2016-07-02,2016,184,33.948,27.048,27.875778,33.5105,60.08636,3.9556267,544.0,37.9
2016-07-03,2016,185,33.248,26.748,27.281334,31.635502,72.34299,3.3035667,586.25,37.5
2016-07-04,2016,186,32.298,27.898,28.30911,31.8855,62.610634,4.0169487,477.5,35.4
2016-07-05,2016,187,33.448,26.848,28.070223,32.985504,54.952515,4.2976084,528.5,36.3
2016-07-06,2016,188,32.798,26.548,27.914667,32.323,55.628693,4.6616817,468.5,34.8
2016-07-07,2016,189,32.848003,26.398,27.664665,32.298004,54.734146,4.796404,450.5,34.5
2016-07-08,2016,190,33.148003,27.098,28.148,32.573,57.366386,4.6556425,473.5,35.4
2016-07-09,2016,191,31.098,27.198,28.170221,30.9105,65.3266,3.6489348,191.0,32.4
2016-07-10,2016,192,32.098003,26.648,27.581333,31.248001,65.15829,2.8133695,251.75,34.2
2016-07-11,2016,193,30.548,26.948,27.825779,30.335499,69.05895,2.2119594,204.5,33.5
2016-07-12,2016,194,26.948,25.748,26.18689,26.798,93.36234,2.2775006,84.75,30.1
2016-07-13,2016,195,29.348,25.248,25.698,29.060501,73.099174,1.6740746,261.0,33.3
2016-07-14,2016,196,32.248,25.298,26.136889,31.8355,65.76116,4.6279135,702.75,36.7
2016-07-15,2016,197,31.448,25.998,27.064667,30.7855,68.45175,4.169729,502.0,34.5
2016-07-16,2016,198,29.898,26.148,26.825779,29.5355,74.31307,4.0338674,344.75,32.2
2016-07-17,2016,199,28.948,25.798,26.320223,28.573,81.28252,3.5419657,198.5,30.9
2016-07-18,2016,200,31.348,25.198,26.125778,30.4855,69.723656,3.9694886,468.5,34.1
2016-07-19,2016,201,30.948,25.148,26.242443,30.348,68.30647,3.8960514,401.5,33.4
2016-07-20,2016,202,31.498,25.548,26.55911,30.9855,63.683517,3.8117745,513.75,34.7
2016-07-21,2016,203,31.448,25.498,26.653555,30.835499,61.38006,3.0908098,482.25,34.8
2016-07-22,2016,204,31.798,25.448,26.803555,31.273,59.204247,3.1223376,454.75,34.9
2016-07-23,2016,205,32.448,26.098,27.10911,31.960503,56.54151,2.3718119,654.75,37.9
2016-07-24,2016,206,30.398,26.798,27.33689,29.698,72.25472,1.5737028,293.5,34.4
2016-07-25,2016,207,31.298,25.948,26.775778,30.560501,71.85402,2.4694097,428.5,35.7
2016-07-26,2016,208,31.248,26.398,26.531334,30.448,72.83494,2.4554107,456.25,35.9
2016-07-27,2016,209,27.648,25.698,26.131334,27.1855,89.85116,1.4308329,100.5,31.4
2016-07-28,2016,210,30.198,25.248,25.686888,29.0355,78.66853,2.2120423,273.75,33.4
2016-07-29,2016,211,29.848,24.998,25.398,29.210499,75.66827,2.9918802,428.25,33.7
2016-07-30,2016,212,29.698,25.648,25.775778,29.335499,73.13884,2.5482748,327.75,33.3
2016-07-31,2016,213,30.298,25.148,25.603556,29.5355,78.18593,2.5989528,455.5,35.1
2016-08-01,2016,214,31.098,25.698,26.198,30.5355,66.86622,3.8789208,324.25,32.9
2016-08-02,2016,215,28.348,26.398,26.792444,27.585499,86.62529,2.0548694,166.5,31.5
2016-08-03,2016,216,28.398,25.948,26.331333,28.0355,83.945984,2.7057452,219.5,31.5
2016-08-04,2016,217,29.798,25.548,25.881334,29.173,77.38255,3.2522962,251.25,32.1
2016-08-05,2016,218,30.148,24.848,25.403557,29.248001,78.931595,2.6727257,470.75,34.8
2016-08-06,2016,219,28.348,24.098,25.292444,27.748001,82.42314,4.1333156,244.25,29.5
2016-08-07,2016,220,25.998,24.748,24.903555,25.8855,85.213135,3.2926645,78.0,26.5
2016-08-08,2016,221,26.648,24.198,24.648,26.298,90.670616,2.8711805,176.0,29.2
2016-08-09,2016,222,26.698,24.998,25.248,26.397999,93.48424,3.1257095,97.5,28.6
2016-08-10,2016,223,28.648,24.998,25.248,27.8605,82.60082,4.465264,188.75,28.9
2016-08-11,2016,224,29.348,24.998,25.514668,28.973,71.83202,4.707608,326.75,30.5
2016-08-12,2016,225,30.948,25.048,25.748,30.5355,64.38251,3.652155,525.5,34.4
2016-08-13,2016,226,30.648,24.998,26.314667,30.272999,63.366737,3.674809,426.25,33.2
2016-08-14,2016,227,31.198,24.548,26.114666,30.835499,60.675232,4.1586285,550.5,34.2
2016-08-15,2016,228,31.048,24.348,25.942444,30.560501,59.918213,4.083346,538.25,33.8
2016-08-16,2016,229,30.648,24.648,25.598,30.435501,60.888466,4.5753045,465.0,32.7
2016-08-17,2016,230,31.398,24.548,25.536888,30.848,61.451706,4.2258587,563.0,34.3
2016-08-18,2016,231,31.298,24.498,25.68689,30.698,57.74095,2.9410207,604.5,35.4
2016-08-19,2016,232,28.898,24.548,25.659111,28.573,66.419235,2.4673574,213.75,30.8
2016-08-20,2016,233,27.698,25.498,26.075779,27.448,82.43005,3.4437997,121.25,28.8
2016-08-21,2016,234,29.698,24.498,25.292444,29.573,69.32893,4.344126,326.25,31.4
2016-08-22,2016,235,30.398,24.998,25.909111,29.9105,68.383766,3.9834552,416.75,32.8
2016-08-23,2016,236,27.648,24.798,25.698,27.2605,84.04879,4.748801,188.0,27.9
2016-08-24,2016,237,25.248,24.698,24.898,24.9855,91.67462,5.082931,76.0,23.7
2016-08-25,2016,238,28.998,24.148,24.631334,28.098,83.515915,1.2631919,307.25,34.0
2016-08-26,2016,239,29.548,24.748,25.009111,28.7855,83.7848,1.0763154,323.75,35.2
2016-08-27,2016,240,31.398,25.198,25.575779,30.673,74.99222,1.5583743,603.75,38.5
2016-08-28,2016,241,31.248,25.398,25.736889,30.623,73.52076,1.6032081,424.5,36.9
2016-08-29,2016,242,30.848,25.848,26.081333,30.335499,76.49376,2.8223279,443.5,35.6
2016-08-30,2016,243,28.798,25.498,25.975777,28.5105,83.355225,2.1006956,223.25,32.9
2016-08-31,2016,244,30.448,25.248,25.742443,29.1855,77.692665,2.189286,369.0,34.3
2016-09-01,2016,245,30.248,25.148,25.692444,29.723,69.919876,2.5946684,513.0,34.9
2016-09-02,2016,246,30.398,25.098,25.548,29.960499,62.545975,3.6576054,621.0,34.3
2016-09-03,2016,247,29.598,23.298,24.898,29.2605,61.927696,3.3625178,476.75,32.6
2016-09-04,2016,248,29.848,22.948,24.798,29.5105,60.45321,3.6439428,524.5,32.8
2016-09-05,2016,249,29.798,22.898,24.692444,29.2855,61.77333,3.7454228,561.25,32.8
2016-09-06,2016,250,30.148,23.098,24.598,29.7855,59.36254,3.5700645,603.0,33.8
2016-09-07,2016,251,30.298,23.998,24.742443,29.623001,61.992573,3.5650957,569.25,33.5
2016-09-08,2016,252,30.498,24.348,25.08689,29.948,59.8551,2.7128115,673.25,35.5
2016-09-09,2016,253,30.898,23.798,25.10911,30.5105,58.019444,2.708987,646.0,35.8
2016-09-10,2016,254,31.198,24.198,25.398,30.473,59.093452,3.2290463,654.0,35.3
2016-09-11,2016,255,31.298,23.698,25.05911,30.598,55.322243,2.5403738,717.5,36.5
2016-09-12,2016,256,31.098,24.898,25.981333,30.673,57.37871,2.0105822,688.5,37.1
2016-09-13,2016,257,31.148,24.748,25.775778,30.7855,61.622906,1.5976166,606.5,37.3
2016-09-14,2016,258,32.798,24.098,25.448,32.473,56.799603,2.580258,725.25,38.8
2016-09-15,2016,259,34.048,25.598,26.692444,33.748,55.3511,3.1745486,746.5,39.8
2016-09-16,2016,260,32.148003,26.298,27.036888,31.173,67.12219,2.026924,256.25,35.1
2016-09-17,2016,261,33.798,26.048,27.125778,33.3855,59.73048,2.4889233,699.0,40.1
2016-09-18,2016,262,29.998,26.948,27.636889,29.710499,74.58544,2.1567209,307.5,34.2
2016-09-19,2016,263,30.148,25.698,26.33689,29.710499,71.78383,3.3140113,284.25,32.5
2016-09-20,2016,264,31.448,24.798,26.036888,31.1355,59.268147,2.9469347,437.75,34.8
2016-09-21,2016,265,32.348003,24.998,26.203556,31.823,58.405304,2.3618894,572.75,37.2
2016-09-22,2016,266,32.998,25.898,26.848,32.135498,62.833397,2.6827939,664.5,38.4
2016-09-23,2016,267,34.098003,26.598,27.431334,33.585503,58.10669,3.339332,767.5,39.9
2016-09-24,2016,268,33.398003,25.448,26.925777,32.773003,58.094276,3.1358995,772.5,39.0
2016-09-25,2016,269,33.248,25.298,26.603556,32.4855,57.63804,3.0799856,756.0,38.6
2016-09-26,2016,270,33.448,24.848,26.353556,32.773003,56.214054,3.366242,787.75,38.8
2016-09-27,2016,271,33.548,24.448,26.003555,32.7605,53.706215,3.452127,791.25,38.5
2016-09-28,2016,272,33.498,24.048,25.653557,32.473,51.623375,2.560078,792.0,38.9
2016-09-29,2016,273,32.648003,23.448,24.909111,31.810501,52.934116,1.9645615,801.75,38.9
2016-09-30,2016,274,32.998,23.198,24.614666,32.3855,53.481575,2.7410812,755.5,38.5
2016-10-01,2016,275,29.248,24.898,25.80911,28.272999,80.58267,2.468704,261.0,32.2
2016-10-02,2016,276,32.198,24.348,25.048,31.773,69.12834,1.3114574,628.0,39.7
2016-10-03,2016,277,31.798,25.298,25.964668,31.648,73.425674,0.63311666,674.0,40.8
2016-10-04,2016,278,28.098,24.648,25.025778,26.673,85.90557,1.3492597,199.5,31.3
2016-10-05,2016,279,26.998,24.198,24.725777,26.548,81.7706,3.6849391,200.25,27.9
2016-10-06,2016,280,26.848,23.798,24.175777,25.948,91.28841,1.235384,316.0,32.1
2016-10-07,2016,281,30.948,24.048,24.731333,30.498,71.903656,1.194237,490.0,37.4
2016-10-08,2016,282,31.648,23.948,25.05911,31.323,74.24234,1.1864383,663.0,40.1
2016-10-09,2016,283,31.898,24.798,25.720222,31.598,74.56588,1.4718537,629.25,40.0
2016-10-10,2016,284,31.398,24.248,25.231333,30.897999,65.25444,2.161193,723.25,38.1
2016-10-11,2016,285,30.398,23.248,24.10911,30.023,63.71706,2.81479,608.75,35.3
2016-10-12,2016,286,29.848,22.048,22.875778,29.560501,60.101665,1.6566441,712.75,36.6
2016-10-13,2016,287,30.348,21.798,22.592445,29.9355,59.71059,0.71852434,700.25,37.6
2016-10-14,2016,288,31.898,21.548,23.498,31.573,53.357235,0.2460405,705.75,38.9
2016-10-15,2016,289,32.148003,21.898,23.264668,31.948002,47.91822,0.5971485,606.25,38.1
2016-10-16,2016,290,33.048,22.148,23.709112,32.648003,47.033863,1.5342551,669.75,38.8
2016-10-17,2016,291,32.898003,21.848,23.603556,32.573,44.477993,1.1454602,740.5,39.3
2016-10-18,2016,292,32.298,21.048,22.592445,31.885502,43.62887,2.0184631,682.75,37.4
2016-10-19,2016,293,32.098003,18.948,20.748,31.7605,38.92455,2.4585524,755.0,37.1
2016-10-20,2016,294,31.298,18.748,20.848,30.8605,39.87275,1.5000734,758.0,37.1
2016-10-21,2016,295,31.048,19.098,20.85911,30.6355,47.478676,0.6980352,743.0,37.7
2016-10-22,2016,296,31.148,20.148,21.964668,30.7855,50.59151,0.70295525,731.75,38.0
2016-10-23,2016,297,31.048,20.048,22.353556,30.673,50.200607,1.127471,728.75,37.6
2016-10-24,2016,298,30.548,20.448,22.064667,30.098,48.792755,1.5781157,732.0,36.6
2016-10-25,2016,299,30.248,19.248,21.692444,29.948,47.65598,1.2135692,711.25,36.5
2016-10-26,2016,300,31.698,19.748,21.636889,31.2105,48.67219,1.4243524,716.5,37.8
2016-10-27,2016,301,33.798,21.198,23.159111,33.398003,32.86996,2.2760205,728.75,38.6
2016-10-28,2016,302,33.248,20.498,22.264668,32.9105,27.097286,1.4092205,741.0,38.4
2016-10-29,2016,303,32.098003,17.648,19.175777,31.685501,30.549768,0.59462523,731.5,37.5
2016-10-30,2016,304,31.848,18.048,19.625778,31.373001,35.98129,0.599658,722.25,37.5
2016-10-31,2016,305,32.498,18.498,20.075779,32.2355,26.938705,3.1810884,727.75,36.2
2016-11-01,2016,306,32.548,19.498,20.264668,32.1855,28.145655,2.936936,721.5,36.3
2016-11-02,2016,307,31.848,19.398,20.264668,31.473,28.42974,3.1026297,726.0,35.4
2016-11-03,2016,308,31.698,20.048,20.848,31.398,30.076187,2.8211808,719.25,35.6
2016-11-04,2016,309,31.248,18.748,20.009111,30.948,31.611433,2.0644202,713.25,35.9
2016-11-05,2016,310,31.398,18.598,20.009111,30.973,33.285816,1.3423783,707.5,36.5
2016-11-06,2016,311,31.548,17.398,19.136889,31.0355,35.336636,1.54914,705.0,36.5
2016-11-07,2016,312,32.048,17.498,20.209112,31.6605,29.050173,2.2822866,706.25,36.3
2016-11-08,2016,313,31.648,16.098,18.625778,31.298,26.802666,1.4591178,713.5,36.5
2016-11-09,2016,314,31.798,17.098,19.036888,31.4855,25.633236,1.0549872,710.75,36.7
2016-11-10,2016,315,31.448,16.698,18.842445,31.147999,29.411125,0.4792522,705.75,36.7
2016-11-11,2016,316,30.698,15.648,17.931334,30.373,29.259647,0.86167,707.25,35.9
2016-11-12,2016,317,30.798,15.948,17.748,30.498001,31.06459,1.3881235,693.75,35.8
2016-11-13,2016,318,30.598,16.298,18.136889,30.310501,27.657578,1.6571128,696.5,35.2
2016-11-14,2016,319,30.498,16.948,18.620222,30.1355,29.9953,1.7213086,690.0,35.1
2016-11-15,2016,320,30.498,16.398,18.225777,30.0355,29.931213,2.0447679,690.75,34.7
2016-11-16,2016,321,31.348,16.948,18.509111,30.897999,29.562122,2.6125426,682.5,35.0
2016-11-17,2016,322,31.048,18.048,19.170221,30.623,28.283516,2.6554346,682.75,34.6
2016-11-18,2016,323,30.848,17.098,18.825779,30.348,31.601343,1.655422,680.0,35.3
2016-11-19,2016,324,30.798,16.548,18.353554,30.4105,33.20848,0.7980061,676.25,35.9
2016-11-20,2016,325,31.048,15.698,17.736889,30.673,29.237934,1.0513846,678.75,35.9
2016-11-21,2016,326,30.898,16.848,18.242445,30.498,30.400852,1.0995717,660.5,35.6
2016-11-22,2016,327,30.898,16.348,18.425777,30.5355,32.39512,0.6175734,668.5,36.0
2016-11-23,2016,328,31.048,16.498,18.753555,30.710499,31.965992,0.8577505,664.5,36.0
2016-11-24,2016,329,31.198,17.298,19.253555,30.698,32.57358,2.008703,657.75,35.3
2016-11-25,2016,330,31.298,18.348,19.492443,30.798,27.52061,2.9553225,666.5,34.3
2016-11-26,2016,331,31.598,16.898,18.398,31.1105,27.808273,2.1895926,666.5,35.4
2016-11-27,2016,332,32.098003,16.698,18.625778,31.4605,28.174799,1.6752486,663.25,36.2
2016-11-28,2016,333,31.748,16.348,18.514668,31.2355,27.741226,1.5272927,663.75,36.0
2016-11-29,2016,334,30.948,15.448,17.886889,30.585499,31.375965,0.59493667,661.0,35.9
2016-11-30,2016,335,30.148,15.198,17.514668,29.7605,32.6293,1.1780651,656.75,34.9
2016-12-01,2016,336,30.548,16.398,18.153555,29.923,34.31646,1.13019,647.75,35.2
2016-12-02,2016,337,31.598,18.698,19.703556,30.9855,33.121975,3.01526,640.75,34.5
2016-12-03,2016,338,30.748,19.848,20.659111,30.223,32.797203,3.4618793,645.75,33.2
2016-12-04,2016,339,30.598,19.098,20.020222,30.073,32.06385,3.1138563,650.75,33.4
2016-12-05,2016,340,29.798,16.648,18.120222,29.223,33.863617,2.1384087,654.5,33.7
2016-12-06,2016,341,29.848,16.398,17.853556,29.123,30.983236,2.6046877,651.0,32.9
2016-12-07,2016,342,30.398,17.098,18.314667,29.685501,29.486519,2.24282,653.5,33.8
2016-12-08,2016,343,30.498,15.748,17.603556,29.923,28.494467,1.3057861,653.5,34.8
2016-12-09,2016,344,29.898,15.048,17.081333,29.523,28.922428,0.72116125,650.75,34.6
2016-12-10,2016,345,29.398,14.298,16.736889,28.810501,33.531982,0.8146312,648.0,34.2
2016-12-11,2016,346,29.698,14.448,16.925777,29.185501,39.919212,2.2462208,633.5,33.6
2016-12-12,2016,347,29.748,17.048,18.514668,29.273,30.637392,2.2472663,642.75,33.3
2016-12-13,2016,348,29.398,15.548,17.548,28.9855,28.805632,3.2015715,645.5,32.0
2016-12-14,2016,349,30.248,17.448,19.025778,29.648,30.91653,2.072352,641.25,33.9
2016-12-15,2016,350,30.098,16.098,17.798,29.585499,26.723679,1.6836586,653.5,34.1
2016-12-16,2016,351,30.098,14.748,17.025778,29.522999,26.025286,1.4906695,652.75,34.1
2016-12-17,2016,352,29.748,16.298,17.520224,29.348,31.152725,1.7990015,639.0,33.9
2016-12-18,2016,353,28.698,15.198,17.425777,28.348,33.246662,1.2487147,645.0,33.5
2016-12-19,2016,354,28.198,14.498,16.564667,27.772999,34.269894,1.3270849,647.25,32.9
2016-12-20,2016,355,28.848,15.298,16.881332,28.2855,33.970512,2.7989287,648.0,31.9
2016-12-21,2016,356,29.348,15.398,16.814667,28.685501,31.005304,1.7154496,651.25,33.4
2016-12-22,2016,357,29.448,14.498,16.698,28.7855,30.95967,1.0076585,654.0,34.0
2016-12-23,2016,358,29.248,13.898,16.264668,28.685501,34.136246,0.7812748,653.5,34.1
2016-12-24,2016,359,28.498,13.348,16.025778,27.948,32.457973,1.9193633,654.5,32.5
2016-12-25,2016,360,29.448,14.198,16.186888,28.798,23.2791,2.67073,668.75,32.4
2016-12-26,2016,361,26.948,15.348,16.20911,26.210499,24.250359,3.3451333,671.5,29.0
2016-12-27,2016,362,27.798,14.298,15.43689,26.935501,30.113564,3.2023978,661.25,30.0
2016-12-28,2016,363,28.898,14.898,16.398,27.998001,32.40193,2.4516149,656.75,32.0
2016-12-29,2016,364,29.948,14.298,16.564667,29.148,32.672924,1.5144066,660.0,34.1
2016-12-30,2016,365,29.998,14.498,16.83689,29.3855,35.111546,0.41729203,659.75,35.0
2016-12-31,2016,366,29.448,14.398,16.964668,28.9105,36.33833,1.4327967,658.0,34.2
2017-01-01,2017,1,28.45,14.65,16.454445,27.95,34.74806,1.9943542,659.5,32.6
2017-01-02,2017,2,28.85,14.65,16.05,28.2375,34.466286,2.8365955,655.25,31.9
2017-01-03,2017,3,28.2,16.1,16.916666,27.4375,33.26262,2.9250782,657.0,30.9
2017-01-04,2017,4,28.4,14.1,15.616667,27.8625,33.928894,0.61090314,663.0,33.5
2017-01-05,2017,5,28.0,13.25,15.661111,27.5625,34.27733,0.94618106,664.25,33.1
2017-01-06,2017,6,26.75,15.4,16.5,26.35,44.03357,2.3607056,656.0,31.0
2017-01-07,2017,7,26.9,15.65,17.150002,26.6125,47.128857,3.2733257,469.25,28.6
2017-01-08,2017,8,26.25,15.6,17.022223,25.8375,41.830734,1.6353426,664.0,31.3
2017-01-09,2017,9,25.45,11.85,14.133333,24.975,39.795677,1.5123228,674.75,30.7
2017-01-10,2017,10,24.6,13.6,15.122223,24.2625,38.71744,2.6559458,667.75,28.4
2017-01-11,2017,11,23.95,11.1,12.911111,23.475,30.374004,1.978461,695.0,28.6
2017-01-12,2017,12,23.95,10.95,12.644444,23.4125,29.27406,2.827104,697.75,27.3
2017-01-13,2017,13,24.35,11.2,12.8944435,23.7,22.68442,4.2074394,701.5,25.5
2017-01-14,2017,14,26.75,12.95,14.633333,25.5125,31.929916,3.1489239,670.5,28.7
2017-01-15,2017,15,28.35,14.35,16.183332,27.5875,40.12829,1.0275143,674.25,33.5
2017-01-16,2017,16,26.5,13.85,16.022223,26.1,34.2894,3.0768456,687.0,29.6
2017-01-17,2017,17,24.65,11.45,13.683333,24.075,33.385975,1.9989107,705.0,29.3
2017-01-18,2017,18,26.35,12.5,14.127778,25.65,36.30028,2.807746,698.25,29.7
2017-01-19,2017,19,27.85,15.55,16.922222,27.125,45.35783,3.9340396,678.0,30.0
2017-01-20,2017,20,28.05,19.1,19.849998,27.4625,40.792793,3.817169,656.75,30.2
2017-01-21,2017,21,29.6,17.1,18.866667,29.0,39.545982,1.9195583,657.0,34.0
2017-01-22,2017,22,30.5,16.2,17.88889,29.9875,35.192654,1.7764217,694.0,35.2
2017-01-23,2017,23,31.25,17.9,19.872223,30.75,38.454918,1.1505182,695.25,36.6
2017-01-24,2017,24,32.0,17.5,20.238888,31.425,37.3635,1.9568317,701.5,36.7
2017-01-25,2017,25,30.85,18.95,20.511112,30.525,31.432205,1.9001698,673.75,35.3
2017-01-26,2017,26,27.3,18.2,19.13889,26.8625,38.644096,4.5792956,701.25,28.9
2017-01-27,2017,27,25.65,14.4,16.033333,25.05,29.47759,3.6192007,739.75,28.2
2017-01-28,2017,28,27.2,14.6,15.71111,26.337502,30.127872,4.062098,736.75,29.0
2017-01-29,2017,29,28.55,14.3,15.572222,27.8125,31.847248,1.2729081,741.25,33.7
2017-01-30,2017,30,29.2,14.0,16.005556,28.6125,31.47199,1.3924547,746.25,34.4
2017-01-31,2017,31,28.0,13.2,15.622223,27.3375,26.823841,1.6415646,756.5,32.9
2017-02-01,2017,32,29.3,13.75,15.816668,28.45,29.396746,1.4397454,751.75,34.1
2017-02-02,2017,33,31.2,15.05,16.394445,30.4,24.8387,1.6312418,757.0,35.7
2017-02-03,2017,34,33.1,17.6,18.555555,32.125,31.919935,2.872294,736.0,36.6
2017-02-04,2017,35,29.3,17.0,19.63889,28.0875,38.84036,2.5998192,743.5,32.9
2017-02-05,2017,36,24.85,15.85,18.366667,23.875,28.415487,3.086533,781.0,28.1
2017-02-06,2017,37,25.65,11.2,13.316667,24.8125,25.620712,2.3197677,773.75,30.0
2017-02-07,2017,38,28.0,11.75,13.916667,27.2,26.064587,1.8949089,776.75,32.7
2017-02-08,2017,39,28.05,13.0,14.827778,27.575,25.88676,3.1219492,771.25,31.6
2017-02-09,2017,40,27.05,13.3,15.088889,26.675,20.617548,4.06503,791.25,29.6
2017-02-10,2017,41,28.05,14.6,15.71111,27.4625,24.22741,4.720923,782.75,29.8
2017-02-11,2017,42,28.5,16.0,16.961111,27.775,33.002213,2.255985,772.75,33.0
2017-02-12,2017,43,29.2,16.2,17.488888,28.6125,39.840878,3.2316065,738.5,32.7
2017-02-13,2017,44,30.2,18.35,19.400002,29.725,37.732243,4.497324,729.0,32.5
2017-02-14,2017,45,32.1,20.1,21.416666,31.275,41.092396,2.9933128,761.5,36.2
2017-02-15,2017,46,33.15,21.05,21.8,32.487503,39.464417,2.05182,761.75,38.4
2017-02-16,2017,47,33.15,21.0,21.922222,32.725,34.864407,1.9439976,720.75,38.1
2017-02-17,2017,48,34.1,20.15,22.08889,33.525,26.100311,2.3121018,784.75,38.7
2017-02-18,2017,49,34.6,19.75,21.75,33.9625,28.586798,1.4524976,791.5,40.0
2017-02-19,2017,50,34.5,19.55,22.238888,33.9875,29.090197,1.7914679,791.0,39.8
2017-02-20,2017,51,32.9,18.8,21.666666,32.1,36.337852,5.1754637,791.0,35.3
2017-02-21,2017,52,29.55,18.15,20.144445,28.725,24.886032,3.4576447,813.5,32.7
2017-02-22,2017,53,29.85,17.15,18.216667,28.900002,28.881706,2.4815793,810.25,34.0
2017-02-23,2017,54,30.7,15.2,17.366667,30.15,26.971024,1.8003654,817.5,35.9
2017-02-24,2017,55,31.8,17.05,18.95,31.3,20.541859,3.2130651,827.75,35.6
2017-02-25,2017,56,32.5,17.35,19.311111,31.8875,18.27807,2.1041908,832.5,37.1
2017-02-26,2017,57,33.7,17.35,19.08889,33.325,17.42854,1.7810042,833.25,38.8
2017-02-27,2017,58,34.45,17.6,20.044443,33.8125,21.161413,0.6474874,833.25,39.7
2017-02-28,2017,59,34.75,18.1,21.033333,34.2125,21.526073,2.0362048,831.75,39.8
2017-03-01,2017,60,33.8,19.85,23.05,33.4375,22.631758,3.3135865,831.5,38.0
2017-03-02,2017,61,32.8,20.15,21.261112,32.5625,23.533817,3.561344,838.25,36.9
2017-03-03,2017,62,32.3,16.55,19.605555,32.05,20.891253,2.4164913,848.5,37.3
2017-03-04,2017,63,32.15,18.05,20.45,31.8125,24.57505,2.759371,844.0,36.9
2017-03-05,2017,64,32.6,19.4,20.894445,32.3125,19.752867,3.2019377,850.75,36.9
2017-03-06,2017,65,33.0,19.1,20.494444,32.75,15.967626,2.2737195,855.75,38.0
2017-03-07,2017,66,32.65,17.5,20.41111,32.2125,21.04525,2.697871,850.25,37.3
2017-03-08,2017,67,32.8,22.4,23.316668,32.387497,25.539835,4.9092093,846.25,35.9
2017-03-09,2017,68,31.5,19.95,21.955557,31.075,31.435556,4.5533857,837.0,34.7
2017-03-10,2017,69,30.45,21.3,22.322222,30.1,28.458132,5.1520996,688.25,31.8
2017-03-11,2017,70,28.8,16.8,19.222221,28.5,12.486064,3.0620384,900.5,33.3
2017-03-12,2017,71,29.2,13.75,16.25,28.8625,10.336986,1.7228943,904.25,34.8
2017-03-13,2017,72,30.65,14.8,16.727777,30.0875,12.961222,2.6332161,900.5,35.3
2017-03-14,2017,73,33.15,16.2,17.905556,32.775,11.385804,4.73082,896.75,36.4
2017-03-15,2017,74,34.45,18.85,20.288889,33.975,14.233349,2.4557378,886.0,39.2
2017-03-16,2017,75,35.0,18.0,21.150002,34.625,15.804357,2.2096033,881.25,40.1
2017-03-17,2017,76,34.3,20.35,21.744444,33.9625,19.681705,3.8880324,875.25,38.4
2017-03-18,2017,77,35.45,22.65,24.538889,34.4625,23.774303,5.3500557,863.0,38.3
2017-03-19,2017,78,33.8,21.4,23.349998,32.8,36.121532,3.4277258,861.25,38.0
2017-03-20,2017,79,35.1,21.85,23.222221,34.8375,20.316887,2.58025,887.5,40.5
2017-03-21,2017,80,36.05,20.65,22.194445,35.6875,20.400608,0.5670876,882.5,41.9
2017-03-22,2017,81,37.2,21.1,23.772223,36.737503,20.663467,1.1208115,880.75,43.2
2017-03-23,2017,82,35.75,23.25,25.644445,35.1625,29.061115,2.358137,882.0,41.4
2017-03-24,2017,83,36.95,22.85,24.183332,36.3875,24.091265,2.2252526,890.5,42.7
2017-03-25,2017,84,37.35,24.0,24.63889,36.85,22.886723,2.2415636,892.0,43.2
2017-03-26,2017,85,38.7,21.5,24.277779,38.1,24.490566,2.9406996,886.0,44.3
2017-03-27,2017,86,40.65,25.1,26.805555,40.1125,18.984001,1.6542189,893.0,46.9
2017-03-28,2017,87,39.9,26.3,27.594444,39.4125,17.681269,4.247942,904.5,45.0
2017-03-29,2017,88,39.55,25.65,26.666666,38.8875,19.332693,4.356987,905.75,44.4
2017-03-30,2017,89,38.55,24.15,25.61111,37.4375,19.822361,3.3871856,903.5,43.1
2017-03-31,2017,90,38.4,23.65,25.266666,37.5,20.971684,3.287911,904.25,43.3
2017-04-01,2017,91,38.75,23.35,24.783333,36.925,24.88317,3.2997694,903.0,42.7
2017-04-02,2017,92,37.6,22.4,24.233334,36.725,22.98339,2.5903568,913.5,43.0
2017-04-03,2017,93,38.4,22.85,24.877779,37.675,21.469875,3.196154,907.25,43.6
2017-04-04,2017,94,37.55,24.1,25.261112,37.0125,27.998833,3.9773953,899.75,42.5
2017-04-05,2017,95,39.45,24.55,25.711111,38.2875,25.3149,3.7978408,900.0,44.1
2017-04-06,2017,96,38.6,24.6,25.511112,36.8875,20.489243,5.0672836,914.75,41.7
2017-04-07,2017,97,33.9,21.3,23.65,32.9625,15.931258,3.146644,945.5,38.2
2017-04-08,2017,98,35.9,18.7,21.433332,35.4375,11.430426,2.127726,949.0,41.2
2017-04-09,2017,99,38.15,22.1,23.849998,37.8125,9.16918,3.2005363,949.0,43.0
2017-04-10,2017,100,39.15,22.85,25.188889,38.825,8.034527,3.9585438,953.0,43.8
2017-04-11,2017,101,40.2,22.45,25.294443,39.95,8.738755,2.9329414,951.75,45.6
2017-04-12,2017,102,41.05,22.55,25.366667,40.5625,10.833808,3.3799653,945.75,46.4
2017-04-13,2017,103,42.25,24.85,27.844444,41.825,8.787925,3.8198767,943.25,47.5
2017-04-14,2017,104,42.0,24.25,27.83889,41.3875,10.325682,3.8010488,940.75,47.1
2017-04-15,2017,105,41.5,24.95,27.483334,40.5875,10.7019415,4.006976,939.5,46.1
2017-04-16,2017,106,41.15,24.35,27.33889,40.2,11.420707,3.5390685,938.0,45.9
2017-04-17,2017,107,40.95,24.9,26.766666,39.9375,14.941547,4.261753,935.25,45.7
2017-04-18,2017,108,40.65,24.55,27.261112,39.85,11.856821,4.263566,942.5,45.3
2017-04-19,2017,109,41.3,23.25,26.366667,39.5375,18.032925,5.098441,922.25,45.1
2017-04-20,2017,110,42.35,24.25,26.383333,40.9,17.203962,5.2232914,927.0,46.8
2017-04-21,2017,111,40.35,23.85,26.316668,39.15,20.600496,4.4101896,929.25,44.9
2017-04-22,2017,112,38.3,25.45,27.094444,37.2125,27.442142,3.8821752,894.25,42.8
2017-04-23,2017,113,37.0,24.15,26.427778,36.075,28.579573,3.8024807,922.5,41.7
2017-04-24,2017,114,36.8,24.05,25.933332,35.25,31.360098,3.7567592,919.0,40.8
2017-04-25,2017,115,36.85,25.05,25.855555,35.775,30.776812,3.3506086,913.5,41.7
2017-04-26,2017,116,37.75,22.55,25.005556,36.7875,20.751945,3.1265383,943.0,42.8
2017-04-27,2017,117,39.1,22.5,25.644445,38.0125,20.158653,2.1512446,938.75,44.7
2017-04-28,2017,118,38.7,23.7,26.166666,37.65,22.639221,3.4596214,928.25,43.6
2017-04-29,2017,119,40.55,24.65,26.427778,38.5625,28.491808,3.952282,901.25,44.5
2017-04-30,2017,120,39.8,24.65,26.327778,39.1125,21.066181,3.348416,872.5,45.0
2017-05-01,2017,121,40.2,25.3,27.255556,39.475,18.775904,2.581697,928.0,46.0
2017-05-02,2017,122,40.95,25.85,28.5,40.45,16.634296,1.3302797,924.75,47.2
2017-05-03,2017,123,41.55,27.15,29.25,40.9375,15.923775,3.6386852,928.5,47.1
2017-05-04,2017,124,41.9,27.55,29.18889,41.2375,18.54049,3.157051,880.5,47.5
2017-05-05,2017,125,42.05,28.4,29.727776,41.5625,11.648331,4.5440044,927.5,47.3
2017-05-06,2017,126,41.95,26.15,28.016666,41.0875,12.869556,3.0404677,931.5,47.2
2017-05-07,2017,127,41.95,27.05,28.349998,41.3125,16.399902,4.0505385,933.25,47.5
2017-05-08,2017,128,42.45,25.85,28.211111,41.6,14.639959,3.1610444,935.75,48.0
2017-05-09,2017,129,42.45,26.3,28.550001,41.5875,14.986144,3.3285606,930.75,47.9
2017-05-10,2017,130,42.55,25.85,29.066668,41.8875,15.483535,3.9954672,926.25,48.1
2017-05-11,2017,131,41.6,26.95,29.222221,40.7375,22.348495,3.2302,868.75,47.1
2017-05-12,2017,132,42.35,28.45,30.144444,41.7375,21.114422,3.299807,870.5,48.2
2017-05-13,2017,133,42.65,30.0,31.294443,41.85,20.49767,4.030595,906.0,48.3
2017-05-14,2017,134,42.25,29.85,31.349998,41.625,17.447922,4.8729243,900.75,47.6
2017-05-15,2017,135,41.95,28.1,29.761112,41.2125,19.97074,4.9888954,912.5,47.3
2017-05-16,2017,136,41.8,26.45,29.116665,40.85,20.002787,4.595053,897.0,46.8
2017-05-17,2017,137,41.75,26.4,28.699999,40.6875,18.702965,4.526015,868.0,46.4
2017-05-18,2017,138,41.05,26.1,28.794443,40.2875,22.854727,4.5879836,841.5,45.9
2017-05-19,2017,139,42.55,26.65,28.988888,41.3125,20.357893,5.7887793,898.25,47.4
2017-05-20,2017,140,41.45,25.95,28.2,40.1375,20.976889,5.012161,921.5,46.0
2017-05-21,2017,141,39.4,26.65,28.066668,38.1125,31.850925,4.401433,852.25,43.6
2017-05-22,2017,142,40.45,26.65,29.372223,39.6125,26.530382,4.349669,906.5,45.6
2017-05-23,2017,143,41.55,27.2,29.966667,40.375,23.608377,5.8380966,886.75,46.2
2017-05-24,2017,144,41.5,28.35,30.394444,40.4875,27.73037,4.835357,907.5,46.7
2017-05-25,2017,145,41.95,29.3,31.127777,41.0375,28.737331,4.238138,894.75,47.5
2017-05-26,2017,146,42.55,28.7,30.788889,41.0875,27.856182,3.953498,899.25,47.7
2017-05-27,2017,147,42.1,28.3,29.61111,40.6875,28.796436,5.1232295,898.25,46.9
2017-05-28,2017,148,41.7,29.2,29.877777,40.425,31.241167,5.703631,897.5,46.6
2017-05-29,2017,149,41.3,28.7,30.183332,39.8375,31.83061,5.84271,826.75,45.4
2017-05-30,2017,150,40.9,29.5,30.855556,39.4625,34.30792,2.2378802,830.5,46.5
2017-05-31,2017,151,40.35,29.7,30.522224,39.925,34.18197,5.6416836,883.75,46.0
2017-06-01,2017,152,40.75,28.55,30.116665,39.875,33.752323,3.5459359,886.5,46.6
2017-06-02,2017,153,40.35,30.75,32.344444,39.1875,37.684612,2.1141748,668.5,45.4
2017-06-03,2017,154,42.55,31.8,33.133335,41.7125,33.97649,1.8878715,830.0,49.5
2017-06-04,2017,155,40.1,29.8,31.266666,38.6375,38.625546,4.5828824,765.25,44.0
2017-06-05,2017,156,40.6,29.65,30.627777,39.5,33.776314,4.9550276,855.75,45.3
2017-06-06,2017,157,39.25,29.4,31.022224,38.6125,33.976715,5.091641,792.25,43.7
2017-06-07,2017,158,38.5,29.2,30.788889,37.4625,41.125267,4.233489,771.75,42.8
2017-06-08,2017,159,37.25,26.45,29.92222,35.3625,49.562534,3.0838666,666.0,40.9
2017-06-09,2017,160,37.5,28.85,30.238888,36.4125,45.902466,3.1070194,724.25,42.3
2017-06-10,2017,161,34.55,26.95,28.561113,33.3375,58.252853,2.4726424,564.0,39.0
2017-06-11,2017,162,37.65,27.65,29.177778,36.475,49.45249,1.6689591,776.25,44.3
2017-06-12,2017,163,39.6,28.4,30.349998,38.25,40.284103,2.6522193,828.0,45.2
2017-06-13,2017,164,40.7,28.6,30.222221,39.1125,34.626728,3.8546786,862.0,45.3
2017-06-14,2017,165,40.05,28.75,29.933332,38.5625,35.775158,3.1503406,865.5,45.2
2017-06-15,2017,166,40.8,29.0,30.272224,39.3875,33.532,3.832449,875.75,45.7
2017-06-16,2017,167,41.2,28.55,30.17222,39.675,31.719675,4.7238035,874.75,45.6
2017-06-17,2017,168,40.8,29.1,30.511112,38.9375,33.224907,4.1812325,840.75,44.7
2017-06-18,2017,169,39.5,29.0,30.416666,37.125,36.210743,4.962264,551.0,40.3
2017-06-19,2017,170,39.35,28.6,30.205557,38.6625,32.760155,6.6178193,791.0,43.6
2017-06-20,2017,171,39.0,28.8,30.661112,36.6375,39.494984,5.506322,555.5,39.7
2017-06-21,2017,172,37.95,28.75,30.572222,36.012497,42.8446,6.512794,427.5,38.2
2017-06-22,2017,173,39.0,29.3,30.68889,38.2125,35.056427,4.6767387,654.25,42.4
2017-06-23,2017,174,38.1,28.2,30.36111,37.1,38.677406,4.019615,706.25,41.8
2017-06-24,2017,175,33.5,27.65,29.17222,32.0,61.33489,2.7004356,536.25,37.1
2017-06-25,2017,176,34.85,28.4,29.105556,34.2125,57.002716,1.0650247,651.0,41.8
2017-06-26,2017,177,34.8,27.45,27.955557,34.275,55.050587,2.3931553,523.0,39.6
2017-06-27,2017,178,32.35,26.25,27.099998,31.800001,64.259766,3.284955,467.5,36.0
2017-06-28,2017,179,32.95,26.35,27.144445,32.5875,60.086613,4.9950423,459.5,35.3
2017-06-29,2017,180,31.35,26.0,26.511112,29.974998,74.44969,5.8248553,385.75,32.0
2017-06-30,2017,181,33.65,26.1,26.705557,31.95,63.34549,7.635341,632.25,35.4
2017-07-01,2017,182,28.55,25.45,26.305555,27.2375,93.50142,5.345108,174.75,28.3
2017-07-02,2017,183,28.95,26.25,26.561111,28.1625,86.05225,3.3093915,102.25,30.2
2017-07-03,2017,184,29.8,26.25,26.733334,28.3875,85.57338,3.6178722,163.0,30.7
2017-07-04,2017,185,33.25,26.35,27.177778,32.725,55.948223,6.1624866,598.75,35.7
2017-07-05,2017,186,33.05,26.3,27.461111,32.524998,57.17793,6.1590576,588.25,35.5
2017-07-06,2017,187,32.55,26.55,27.305555,32.2625,59.538506,5.0700216,466.75,34.8
2017-07-07,2017,188,33.2,25.75,26.822222,32.525,57.372707,4.9157777,630.0,36.2
2017-07-08,2017,189,31.85,26.25,27.233334,31.3375,65.91208,3.085271,564.75,36.5
2017-07-09,2017,190,32.6,26.2,27.13889,31.925,63.854355,4.365083,655.75,36.5
2017-07-10,2017,191,32.75,26.4,27.466667,31.800001,60.853127,5.117253,523.5,34.7
2017-07-11,2017,192,32.8,26.2,27.127777,31.3625,60.679947,6.2427483,456.25,33.2
2017-07-12,2017,193,32.0,26.6,27.233334,31.3875,60.7395,5.485568,419.0,33.2
2017-07-13,2017,194,30.2,25.5,26.377777,29.225,74.199684,5.029566,287.5,30.5
2017-07-14,2017,195,27.45,25.1,25.672222,26.225,91.341484,4.954692,167.0,26.6
2017-07-15,2017,196,26.6,24.85,25.650002,25.775,93.17709,4.4720097,85.25,25.8
2017-07-16,2017,197,28.4,25.25,25.555555,27.800001,79.34471,4.4224157,213.25,28.8
2017-07-17,2017,198,30.45,24.65,25.5,29.425,75.08018,4.44817,490.0,32.9
2017-07-18,2017,199,28.7,26.05,26.355555,27.8375,84.88345,3.2440186,385.75,32.1
2017-07-19,2017,200,31.65,26.15,26.694445,30.775,72.5635,2.4122198,589.0,37.3
2017-07-20,2017,201,32.4,26.35,26.744444,31.7625,67.81563,2.298401,617.75,38.5
2017-07-21,2017,202,30.65,25.8,26.305555,30.224998,74.94248,2.2277563,436.5,35.9
2017-07-22,2017,203,26.4,24.75,25.761112,25.35,88.97817,6.35784,54.5,22.9
2017-07-23,2017,204,27.5,24.4,25.094444,26.3875,91.62835,6.965023,92.75,25.1
2017-07-24,2017,205,25.4,25.0,25.172222,24.9375,85.3783,9.719681,36.5,20.4
2017-07-25,2017,206,26.3,25.15,25.255556,25.8125,88.163574,7.4597025,85.0,23.5
2017-07-26,2017,207,26.1,24.85,25.077778,25.95,92.07896,5.2879643,117.0,25.5
2017-07-27,2017,208,26.8,24.5,24.866667,26.2125,87.95819,4.6823444,122.0,26.1
2017-07-28,2017,209,28.9,25.0,25.316666,28.175,81.83085,4.819271,235.75,29.4
2017-07-29,2017,210,29.9,24.8,25.211111,29.425,71.323364,4.771429,486.75,32.3
2017-07-30,2017,211,31.2,24.7,25.422222,30.9125,62.48764,4.885342,553.75,34.0
2017-07-31,2017,212,31.0,25.1,25.805555,30.4125,66.287575,5.17699,459.75,32.7
2017-08-01,2017,213,30.5,25.1,26.144445,30.2875,68.83344,4.5702286,491.75,33.4
2017-08-02,2017,214,31.1,25.55,26.511112,30.7125,65.155106,5.6230345,541.25,33.4
2017-08-03,2017,215,32.05,25.05,26.177778,31.512499,61.140568,5.857672,573.5,34.3
2017-08-04,2017,216,31.85,25.15,26.105555,31.3375,60.425552,5.183282,580.75,34.4
2017-08-05,2017,217,32.0,24.65,26.099998,30.85,62.71338,4.162776,519.25,34.2
2017-08-06,2017,218,31.55,25.2,26.355555,31.15,61.140305,3.1025803,558.75,35.8
2017-08-07,2017,219,30.2,26.3,26.594444,29.7875,69.16129,1.2490599,403.25,35.5
2017-08-08,2017,220,31.35,25.95,26.355555,30.3625,65.07654,2.6576576,482.25,35.0
2017-08-09,2017,221,30.85,26.25,26.63889,30.6625,65.86872,3.8254876,535.75,34.6
2017-08-10,2017,222,30.7,25.75,26.533333,29.95,73.20503,4.4610925,467.75,33.3
2017-08-11,2017,223,31.3,25.7,26.477777,30.125,70.46419,5.454153,478.25,32.7
2017-08-12,2017,224,30.55,26.0,26.466667,29.912498,69.98335,5.22486,389.75,31.8
2017-08-13,2017,225,31.5,25.6,26.377779,30.9,66.06954,5.8134203,601.0,34.1
2017-08-14,2017,226,31.6,25.5,26.16111,31.4,59.773396,4.9088573,605.5,34.7
2017-08-15,2017,227,31.0,25.05,25.8,30.4875,64.14901,4.592737,537.25,33.6
2017-08-16,2017,228,31.75,24.2,25.477777,31.15,58.4683,4.6205525,589.75,34.4
2017-08-17,2017,229,31.4,24.1,25.522223,30.975,63.112827,3.8706543,532.25,34.7
2017-08-18,2017,230,32.6,25.15,26.133333,32.075,58.250385,2.4563768,691.0,38.3
2017-08-19,2017,231,32.0,25.25,26.516666,31.55,62.145336,4.194487,495.25,34.9
2017-08-20,2017,232,30.25,25.05,25.83889,29.5875,73.551445,4.4344707,382.75,32.2
2017-08-21,2017,233,31.75,25.0,25.494444,30.925,76.12434,1.9641361,552.5,38.2
2017-08-22,2017,234,30.2,25.2,25.422222,29.625,73.653656,3.6033802,510.25,34.0
2017-08-23,2017,235,27.6,25.3,25.505556,26.5375,90.587875,1.4617614,175.75,31.3
2017-08-24,2017,236,31.25,25.35,26.005556,31.075,65.17983,4.0543337,613.0,35.5
2017-08-25,2017,237,31.85,25.35,26.3,31.487501,60.53338,4.128185,714.25,36.3
2017-08-26,2017,238,30.2,26.05,26.572222,29.3625,75.67311,4.1275644,532.0,33.5
2017-08-27,2017,239,31.7,25.5,26.311111,30.4125,68.95496,3.7765517,396.0,33.6
2017-08-28,2017,240,31.65,25.8,26.427776,31.3625,72.61624,4.043682,501.75,35.9
2017-08-29,2017,241,30.7,25.2,25.61111,29.35,80.73351,2.0390856,255.5,34.1
2017-08-30,2017,242,27.95,25.55,25.811111,27.1875,81.14616,6.268712,224.0,26.8
2017-08-31,2017,243,29.4,25.0,25.605555,28.3,80.48105,5.799158,320.75,29.5
2017-09-01,2017,244,30.95,24.4,25.094444,30.525002,68.061745,4.9329147,723.25,35.1
2017-09-02,2017,245,27.85,24.5,25.277779,27.0875,83.044304,4.6269717,220.25,27.9
2017-09-03,2017,246,31.1,24.8,25.488888,30.7875,65.32854,4.4766955,558.5,34.4
2017-09-04,2017,247,31.45,25.85,26.13889,31.025002,61.917587,2.9374533,592.0,36.1
2017-09-05,2017,248,31.5,25.75,26.061111,31.1125,59.85924,3.556439,702.25,36.2
2017-09-06,2017,249,30.7,23.45,24.216667,30.4125,60.93985,3.2027068,613.25,35.1
2017-09-07,2017,250,31.2,23.65,25.211111,30.9125,62.769882,2.4688654,640.0,36.9
2017-09-08,2017,251,31.65,24.0,25.25,31.3375,62.16918,2.4284868,631.25,37.3
2017-09-09,2017,252,32.35,25.1,26.177778,32.025,65.46496,2.4432883,664.25,38.8
2017-09-10,2017,253,32.0,25.6,26.722221,31.725,64.62994,2.3705142,718.5,38.8
2017-09-11,2017,254,32.75,26.65,27.277779,31.5875,69.98762,1.8722395,674.5,39.4
2017-09-12,2017,255,32.65,26.95,27.555555,31.95,73.92723,1.7935368,631.75,40.1
2017-09-13,2017,256,31.95,26.25,27.044443,31.3375,74.31028,2.955357,666.25,38.3
2017-09-14,2017,257,32.1,25.7,26.433332,31.725,66.69659,2.7266061,745.25,38.8
2017-09-15,2017,258,32.0,25.7,26.705557,31.4875,69.64045,3.0470746,710.5,38.1
2017-09-16,2017,259,31.95,25.55,26.455557,31.45,70.85264,1.956892,659.5,39.1
2017-09-17,2017,260,31.0,24.7,26.05,30.325,75.35755,2.068979,554.5,37.2
2017-09-18,2017,261,31.2,25.3,26.222221,30.6875,72.51089,1.3549922,510.25,37.7
2017-09-19,2017,262,33.9,26.05,26.927778,33.6,60.42891,3.1640282,781.75,40.4
2017-09-20,2017,263,33.15,25.6,26.622223,32.7125,65.921394,3.2000952,789.75,39.8
2017-09-21,2017,264,32.1,25.3,26.144445,31.5375,64.00697,2.961113,730.75,37.9
2017-09-22,2017,265,30.95,24.95,25.849998,30.6875,59.016632,3.6254652,711.25,35.6
2017-09-23,2017,266,31.65,24.45,25.322222,31.225,58.53867,3.1363127,748.75,37.0
2017-09-24,2017,267,31.55,24.7,25.433332,31.125,62.281178,2.5355427,577.0,36.6
2017-09-25,2017,268,31.2,24.25,25.038889,31.025,58.989902,2.9282937,644.5,36.3
2017-09-26,2017,269,31.5,23.4,24.366667,31.1375,58.72753,1.9977468,602.25,37.1
2017-09-27,2017,270,32.75,24.05,24.905556,32.3375,57.913742,2.0511045,791.0,39.8
2017-09-28,2017,271,33.2,24.5,25.516666,32.8375,55.807793,2.3873107,790.25,39.8
2017-09-29,2017,272,33.55,24.5,25.622221,33.0625,55.15242,2.4123855,793.0,40.0
2017-09-30,2017,273,34.4,24.55,25.938889,33.85,51.363113,2.383289,784.0,40.6
2017-10-01,2017,274,35.35,25.65,26.811111,34.9625,46.168163,2.804195,768.75,41.1
2017-10-02,2017,275,34.95,25.45,26.855555,34.3875,41.84668,2.219063,757.75,40.5
2017-10-03,2017,276,35.6,24.95,26.305555,35.175,42.449516,1.8924365,744.25,41.6
2017-10-04,2017,277,36.4,26.25,26.883333,36.1375,36.532604,2.5302804,701.0,41.5
2017-10-05,2017,278,37.0,25.65,27.061111,36.7875,31.761992,2.605217,767.0,42.5
2017-10-06,2017,279,36.8,23.5,25.727777,36.425,32.04697,3.3998168,767.5,41.4
2017-10-07,2017,280,37.1,25.45,26.544443,36.7,30.964687,2.81865,770.0,42.2
2017-10-08,2017,281,36.8,23.75,25.177778,36.5375,30.090708,2.152643,777.0,42.5
2017-10-09,2017,282,36.6,23.35,24.822222,36.05,33.429604,1.8062181,767.5,42.3
2017-10-10,2017,283,36.5,23.95,25.444445,36.0625,37.73442,3.8770764,702.25,40.5
2017-10-11,2017,284,32.75,25.15,26.127777,31.8125,57.636024,4.2089334,345.25,33.7
2017-10-12,2017,285,31.55,26.95,27.305555,30.5875,68.43696,1.0880072,197.25,34.7
2017-10-13,2017,286,35.75,26.1,26.972221,35.2,38.32194,2.3530817,642.75,40.2
2017-10-14,2017,287,37.05,25.95,27.016666,36.65,35.17695,2.4276533,675.5,42.0
2017-10-15,2017,288,37.3,25.1,26.266666,36.925,30.523258,2.2698348,747.5,42.6
2017-10-16,2017,289,36.9,23.1,25.394445,36.55,27.363663,1.8548124,755.25,42.3
2017-10-17,2017,290,37.1,23.0,24.372223,36.8125,24.765036,2.8666532,754.0,41.8
2017-10-18,2017,291,37.75,24.4,25.294443,37.525,22.41954,3.6399755,749.25,42.1
2017-10-19,2017,292,36.8,21.65,24.311111,36.0375,25.805626,0.5043392,751.0,41.8
2017-10-20,2017,293,36.55,22.3,24.211111,36.1125,24.443531,1.3551233,744.0,41.8
2017-10-21,2017,294,36.6,22.2,24.422222,36.15,26.444183,2.0181623,733.5,41.5
2017-10-22,2017,295,35.9,23.85,25.294443,34.95,27.152382,3.3731418,734.0,39.2
2017-10-23,2017,296,34.55,22.25,24.127777,33.725,35.742794,3.1173334,729.25,38.3
2017-10-24,2017,297,35.1,22.0,24.077778,34.4125,39.618153,2.6587887,708.5,39.6
2017-10-25,2017,298,35.4,22.05,23.794443,34.975,28.627193,1.2029265,719.75,40.6
2017-10-26,2017,299,35.2,20.25,22.61111,34.7875,23.454128,1.02246,722.0,40.1
2017-10-27,2017,300,34.4,19.15,21.8,34.05,24.050531,0.7858862,716.0,39.3
2017-10-28,2017,301,34.45,19.9,22.0,34.1375,23.198307,0.77336913,709.5,39.3
2017-10-29,2017,302,34.95,20.8,22.683332,34.5125,23.542665,1.2937542,700.75,39.6
2017-10-30,2017,303,34.75,21.35,22.849998,34.550003,20.934778,2.254122,708.0,39.1
2017-10-31,2017,304,34.35,19.65,23.216667,34.025,22.65864,1.533443,702.75,39.0
2017-11-01,2017,305,33.8,19.6,21.244444,33.4875,26.580126,1.8471744,695.75,38.4
2017-11-02,2017,306,33.2,19.75,21.327778,33.0375,28.072788,1.367693,693.0,38.2
2017-11-03,2017,307,33.8,19.7,21.88889,33.3375,27.360788,2.0267978,689.75,38.1
2017-11-04,2017,308,33.8,19.75,21.727777,33.5125,24.191416,3.8132465,690.75,36.7
2017-11-05,2017,309,32.55,20.3,21.788887,32.325,30.065128,3.133285,680.75,36.1
2017-11-06,2017,310,32.7,20.3,21.494444,32.4375,30.52795,2.5684023,680.75,36.7
2017-11-07,2017,311,32.55,19.9,21.466667,32.3,33.410393,1.3996506,672.5,37.6
2017-11-08,2017,312,32.45,19.8,21.527779,32.275,31.152557,1.4099866,668.25,37.4
2017-11-09,2017,313,32.15,19.25,21.372223,31.9375,31.46931,0.52950853,661.5,37.2
2017-11-10,2017,314,32.35,19.95,21.772223,32.1,30.222784,1.4760488,650.75,37.0
2017-11-11,2017,315,31.8,19.0,21.427778,31.5625,29.363188,2.179652,661.5,35.9
2017-11-12,2017,316,31.15,17.45,20.261112,30.9375,28.833265,2.380556,663.75,35.1
2017-11-13,2017,317,30.6,17.2,19.705557,30.4,26.542315,1.3824285,663.75,35.2
2017-11-14,2017,318,29.75,17.15,20.333334,29.4125,32.986664,0.6260433,654.25,34.8
2017-11-15,2017,319,29.85,18.05,19.027779,29.5625,37.226944,1.3579419,639.0,34.8
2017-11-16,2017,320,29.65,16.1,18.644445,29.4625,26.995724,1.3229355,653.75,34.3
2017-11-17,2017,321,30.1,17.5,19.383333,29.55,38.431625,1.040161,638.25,35.0
2017-11-18,2017,322,29.55,17.55,19.655556,29.15,39.79455,1.3485441,631.5,34.4
2017-11-19,2017,323,29.7,18.55,19.7,29.3875,41.677525,2.6039414,587.0,33.2
2017-11-20,2017,324,30.05,18.9,19.83889,29.725,36.85671,3.373356,631.0,32.8
2017-11-21,2017,325,29.6,20.25,20.433332,29.1,41.804283,2.622789,602.0,33.0
2017-11-22,2017,326,29.85,18.35,19.272223,29.525,38.056747,2.2498586,627.75,33.8
2017-11-23,2017,327,29.55,17.4,18.422222,29.1,38.65456,2.242881,627.5,33.4
2017-11-24,2017,328,29.85,16.3,17.633333,29.325,40.030502,0.9648148,631.5,34.9
2017-11-25,2017,329,29.95,15.95,17.83889,29.5375,32.493263,1.3131,632.25,34.4
2017-11-26,2017,330,30.3,15.5,17.677778,29.825,30.893879,1.8763411,627.5,34.2
2017-11-27,2017,331,30.3,16.95,18.294443,29.7625,33.61459,1.4787406,627.25,34.6
2017-11-28,2017,332,30.2,15.5,16.972221,29.85,29.020935,0.5367669,629.5,34.8
2017-11-29,2017,333,30.15,15.9,17.849998,29.85,27.911133,2.2022781,620.0,33.7
2017-11-30,2017,334,30.1,15.85,17.66111,29.7125,31.20294,1.5968668,617.75,34.2
2017-12-01,2017,335,29.9,16.95,18.472221,29.45,32.41852,3.035171,616.75,32.5
2017-12-02,2017,336,29.5,17.5,19.016666,29.1,30.345064,3.404444,584.75,31.4
2017-12-03,2017,337,27.3,18.75,19.561111,26.974998,37.339703,3.4039392,335.0,27.1
2017-12-04,2017,338,26.6,19.15,20.622223,26.3375,41.379948,3.4282598,280.25,25.9
2017-12-05,2017,339,21.0,18.8,20.155556,18.7375,86.931915,5.1955423,49.75,13.5
2017-12-06,2017,340,21.2,16.95,17.88889,21.1375,65.63126,4.6642394,220.25,18.6
2017-12-07,2017,341,25.4,15.65,17.716667,24.5,60.450356,2.991527,473.75,27.4
2017-12-08,2017,342,27.95,18.75,19.772223,27.4875,56.69362,3.360032,581.75,31.0
2017-12-09,2017,343,27.9,20.0,21.233334,27.4375,58.11885,2.9475837,397.25,29.9
2017-12-10,2017,344,29.25,20.35,21.627777,28.8625,48.073616,3.3482027,526.25,31.6
2017-12-11,2017,345,26.1,19.4,20.605555,25.3375,47.81112,2.7254462,415.25,27.4
2017-12-12,2017,346,25.25,15.8,17.516666,24.9,40.966503,1.6562505,595.25,29.8
2017-12-13,2017,347,25.1,13.35,14.594445,24.8125,33.336697,1.7825325,612.25,29.4
2017-12-14,2017,348,26.4,13.6,14.994444,26.0125,38.685825,1.970314,610.5,30.5
2017-12-15,2017,349,27.3,15.0,16.494444,26.6625,49.638794,2.297227,573.0,30.9
2017-12-16,2017,350,27.95,17.45,18.544443,27.3875,42.118267,3.8984175,585.75,29.4
2017-12-17,2017,351,28.3,17.95,19.505556,27.65,39.5914,4.7356644,550.25,28.5
2017-12-18,2017,352,28.15,17.4,19.288889,27.675,37.861435,2.9446545,568.0,30.5
2017-12-19,2017,353,26.95,17.85,18.961111,26.6,27.882854,3.1443684,449.25,27.7
2017-12-20,2017,354,27.9,18.55,19.344444,27.3,29.986013,3.2874763,484.75,28.7
2017-12-21,2017,355,27.55,16.15,18.3,26.95,32.09218,3.4850416,497.25,28.2
2017-12-22,2017,356,27.45,17.85,18.994444,27.075,37.06764,4.046755,466.25,27.6
2017-12-23,2017,357,27.95,16.1,18.61111,27.4875,34.308216,3.054162,601.5,30.4
2017-12-24,2017,358,28.0,13.45,15.444445,27.6375,29.707354,1.852725,618.25,31.9
2017-12-25,2017,359,28.35,14.15,16.272223,27.8875,29.115309,3.6578765,622.25,30.1
2017-12-26,2017,360,27.75,14.3,16.422222,27.2625,28.115025,3.6942062,624.5,29.3
2017-12-27,2017,361,28.3,13.85,15.366667,27.637499,27.490543,2.584631,624.25,31.0
2017-12-28,2017,362,28.4,13.95,15.105556,27.625,33.069027,1.9061787,619.75,32.0
2017-12-29,2017,363,28.95,14.6,15.688889,28.2,33.926723,2.55605,614.5,31.8
2017-12-30,2017,364,28.55,14.05,16.427778,28.0,31.768322,2.5720897,619.25,31.5
2017-12-31,2017,365,28.0,13.8,16.3,27.3875,35.02171,2.2566683,614.0,31.4
2018-01-01,2018,1,27.1,14.25,16.544443,26.5,36.263706,1.9121938,623.75,31.0
2018-01-02,2018,2,27.1,14.95,15.888889,26.4875,33.955082,4.305211,626.25,28.0
2018-01-03,2018,3,26.95,14.5,16.094444,26.175,31.501375,3.4875894,627.75,28.6
2018-01-04,2018,4,27.15,13.75,14.922222,26.475,36.11785,0.91758466,625.0,31.9
2018-01-05,2018,5,26.1,11.7,14.238888,25.6875,28.139853,1.9353096,638.5,30.1
2018-01-06,2018,6,25.7,13.0,14.855556,25.3125,33.31391,1.6593337,635.25,30.2
2018-01-07,2018,7,25.9,13.35,15.277778,25.4625,29.849209,2.5882497,639.5,29.1
2018-01-08,2018,8,27.1,12.75,14.977778,26.1875,32.237175,3.259248,635.0,29.0
2018-01-09,2018,9,27.95,16.0,17.577778,27.1875,33.73809,3.6540656,630.25,29.5
2018-01-10,2018,10,28.65,16.85,18.5,28.037498,32.13658,3.929708,626.25,30.1
2018-01-11,2018,11,28.8,15.7,17.916666,28.325,29.976269,3.7268791,611.5,30.4
2018-01-12,2018,12,29.9,18.5,20.36111,29.325,32.699722,2.3645835,579.0,32.8
2018-01-13,2018,13,28.9,20.25,21.583334,28.5375,36.9868,3.559569,405.75,29.3
2018-01-14,2018,14,30.9,19.7,20.594444,30.3875,38.400505,2.000341,621.0,35.0
2018-01-15,2018,15,31.1,18.75,20.305555,30.5,36.77183,1.9282053,642.25,35.2
2018-01-16,2018,16,30.45,16.45,18.466667,29.8375,31.516132,1.1188564,645.5,34.9
2018-01-17,2018,17,28.7,17.4,19.455557,28.2125,34.727345,2.2963417,643.0,32.4
2018-01-18,2018,18,28.8,15.0,16.527779,28.224998,30.988522,1.2965393,656.5,33.3
2018-01-19,2018,19,28.3,13.3,16.261112,27.8,26.220764,2.0398946,677.75,32.2
2018-01-20,2018,20,29.1,13.8,15.966666,28.275,30.192299,1.7517529,669.0,33.0
2018-01-21,2018,21,29.85,15.3,17.650002,29.225,31.704533,0.7016497,668.75,34.7
2018-01-22,2018,22,28.8,15.5,17.761112,28.0625,35.69726,1.2599821,668.0,33.5
2018-01-23,2018,23,26.65,15.95,17.26111,26.0125,31.88251,3.6846848,688.5,28.7
2018-01-24,2018,24,26.8,12.65,14.827778,26.2125,28.685871,2.4952202,697.25,30.4
2018-01-25,2018,25,26.7,12.65,13.966666,26.075,25.369537,1.0335441,704.0,31.8
2018-01-26,2018,26,27.15,12.05,14.122222,26.662498,24.861881,1.9742237,709.0,31.5
2018-01-27,2018,27,28.15,12.65,14.71111,27.3375,26.862906,0.675,708.25,33.1
2018-01-28,2018,28,28.35,12.4,14.883333,27.825,25.026382,1.0267141,712.75,33.3
2018-01-29,2018,29,29.15,12.5,14.655555,28.5875,23.001245,1.1600568,717.25,33.9
2018-01-30,2018,30,30.45,13.1,15.450001,29.75,29.219078,1.2248285,711.0,35.2
2018-01-31,2018,31,31.6,15.1,17.3,30.775,29.59151,1.2726886,710.25,36.2
2018-02-01,2018,32,31.0,15.05,17.466667,30.35,28.241077,1.5716563,709.75,35.5
2018-02-02,2018,33,29.9,17.5,19.105555,29.4875,30.770327,3.0959556,711.25,33.2
2018-02-03,2018,34,29.65,15.3,16.88889,29.0875,27.487396,1.8310819,718.75,34.1
2018-02-04,2018,35,29.85,15.7,17.427778,29.0875,29.128004,1.6377168,722.75,34.3
2018-02-05,2018,36,30.4,16.7,18.605555,29.65,32.439514,1.9949112,689.75,34.5
2018-02-06,2018,37,26.05,18.55,20.105555,25.724998,50.99497,1.6110206,247.5,27.7
2018-02-07,2018,38,30.2,17.5,19.922222,29.737501,34.106934,1.6275766,723.0,35.2
2018-02-08,2018,39,29.1,15.55,17.7,28.7625,21.162407,1.9362831,741.5,33.6
2018-02-09,2018,40,28.45,13.4,15.316668,27.975,18.195892,0.78228796,760.5,33.6
2018-02-10,2018,41,28.35,13.6,15.922222,27.825,25.580921,1.0002922,718.75,33.4
2018-02-11,2018,42,27.35,15.95,17.488888,26.925,39.507263,2.8077226,723.5,31.3
2018-02-12,2018,43,28.0,16.0,17.538889,27.7,27.425158,1.6441154,754.0,33.2
2018-02-13,2018,44,29.25,15.1,17.344444,28.6625,26.41592,3.5411608,767.75,32.2
2018-02-14,2018,45,28.9,17.6,19.383333,28.2,27.3744,5.054638,697.25,29.7
2018-02-15,2018,46,30.2,16.8,18.372223,29.6,26.158426,3.3718424,775.0,33.4
2018-02-16,2018,47,31.3,16.05,17.655556,30.4875,29.22965,1.5873938,773.75,36.2
2018-02-17,2018,48,31.65,17.45,18.977777,30.95,25.114864,2.329433,782.75,35.9
2018-02-18,2018,49,31.9,16.25,18.327778,31.3375,26.015358,1.8530027,773.75,36.7
2018-02-19,2018,50,32.35,17.25,19.594444,31.65,31.602543,0.98787934,756.25,37.7
2018-02-20,2018,51,33.2,18.3,20.072222,32.4125,26.469044,1.2230496,784.0,38.3
2018-02-21,2018,52,33.55,17.8,20.016666,32.925,25.226198,1.1895925,784.75,38.7
2018-02-22,2018,53,33.35,19.0,20.705557,32.7125,25.902058,1.3305514,785.75,38.5
2018-02-23,2018,54,32.95,17.9,20.3,32.325,29.755968,1.7064564,779.75,38.1
2018-02-24,2018,55,32.8,19.5,21.477777,32.25,30.612782,2.1299725,794.25,37.8
2018-02-25,2018,56,34.4,20.15,21.472221,33.8875,23.522667,2.795894,795.75,38.7
2018-02-26,2018,57,34.9,20.55,22.266666,34.3875,24.097618,2.6439621,799.75,39.5
2018-02-27,2018,58,34.85,20.6,22.311111,34.2625,24.873373,1.4107537,799.25,40.1
2018-02-28,2018,59,35.75,20.25,22.905556,35.2875,21.990341,1.2982514,791.75,41.0
2018-03-01,2018,60,35.25,22.4,24.333334,34.7,22.111673,1.5003545,790.25,40.3
2018-03-02,2018,61,34.95,21.25,23.561111,34.4,21.937145,2.1043022,814.5,39.9
2018-03-03,2018,62,33.95,20.9,21.805555,33.3625,20.098768,3.880591,823.0,37.4
2018-03-04,2018,63,32.9,21.0,21.683332,32.5,23.554428,3.384512,802.25,36.7
2018-03-05,2018,64,33.7,20.7,21.583334,33.25,23.817574,1.944514,826.5,38.9
2018-03-06,2018,65,34.25,19.85,21.41111,33.8125,21.80062,2.7707386,838.75,38.9
2018-03-07,2018,66,34.75,20.8,22.155556,34.125,22.317305,3.074817,785.75,38.7
2018-03-08,2018,67,35.65,21.85,22.883333,34.625,26.993843,2.5070367,814.0,40.1
2018-03-09,2018,68,35.15,22.05,22.822222,34.3625,23.589508,1.5171542,837.0,40.4
2018-03-10,2018,69,34.8,20.4,22.3,34.05,25.592503,1.5399482,840.5,40.2
2018-03-11,2018,70,34.95,19.85,21.155556,34.2,24.403015,1.9218602,852.25,40.2
2018-03-12,2018,71,35.15,18.85,20.983334,34.4875,17.592632,1.5821378,868.5,40.3
2018-03-13,2018,72,34.05,20.35,22.177778,33.5125,24.297218,2.313521,851.75,39.1
2018-03-14,2018,73,33.65,20.2,22.5,32.4,25.522537,3.7020946,850.25,36.8
2018-03-15,2018,74,34.6,20.35,22.216667,33.875,21.30783,4.5372944,860.5,37.9
2018-03-16,2018,75,34.7,20.5,22.63889,34.35,19.552458,2.568233,865.75,39.7
2018-03-17,2018,76,35.55,21.85,23.694445,35.325,16.268631,2.112411,861.75,40.8
2018-03-18,2018,77,34.95,20.45,23.033333,33.9125,20.958227,1.4794462,691.75,38.7
2018-03-19,2018,78,34.15,23.7,24.650002,33.5375,25.004025,3.9190087,704.25,36.8
2018-03-20,2018,79,34.5,22.2,23.16111,34.1875,20.315125,4.2262387,865.25,38.4
2018-03-21,2018,80,33.5,20.95,22.344444,32.2125,29.364744,3.8059752,860.75,36.7
2018-03-22,2018,81,33.7,21.7,23.0,33.325,20.132792,3.1737244,878.75,38.3
2018-03-23,2018,82,34.85,20.1,22.261112,34.4625,17.522747,2.8653035,880.25,39.6
2018-03-24,2018,83,36.3,22.65,23.966667,35.9625,17.394203,3.2092996,868.0,41.0
2018-03-25,2018,84,37.55,23.1,25.311111,37.3125,14.171937,3.249001,884.0,42.5
2018-03-26,2018,85,38.25,22.75,24.877777,37.9625,14.418821,2.169765,876.25,43.7
2018-03-27,2018,86,38.3,20.5,22.966667,37.9,12.920796,2.1620882,892.75,43.6
2018-03-28,2018,87,38.75,22.45,23.927778,37.6625,16.97883,1.8556701,895.25,43.8
2018-03-29,2018,88,39.9,23.4,25.416666,38.9,18.29056,2.1298707,893.75,45.3
2018-03-30,2018,89,40.05,24.4,25.994444,39.1375,13.345569,3.0289712,899.75,44.8
2018-03-31,2018,90,39.65,22.55,24.849998,38.725,10.82197,4.3248177,907.0,43.6
2018-04-01,2018,91,37.85,22.4,24.86111,36.85,21.017975,2.0899286,899.75,43.2
2018-04-02,2018,92,39.0,23.55,25.488888,38.3125,17.46639,1.9192853,892.75,44.6
2018-04-03,2018,93,38.65,24.6,26.166666,38.2625,14.363725,3.2276106,886.5,43.6
2018-04-04,2018,94,38.95,24.85,26.694445,38.475,16.98637,3.6400719,890.0,43.9
2018-04-05,2018,95,37.85,24.95,25.95,37.15,19.332859,3.0255466,885.25,42.8
2018-04-06,2018,96,37.65,24.05,25.933332,36.5875,27.708937,3.4004805,885.0,42.3
2018-04-07,2018,97,37.75,22.55,25.227777,37.0875,23.462523,2.8448038,880.25,43.0
2018-04-08,2018,98,37.65,23.9,25.516666,36.7125,24.321253,2.2530777,798.25,42.4
2018-04-09,2018,99,38.4,22.35,24.58889,37.925,21.188723,2.7265077,864.0,43.8
2018-04-10,2018,100,38.7,22.7,24.544443,38.0375,21.997782,2.417613,874.5,44.3
2018-04-11,2018,101,38.75,25.55,26.761112,37.85,26.085917,3.1365829,876.0,43.8
2018-04-12,2018,102,37.65,26.15,27.16111,37.275,25.186338,2.6317441,736.75,42.4
2018-04-13,2018,103,38.3,25.85,26.966667,37.85,24.267342,2.0540242,755.25,43.5
2018-04-14,2018,104,39.45,26.4,27.811111,38.737503,21.996468,1.8025248,856.25,45.2
2018-04-15,2018,105,39.4,26.9,28.422222,39.125,18.536491,3.0220423,871.0,45.0
2018-04-16,2018,106,39.55,26.65,27.938889,39.0625,20.914349,3.6739058,885.5,44.8
2018-04-17,2018,107,39.8,26.35,27.316668,39.5125,15.879453,4.557768,898.0,44.9
2018-04-18,2018,108,40.25,26.4,27.849998,39.975,16.028887,3.8358045,900.0,45.7
2018-04-19,2018,109,40.8,27.5,28.994446,40.4125,15.794273,4.034377,899.75,46.1
2018-04-20,2018,110,38.8,26.75,28.238888,38.4,20.519335,5.666281,765.0,42.6
2018-04-21,2018,111,36.75,24.4,26.272223,36.35,15.675728,3.1655612,921.5,41.8
2018-04-22,2018,112,38.15,23.55,25.233334,37.7625,12.547348,1.7766764,925.0,43.7
2018-04-23,2018,113,39.2,22.1,25.444445,38.875,9.287344,2.2307773,941.0,44.5
2018-04-24,2018,114,39.5,22.4,24.849998,39.225,8.827389,2.8367548,940.5,44.7
2018-04-25,2018,115,39.5,23.85,25.849998,38.8125,13.647335,3.2164621,923.0,44.5
2018-04-26,2018,116,39.85,24.1,26.255556,38.9125,20.122345,3.062228,905.5,45.0
2018-04-27,2018,117,40.1,26.0,27.805555,39.199997,28.70084,2.5548482,889.75,46.1
2018-04-28,2018,118,41.25,27.25,29.161112,40.15,25.53279,3.8031473,892.75,46.4
2018-04-29,2018,119,42.0,26.1,28.588888,40.5875,20.692356,4.879532,900.5,46.5
2018-04-30,2018,120,42.55,26.15,28.288889,40.9625,21.624962,5.7240705,892.75,46.9
2018-05-01,2018,121,42.1,26.0,27.927778,40.575,20.86806,5.08643,900.75,46.5
2018-05-02,2018,122,42.25,25.5,27.327778,40.6125,20.107294,4.034863,907.75,46.7
2018-05-03,2018,123,41.3,25.4,27.288889,40.1,19.132366,3.4863477,913.25,46.3
2018-05-04,2018,124,40.65,27.4,28.383333,39.912502,26.508026,2.7350032,861.75,46.5
2018-05-05,2018,125,41.65,27.95,28.983334,40.800003,19.290009,3.7338078,891.0,46.9
2018-05-06,2018,126,41.2,27.1,29.255554,40.7,15.28063,3.6631656,907.75,46.6
2018-05-07,2018,127,39.5,25.6,27.711111,38.425,21.602436,3.4878554,906.25,44.3
2018-05-08,2018,128,40.05,25.6,28.133335,38.7125,26.569908,4.661187,882.25,44.2
2018-05-09,2018,129,41.2,27.05,29.466667,40.0125,21.130432,4.1569395,894.25,45.9
2018-05-10,2018,130,42.2,27.85,29.727776,41.325,17.659641,2.8685472,893.75,47.8
2018-05-11,2018,131,42.5,28.8,30.605556,41.8875,17.748497,3.6216288,889.0,48.2
2018-05-12,2018,132,41.8,28.0,29.944445,40.8375,17.488298,4.4985237,905.25,46.7
2018-05-13,2018,133,41.85,27.65,29.93889,41.025,20.169962,4.5875893,865.0,46.8
2018-05-14,2018,134,41.35,28.1,29.905556,40.5125,22.341597,3.1840854,886.0,46.9
2018-05-15,2018,135,42.35,28.7,30.122223,41.3125,18.740444,3.6607313,892.0,47.5
2018-05-16,2018,136,42.05,27.45,29.63889,41.0,22.667915,4.2369933,888.25,47.2
2018-05-17,2018,137,43.1,28.8,30.849998,42.3375,17.870916,4.2355404,886.75,48.6
2018-05-18,2018,138,42.45,28.95,30.961111,41.775,17.755924,4.7237606,851.25,47.6
2018-05-19,2018,139,41.65,27.8,29.838888,40.5625,19.15766,3.9831254,896.5,46.6
2018-05-20,2018,140,42.85,28.75,30.449999,42.2375,15.3273735,3.694496,897.0,48.4
2018-05-21,2018,141,42.3,28.15,29.75,41.575,17.980246,2.6045508,890.0,48.2
2018-05-22,2018,142,42.45,27.75,29.444445,41.825,18.131369,3.019814,895.0,48.4
2018-05-23,2018,143,43.95,27.75,29.627777,43.2875,10.330141,3.2185917,901.0,49.2
2018-05-24,2018,144,42.55,28.65,30.616665,42.125,12.604004,4.34453,895.0,47.9
2018-05-25,2018,145,41.05,26.95,29.905556,40.075,18.406885,2.7179575,893.0,46.4
2018-05-26,2018,146,42.95,28.4,30.599998,41.5375,23.191116,3.5962253,861.0,47.9
2018-05-27,2018,147,43.75,29.25,31.227776,42.8125,19.884777,4.0914226,842.25,49.0
2018-05-28,2018,148,42.95,29.1,31.283333,41.8125,25.11039,3.8167949,877.0,48.4
2018-05-29,2018,149,42.2,28.1,29.57778,40.7,27.28914,4.2736125,882.0,46.9
2018-05-30,2018,150,41.2,29.05,30.161112,40.2125,30.916742,4.4823513,873.75,46.4
2018-05-31,2018,151,41.2,30.1,30.405556,40.2375,32.58401,3.6877875,855.25,46.7
2018-06-01,2018,152,41.15,30.35,31.133335,40.15,31.952805,3.5370698,849.5,46.6
2018-06-02,2018,153,41.35,30.05,31.355556,40.5125,31.192768,2.2101362,838.5,47.7
2018-06-03,2018,154,41.45,29.05,31.177778,40.3,31.850449,4.6143346,864.5,46.4
2018-06-04,2018,155,41.45,28.35,30.494446,40.175,31.137402,3.922192,868.25,46.5
2018-06-05,2018,156,42.15,29.0,31.233334,41.0875,28.605982,4.372339,865.25,47.4
2018-06-06,2018,157,42.35,29.35,31.88889,41.275,26.282625,5.3602123,864.25,47.4
2018-06-07,2018,158,42.5,28.45,30.17222,41.3,27.029465,5.2280436,862.75,47.4
2018-06-08,2018,159,41.35,28.7,30.222221,40.0375,31.910686,4.1363177,853.0,46.2
2018-06-09,2018,160,40.9,30.15,31.349998,39.2125,33.703735,5.1280594,682.5,43.8
2018-06-10,2018,161,41.15,30.25,31.42222,39.6125,35.046925,4.9499664,772.25,45.0
2018-06-11,2018,162,41.3,30.0,30.933332,40.112503,32.874287,5.4073997,814.5,45.8
2018-06-12,2018,163,41.2,28.6,30.394444,39.975,31.837849,6.2303753,836.25,45.7
2018-06-13,2018,164,41.65,29.2,30.427778,40.05,29.106792,6.303971,848.75,45.8
2018-06-14,2018,165,41.05,29.0,30.199999,39.7125,27.349503,7.2837095,819.75,45.3
2018-06-15,2018,166,40.55,29.1,30.36111,39.55,29.795692,6.9413395,808.25,45.0
2018-06-16,2018,167,38.3,28.4,29.5,37.6375,34.91291,6.2550154,640.75,41.3
2018-06-17,2018,168,38.35,28.75,29.816668,37.3875,35.755264,6.0431137,465.25,39.9
2018-06-18,2018,169,40.0,29.4,30.36111,39.0125,33.591873,5.1713667,819.25,44.4
2018-06-19,2018,170,40.3,29.15,30.43889,39.0,33.762737,4.2396817,804.0,44.5
2018-06-20,2018,171,41.35,28.5,30.238888,40.2125,23.930252,3.7439585,875.25,46.3
2018-06-21,2018,172,41.25,27.9,29.661112,39.775,31.129778,3.4224248,864.0,46.2
2018-06-22,2018,173,40.4,28.9,30.133335,39.3875,33.685165,2.32035,749.0,45.8
2018-06-23,2018,174,39.65,29.65,31.011112,37.9875,38.95802,1.840753,709.5,44.5
2018-06-24,2018,175,34.0,27.9,30.150002,32.4875,59.57083,2.888654,397.5,36.3
2018-06-25,2018,176,37.7,28.95,29.666666,35.6,47.163982,3.6604366,503.5,39.4
2018-06-26,2018,177,37.3,27.75,28.81111,35.275,42.47812,4.260689,322.75,36.9
2018-06-27,2018,178,37.5,28.0,29.194445,36.3625,39.487907,3.086533,590.25,40.8
2018-06-28,2018,179,35.3,27.85,29.277779,34.3625,50.269108,3.018804,383.5,37.6
2018-06-29,2018,180,37.2,26.5,27.944445,36.3,41.587536,4.8302107,730.75,40.7
2018-06-30,2018,181,36.5,27.4,27.994444,36.0125,40.573875,4.8405356,769.75,40.6
2018-07-01,2018,182,37.65,27.1,28.016666,36.7375,39.863266,4.826172,754.0,41.4
2018-07-02,2018,183,36.9,26.95,28.038889,35.6375,47.04928,5.7788167,667.0,39.6
2018-07-03,2018,184,31.95,26.4,26.972221,29.9875,75.66945,5.7051554,332.75,31.8
2018-07-04,2018,185,31.0,26.6,27.105555,30.4625,69.49544,4.180874,159.0,31.5
2018-07-05,2018,186,36.0,26.25,27.150002,34.6875,48.520515,4.09551,631.75,38.9
2018-07-06,2018,187,35.65,26.9,28.16111,34.95,48.22346,3.8723886,662.25,39.6
2018-07-07,2018,188,35.0,27.45,28.472221,34.025,51.036392,2.932427,448.0,37.8
2018-07-08,2018,189,35.45,26.95,28.627777,34.7,49.943275,3.6266947,698.5,39.8
2018-07-09,2018,190,35.45,27.8,28.772224,34.7,49.687653,2.7272894,508.0,39.2
2018-07-10,2018,191,33.25,26.65,28.272223,32.475,61.30806,4.0378475,478.5,36.1
2018-07-11,2018,192,30.4,26.05,26.561111,29.9125,73.73982,4.5732574,272.0,31.7
2018-07-12,2018,193,29.4,26.05,26.311111,28.05,85.80962,3.0717087,205.5,31.2
2018-07-13,2018,194,29.8,25.7,26.194445,29.5,77.6968,2.4696584,288.25,33.8
2018-07-14,2018,195,30.2,26.05,26.316668,29.35,83.10891,2.7360756,348.25,34.4
2018-07-15,2018,196,28.95,26.05,26.244444,28.55,86.28926,4.51519,272.25,31.1
2018-07-16,2018,197,29.25,25.55,25.894445,28.4625,86.0078,2.8811893,331.25,33.1
2018-07-17,2018,198,30.1,25.3,25.755556,29.7125,76.707306,4.305037,495.75,33.6
2018-07-18,2018,199,29.75,25.5,26.122223,29.175,75.166595,5.3191776,307.0,30.5
2018-07-19,2018,200,31.75,25.25,25.677778,31.35,67.31855,3.5242877,515.75,35.8
2018-07-20,2018,201,28.25,25.3,25.555555,27.6625,88.637955,3.662978,185.75,30.1
2018-07-21,2018,202,27.6,25.35,25.533333,27.425,91.81947,3.1793659,190.5,30.7
2018-07-22,2018,203,31.15,25.3,25.86111,30.8625,65.88193,4.8672094,422.0,33.2
2018-07-23,2018,204,28.6,26.05,26.455557,28.1875,80.43247,3.72765,185.0,29.9
2018-07-24,2018,205,27.2,25.3,25.8,27.0125,92.82127,3.6113966,181.25,29.6
2018-07-25,2018,206,28.2,25.2,25.777779,27.9,81.627426,4.9965796,221.5,28.7
2018-07-26,2018,207,31.0,25.25,26.027779,30.45,64.54634,6.4845147,431.0,31.9
2018-07-27,2018,208,31.2,25.6,26.316666,30.875,64.514244,6.7699833,531.5,33.2
2018-07-28,2018,209,32.7,26.0,26.677778,31.75,58.476658,5.1813645,559.0,34.6
2018-07-29,2018,210,31.45,25.2,26.327778,31.15,62.778732,5.209405,565.25,34.2
2018-07-30,2018,211,32.3,25.35,26.522223,31.912498,56.97427,4.7011237,650.25,35.6
2018-07-31,2018,212,32.25,25.3,26.666666,31.7625,59.031662,5.0362635,619.0,35.2
2018-08-01,2018,213,32.9,25.15,26.63889,32.475,55.49941,5.3730373,680.75,36.1
2018-08-02,2018,214,32.45,25.5,26.672222,31.9375,57.421288,5.2946777,578.5,34.9
2018-08-03,2018,215,33.3,25.75,26.672222,32.4,58.138386,5.677887,690.5,36.2
2018-08-04,2018,216,32.9,25.15,26.394445,32.025,57.04455,5.5984154,630.0,35.2
2018-08-05,2018,217,32.45,25.55,26.605555,31.9125,56.322643,5.957819,497.0,33.9
2018-08-06,2018,218,32.05,25.55,26.405556,31.65,56.089245,5.9149375,507.25,33.6
2018-08-07,2018,219,32.4,25.75,26.516666,31.75,55.288357,5.1473827,534.5,34.2
2018-08-08,2018,220,30.7,25.85,26.572222,30.1125,64.15903,3.3146186,293.0,32.4
2018-08-09,2018,221,29.7,25.05,25.722221,28.775,75.73567,2.6664357,393.0,33.2
2018-08-10,2018,222,32.6,25.5,26.444445,31.8875,59.72779,3.7473912,633.0,36.5
2018-08-11,2018,223,31.85,25.45,26.744444,31.2625,62.946983,5.378887,623.0,34.7
2018-08-12,2018,224,31.6,25.55,26.627777,31.3875,61.37255,5.867497,524.0,33.8
2018-08-13,2018,225,32.6,26.0,26.95,32.1625,58.204964,5.2876472,528.75,34.9
2018-08-14,2018,226,32.7,25.9,26.866667,31.975,58.630005,4.192317,541.75,35.5
2018-08-15,2018,227,31.3,25.95,26.894445,30.975,62.257343,2.684505,383.25,34.7
2018-08-16,2018,228,32.35,26.2,27.155556,31.275,60.6438,2.9338274,247.0,33.6
2018-08-17,2018,229,28.25,24.85,25.188889,27.287498,89.1644,4.5645857,209.25,28.8
2018-08-18,2018,230,29.85,24.05,24.816668,29.35,70.2536,4.2219176,397.75,31.8
2018-08-19,2018,231,29.75,25.1,25.433332,28.825,79.144684,2.9292154,322.5,32.7
2018-08-20,2018,232,30.1,24.85,25.272223,29.575,72.53634,3.870607,444.25,33.0
2018-08-21,2018,233,26.5,24.75,25.172222,26.2625,92.3713,3.926145,154.75,27.8
2018-08-22,2018,234,28.45,24.25,24.683332,27.5125,85.63154,3.3297887,251.5,30.5
2018-08-23,2018,235,29.15,24.55,25.01111,28.7,77.41206,2.823584,236.5,31.8
2018-08-24,2018,236,30.5,24.35,25.172222,29.7625,73.78763,4.293896,573.25,34.0
2018-08-25,2018,237,29.6,24.8,25.266666,29.425,71.94016,5.0119786,564.5,32.7
2018-08-26,2018,238,29.25,24.05,24.650002,28.925,74.58145,4.6666374,569.25,32.5
2018-08-27,2018,239,30.4,23.95,24.816668,30.0875,61.187065,2.892776,672.25,35.5
2018-08-28,2018,240,29.95,24.5,25.105555,29.8125,65.249725,2.5472016,548.25,35.0
2018-08-29,2018,241,25.65,23.75,24.533333,25.55,90.88542,2.2852907,127.75,28.4
2018-08-30,2018,242,29.8,22.8,23.961111,29.325,70.007324,3.8938031,500.25,32.9
2018-08-31,2018,243,29.1,24.35,24.866667,28.9125,71.497375,4.0631323,437.25,31.8
2018-09-01,2018,244,27.25,24.15,24.572222,27.1375,81.46171,3.9161627,276.25,29.1
2018-09-02,2018,245,29.25,24.4,24.677778,28.975,73.91748,3.7869062,569.5,33.4
2018-09-03,2018,246,29.5,24.0,24.516666,29.0625,71.0329,3.6720371,596.5,33.6
2018-09-04,2018,247,30.3,24.0,24.744444,29.975,62.068283,4.354197,589.25,33.3
2018-09-05,2018,248,30.6,23.1,24.077778,30.025,57.7181,4.3777194,566.75,32.9
2018-09-06,2018,249,30.9,22.4,23.444445,29.95,57.613644,4.0697637,706.25,34.1
2018-09-07,2018,250,30.0,21.8,23.172222,29.475,57.698143,2.9993067,677.0,34.5
2018-09-08,2018,251,27.8,23.7,24.45,27.5875,70.34087,3.4654553,254.75,29.1
2018-09-09,2018,252,27.95,23.25,23.894445,27.5125,69.287285,3.0124574,292.0,29.8
2018-09-10,2018,253,29.5,24.05,24.555555,29.2,66.07655,4.0173287,487.75,32.2
2018-09-11,2018,254,30.95,23.65,24.527779,30.4375,60.16881,3.9416196,618.0,34.4
2018-09-12,2018,255,29.75,24.05,24.816668,29.4625,66.290535,4.1805134,552.25,32.9
2018-09-13,2018,256,30.6,23.5,24.627777,30.0,59.10143,3.7748926,569.75,33.5
2018-09-14,2018,257,31.0,23.9,24.966667,30.4125,58.214237,3.1445436,652.75,35.3
2018-09-15,2018,258,30.55,24.4,24.933332,30.275,61.403,2.3164268,674.75,36.5
2018-09-16,2018,259,30.2,24.2,24.599998,30.075,69.062294,1.7640557,648.0,37.3
2018-09-17,2018,260,30.75,24.15,24.655556,30.5625,64.389084,2.28649,708.0,37.3
2018-09-18,2018,261,32.0,23.95,25.011112,31.4625,60.117683,2.1153657,770.25,38.7
2018-09-19,2018,262,32.4,24.55,25.45,31.925001,57.68826,3.2250133,775.5,37.9
2018-09-20,2018,263,32.7,24.05,25.3,32.225,55.656082,3.6323466,814.25,38.0
2018-09-21,2018,264,34.1,24.85,25.938889,33.7875,50.403015,5.914636,814.5,38.2
2018-09-22,2018,265,32.3,24.45,25.066668,32.2,59.66073,1.8646836,329.5,36.4
2018-09-23,2018,266,30.0,24.9,25.561111,29.675,73.674255,3.340694,225.75,32.1
2018-09-24,2018,267,32.8,25.0,25.366667,32.375,61.289486,2.3613632,753.0,39.5
2018-09-25,2018,268,32.6,23.85,24.938889,31.975,55.02066,1.9279472,803.75,39.3
2018-09-26,2018,269,33.2,22.6,23.938889,32.487503,46.18341,1.4846339,818.5,39.7
2018-09-27,2018,270,34.1,23.3,23.61111,33.65,38.601112,1.2839267,813.75,40.6
2018-09-28,2018,271,34.6,22.55,23.86111,34.262497,38.919952,1.7529311,796.5,40.8
2018-09-29,2018,272,35.05,23.0,24.416666,34.65,38.02504,1.2510314,796.25,41.5
2018-09-30,2018,273,35.05,22.35,23.849998,34.7,38.584915,1.9324899,801.5,41.2
2018-10-01,2018,274,35.35,22.75,24.683332,35.025,37.43464,1.2614161,789.5,41.8
2018-10-02,2018,275,35.5,23.3,24.705557,35.25,38.527092,1.0976827,784.5,42.2
2018-10-03,2018,276,35.85,24.6,25.977777,35.625,37.752804,0.9404334,732.5,42.2
2018-10-04,2018,277,35.5,25.95,27.261112,35.175,43.8973,1.301146,741.25,42.2
2018-10-05,2018,278,35.8,25.5,26.36111,35.55,40.538353,2.119102,727.5,41.6
2018-10-06,2018,279,36.15,24.5,25.738888,35.9,36.740517,1.9744297,703.0,41.7
2018-10-07,2018,280,36.25,24.05,25.666666,35.975,32.98286,1.1477128,705.0,42.0
2018-10-08,2018,281,35.85,23.65,25.13889,35.6,34.365883,0.95599836,712.5,41.8
2018-10-09,2018,282,36.0,23.1,24.955557,35.6125,34.121094,0.31490642,757.0,42.1
2018-10-10,2018,283,36.55,24.05,25.55,36.3,27.84408,2.5177813,709.25,41.3
2018-10-11,2018,284,36.15,22.95,24.805555,35.9125,29.183811,2.044613,721.75,41.3
2018-10-12,2018,285,35.65,23.65,24.694445,35.475,31.066286,2.2951014,719.25,40.7
2018-10-13,2018,286,35.55,22.95,24.405556,35.3,32.692352,1.4363141,698.75,41.0
2018-10-14,2018,287,36.25,23.7,24.61111,35.925,27.646294,1.4754506,719.0,41.5
2018-10-15,2018,288,35.7,22.65,23.75,35.3,28.041563,0.54485536,755.5,41.2
2018-10-16,2018,289,35.3,21.65,23.755556,34.975,28.618265,0.6821959,748.0,40.9
2018-10-17,2018,290,35.35,23.25,24.416666,35.075,30.805044,1.0612221,685.75,40.7
2018-10-18,2018,291,35.3,23.6,24.811111,34.6875,34.624287,1.21783,722.0,40.8
2018-10-19,2018,292,35.6,23.6,24.566668,35.3875,30.025513,1.7489555,665.25,40.5
2018-10-20,2018,293,36.1,23.55,24.694445,35.975,25.218,1.3805983,681.75,41.2
2018-10-21,2018,294,35.75,20.95,22.894445,35.5375,19.67929,2.795605,737.0,40.0
2018-10-22,2018,295,34.65,19.9,22.605555,34.25,23.212477,0.7506813,740.5,39.7
2018-10-23,2018,296,34.65,19.3,22.466667,34.025,28.56476,1.3699981,730.5,39.6
2018-10-24,2018,297,35.05,21.05,22.51111,34.6375,30.477936,1.7844833,716.5,40.1
2018-10-25,2018,298,35.2,22.05,23.333334,34.9125,27.544884,0.48792365,705.25,40.4
2018-10-26,2018,299,35.15,21.2,22.877777,34.625,27.390234,1.322731,695.75,40.0
2018-10-27,2018,300,35.45,21.5,22.627777,35.0,26.182085,1.8294705,685.75,40.0
2018-10-28,2018,301,34.75,20.35,22.705557,34.3875,28.394135,1.0950719,706.0,39.9
2018-10-29,2018,302,34.2,22.1,23.188889,33.85,26.23661,2.941252,707.25,38.0
2018-10-30,2018,303,33.3,21.3,22.438889,32.9125,26.372255,2.2743616,711.0,37.5
2018-10-31,2018,304,33.2,21.45,22.466667,32.9,32.389023,3.8188295,698.0,36.4
2018-11-01,2018,305,33.95,22.1,22.988888,33.725,35.307903,2.6531532,685.0,38.4
2018-11-02,2018,306,34.65,22.1,23.255556,34.3875,30.256512,2.0909731,680.75,39.3
2018-11-03,2018,307,34.4,20.05,22.605555,34.175,28.438883,1.7245828,686.0,39.3
2018-11-04,2018,308,34.55,21.6,23.461111,34.2625,33.356144,1.2089043,668.5,39.8
2018-11-05,2018,309,33.7,21.7,22.88889,33.3,30.721277,2.3757734,671.0,37.8
2018-11-06,2018,310,32.45,20.8,21.522223,32.1125,28.518963,2.618033,679.0,36.2
2018-11-07,2018,311,32.05,17.9,19.072222,31.675,26.77903,2.1538115,688.25,36.1
2018-11-08,2018,312,32.1,17.35,18.63889,31.625,28.675526,1.9573692,681.75,36.3
2018-11-09,2018,313,32.45,17.25,18.522223,31.95,28.627754,1.6336362,678.25,36.9
2018-11-10,2018,314,32.85,17.05,18.922222,32.45,27.58437,1.8590416,668.25,37.1
2018-11-11,2018,315,33.35,18.75,19.883333,32.9,28.245052,1.1971536,662.25,37.9
2018-11-12,2018,316,33.25,17.95,19.311111,32.8875,26.38295,0.9102789,659.75,37.8
2018-11-13,2018,317,32.8,17.8,19.755556,32.4375,29.96793,0.6115473,648.5,37.5
2018-11-14,2018,318,32.75,20.3,21.683332,32.3375,31.971102,1.1176487,647.25,37.5
2018-11-15,2018,319,33.1,18.95,20.955557,32.8,33.989746,2.4550555,637.5,37.1
2018-11-16,2018,320,31.95,20.1,21.038889,31.525,32.137333,1.9401228,647.0,36.1
2018-11-17,2018,321,32.0,17.7,19.794443,31.6625,27.467562,1.6322969,646.5,36.2
2018-11-18,2018,322,32.3,16.5,18.866667,31.9,30.242056,0.6571796,644.75,37.0
2018-11-19,2018,323,33.1,17.45,18.827778,32.7875,28.028063,2.0283947,639.5,37.1
2018-11-20,2018,324,32.75,17.5,19.344444,32.0625,32.02067,0.9436104,636.75,37.2
2018-11-21,2018,325,33.3,19.05,20.55,32.825,37.530785,1.0385007,615.0,38.2
2018-11-22,2018,326,33.2,20.55,22.41111,32.825,39.001385,1.1349465,594.75,38.1
2018-11-23,2018,327,33.4,21.35,22.438889,33.1,35.13516,2.992096,616.25,36.8
2018-11-24,2018,328,32.15,19.15,20.972221,31.6875,33.55994,2.5461495,623.75,35.6
2018-11-25,2018,329,31.75,18.55,19.9,31.45,30.846237,1.9020832,624.25,35.8
2018-11-26,2018,330,31.35,18.6,19.788889,30.85,28.454838,2.750459,601.75,34.1
2018-11-27,2018,331,30.2,18.45,19.938889,29.6125,33.07001,2.49257,591.25,33.1
2018-11-28,2018,332,30.15,19.25,20.044443,29.5875,35.038445,2.0743744,475.0,32.6
2018-11-29,2018,333,30.35,17.7,18.538889,29.9375,33.983456,3.2371173,620.0,33.0
2018-11-30,2018,334,29.9,17.65,18.455557,29.575,34.68699,2.7567208,607.75,33.0
2018-12-01,2018,335,29.15,17.25,18.072222,28.8125,36.156757,2.5836594,582.0,32.2
2018-12-02,2018,336,29.45,16.0,17.311111,29.0375,35.172176,1.9512283,593.0,33.2
2018-12-03,2018,337,29.7,16.7,17.833334,29.15,36.545624,2.3598363,598.0,33.0
2018-12-04,2018,338,29.75,17.75,18.705557,29.225,41.04056,1.7618115,560.5,33.6
2018-12-05,2018,339,29.2,16.7,18.488888,28.8875,38.140972,1.3733404,602.0,33.8
2018-12-06,2018,340,29.05,16.0,17.727777,28.725,38.890835,1.3865243,602.25,33.7
2018-12-07,2018,341,28.6,15.0,16.277779,28.175,34.703064,1.7391789,613.75,32.7
2018-12-08,2018,342,28.55,16.75,17.677778,28.0875,38.620186,1.6671315,609.0,32.8
2018-12-09,2018,343,28.65,15.45,17.116667,28.1375,33.976414,2.2969623,610.25,32.0
2018-12-10,2018,344,28.0,14.25,16.694445,27.675,28.144773,1.2150992,601.5,32.2
2018-12-11,2018,345,28.45,15.95,18.66111,28.0875,40.893875,1.5227858,531.75,32.4
2018-12-12,2018,346,27.4,18.3,19.322222,27.1,38.901276,3.0023694,487.25,29.2
2018-12-13,2018,347,25.75,14.4,16.344444,25.45,23.970493,4.080952,618.75,26.8
2018-12-14,2018,348,24.9,14.0,15.611111,24.5125,30.353363,4.448309,621.25,25.5
2018-12-15,2018,349,25.7,14.6,16.394445,25.2125,32.479362,4.5919185,619.5,26.1
2018-12-16,2018,350,24.15,14.0,16.211111,23.6375,34.542553,5.006976,385.0,21.6
2018-12-17,2018,351,24.85,16.35,16.694445,24.3625,32.889015,4.645892,595.0,24.9
2018-12-18,2018,352,25.55,12.65,14.200001,24.95,32.597378,3.4906926,624.25,27.3
2018-12-19,2018,353,25.55,11.95,13.5,24.8875,32.7919,2.2922235,627.75,28.9
2018-12-20,2018,354,26.5,12.9,13.883333,25.9125,35.89299,1.917624,620.0,30.4
2018-12-21,2018,355,27.55,12.45,13.833333,26.9125,33.00627,1.7675894,618.5,31.4
2018-12-22,2018,356,28.05,12.0,13.455555,27.4375,29.389664,1.3372184,618.75,32.1
2018-12-23,2018,357,28.75,12.85,14.477778,28.0625,29.968386,1.6256042,618.75,32.5
2018-12-24,2018,358,28.45,12.6,15.094445,27.975,25.024311,2.5554407,613.75,31.2
2018-12-25,2018,359,26.45,13.1,15.233334,25.925,27.001825,1.542396,627.0,30.6
2018-12-26,2018,360,25.75,11.45,13.450001,25.2875,19.656355,4.586341,633.75,26.1
2018-12-27,2018,361,25.15,10.9,12.616667,24.875,23.421806,2.73265,630.75,28.1
2018-12-28,2018,362,24.35,10.45,12.233334,24.050001,19.69504,4.2600446,642.0,25.2
2018-12-29,2018,363,24.4,10.5,12.25,23.85,21.70681,3.7423007,641.75,25.7
2018-12-30,2018,364,25.6,11.65,13.372222,24.825,26.598747,3.017112,631.0,27.7
2018-12-31,2018,365,27.3,12.3,13.627778,26.5625,25.3889,2.8316872,631.25,29.7
2019-01-01,2019,1,27.7,11.2,13.0,26.8125,29.570002,0.9263846,631.5,32.0
2019-01-02,2019,2,28.0,11.1,13.866667,27.575,22.430153,2.4381351,633.25,31.1
2019-01-03,2019,3,28.2,12.65,14.483334,27.5625,24.674664,3.1615503,635.25,30.3
2019-01-04,2019,4,28.5,12.7,13.950001,27.5625,28.613546,0.8465918,635.5,32.7
2019-01-05,2019,5,27.65,11.95,14.522222,26.9875,30.652157,1.4130306,597.0,31.5
2019-01-06,2019,6,26.15,15.1,16.105555,25.724998,19.029387,4.2715864,658.0,27.2
2019-01-07,2019,7,24.85,12.8,14.205555,24.1,30.335943,3.784758,649.25,26.2
2019-01-08,2019,8,25.3,12.3,13.844444,24.6875,30.32139,2.4864852,647.25,28.6
2019-01-09,2019,9,26.05,12.35,14.016666,25.3625,32.687347,2.736969,639.25,28.9
2019-01-10,2019,10,26.75,13.05,14.088889,26.1375,30.001236,3.239137,647.5,29.0
2019-01-11,2019,11,27.4,11.95,13.394444,26.7,28.794378,2.1563509,643.25,30.8
2019-01-12,2019,12,27.2,13.75,14.877777,26.487501,33.317333,1.9974518,641.25,31.0
2019-01-13,2019,13,27.4,13.8,16.366667,27.0,32.750183,2.7806296,636.75,30.4
2019-01-14,2019,14,27.0,14.95,16.672222,26.5125,30.834099,4.6627526,653.25,27.8
2019-01-15,2019,15,26.6,13.95,15.938889,26.0125,30.89139,3.2878635,650.0,28.8
2019-01-16,2019,16,28.2,12.5,14.294444,27.2,32.29606,0.902179,665.5,32.7
2019-01-17,2019,17,28.2,12.45,14.827778,27.6,28.78662,2.2383313,660.25,31.8
2019-01-18,2019,18,29.45,14.7,16.294443,28.5125,31.558657,3.4269521,661.5,31.4
2019-01-19,2019,19,30.45,15.1,16.872223,29.525,27.28918,2.4508922,669.25,33.5
2019-01-20,2019,20,31.7,14.6,17.383333,30.2,28.264332,2.1746948,669.0,34.5
2019-01-21,2019,21,29.0,15.05,16.794443,27.925,29.745182,3.5668366,674.25,30.7
2019-01-22,2019,22,25.35,14.4,16.833334,25.0,35.298073,2.971757,672.25,28.6
2019-01-23,2019,23,25.35,14.6,16.288889,24.9375,34.396317,1.8394777,676.5,30.1
2019-01-24,2019,24,25.35,12.4,14.822222,24.95,32.772064,2.211809,689.25,29.7
2019-01-25,2019,25,23.95,12.8,14.633333,23.4375,23.399853,4.450197,708.0,25.0
2019-01-26,2019,26,22.75,12.3,13.411111,22.3625,26.971605,4.833003,710.25,23.4
2019-01-27,2019,27,22.95,11.1,12.35,22.4625,24.935366,4.299482,706.75,24.2
2019-01-28,2019,28,22.75,10.45,12.177777,22.325,24.83461,4.60563,723.25,23.7
2019-01-29,2019,29,23.3,10.6,12.211111,22.775,25.649336,4.798168,722.75,24.0
2019-01-30,2019,30,26.05,11.15,12.944445,25.15,25.57891,2.8004396,719.0,29.1
2019-01-31,2019,31,26.8,11.45,13.405556,26.325,26.401041,2.0454338,667.5,30.7
2019-02-01,2019,32,26.1,14.4,15.655555,25.5625,35.57532,2.8821127,718.0,29.7
2019-02-02,2019,33,26.6,12.55,14.344445,25.7375,33.02858,3.899461,725.0,28.5
2019-02-03,2019,34,28.55,14.5,15.938889,27.5375,38.918793,2.8422642,709.5,31.8
2019-02-04,2019,35,31.9,18.3,19.183332,30.474998,36.836555,2.6397333,596.75,34.1
2019-02-05,2019,36,30.4,17.3,19.194445,29.8625,40.897507,1.6805241,686.0,35.4
2019-02-06,2019,37,27.7,16.1,18.983334,27.375,28.713465,3.6307986,728.75,30.5
2019-02-07,2019,38,23.7,11.9,16.166666,23.3875,30.39106,6.7936015,699.0,22.6
2019-02-08,2019,39,22.45,10.25,11.955555,21.462502,26.60785,2.343272,766.75,27.0
2019-02-09,2019,40,23.4,9.8,12.555555,22.975,22.42102,4.2118464,724.0,25.0
2019-02-10,2019,41,25.7,11.15,12.888889,25.1125,21.712578,3.762717,752.0,28.0
2019-02-11,2019,42,28.55,12.95,14.450001,27.625,26.518717,3.4393501,762.5,31.2
2019-02-12,2019,43,31.4,15.6,17.116667,30.3375,27.347803,2.250804,762.25,35.3
2019-02-13,2019,44,30.85,17.15,18.677778,30.0625,34.658722,2.1440234,636.75,34.4
2019-02-14,2019,45,29.15,17.55,19.066666,28.375,32.888283,3.438059,762.5,32.2
2019-02-15,2019,46,28.8,15.2,16.894445,28.525,25.786625,2.3687978,773.75,33.4
2019-02-16,2019,47,27.6,15.4,16.91111,27.25,22.98951,3.6507058,788.5,30.7
2019-02-17,2019,48,28.6,12.95,16.133333,27.9875,23.626366,1.3827124,778.25,33.7
2019-02-18,2019,49,31.15,14.9,17.033333,29.7625,24.013653,3.08211,776.25,33.8
2019-02-19,2019,50,29.85,17.05,18.677778,28.4125,44.058212,0.911164,705.5,34.9
2019-02-20,2019,51,35.05,17.6,19.88889,33.6125,25.147753,3.078851,777.5,38.1
2019-02-21,2019,52,31.15,20.05,21.877777,30.4875,38.486217,3.3049803,778.0,35.0
2019-02-22,2019,53,31.25,18.7,20.48889,30.7,38.123108,2.9102964,776.25,35.6
2019-02-23,2019,54,29.45,17.45,18.944445,28.9625,28.802006,2.3483477,635.25,32.8
2019-02-24,2019,55,30.05,16.1,18.066668,29.25,22.531336,3.1699831,700.0,32.5
2019-02-25,2019,56,30.55,17.15,18.422222,30.074999,25.9273,4.070012,804.25,33.5
2019-02-26,2019,57,28.8,18.85,19.927778,28.425,30.301292,6.9527373,689.5,29.0
2019-02-27,2019,58,28.15,18.3,18.711111,27.9375,24.689686,5.0650544,732.25,29.6
2019-02-28,2019,59,27.2,14.25,16.099998,26.925,18.202866,3.1997328,832.0,31.2
2019-03-01,2019,60,29.65,14.75,16.38889,29.0125,22.772207,3.6131227,815.25,32.8
2019-03-02,2019,61,34.6,17.85,20.061111,33.2,23.188585,4.0296597,791.75,36.9
2019-03-03,2019,62,29.55,19.6,21.605555,28.8125,50.712532,4.102523,504.75,30.7
2019-03-04,2019,63,29.1,18.6,20.188889,28.7125,31.617151,4.410274,816.75,31.9
2019-03-05,2019,64,29.1,16.65,18.616667,28.6375,27.103008,1.7331703,825.75,34.6
2019-03-06,2019,65,29.9,17.25,19.455557,29.525,23.9714,2.4439607,835.0,34.7
2019-03-07,2019,66,31.2,17.4,19.944445,30.65,23.76673,0.8066956,835.5,36.9
2019-03-08,2019,67,32.2,18.7,19.86111,31.3,27.2116,2.8498676,819.5,36.2
2019-03-09,2019,68,31.45,19.0,20.716667,31.075,22.732416,4.4958835,843.25,34.5
2019-03-10,2019,69,32.55,18.65,20.7,31.875,21.161682,1.4760346,826.25,37.6
2019-03-11,2019,70,30.15,20.1,21.788889,29.5625,22.91756,3.5936713,861.5,33.8
2019-03-12,2019,71,31.35,16.55,18.5,30.85,20.087032,1.7500052,856.5,36.6
2019-03-13,2019,72,30.95,17.75,19.666666,30.425,22.300423,1.6355414,632.25,34.6
2019-03-14,2019,73,30.95,18.15,19.61111,30.5375,16.96893,4.4813046,876.5,34.0
2019-03-15,2019,74,32.1,17.0,19.349998,31.6375,20.35779,3.9960113,865.25,35.6
2019-03-16,2019,75,32.75,18.6,20.011112,32.2375,22.969753,3.7593806,828.5,36.3
2019-03-17,2019,76,33.25,17.8,20.327778,32.7375,18.999294,2.7938592,860.5,37.7
2019-03-18,2019,77,33.8,19.05,21.16111,33.3125,19.92477,2.0306044,865.75,39.0
2019-03-19,2019,78,35.0,19.35,22.555555,34.4625,17.623886,2.134708,863.75,40.0
2019-03-20,2019,79,33.1,21.25,22.811111,32.387497,31.020777,3.1284146,859.25,37.5
2019-03-21,2019,80,33.85,20.4,22.722221,33.15,25.369802,1.1634761,866.0,39.6
2019-03-22,2019,81,35.55,21.45,23.316668,35.275,17.175434,3.3574803,875.25,40.2
2019-03-23,2019,82,36.3,20.95,22.955557,35.875,18.093725,2.0136902,865.75,41.7
2019-03-24,2019,83,36.9,21.85,24.577778,36.4,19.85904,1.9292111,865.0,42.4
2019-03-25,2019,84,37.4,23.65,25.533333,36.7875,19.507988,4.131368,809.25,41.2
2019-03-26,2019,85,36.4,24.05,25.644445,35.987503,17.123575,2.4857068,893.25,41.7
2019-03-27,2019,86,38.3,23.2,25.477777,37.75,16.557446,1.5204564,882.75,43.9
2019-03-28,2019,87,39.85,24.2,26.094444,39.2,15.544071,1.8697535,861.5,45.2
2019-03-29,2019,88,40.35,25.15,27.322222,39.3375,18.58133,1.5877128,877.0,45.8
2019-03-30,2019,89,39.35,26.2,27.427778,38.6,15.970457,3.4460318,888.5,44.1
2019-03-31,2019,90,39.75,24.1,26.366667,38.9,15.557063,2.7353988,890.0,44.7
2019-04-01,2019,91,39.7,24.1,26.616667,39.0,15.352228,0.35962912,889.5,44.9
2019-04-02,2019,92,40.2,23.4,26.194445,39.625,12.228106,1.8601328,900.5,45.6
2019-04-03,2019,93,40.0,25.1,27.511112,39.137497,18.388374,2.152733,890.75,45.5
2019-04-04,2019,94,40.85,25.15,27.772223,40.2125,16.561504,1.8222702,886.75,46.7
2019-04-05,2019,95,40.0,26.2,27.7,39.0875,16.507185,3.098474,889.75,44.9
2019-04-06,2019,96,39.85,23.95,26.305555,38.75,17.874842,3.0549743,895.75,44.6
2019-04-07,2019,97,40.35,24.75,26.733334,38.6875,23.955181,3.1419063,884.75,44.8
2019-04-08,2019,98,39.6,24.05,26.183332,38.7125,18.535143,3.143258,901.0,44.6
2019-04-09,2019,99,39.85,24.45,26.577778,38.9125,18.694511,3.8333302,891.5,44.5
2019-04-10,2019,100,39.85,24.9,27.41111,38.975,22.52789,2.89896,891.0,45.3
2019-04-11,2019,101,40.45,26.9,28.68889,39.862503,19.203434,3.3172827,871.5,45.8
2019-04-12,2019,102,40.85,26.25,28.966667,40.3,18.052538,2.4133465,895.0,46.8
2019-04-13,2019,103,40.85,27.25,28.794443,40.35,18.222307,2.258804,887.5,46.9
2019-04-14,2019,104,41.25,26.6,28.422222,40.7625,16.475428,2.5664742,893.25,47.1
2019-04-15,2019,105,38.45,27.3,29.427778,37.2625,24.21608,3.479223,757.75,42.0
2019-04-16,2019,106,35.05,25.5,27.022223,34.3875,26.054287,4.135938,755.0,38.1
2019-04-17,2019,107,33.5,21.65,23.916666,32.55,28.292187,3.9463265,801.75,36.5
2019-04-18,2019,108,35.6,23.9,25.472221,35.2,21.78963,3.737538,889.0,40.2
2019-04-19,2019,109,36.65,24.1,25.444445,36.2375,17.908066,3.4473472,908.0,41.5
2019-04-20,2019,110,37.85,23.8,25.822222,37.4875,17.688437,1.5028392,907.25,43.9
2019-04-21,2019,111,39.05,25.15,26.944445,38.725,15.868326,2.2130985,907.0,44.9
2019-04-22,2019,112,40.0,26.15,27.961113,39.387497,17.921515,2.0544553,902.0,45.9
2019-04-23,2019,113,41.35,26.55,28.911112,40.7875,17.612696,1.388848,885.5,47.5
2019-04-24,2019,114,40.95,28.1,30.183332,40.175,19.349064,2.7181451,899.5,46.6
2019-04-25,2019,115,41.25,27.7,29.344444,40.15,17.392193,3.353413,899.5,46.2
2019-04-26,2019,116,42.15,28.15,29.42222,41.8375,17.950558,3.5244489,837.0,47.8
2019-04-27,2019,117,42.8,28.25,29.18889,42.6125,10.817159,5.3298936,914.25,48.4
2019-04-28,2019,118,42.15,27.95,29.511112,41.5875,12.284508,4.58625,915.25,47.3
2019-04-29,2019,119,41.85,26.2,28.483334,41.0875,13.154645,3.8159018,920.25,46.9
2019-04-30,2019,120,41.2,25.75,27.377777,40.125,17.235996,3.8195171,909.75,46.0
2019-05-01,2019,121,39.7,26.5,27.744444,39.275,16.970366,3.2905524,912.75,45.2
2019-05-02,2019,122,40.3,25.85,27.511112,39.5,17.658201,2.99729,904.0,45.6
2019-05-03,2019,123,39.6,26.1,27.955557,38.9125,18.94405,3.4010892,819.0,44.2
2019-05-04,2019,124,39.05,26.55,27.955557,37.8625,26.848675,3.101366,884.0,44.0
2019-05-05,2019,125,39.1,25.65,27.977777,38.012497,24.846525,3.1562471,901.75,44.1
2019-05-06,2019,126,40.3,26.05,27.927778,39.3,21.01696,3.3200822,896.5,45.4
2019-05-07,2019,127,40.6,26.45,28.244446,40.0625,15.374992,4.204995,903.25,45.7
2019-05-08,2019,128,39.4,25.8,27.405556,38.7375,16.60168,4.871642,909.5,43.9
2019-05-09,2019,129,37.9,25.3,27.33889,36.9625,24.140127,3.3408997,820.25,42.1
2019-05-10,2019,130,38.0,25.75,27.7,36.675003,25.218918,3.4584801,895.0,42.3
2019-05-11,2019,131,39.5,25.6,27.7,38.425,28.042929,3.3287983,886.25,44.6
2019-05-12,2019,132,40.05,26.9,28.588888,38.825,28.681726,3.4191732,883.5,45.0
2019-05-13,2019,133,40.2,26.35,28.322222,39.075,24.169949,3.8980703,887.5,44.9
2019-05-14,2019,134,40.35,25.1,27.55,39.4125,22.033693,3.9296732,887.25,45.2
2019-05-15,2019,135,38.95,25.95,27.955557,38.05,26.91221,3.5490308,875.75,43.9
2019-05-16,2019,136,38.4,26.2,28.36111,37.2875,31.094862,3.8582733,862.75,42.8
2019-05-17,2019,137,38.3,25.95,28.155556,36.9,34.626232,4.3371153,823.25,42.0
2019-05-18,2019,138,38.7,26.75,28.855556,38.225,26.9365,5.1782136,788.75,42.8
2019-05-19,2019,139,39.65,27.8,29.699999,38.9625,25.869196,4.411867,802.5,44.1
2019-05-20,2019,140,40.35,28.2,30.31111,39.5625,25.289574,3.0372286,826.0,45.6
2019-05-21,2019,141,41.0,29.05,30.966667,40.5,21.41023,4.549575,866.0,46.2
2019-05-22,2019,142,41.0,28.9,30.694445,40.2875,24.159285,4.290311,877.0,46.2
2019-05-23,2019,143,41.45,29.15,30.927778,40.5625,24.09337,4.263598,876.0,46.6
2019-05-24,2019,144,40.85,27.35,29.666666,39.9875,22.895224,4.884497,878.0,45.6
2019-05-25,2019,145,40.8,28.2,29.916666,40.025,26.60641,2.4603064,847.0,46.7
2019-05-26,2019,146,41.65,29.3,30.705557,40.8875,21.346962,2.9351938,808.25,46.9
2019-05-27,2019,147,41.4,27.65,29.844444,40.475,22.604185,2.5828562,887.75,47.2
2019-05-28,2019,148,42.3,28.45,30.522224,41.4125,21.35339,3.922255,847.25,47.4
2019-05-29,2019,149,42.15,27.85,30.144444,41.1375,22.630232,3.3529387,864.75,47.5
2019-05-30,2019,150,42.45,27.8,29.68889,41.25,22.266003,3.9106212,885.5,47.5
2019-05-31,2019,151,42.65,27.55,29.344444,41.2,24.090534,3.6103451,880.0,47.7
2019-06-01,2019,152,42.35,28.95,30.17222,41.0,27.676943,3.692404,868.0,47.5
2019-06-02,2019,153,43.65,28.8,29.894444,41.675,26.736282,3.6382914,870.0,48.3
2019-06-03,2019,154,43.1,28.3,29.755554,41.3125,25.678995,4.561016,874.5,47.5
2019-06-04,2019,155,42.25,28.4,29.349998,40.525,27.76635,4.523903,870.5,46.6
2019-06-05,2019,156,42.5,27.75,30.07778,41.1625,25.008408,4.166551,873.25,47.4
2019-06-06,2019,157,42.55,28.65,30.36111,41.3375,29.30188,3.7146397,868.0,48.0
2019-06-07,2019,158,43.3,29.55,30.566668,42.3375,23.72887,3.7897243,851.0,48.8
2019-06-08,2019,159,43.7,29.75,31.43889,42.3125,20.434475,3.4661775,873.75,48.8
2019-06-09,2019,160,42.95,28.95,30.994446,41.825,23.441223,3.6509013,865.5,48.3
2019-06-10,2019,161,42.1,28.45,30.205557,40.5125,26.467676,3.2030015,865.25,47.0
2019-06-11,2019,162,41.8,31.0,31.755554,40.4125,29.48995,2.587475,806.5,47.0
2019-06-12,2019,163,38.65,29.15,31.32778,35.825,50.55137,3.8660588,574.75,40.3
2019-06-13,2019,164,36.05,26.1,28.461111,35.5875,41.54465,7.1826954,689.0,39.2
2019-06-14,2019,165,35.25,27.7,28.172222,34.65,52.544273,6.8219724,686.0,38.7
2019-06-15,2019,166,34.5,27.35,27.833334,33.65,56.15254,6.5323563,572.5,36.9
2019-06-16,2019,167,35.8,26.95,27.744444,35.2375,50.50643,6.1140785,712.0,39.6
2019-06-17,2019,168,35.9,26.75,27.75,35.5125,45.79708,6.686552,716.25,39.6
2019-06-18,2019,169,33.25,26.45,27.544445,32.125,65.93426,7.6746044,499.5,35.1
2019-06-19,2019,170,36.5,26.25,27.33889,35.575,43.31732,3.039638,756.5,41.3
2019-06-20,2019,171,36.35,27.65,28.57778,35.1625,43.091255,1.9858221,708.5,41.3
2019-06-21,2019,172,37.15,28.05,28.994446,36.375,43.19291,1.73724,746.5,43.3
2019-06-22,2019,173,38.1,28.45,29.627777,37.175,44.01786,2.4822612,749.75,43.8
2019-06-23,2019,174,39.7,29.0,30.322222,38.8875,38.14594,3.109422,793.0,45.3
2019-06-24,2019,175,36.95,29.05,30.488888,36.2875,48.395836,2.6850426,737.75,42.8
2019-06-25,2019,176,33.25,27.8,29.711111,32.5,59.92065,2.6148448,538.75,37.7
2019-06-26,2019,177,33.8,26.5,27.849998,32.25,70.000336,2.3354619,573.25,39.0
2019-06-27,2019,178,35.35,27.1,27.655556,34.925,53.614502,2.6380253,706.75,41.4
2019-06-28,2019,179,34.35,27.3,27.761112,33.3875,62.656807,3.1370173,525.0,38.6
2019-06-29,2019,180,35.6,27.65,28.011112,34.8625,51.292805,4.1443934,663.0,39.5
2019-06-30,2019,181,34.35,27.9,28.344444,34.1375,55.703606,3.6718302,649.5,39.3
2019-07-01,2019,182,33.85,27.7,28.277779,32.8875,61.604958,2.8329039,427.5,37.3
2019-07-02,2019,183,36.15,28.45,28.905556,35.475,51.49919,1.6690102,644.0,42.3
2019-07-03,2019,184,34.35,27.0,27.705555,32.5375,62.847057,1.9299237,385.75,37.6
2019-07-04,2019,185,31.65,26.4,27.25,31.0625,65.190475,3.9363444,184.25,32.3
2019-07-05,2019,186,28.5,26.4,27.08889,28.05,89.12631,3.1846578,186.25,31.3
2019-07-06,2019,187,31.15,25.9,26.527779,29.9,74.11154,2.9012723,209.75,32.8
2019-07-07,2019,188,33.2,26.6,27.544443,32.8125,58.238308,3.6284513,314.75,35.3
2019-07-08,2019,189,33.7,26.9,27.988888,33.2625,56.743282,4.5607224,433.25,36.0
2019-07-09,2019,190,36.65,27.4,28.455557,35.9,44.966496,5.5626955,693.0,40.0
2019-07-10,2019,191,37.7,27.25,28.533333,36.425,42.473694,4.289204,702.75,41.0
2019-07-11,2019,192,37.25,27.65,29.344444,35.8,41.63772,5.2317696,451.75,38.1
2019-07-12,2019,193,37.7,27.65,28.794443,36.5125,39.768578,5.806434,528.5,39.3
2019-07-13,2019,194,37.85,27.65,29.072222,36.475,40.227013,5.897985,571.0,39.6
2019-07-14,2019,195,37.25,27.45,29.144444,36.6125,36.992325,6.6130924,601.25,39.8
2019-07-15,2019,196,37.6,28.1,29.444445,36.324997,40.499992,7.029131,572.75,39.5
2019-07-16,2019,197,37.9,28.05,29.355556,35.625,42.556698,5.5734797,506.0,38.2
2019-07-17,2019,198,38.35,28.15,29.25,37.525,35.62109,4.39616,681.75,41.8
2019-07-18,2019,199,37.65,27.7,29.18889,37.2625,34.490273,3.9745364,547.5,40.7
2019-07-19,2019,200,37.1,28.65,29.699999,36.675,43.747055,1.7906857,712.5,43.4
2019-07-20,2019,201,38.65,29.55,30.205557,38.3375,39.016167,0.97816694,625.0,44.7
2019-07-21,2019,202,38.95,28.25,29.527779,37.0,46.082314,0.57655644,537.5,43.2
2019-07-22,2019,203,35.75,26.15,27.522223,35.0375,57.93361,0.7464472,730.75,43.7
2019-07-23,2019,204,36.5,27.6,28.544443,34.5125,59.147106,1.5013982,598.5,41.7
2019-07-24,2019,205,36.6,28.95,29.416666,35.8,52.04798,2.896776,625.0,41.6
2019-07-25,2019,206,35.3,27.6,28.75,34.625,51.840508,6.307516,584.5,38.0
2019-07-26,2019,207,34.85,27.65,28.272223,34.175,51.378044,7.8626294,587.0,37.4
2019-07-27,2019,208,33.05,26.9,27.905556,31.475,62.828102,6.9979277,366.5,32.8
2019-07-28,2019,209,32.95,25.95,27.172222,32.3125,55.364956,7.4735017,282.5,32.8
2019-07-29,2019,210,30.45,25.95,26.516666,29.05,78.00434,5.8012295,333.75,30.6
2019-07-30,2019,211,29.1,25.05,25.55,28.425,77.80649,6.483132,228.75,28.5
2019-07-31,2019,212,28.05,25.05,25.461111,27.4875,88.37232,5.6361547,248.0,28.6
2019-08-01,2019,213,26.55,25.3,25.55,26.237501,94.033226,3.7358234,143.75,28.0
2019-08-02,2019,214,29.9,25.35,25.599998,29.4125,81.15792,3.0746212,362.75,33.9
2019-08-03,2019,215,31.5,25.35,25.794443,30.6125,74.041695,2.954259,326.25,34.7
2019-08-04,2019,216,31.15,25.95,26.13889,30.6125,71.185,5.250201,345.25,32.6
2019-08-05,2019,217,31.35,25.55,26.216667,30.5375,69.43237,5.706107,422.5,32.7
2019-08-06,2019,218,31.6,26.55,27.122223,30.775,69.20846,4.127528,341.5,33.4
2019-08-07,2019,219,31.9,26.2,27.0,31.675,64.954895,4.9886875,501.5,34.8
2019-08-08,2019,220,28.65,26.25,26.794445,27.65,91.971596,3.6347432,156.25,30.3
2019-08-09,2019,221,27.05,25.75,26.166666,26.75,92.67111,4.94386,211.0,28.0
2019-08-10,2019,222,26.85,25.1,25.572222,26.3,90.05449,9.753821,160.25,24.5
2019-08-11,2019,223,31.0,24.65,25.227777,30.45,74.04232,4.8684187,562.75,34.5
2019-08-12,2019,224,31.8,24.55,25.283333,31.5,64.97233,3.4221873,719.5,37.4
2019-08-13,2019,225,32.05,25.4,25.938889,31.675,62.129642,3.1400685,655.25,37.2
2019-08-14,2019,226,30.95,26.25,26.555555,30.825,67.10777,3.1317158,475.5,35.2
2019-08-15,2019,227,28.5,25.7,25.88889,27.7625,85.29508,3.5253966,180.25,30.0
2019-08-16,2019,228,28.0,25.3,25.472221,27.55,87.429794,4.0781655,196.0,29.4
2019-08-17,2019,229,30.05,24.95,25.394445,29.9875,69.2961,4.4295974,513.0,33.3
2019-08-18,2019,230,30.1,25.0,25.755556,29.8875,69.33028,2.820856,457.0,34.4
2019-08-19,2019,231,31.2,25.45,25.88889,31.0375,63.89935,2.6795187,675.75,37.2
2019-08-20,2019,232,30.9,25.3,25.994444,30.6125,71.3466,3.1437888,495.0,35.5
2019-08-21,2019,233,31.25,25.45,26.105555,30.225,74.03268,3.0329833,584.75,36.0
2019-08-22,2019,234,31.65,24.5,25.383333,31.0625,61.859352,3.0872068,722.5,36.9
2019-08-23,2019,235,31.3,24.9,25.63889,30.75,70.11936,2.4372673,711.75,37.9
2019-08-24,2019,236,31.5,25.05,25.966667,30.975,66.32767,2.4823713,616.5,37.1
2019-08-25,2019,237,31.5,25.8,26.133333,31.0875,62.42965,3.0018983,536.5,35.7
2019-08-26,2019,238,28.9,25.65,25.938889,28.474998,77.082275,3.5843973,246.0,30.7
2019-08-27,2019,239,29.05,24.8,25.222221,28.425,75.35625,4.7606254,453.25,31.0
2019-08-28,2019,240,29.4,25.35,25.577778,28.5875,83.18574,1.8051958,342.5,34.3
2019-08-29,2019,241,30.3,25.1,25.66111,29.425,76.39586,3.4475045,482.75,33.9
2019-08-30,2019,242,31.4,25.8,26.25,30.9375,69.45513,2.9055257,687.25,37.4
2019-08-31,2019,243,31.15,26.1,26.505556,30.625,76.57991,2.5441136,622.25,37.7
2019-09-01,2019,244,31.75,25.6,26.466667,30.225,76.21271,3.012948,552.75,36.0
2019-09-02,2019,245,29.3,24.95,25.627777,28.9125,78.17531,4.783669,443.0,31.8
2019-09-03,2019,246,30.2,25.6,25.938889,29.9625,78.788765,2.2562757,465.5,36.2
2019-09-04,2019,247,31.05,25.0,25.666666,30.15,75.75882,1.338139,480.75,37.2
2019-09-05,2019,248,31.7,25.15,25.633333,31.125,77.33685,1.3412242,555.0,39.3
2019-09-06,2019,249,31.6,25.65,26.122223,31.3,75.973114,1.5348151,665.5,40.0
2019-09-07,2019,250,31.7,25.8,26.316666,30.900002,73.412186,2.3790803,557.75,37.4
2019-09-08,2019,251,31.9,26.15,26.561111,30.9125,73.42452,2.4624355,607.25,37.7
2019-09-09,2019,252,29.65,25.75,26.238888,29.4125,80.90266,2.2754488,301.25,34.3
2019-09-10,2019,253,28.95,25.15,25.516666,28.712502,88.79891,2.5139782,140.5,32.7
2019-09-11,2019,254,28.5,25.15,25.483334,28.0125,82.53471,3.645505,274.0,30.7
2019-09-12,2019,255,30.3,25.25,25.583334,30.0,73.05254,2.9999864,277.0,33.3
2019-09-13,2019,256,28.0,25.5,25.849998,27.6625,88.664925,3.5659065,165.25,30.0
2019-09-14,2019,257,28.85,25.7,25.977777,27.9625,88.87465,3.4432824,182.0,30.8
2019-09-15,2019,258,29.9,25.7,26.144445,29.575,75.97149,4.980638,337.75,31.7
2019-09-16,2019,259,31.1,25.35,25.872223,30.4625,69.62747,4.0784025,421.25,33.6
2019-09-17,2019,260,31.8,24.8,25.783333,31.45,66.17717,2.8552964,545.25,36.8
2019-09-18,2019,261,32.4,25.4,26.372223,32.2,68.4342,4.1051583,630.5,37.4
2019-09-19,2019,262,33.5,26.4,27.083334,33.1625,59.123646,3.050244,760.75,39.6
2019-09-20,2019,263,32.1,26.0,26.422222,31.5625,73.03137,1.9693049,653.75,39.4
2019-09-21,2019,264,29.6,25.0,25.677778,28.85,78.879715,1.2448025,388.5,35.2
2019-09-22,2019,265,31.25,25.6,26.116667,30.1375,75.55521,1.4494834,619.25,38.1
2019-09-23,2019,266,30.7,25.15,25.627777,30.0875,78.11337,1.4428766,499.25,37.4
2019-09-24,2019,267,31.4,25.1,25.483334,30.262499,75.05031,2.0968192,535.5,36.9
2019-09-25,2019,268,31.3,25.15,25.944445,30.975,71.92105,1.6104487,584.5,38.4
2019-09-26,2019,269,30.5,26.05,26.311111,29.8875,76.008995,2.4047384,452.75,35.5
2019-09-27,2019,270,28.95,24.65,25.216667,28.025,81.278534,4.270603,425.5,31.2
2019-09-28,2019,271,29.4,24.55,24.883333,29.05,79.078514,3.402817,410.25,33.2
2019-09-29,2019,272,28.05,24.3,24.827778,26.9625,85.23886,3.7874672,187.5,28.5
2019-09-30,2019,273,26.15,24.1,24.522223,25.8375,92.49839,6.368732,263.0,25.9
2019-10-01,2019,274,30.5,24.2,24.722221,29.6625,75.00697,4.0997667,568.75,34.1
2019-10-02,2019,275,30.9,24.2,24.58889,30.6875,69.64385,2.6142592,608.0,36.8
2019-10-03,2019,276,30.9,24.45,25.005556,30.75,71.826996,1.6679924,695.0,38.8
2019-10-04,2019,277,31.15,23.95,24.8,30.8875,71.88687,2.1216397,674.25,38.4
2019-10-05,2019,278,31.15,24.05,24.872223,30.675,68.32939,1.5105706,667.0,38.3
2019-10-06,2019,279,31.4,23.55,24.344444,31.2625,65.611694,1.1260023,669.25,39.1
2019-10-07,2019,280,31.7,23.5,24.5,31.0125,65.78873,1.8732643,671.25,38.2
2019-10-08,2019,281,32.3,23.95,24.872223,32.0625,61.60979,1.52097,703.5,39.6
2019-10-09,2019,282,32.6,24.35,25.150002,32.175,61.942028,1.0441163,710.0,40.2
2019-10-10,2019,283,32.7,24.3,24.683332,32.525,56.34504,1.7917833,701.0,39.4
2019-10-11,2019,284,33.1,22.25,23.038889,32.7125,47.316166,1.0774341,760.75,39.9
2019-10-12,2019,285,33.2,20.7,22.005556,32.9625,39.03132,1.9677249,771.25,39.0
2019-10-13,2019,286,33.45,20.85,22.022223,33.125,43.351227,1.996611,753.75,39.3
2019-10-14,2019,287,33.85,20.85,22.555555,33.587498,42.773735,1.0836984,744.25,40.4
2019-10-15,2019,288,34.1,22.5,23.794443,33.7875,42.36718,2.1535246,711.0,39.6
2019-10-16,2019,289,34.3,22.85,23.95,33.975,40.920177,2.4930065,721.25,39.4
2019-10-17,2019,290,33.7,22.45,23.705557,33.55,39.88277,2.0519135,726.5,39.3
2019-10-18,2019,291,33.7,22.85,23.783333,33.475002,42.18639,2.1920319,684.25,38.9
2019-10-19,2019,292,33.2,23.6,24.255556,32.95,45.456238,3.485618,670.75,37.2
2019-10-20,2019,293,32.1,23.4,24.150002,31.875,55.651085,3.264287,647.75,36.7
2019-10-21,2019,294,31.8,22.6,23.833334,31.2625,52.313854,4.2089396,567.0,34.2
2019-10-22,2019,295,32.4,22.9,24.133333,31.975,51.90972,3.1578693,660.75,36.7
2019-10-23,2019,296,32.35,22.75,23.527779,32.0125,41.444374,4.4489822,711.5,35.4
2019-10-24,2019,297,32.65,20.95,21.95,32.1625,35.60383,5.3154316,712.0,34.7
2019-10-25,2019,298,32.95,19.8,21.188889,32.3375,30.832222,4.655927,721.0,35.2
2019-10-26,2019,299,32.4,21.55,22.788889,32.0125,40.100044,5.284452,668.75,34.5
2019-10-27,2019,300,28.75,23.5,24.355555,27.3875,69.99311,3.5154197,322.25,29.3
2019-10-28,2019,301,30.95,24.25,24.91111,30.55,67.458084,2.920851,475.5,35.1
2019-10-29,2019,302,30.35,23.8,24.688889,29.5875,69.547485,2.544506,406.0,33.9
2019-10-30,2019,303,32.25,23.75,24.783333,31.9875,57.090942,2.3187137,598.75,37.6
2019-10-31,2019,304,32.55,24.2,25.077778,32.5,56.799126,1.7548274,619.75,38.9
2019-11-01,2019,305,33.35,24.85,25.599998,33.15,51.43559,2.648834,612.25,38.3
2019-11-02,2019,306,29.45,24.25,25.133333,27.425,78.28793,2.2699993,255.5,31.0
2019-11-03,2019,307,29.25,22.95,23.688889,28.9875,65.94883,0.7623805,259.75,33.3
2019-11-04,2019,308,31.35,22.85,23.722221,31.25,53.19566,1.6566904,525.5,36.5
2019-11-05,2019,309,31.9,23.05,23.994444,31.6375,52.06649,1.1348813,574.75,37.6
2019-11-06,2019,310,31.3,23.2,24.238888,31.125,54.90443,2.2754664,547.5,36.0
2019-11-07,2019,311,29.1,23.05,24.527779,28.1125,67.0592,1.2560745,505.0,34.2
2019-11-08,2019,312,31.2,22.85,23.716667,30.7625,52.36037,2.5720587,555.25,35.2
2019-11-09,2019,313,30.9,23.0,23.755556,30.725,55.17421,2.476696,521.75,35.2
2019-11-10,2019,314,30.9,23.3,24.094444,30.75,56.163895,0.89190274,533.75,36.8
2019-11-11,2019,315,31.75,23.15,23.644445,31.6,47.00807,1.8358617,509.75,36.1
2019-11-12,2019,316,32.5,21.1,22.344444,32.3625,36.43119,2.4171782,518.5,35.8
2019-11-13,2019,317,32.1,21.35,23.083334,32.024998,43.75815,1.9437308,569.5,36.7
2019-11-14,2019,318,32.15,21.65,23.13889,31.962502,38.751144,1.9339014,553.0,36.2
2019-11-15,2019,319,31.45,21.15,22.150002,31.25,37.132904,2.0520282,629.25,35.8
2019-11-16,2019,320,31.5,20.95,22.083334,31.325,40.7169,1.2138122,559.5,36.2
2019-11-17,2019,321,32.4,21.4,22.211113,32.0875,37.743454,2.4157608,630.25,36.5
2019-11-18,2019,322,31.15,19.4,21.25,30.9,37.628876,1.5381713,605.0,35.7
2019-11-19,2019,323,30.1,18.25,20.405556,29.8,36.852707,0.94421804,632.0,35.1
2019-11-20,2019,324,30.1,18.55,20.144445,29.7,42.337963,1.1506066,618.75,35.2
2019-11-21,2019,325,31.75,19.05,20.516666,31.375,43.677635,2.083831,619.25,36.3
2019-11-22,2019,326,31.55,20.35,21.366667,31.1875,43.006706,0.5514995,610.25,36.9
2019-11-23,2019,327,31.15,19.45,21.083334,30.9375,39.319073,1.9686946,588.75,35.4
2019-11-24,2019,328,31.25,20.15,21.383333,30.925,43.22717,1.1898149,605.25,36.4
2019-11-25,2019,329,31.35,20.4,21.666666,31.0875,43.97597,2.1216898,602.5,35.8
2019-11-26,2019,330,31.05,20.2,22.083334,30.7375,43.45308,1.2090467,607.25,36.2
2019-11-27,2019,331,30.2,20.2,21.688889,29.85,50.569454,0.9692023,504.75,35.1
2019-11-28,2019,332,29.85,20.35,21.466667,29.425,52.988163,1.7050569,587.5,34.9
2019-11-29,2019,333,29.65,19.35,20.533333,29.2875,49.64854,2.0030694,605.5,34.3
2019-11-30,2019,334,30.0,19.7,20.644445,29.525,49.90087,1.5214916,594.25,35.0
2019-12-01,2019,335,29.6,20.5,21.08889,29.0375,50.512707,1.3835393,546.0,34.2
2019-12-02,2019,336,29.7,19.0,20.177778,29.325,49.607246,3.79525,597.75,32.3
2019-12-03,2019,337,29.6,20.35,21.522223,29.125,49.95527,3.9878337,596.0,31.9
2019-12-04,2019,338,28.05,20.75,21.677778,27.65,53.434223,3.6586738,342.75,28.5
2019-12-05,2019,339,29.45,21.1,22.127777,28.8125,46.075546,3.7969801,450.0,30.3
2019-12-06,2019,340,27.15,20.45,21.872223,26.8125,38.236366,3.0170414,365.25,27.7
2019-12-07,2019,341,27.55,18.5,19.527779,27.175,38.220192,3.776013,589.5,29.2
2019-12-08,2019,342,27.6,16.5,17.688889,27.1125,43.093285,3.529311,607.25,29.8
2019-12-09,2019,343,28.45,16.4,17.177778,27.962502,45.63749,2.653988,602.5,31.9
2019-12-10,2019,344,28.35,15.45,16.822222,27.9,47.92264,1.6909302,597.75,33.1
2019-12-11,2019,345,27.55,14.7,16.483334,27.2,43.183792,1.552302,604.75,32.3
2019-12-12,2019,346,26.75,14.55,16.072222,26.325,46.063652,1.8335493,558.75,30.9
2019-12-13,2019,347,26.25,17.55,18.08889,25.95,48.020855,2.6304235,567.0,29.6
2019-12-14,2019,348,25.85,14.5,16.072222,25.4625,40.93355,2.2989707,601.25,29.5
2019-12-15,2019,349,25.45,14.9,15.927778,25.0625,38.939545,3.9916134,599.0,26.7
2019-12-16,2019,350,24.5,14.1,15.694445,23.975,38.608772,4.1748867,605.25,25.3
2019-12-17,2019,351,24.45,14.15,15.511112,23.9375,43.665543,4.0680265,608.5,25.7
2019-12-18,2019,352,26.05,14.55,15.827778,25.3,51.53905,2.6271594,589.75,29.3
2019-12-19,2019,353,27.15,14.95,15.988888,26.6125,52.68451,2.041254,595.0,31.6
2019-12-20,2019,354,27.8,15.05,16.633333,27.3375,49.28202,1.1430435,584.25,33.0
2019-12-21,2019,355,28.5,15.45,17.394445,27.9875,47.085342,2.0137384,591.0,32.7
2019-12-22,2019,356,28.35,18.0,19.038889,27.8125,46.91403,4.0116296,583.75,30.0
2019-12-23,2019,357,27.8,19.1,20.272223,27.2125,47.457375,3.2713861,554.25,30.0
2019-12-24,2019,358,28.45,18.1,19.166666,27.95,47.190224,2.3508663,593.25,32.3
2019-12-25,2019,359,26.9,16.4,17.533333,26.5625,45.057167,2.9225335,599.0,30.0
2019-12-26,2019,360,25.55,15.1,15.644444,25.2125,36.921074,3.7521923,618.75,27.3
2019-12-27,2019,361,23.95,12.8,14.266666,23.4375,23.2926,4.912968,646.75,23.8
2019-12-28,2019,362,24.0,11.8,13.538889,23.35,27.647146,4.6329155,642.75,24.1
2019-12-29,2019,363,24.3,12.8,14.061111,23.65,38.07821,3.2459345,556.25,25.8
2019-12-30,2019,364,24.95,13.0,14.0,24.2125,40.994137,2.4227905,622.0,28.3
2019-12-31,2019,365,25.15,13.5,14.555555,24.375,45.13223,2.4831202,595.75,28.4
2020-01-01,2020,1,25.5,15.5,16.422222,24.975,52.26735,2.7445476,556.0,28.6
2020-01-02,2020,2,25.5,15.45,16.994444,24.975,51.364277,1.8371849,594.0,30.1
2020-01-03,2020,3,24.55,13.3,15.088889,24.0625,43.708897,2.4231818,612.0,28.2
2020-01-04,2020,4,24.9,12.9,14.544444,24.4625,39.981155,3.1843975,621.0,27.4
2020-01-05,2020,5,25.05,13.1,14.861111,24.6,34.599068,4.437733,630.25,25.8
2020-01-06,2020,6,27.2,14.2,16.072222,26.275,44.610054,2.2909172,614.5,30.7
2020-01-07,2020,7,26.75,16.7,18.027779,26.25,53.47716,1.8136718,437.5,30.1
2020-01-08,2020,8,25.35,15.45,17.077778,25.075,38.707127,4.172873,626.75,26.7
2020-01-09,2020,9,22.85,11.8,13.638889,22.2625,29.55125,4.398774,659.75,23.4
2020-01-10,2020,10,23.0,11.75,13.438889,22.275,33.92351,5.1863484,659.25,22.5
2020-01-11,2020,11,26.3,13.15,15.294444,25.1,40.157753,3.9334078,618.25,27.1
2020-01-12,2020,12,29.25,16.5,18.583334,28.225,46.405876,2.510778,619.75,32.5
2020-01-13,2020,13,24.65,15.45,18.55,21.9375,68.4078,4.78962,282.25,20.3
2020-01-14,2020,14,23.85,12.8,14.433332,23.475,38.704914,2.9143362,644.75,27.0
2020-01-15,2020,15,23.5,10.8,12.877778,23.0375,35.383408,2.437664,656.0,27.3
2020-01-16,2020,16,22.0,10.8,13.0,21.5,43.939117,4.6155486,657.0,22.7
2020-01-17,2020,17,23.3,10.95,12.833333,22.625,46.227173,1.4569727,659.25,28.8
2020-01-18,2020,18,24.55,11.3,13.477778,23.9625,41.85876,1.4877254,664.25,29.8
2020-01-19,2020,19,25.35,13.15,14.505556,24.8,35.037304,3.9464283,663.0,26.9
2020-01-20,2020,20,25.85,12.55,14.194445,25.0375,35.79973,3.1117914,675.5,28.5
2020-01-21,2020,21,26.9,11.9,13.638889,26.1875,34.852676,2.135451,677.5,30.9
2020-01-22,2020,22,28.35,13.35,14.944445,27.425,39.15848,2.754959,677.5,31.5
2020-01-23,2020,23,26.8,15.95,16.922222,26.1375,33.47871,4.9095154,682.0,27.4
2020-01-24,2020,24,27.6,14.5,16.13889,26.775,37.14373,2.3824248,684.75,31.3
2020-01-25,2020,25,28.15,13.0,14.861111,27.2875,30.136377,1.5774361,657.5,32.2
2020-01-26,2020,26,29.3,14.45,15.944445,28.625,27.956388,1.2318326,679.75,33.8
2020-01-27,2020,27,28.4,14.65,16.494444,27.8,42.52098,3.7540612,678.5,30.9
2020-01-28,2020,28,25.3,16.3,17.961111,24.6375,39.911015,4.9563956,628.0,25.4
2020-01-29,2020,29,24.5,13.0,13.933333,23.95,30.595518,1.9942137,712.75,29.2
2020-01-30,2020,30,25.7,12.45,13.461111,25.175,29.450136,2.0428119,713.25,30.2
2020-01-31,2020,31,25.6,12.35,13.988889,24.95,35.638935,1.1282753,712.0,31.2
2020-02-01,2020,32,26.45,13.4,15.361111,26.025002,22.22895,4.7238207,732.25,27.7
2020-02-02,2020,33,27.4,14.65,16.272223,26.775,28.44752,5.0450053,717.25,28.2
2020-02-03,2020,34,27.9,15.6,17.027779,27.175,34.546425,1.7843037,716.25,32.6
2020-02-04,2020,35,27.65,13.9,15.844445,27.2875,19.272963,3.0149908,742.0,31.0
2020-02-05,2020,36,28.05,13.5,15.322222,27.475,27.626513,2.539008,736.5,31.9
2020-02-06,2020,37,27.35,15.25,16.355555,26.875,26.647303,2.7658677,741.25,31.1
2020-02-07,2020,38,28.1,14.5,15.933332,27.5125,30.278225,3.3383884,738.5,31.1
2020-02-08,2020,39,26.7,15.6,16.788889,26.1875,20.602345,4.7088304,766.25,28.2
2020-02-09,2020,40,27.05,15.05,16.855555,26.4625,27.921013,4.74557,756.25,28.5
2020-02-10,2020,41,28.45,14.85,16.488888,27.6625,29.80838,2.9641178,750.25,31.8
2020-02-11,2020,42,30.65,15.6,17.41111,29.875,39.22426,1.8413824,737.75,35.6
2020-02-12,2020,43,32.0,18.05,19.783333,31.45,30.739742,1.6685477,749.0,37.0
2020-02-13,2020,44,32.55,17.45,20.005556,32.0125,26.450531,4.419279,723.5,34.9
2020-02-14,2020,45,31.8,18.55,20.133333,31.2125,24.690918,3.1191003,760.75,35.3
2020-02-15,2020,46,30.7,15.0,18.11111,29.6875,28.389023,1.4776676,677.25,34.6
2020-02-16,2020,47,33.25,18.1,20.433332,32.5625,28.283432,3.664504,759.75,36.4
2020-02-17,2020,48,34.05,19.65,21.233334,33.45,19.62409,3.620146,771.25,37.3
2020-02-18,2020,49,33.75,17.4,18.944445,32.925,21.488237,0.72749746,785.75,38.5
2020-02-19,2020,50,34.05,17.55,19.738888,33.2125,27.402721,2.3567235,762.5,38.3
2020-02-20,2020,51,32.4,18.4,20.16111,31.6375,18.901804,2.871121,801.25,36.0
2020-02-21,2020,52,32.0,17.35,19.133333,31.2625,27.320473,1.2348849,781.75,37.1
2020-02-22,2020,53,31.85,18.4,20.066668,31.275,20.805418,3.0028493,793.25,35.6
2020-02-23,2020,54,32.15,18.0,19.833334,31.5125,26.167797,2.848843,774.25,36.0
2020-02-24,2020,55,31.75,17.95,20.2,31.0875,25.6656,2.763704,798.75,35.8
2020-02-25,2020,56,31.95,18.35,19.994444,31.6625,20.229702,3.3565912,805.25,35.7
2020-02-26,2020,57,32.5,17.6,19.91111,32.0,22.613441,0.080901705,801.0,37.7
2020-02-27,2020,58,33.35,17.5,21.16111,32.925,22.49352,1.1975105,803.0,38.7
2020-02-28,2020,59,34.15,18.65,21.461111,33.5125,23.063961,0.74725616,761.75,39.0
2020-02-29,2020,60,33.7,20.9,23.038889,33.175,24.457123,2.420573,806.25,38.4
2020-03-01,2020,61,33.4,19.15,21.177778,32.875,25.737194,0.9482932,796.5,38.9
2020-03-02,2020,62,33.55,18.85,21.016666,33.025,19.45362,1.939123,827.25,38.4
2020-03-03,2020,63,33.35,19.7,21.55,32.8875,20.622128,2.4871104,818.0,37.9
2020-03-04,2020,64,32.5,20.15,21.322222,31.65,22.952263,3.3395488,832.25,36.0
2020-03-05,2020,65,29.85,18.55,20.511112,29.4625,33.898277,3.8091316,690.0,32.4
2020-03-06,2020,66,29.4,19.05,20.11111,28.55,31.794338,5.6386104,727.5,30.1
2020-03-07,2020,67,29.35,14.9,17.561111,28.7375,21.54768,1.0519699,852.0,35.1
2020-03-08,2020,68,31.55,16.45,18.216667,31.0375,19.203865,1.7843654,854.5,36.7
2020-03-09,2020,69,33.5,19.5,20.599998,32.8625,21.791304,4.530634,832.0,36.5
2020-03-10,2020,70,32.25,19.35,20.91111,31.2875,27.796616,4.6641693,836.0,34.7
2020-03-11,2020,71,30.0,19.05,20.683332,28.887499,33.23418,6.015671,589.0,29.2
2020-03-12,2020,72,29.0,15.8,17.994444,28.025,20.122646,3.3003707,872.5,32.5
2020-03-13,2020,73,29.2,16.0,17.777779,28.3,25.176786,2.5273113,842.0,33.5
2020-03-14,2020,74,31.55,16.5,18.561111,30.675,14.45295,3.5818615,879.25,34.9
2020-03-15,2020,75,32.45,18.1,19.816668,31.6,13.15739,4.400247,792.5,34.6
2020-03-16,2020,76,33.95,19.45,21.061111,33.1625,14.921939,3.2281964,876.25,37.8
2020-03-17,2020,77,35.65,19.6,21.211111,35.0875,19.822783,2.3705914,863.5,40.7
2020-03-18,2020,78,36.75,21.0,22.622223,36.137497,16.976772,1.6291825,864.0,42.0
2020-03-19,2020,79,36.7,21.6,23.83889,36.0,17.03026,1.3496916,859.75,41.9
2020-03-20,2020,80,33.75,21.65,23.650002,32.975,19.988031,3.9111624,871.25,37.3
2020-03-21,2020,81,34.35,20.2,22.505556,33.2,32.398174,2.2284632,848.5,39.3
2020-03-22,2020,82,35.15,23.1,25.05,34.425,31.269236,1.2469018,753.5,40.5
2020-03-23,2020,83,37.15,23.35,25.650002,36.0125,25.536383,1.2844895,838.25,42.4
2020-03-24,2020,84,37.2,26.35,28.099998,36.6625,24.976772,3.5273838,762.5,41.3
2020-03-25,2020,85,36.6,25.6,27.216667,35.4875,26.075216,1.9475389,563.75,39.5
2020-03-26,2020,86,32.3,25.3,26.938889,31.575,42.30858,2.2568734,466.5,35.0
2020-03-27,2020,87,32.05,20.35,21.761112,30.6875,35.965935,3.7541308,747.0,34.4
2020-03-28,2020,88,33.75,20.05,21.583334,33.1,24.229523,2.1779525,886.0,39.0
2020-03-29,2020,89,35.45,21.55,22.877777,34.8875,20.236288,2.4498158,891.5,40.6
2020-03-30,2020,90,37.2,21.5,23.583334,36.5375,18.948128,0.9342389,891.25,42.9
2020-03-31,2020,91,37.4,21.6,23.577778,36.45,19.976227,2.4214048,884.5,42.4
2020-04-01,2020,92,36.3,23.35,24.972221,35.6625,25.890219,3.1254275,876.75,41.2
2020-04-02,2020,93,37.0,22.8,24.422222,36.3125,18.539387,2.4852152,896.75,42.2
2020-04-03,2020,94,38.2,23.8,25.099998,37.9,15.54851,3.3491914,895.0,43.3
2020-04-04,2020,95,38.5,22.6,24.855555,38.225,14.372547,2.5547493,900.75,44.0
2020-04-05,2020,96,38.6,21.85,24.116667,38.225,14.542863,1.2165859,903.25,44.4
2020-04-06,2020,97,38.65,22.95,24.633333,38.1,17.156406,1.0309774,896.0,44.4
2020-04-07,2020,98,37.95,25.3,26.761112,37.4625,18.697174,2.3741863,894.5,43.5
2020-04-08,2020,99,37.8,23.8,25.522223,37.2125,22.483732,2.8255696,825.75,42.7
2020-04-09,2020,100,37.75,24.2,25.711113,37.2,23.400452,1.394876,818.75,43.4
2020-04-10,2020,101,39.05,24.85,26.905556,38.55,18.005604,1.3183846,886.5,45.0
2020-04-11,2020,102,40.85,26.4,27.927778,40.5625,14.3915,2.1851609,895.5,46.8
2020-04-12,2020,103,41.45,26.9,29.42222,41.075,12.355212,2.5090995,904.0,47.1
2020-04-13,2020,104,41.5,28.15,28.927778,41.3,12.515354,4.25091,903.0,46.9
2020-04-14,2020,105,41.25,27.85,29.516666,41.0,14.76329,2.9119015,877.5,47.0
2020-04-15,2020,106,40.5,28.75,29.677778,39.725,16.718397,5.3257647,737.5,44.1
2020-04-16,2020,107,41.05,26.25,27.994444,40.1625,16.009958,4.269085,878.5,45.6
2020-04-17,2020,108,40.15,27.6,29.666666,39.3125,20.62035,4.3434296,827.75,44.5
2020-04-18,2020,109,40.25,28.7,29.844444,39.825,16.852818,4.3104606,892.0,45.4
2020-04-19,2020,110,39.15,27.45,29.57778,38.65,19.37873,4.17008,864.0,43.9
2020-04-20,2020,111,39.15,27.5,29.166666,38.6625,18.6283,5.164956,899.5,43.8
2020-04-21,2020,112,39.55,26.65,28.366667,38.8875,22.071878,2.6370068,742.75,44.2
2020-04-22,2020,113,40.75,27.2,29.800001,40.1875,19.675,3.344829,833.25,45.9
2020-04-23,2020,114,40.95,28.15,30.244446,40.45,17.82428,5.588763,896.25,46.1
2020-04-24,2020,115,39.75,27.55,29.555555,39.25,20.069893,5.045911,888.5,44.6
2020-04-25,2020,116,38.85,25.35,27.13889,37.949997,21.70847,5.38011,724.25,41.8
2020-04-26,2020,117,39.8,25.95,27.577778,39.0375,22.768679,3.6173382,814.75,44.4
2020-04-27,2020,118,39.35,26.4,28.272223,38.35,26.404003,2.80907,859.25,44.5
2020-04-28,2020,119,40.65,26.1,28.538889,40.3375,18.377262,1.908012,826.5,46.5
2020-04-29,2020,120,41.65,28.4,30.444445,41.45,15.110234,3.1065326,755.25,46.7
2020-04-30,2020,121,42.2,29.6,31.538889,41.925003,15.9359455,2.183608,787.0,47.8
2020-05-01,2020,122,42.2,29.3,32.194443,41.7625,16.581982,4.287803,824.75,47.3
2020-05-02,2020,123,42.2,27.4,30.13889,41.2625,17.55947,5.1547985,899.5,47.2
2020-05-03,2020,124,42.0,26.95,29.694445,40.9375,19.722881,4.5346384,887.75,46.9
2020-05-04,2020,125,41.85,28.05,30.288889,40.9125,23.104692,3.8543992,876.25,47.1
2020-05-05,2020,126,41.9,28.95,30.716667,41.375,21.704346,3.3339493,835.5,47.5
2020-05-06,2020,127,42.05,28.6,30.349998,41.375,18.32207,3.3906956,834.75,47.3
2020-05-07,2020,128,42.2,27.1,29.161112,41.1375,18.451511,2.544234,899.0,47.8
2020-05-08,2020,129,42.55,27.7,29.377777,41.7125,17.704311,3.2347264,892.0,48.1
2020-05-09,2020,130,41.85,27.85,29.977776,41.1,20.111422,3.3182275,877.25,47.4
2020-05-10,2020,131,41.6,27.55,29.794443,40.8875,20.053091,3.2346716,861.5,47.1
2020-05-11,2020,132,40.5,27.4,29.416666,39.825,23.815521,3.7627087,844.75,45.6
2020-05-12,2020,133,40.8,27.5,29.877777,40.0125,25.859041,2.9102964,837.5,46.3
2020-05-13,2020,134,41.35,29.1,30.838888,40.7625,24.37963,3.360094,870.25,47.2
2020-05-14,2020,135,41.2,29.35,30.933332,40.6875,22.008663,3.1016254,849.75,46.9
2020-05-15,2020,136,40.95,29.55,31.444445,40.725,20.990677,2.8915696,771.0,46.4
2020-05-16,2020,137,41.3,30.0,31.67222,40.9125,19.185408,4.38812,775.75,46.1
2020-05-17,2020,138,41.4,28.95,30.883335,40.925003,17.69794,4.867574,825.75,46.3
2020-05-18,2020,139,40.6,28.95,30.894444,40.0625,22.101675,3.9094992,818.25,45.6
2020-05-19,2020,140,41.5,28.0,30.427778,40.7875,19.34581,3.5251904,844.25,46.7
2020-05-20,2020,141,43.5,28.7,31.044443,42.875,14.253891,4.462931,847.0,48.6
2020-05-21,2020,142,43.25,28.6,31.222221,42.55,13.893903,4.4561005,899.75,48.5
2020-05-22,2020,143,43.2,27.95,30.338888,42.5625,13.402366,5.0082083,895.25,48.5
2020-05-23,2020,144,42.55,27.4,29.955557,41.7625,15.874323,4.601595,893.25,47.7
2020-05-24,2020,145,42.9,27.9,30.616665,42.0875,15.940803,5.191158,892.75,48.1
2020-05-25,2020,146,42.65,27.8,30.816668,41.5875,19.616789,4.914203,892.0,47.7
2020-05-26,2020,147,43.1,27.15,30.011112,42.175,18.914246,5.7227793,889.75,48.4
2020-05-27,2020,148,43.4,27.65,29.777779,41.7,24.948828,5.4852867,879.25,48.0
2020-05-28,2020,149,43.15,28.95,30.449999,41.9,23.52011,6.063512,838.0,48.0
2020-05-29,2020,150,42.3,29.0,30.377777,41.0125,24.81575,5.547327,812.25,46.6
2020-05-30,2020,151,40.1,28.2,30.050001,39.0,30.815084,4.4993577,815.75,44.4
2020-05-31,2020,152,40.65,28.1,30.377777,39.35,29.242445,2.6857533,859.75,46.0
2020-06-01,2020,153,39.4,29.7,31.255554,38.35,36.200157,3.1698382,722.75,43.9
2020-06-02,2020,154,39.75,29.45,31.005554,37.45,37.285526,3.009279,714.5,42.9
2020-06-03,2020,155,37.45,29.1,30.677778,36.675,35.29917,4.6701055,670.25,40.5
2020-06-04,2020,156,37.8,27.55,30.444445,35.8375,37.956764,3.104928,387.0,38.5
2020-06-05,2020,157,36.95,27.85,28.983334,35.75,46.513584,3.4754431,653.25,40.7
2020-06-06,2020,158,34.65,27.8,28.594444,33.5,57.16093,3.36486,584.0,38.3
2020-06-07,2020,159,34.65,25.85,27.849998,32.6375,59.662968,4.4764657,672.5,37.2
2020-06-08,2020,160,34.75,26.55,27.594444,33.1125,58.686092,2.5026221,639.25,39.2
2020-06-09,2020,161,34.55,25.8,26.783333,33.1625,62.470318,2.3852687,621.0,39.7
2020-06-10,2020,162,35.25,27.45,28.41111,34.1375,58.66831,2.3428319,597.5,40.4
2020-06-11,2020,163,35.7,28.1,29.199999,34.025,55.470455,1.700315,440.5,39.3
2020-06-12,2020,164,37.45,28.7,29.416666,36.925,47.143204,2.855592,705.0,43.1
2020-06-13,2020,165,34.8,26.45,29.116665,34.2,57.161472,1.3065953,399.75,39.7
2020-06-14,2020,166,35.4,26.2,27.522223,33.825,62.787148,2.862507,649.75,40.4
2020-06-15,2020,167,35.95,27.1,28.055555,34.725,58.424248,2.673986,530.75,40.4
2020-06-16,2020,168,37.1,27.55,28.3,36.074997,51.99765,2.7562375,720.25,42.7
2020-06-17,2020,169,34.25,28.5,28.761112,33.675,58.516415,3.6763842,441.5,37.4
2020-06-18,2020,170,35.9,27.5,28.08889,35.15,51.61525,4.2433205,638.75,39.7
2020-06-19,2020,171,36.8,26.95,28.188889,35.85,46.35046,5.3794136,589.0,39.4
2020-06-20,2020,172,36.0,27.4,28.677778,35.7875,46.62326,5.04758,702.0,40.2
2020-06-21,2020,173,35.9,27.7,28.544443,35.1,52.1157,5.0056257,704.75,39.8
2020-06-22,2020,174,33.9,28.0,28.572222,33.625,57.307457,4.8939753,678.75,38.1
2020-06-23,2020,175,33.15,26.95,27.883333,32.4125,60.024704,3.6430485,366.5,35.3
2020-06-24,2020,176,35.05,28.05,28.572222,34.7375,57.036297,3.1092262,662.0,40.8
2020-06-25,2020,177,34.05,28.15,28.92222,31.9,68.93233,2.5005748,387.25,36.9
2020-06-26,2020,178,36.25,27.8,28.849998,35.7125,48.3952,3.2596524,663.5,41.1
2020-06-27,2020,179,39.0,28.25,29.894444,38.3625,37.199837,3.3284068,782.0,44.3
2020-06-28,2020,180,38.95,29.05,30.494446,38.4625,38.32168,3.5244014,759.0,44.2
2020-06-29,2020,181,38.2,30.0,30.377777,36.5625,47.89447,2.710476,645.0,42.4
2020-06-30,2020,182,36.75,28.6,29.416666,35.85,50.90753,1.0666412,557.25,42.4
2020-07-01,2020,183,36.9,27.9,28.716667,36.375,49.146717,3.1839204,710.75,42.4
2020-07-02,2020,184,38.05,27.7,28.57778,37.2625,39.95881,3.1441524,645.5,42.3
2020-07-03,2020,185,38.0,28.6,29.150002,37.05,43.815197,2.5068965,583.5,42.4
2020-07-04,2020,186,36.25,28.2,29.244446,35.45,52.317085,0.678526,659.25,43.0
2020-07-05,2020,187,34.9,26.35,27.88889,34.2125,55.190975,4.0764894,653.75,39.0
2020-07-06,2020,188,29.75,25.9,26.405556,28.1375,88.57243,5.048228,266.25,30.2
2020-07-07,2020,189,31.7,26.55,27.022223,30.9125,71.98038,7.5926113,340.25,32.6
2020-07-08,2020,190,31.25,26.55,27.266666,30.125,80.12786,6.0720615,430.5,33.1
2020-07-09,2020,191,34.0,26.45,27.255556,33.3375,59.892597,5.896621,670.25,37.5
2020-07-10,2020,192,33.9,26.8,27.472221,32.825,62.372173,6.1892796,649.0,36.8
2020-07-11,2020,193,33.4,26.75,27.044443,32.225,66.29123,5.553368,636.25,36.4
2020-07-12,2020,194,31.7,26.25,26.66111,31.0,70.12607,5.1604295,512.75,34.3
2020-07-13,2020,195,32.7,25.8,26.594444,32.325,60.711502,3.3985858,645.75,37.6
2020-07-14,2020,196,32.35,25.9,26.833334,31.75,68.57352,0.9861889,533.25,39.1
2020-07-15,2020,197,32.5,26.95,27.488888,31.6125,73.6734,1.6366653,437.25,38.3
2020-07-16,2020,198,32.5,26.5,27.216667,30.775,75.4202,2.3245838,459.25,36.8
2020-07-17,2020,199,33.2,25.5,26.583334,32.7875,62.715683,3.6115203,673.0,38.4
2020-07-18,2020,200,32.65,26.05,26.916666,32.175,65.62832,4.653605,668.0,36.9
2020-07-19,2020,201,33.55,26.7,27.544445,33.262497,58.46603,4.055129,647.5,38.0
2020-07-20,2020,202,34.15,26.9,27.933332,33.4375,55.477943,4.744162,699.5,37.9
2020-07-21,2020,203,33.4,26.5,27.844444,33.125,55.435795,5.5209904,707.0,37.1
2020-07-22,2020,204,34.8,27.2,28.099998,34.4125,50.314377,4.2106867,698.0,39.0
2020-07-23,2020,205,34.25,27.65,28.377777,33.6125,59.139072,2.6891866,691.5,40.1
2020-07-24,2020,206,33.25,26.15,27.905556,32.925,63.34492,1.7944889,720.25,40.8
2020-07-25,2020,207,32.5,26.4,26.91111,31.4375,68.76938,2.8234124,538.25,37.0
2020-07-26,2020,208,33.0,25.9,26.627777,32.0375,65.23871,3.6834013,725.25,37.9
2020-07-27,2020,209,34.25,26.4,27.383333,33.6375,58.601616,3.2786927,734.25,39.8
2020-07-28,2020,210,35.1,27.1,28.044443,34.5375,51.26587,4.033364,723.25,39.6
2020-07-29,2020,211,34.1,27.4,28.099998,32.975,63.005844,2.6094086,496.25,38.4
2020-07-30,2020,212,31.2,26.8,27.105555,29.35,81.53611,1.9971755,365.0,35.2
2020-07-31,2020,213,32.4,26.2,26.938889,31.362501,70.6317,2.1189249,537.5,37.9
2020-08-01,2020,214,34.15,26.6,27.477777,33.8875,58.72769,2.303111,740.0,41.2
2020-08-02,2020,215,34.5,27.05,27.733334,34.2625,56.117836,2.1115012,752.0,41.6
2020-08-03,2020,216,34.85,27.35,27.900002,34.3625,56.605232,2.5447752,719.75,41.2
2020-08-04,2020,217,35.0,27.0,27.922222,34.6625,58.084427,1.9122999,688.5,42.1
2020-08-05,2020,218,35.8,28.4,28.844444,34.7375,57.901855,2.3889613,484.0,40.3
2020-08-06,2020,219,32.5,26.55,27.349998,31.825,72.910614,2.2742474,521.75,38.5
2020-08-07,2020,220,31.0,26.15,26.811111,29.35,81.063644,5.4383383,495.75,32.7
2020-08-08,2020,221,31.85,25.7,26.477777,30.9375,70.95145,4.989427,551.75,34.7
2020-08-09,2020,222,28.1,25.95,26.222221,27.875,89.43668,3.96731,218.0,30.5
2020-08-10,2020,223,30.6,25.95,26.322222,29.875,74.96724,2.9234443,293.25,33.5
2020-08-11,2020,224,31.5,26.3,26.5,31.2125,71.11565,3.9917643,581.75,36.1
2020-08-12,2020,225,31.0,25.85,26.166666,29.3625,83.82747,5.1060095,340.25,32.2
2020-08-13,2020,226,27.15,25.5,25.644445,26.7625,91.64294,5.991503,133.5,26.5
2020-08-14,2020,227,28.15,25.0,25.322222,27.725,87.98953,3.4275255,234.25,30.8
2020-08-15,2020,228,30.8,25.25,25.5,30.0125,80.19444,4.110364,603.5,35.4
2020-08-16,2020,229,28.85,25.7,26.094444,28.1875,88.674576,3.2197237,263.25,32.1
2020-08-17,2020,230,30.3,25.9,26.294443,29.1875,82.060036,3.228209,376.25,33.7
2020-08-18,2020,231,29.2,25.45,25.738888,28.775,82.172745,3.9306035,363.75,32.2
2020-08-19,2020,232,28.95,24.8,25.455557,28.475,85.737236,3.0174377,340.25,33.0
2020-08-20,2020,233,29.25,25.25,25.716667,28.625,86.646545,2.612435,355.75,34.0
2020-08-21,2020,234,29.75,25.25,25.672222,29.1875,81.42673,2.3636498,377.5,34.6
2020-08-22,2020,235,29.65,25.75,25.905556,28.975,81.64212,3.4383085,262.0,32.2
2020-08-23,2020,236,26.1,25.1,25.416666,25.775,94.434814,5.8194833,61.5,24.6
2020-08-24,2020,237,28.25,24.95,25.3,27.0375,91.6796,9.197922,328.0,27.6
2020-08-25,2020,238,31.75,25.25,25.683332,31.1,68.29718,6.581221,726.0,35.2
2020-08-26,2020,239,30.95,24.55,25.222221,30.375,72.09422,4.8240695,673.75,35.0
2020-08-27,2020,240,30.4,24.45,25.11111,29.724998,77.91501,4.0630016,665.25,35.2
2020-08-28,2020,241,30.4,24.75,25.194445,30.075,75.8407,3.4104924,493.75,34.9
2020-08-29,2020,242,30.35,25.3,25.427778,28.975,79.97319,2.5705574,336.25,33.6
2020-08-30,2020,243,26.65,24.7,25.394445,26.25,94.528465,3.7546144,120.25,27.9
2020-08-31,2020,244,29.25,24.15,24.744446,28.95,78.54979,4.6593127,549.5,32.8
2020-09-01,2020,245,30.9,24.0,24.733334,30.7625,62.731564,3.7581933,640.5,35.3
2020-09-02,2020,246,31.5,23.95,24.927778,31.175,61.909595,2.109893,705.5,38.0
2020-09-03,2020,247,30.45,25.25,25.872223,29.9375,73.5499,1.2500486,359.25,35.7
2020-09-04,2020,248,32.45,25.15,25.783333,32.3,61.253796,2.2186546,720.25,39.3
2020-09-05,2020,249,32.45,25.35,26.33889,32.35,67.62629,2.4090567,695.75,39.7
2020-09-06,2020,250,33.0,25.1,26.205557,32.7375,59.067177,3.0787404,751.5,39.0
2020-09-07,2020,251,32.5,25.75,26.311111,32.2125,63.499924,3.5583227,743.75,38.2
2020-09-08,2020,252,31.9,25.05,26.061111,31.5625,63.060577,3.0145977,658.5,37.3
2020-09-09,2020,253,32.35,24.6,25.644445,32.025,65.60902,2.2867427,690.75,39.1
2020-09-10,2020,254,33.2,25.8,26.633333,32.9125,58.64889,2.4791496,759.0,39.9
2020-09-11,2020,255,32.35,26.25,26.738888,31.8,65.63401,2.5354273,622.0,38.1
2020-09-12,2020,256,31.0,25.45,26.316668,29.3375,84.66734,1.706777,351.25,35.8
2020-09-13,2020,257,31.5,26.25,26.63889,31.3,70.16667,2.0892363,513.0,37.6
2020-09-14,2020,258,31.25,25.75,26.327778,31.05,68.99216,2.0503702,561.75,37.5
2020-09-15,2020,259,31.9,25.55,26.355555,31.6,66.05989,1.4613774,645.75,39.1
2020-09-16,2020,260,31.15,26.25,26.733334,30.3625,76.19411,2.4329333,494.25,36.5
2020-09-17,2020,261,31.55,26.3,26.761112,30.9375,76.026764,2.7622569,475.5,36.7
2020-09-18,2020,262,31.1,26.35,26.694445,30.9375,68.76661,2.4295616,570.25,37.0
2020-09-19,2020,263,32.35,26.0,26.666666,31.8625,70.129616,1.4195994,649.0,40.0
2020-09-20,2020,264,32.45,26.65,27.166666,31.3,74.74279,2.4499671,486.25,37.5
2020-09-21,2020,265,34.25,25.85,27.366667,33.75,65.50209,2.883006,716.25,41.0
2020-09-22,2020,266,34.75,26.8,27.727777,34.35,55.646774,3.8033092,712.75,39.9
2020-09-23,2020,267,34.0,26.95,27.416666,33.7375,62.786743,3.4535952,743.25,40.3
2020-09-24,2020,268,33.2,25.9,26.627777,32.9125,64.67563,2.5150042,719.5,40.2
2020-09-25,2020,269,32.3,26.2,26.650002,31.975,65.69941,2.392842,648.5,38.7
2020-09-26,2020,270,31.3,25.2,25.766666,30.7875,60.118523,3.6990337,674.75,35.5
2020-09-27,2020,271,31.1,23.6,24.511112,30.5,59.012436,2.0035505,655.0,36.7
2020-09-28,2020,272,31.0,22.9,24.2,30.7375,63.586815,1.8712865,624.75,37.3
2020-09-29,2020,273,31.65,23.6,24.527779,31.5125,57.86073,1.7881054,685.25,38.3
2020-09-30,2020,274,31.7,24.45,24.977777,31.45,59.238228,2.416619,617.75,37.1
2020-10-01,2020,275,33.05,24.8,25.422222,32.775,54.5957,2.4116073,694.5,38.9
2020-10-02,2020,276,34.55,24.8,25.816668,34.0375,47.290127,2.1250858,786.0,40.8
2020-10-03,2020,277,34.5,24.5,25.522223,33.9375,47.399216,2.1356826,790.25,40.7
2020-10-04,2020,278,34.6,23.7,24.811111,33.9375,43.595818,2.5289874,785.25,40.0
2020-10-05,2020,279,34.15,24.2,24.83889,33.675,45.19368,2.8192058,738.5,39.2
2020-10-06,2020,280,35.2,24.5,24.95,34.737503,38.243958,2.0581124,769.25,40.9
2020-10-07,2020,281,36.15,24.75,25.516666,35.65,31.17814,1.8557343,780.0,41.7
2020-10-08,2020,282,35.9,23.1,25.188889,35.3375,34.457146,2.1817007,775.0,41.3
2020-10-09,2020,283,35.85,24.55,26.311111,35.4625,29.580517,2.6000133,761.0,40.7
2020-10-10,2020,284,35.8,23.75,26.066668,35.475,31.238457,2.3708434,756.0,41.0
2020-10-11,2020,285,35.6,23.0,25.477777,35.275,33.60282,1.9528356,753.75,41.2
2020-10-12,2020,286,35.35,23.95,25.644445,35.012497,33.297623,1.5607774,748.25,41.1
2020-10-13,2020,287,35.75,23.35,24.966667,35.375,33.31945,1.9183685,744.75,41.2
2020-10-14,2020,288,35.65,24.55,25.805555,35.2625,35.958385,3.0302613,713.0,40.1
2020-10-15,2020,289,36.05,27.3,28.066668,35.825,41.976643,4.6558685,671.25,39.8
2020-10-16,2020,290,35.3,27.85,28.616665,35.1125,48.64977,4.8094597,651.5,39.2
2020-10-17,2020,291,33.3,25.95,26.894445,33.074997,58.278206,2.0257192,613.5,39.4
2020-10-18,2020,292,31.95,26.1,26.616667,31.6625,71.23004,1.0409133,605.25,39.8
2020-10-19,2020,293,32.6,25.65,26.36111,32.25,65.371414,1.9348615,555.0,38.8
2020-10-20,2020,294,33.3,25.95,26.805555,32.75,60.5342,2.0288448,621.25,39.3
2020-10-21,2020,295,33.05,26.1,26.994444,32.7625,60.325947,1.6695645,612.5,39.6
2020-10-22,2020,296,34.95,23.65,25.933332,34.4625,34.64109,2.2739015,715.25,39.8
2020-10-23,2020,297,34.65,21.2,21.961111,34.2125,23.723103,1.9129505,740.75,39.3
2020-10-24,2020,298,33.7,19.6,21.394445,33.4125,27.816547,2.6859112,704.25,37.8
2020-10-25,2020,299,33.95,21.35,23.561111,33.625,28.52651,1.6515499,681.5,38.7
2020-10-26,2020,300,34.0,21.6,22.7,33.725,26.436825,2.9544005,697.75,37.8
2020-10-27,2020,301,33.55,19.7,21.316668,33.175,24.419874,1.7821329,723.0,38.2
2020-10-28,2020,302,32.85,19.3,21.077778,32.5875,27.519062,0.5177051,715.5,38.0
2020-10-29,2020,303,32.7,19.3,21.183332,32.4875,29.456404,0.71080613,699.25,38.0
2020-10-30,2020,304,32.55,19.55,20.961111,32.375,28.548054,1.0219299,694.5,37.7
2020-10-31,2020,305,32.6,19.75,20.855555,32.375,25.239523,4.275696,661.75,34.9
2020-11-01,2020,306,32.5,20.55,21.316668,32.0625,25.687618,2.4199955,680.75,36.2
2020-11-02,2020,307,32.65,19.45,20.872223,32.2625,27.018785,1.8423083,674.75,36.9
2020-11-03,2020,308,32.65,19.75,20.827778,32.3625,26.749786,1.2516489,693.0,37.5
2020-11-04,2020,309,32.6,17.7,19.461111,32.262497,25.024971,1.5147009,694.75,37.2
2020-11-05,2020,310,32.2,17.2,19.055555,31.8875,30.7527,1.130492,684.25,37.2
2020-11-06,2020,311,32.25,18.25,20.555555,31.925001,31.85263,1.5492808,681.0,37.1
2020-11-07,2020,312,32.85,18.85,20.25,32.5,25.851711,1.9635993,683.5,37.1
2020-11-08,2020,313,32.8,18.7,19.894445,32.55,23.625978,3.2319736,683.5,36.0
2020-11-09,2020,314,32.25,18.25,19.711111,31.949999,24.708897,1.7842941,680.0,36.6
2020-11-10,2020,315,32.05,17.75,18.938889,31.8125,23.866568,2.2988458,677.25,36.0
2020-11-11,2020,316,31.85,17.65,18.961111,31.5125,22.522783,3.3217697,676.75,34.7
2020-11-12,2020,317,31.25,18.65,19.511112,31.0,23.212769,3.164201,674.75,34.2
2020-11-13,2020,318,32.15,19.3,20.261112,31.8125,30.927067,1.8770173,661.5,36.5
2020-11-14,2020,319,33.2,19.45,21.022223,32.9125,35.678497,2.2497416,637.0,37.5
2020-11-15,2020,320,32.95,21.7,23.427778,32.775,39.168167,2.5400493,560.5,36.7
2020-11-16,2020,321,32.95,20.75,22.905556,32.7,31.674732,1.1231792,646.5,37.8
2020-11-17,2020,322,32.35,19.85,21.133333,32.05,36.03849,2.076728,638.0,36.7
2020-11-18,2020,323,30.55,18.95,20.383333,30.3,29.653042,3.2070332,644.25,33.4
2020-11-19,2020,324,30.25,17.2,18.944445,29.725,27.542606,2.889298,657.0,33.1
2020-11-20,2020,325,30.05,18.25,19.094444,29.8,32.393898,2.8411474,637.0,33.3
2020-11-21,2020,326,29.75,17.4,18.683332,29.4625,30.656334,3.527257,643.5,32.2
2020-11-22,2020,327,29.8,16.95,18.333334,29.387499,29.576712,2.1741252,645.75,33.5
2020-11-23,2020,328,30.25,16.4,18.211111,29.825,33.834778,1.0441397,640.5,35.0
2020-11-24,2020,329,30.85,14.9,17.655556,30.475,27.024363,0.89373153,643.75,35.3
2020-11-25,2020,330,31.3,16.9,19.5,30.9,32.48979,0.9876683,608.0,35.8
2020-11-26,2020,331,30.1,19.2,21.255556,29.85,42.430832,3.276973,547.0,32.6
2020-11-27,2020,332,29.95,19.55,21.3,29.4625,31.325258,5.6869593,626.75,30.3
2020-11-28,2020,333,29.8,17.4,19.33889,29.3125,26.98997,4.4006214,638.0,31.0
2020-11-29,2020,334,31.15,18.15,20.038889,30.7,35.742134,2.8220012,597.0,34.1
2020-11-30,2020,335,32.45,20.5,22.172222,32.112503,37.31969,1.0621643,595.75,37.2
2020-12-01,2020,336,32.6,19.9,21.211111,32.225,35.238308,2.0164642,611.5,36.7
2020-12-02,2020,337,32.6,18.6,20.144445,32.15,25.848194,2.8261259,620.0,35.5
2020-12-03,2020,338,32.25,17.2,19.08889,31.75,29.011368,1.8326623,618.5,36.0
2020-12-04,2020,339,32.4,17.1,18.833334,32.075,27.016285,1.0683857,617.5,36.7
2020-12-05,2020,340,32.15,16.65,18.877777,31.725,30.525093,0.60639024,611.25,36.5
2020-12-06,2020,341,32.75,17.8,19.538889,32.3875,26.45983,1.874954,612.5,36.5
2020-12-07,2020,342,32.75,17.45,19.211113,32.3875,26.537382,1.5881698,611.5,36.7
2020-12-08,2020,343,32.6,17.55,19.0,32.1625,27.330423,1.2567565,611.5,36.7
2020-12-09,2020,344,32.45,17.4,19.044443,32.1,26.469746,1.6074951,609.75,36.4
2020-12-10,2020,345,31.15,17.95,19.927778,30.7375,32.848297,1.9132755,426.75,33.5
2020-12-11,2020,346,24.15,20.65,21.188889,22.9375,82.96761,1.725502,217.5,26.3
2020-12-12,2020,347,28.2,17.85,18.95,27.825,47.958252,2.228902,551.5,32.0
2020-12-13,2020,348,27.45,17.1,19.044443,27.212502,42.19416,1.5790856,573.75,31.9
2020-12-14,2020,349,27.55,16.5,18.494444,27.35,44.046326,2.229879,542.75,31.2
2020-12-15,2020,350,27.15,17.3,18.844444,26.85,38.722374,2.3331947,578.0,30.6
2020-12-16,2020,351,27.05,16.3,17.327778,26.675,41.41461,3.7324896,599.0,28.9
2020-12-17,2020,352,26.05,15.4,16.288889,25.65,38.748405,3.571749,617.5,28.1
2020-12-18,2020,353,26.4,13.65,14.816668,25.725,44.356777,3.2051969,613.0,28.8
2020-12-19,2020,354,26.85,14.15,15.700001,26.225,38.061638,3.4523637,620.75,28.8
2020-12-20,2020,355,26.75,13.6,15.527778,26.0625,26.757858,3.8563232,572.25,27.3
2020-12-21,2020,356,27.6,13.5,14.761112,26.975,32.229294,2.12156,627.0,31.1
2020-12-22,2020,357,27.8,12.95,14.616667,27.15,33.29199,1.2962122,615.75,32.1
2020-12-23,2020,358,28.05,13.15,14.627777,27.5375,32.912594,1.9688793,612.5,31.7
2020-12-24,2020,359,28.2,13.5,14.955556,27.8375,30.23444,2.57866,621.0,31.3
2020-12-25,2020,360,29.65,15.9,16.88889,28.8875,32.07664,3.7985415,615.5,31.1
2020-12-26,2020,361,29.35,16.35,17.58889,28.675,35.30648,0.95270073,610.0,33.8
2020-12-27,2020,362,27.95,15.6,16.772223,27.6875,27.082748,4.245136,627.0,29.2
2020-12-28,2020,363,23.05,10.5,12.561111,22.5125,17.060217,3.2299314,657.25,25.3
2020-12-29,2020,364,23.4,11.1,12.472222,22.8875,22.747374,4.225948,647.25,24.1
2020-12-30,2020,365,24.35,11.55,13.283334,23.75,33.61759,4.34044,633.75,25.0
2020-12-31,2020,366,25.8,13.35,15.122223,24.8625,42.280045,3.7448068,613.75,27.1
2021-01-01,2021,1,28.1,15.7,16.905556,27.5375,47.978447,0.9783201,588.0,33.2
2021-01-02,2021,2,27.05,15.95,17.094444,26.5875,35.546898,2.575481,590.75,30.0
2021-01-03,2021,3,25.6,11.95,14.572222,24.9125,28.720839,1.9818015,617.75,29.1
2021-01-04,2021,4,26.35,12.6,15.133333,25.75,38.73703,1.0673522,545.0,30.6
2021-01-05,2021,5,26.2,14.5,16.305555,25.6625,35.02126,2.2975593,633.75,29.8
2021-01-06,2021,6,26.3,13.1,14.583333,25.5875,28.900982,2.547099,652.75,29.4
2021-01-07,2021,7,27.8,14.55,16.055555,27.05,49.320206,2.5058799,576.25,31.1
2021-01-08,2021,8,28.15,17.0,18.555555,27.4875,56.158455,1.2575672,528.75,33.0
2021-01-09,2021,9,28.55,16.9,18.594444,27.974998,53.505646,1.5974702,516.5,32.9
2021-01-10,2021,10,29.35,17.45,19.127777,28.5875,54.943577,1.8192896,619.75,34.3
2021-01-11,2021,11,29.85,17.6,18.75,29.125,50.15053,2.0581915,627.25,34.3
2021-01-12,2021,12,28.35,16.65,17.650002,27.7625,43.58204,3.0831194,643.5,31.4
2021-01-13,2021,13,27.3,14.15,15.655555,26.724998,35.10626,3.1029491,669.5,30.1
2021-01-14,2021,14,27.2,13.1,14.605556,26.5625,34.190727,2.660887,670.0,30.5
2021-01-15,2021,15,28.65,14.7,16.0,27.7,41.052094,2.020688,645.25,32.5
2021-01-16,2021,16,29.6,15.4,18.150002,28.9125,45.73706,1.4223242,650.25,34.6
2021-01-17,2021,17,30.85,16.4,18.955557,30.0375,42.646328,1.6843369,655.75,35.4
2021-01-18,2021,18,30.4,15.5,17.91111,29.6625,35.883995,0.75490904,664.5,35.3
2021-01-19,2021,19,28.9,15.05,17.13889,27.949999,38.852165,1.0032922,673.75,33.8
2021-01-20,2021,20,28.9,14.8,16.9,28.05,38.094086,0.43913764,674.0,34.0
2021-01-21,2021,21,29.25,14.85,16.866667,28.712502,30.83701,2.1352975,684.5,33.3
2021-01-22,2021,22,29.95,13.05,16.761112,29.0875,27.94218,0.9585974,690.25,34.4
2021-01-23,2021,23,28.8,15.55,17.033333,27.9375,42.518227,2.4178247,683.25,32.7
2021-01-24,2021,24,27.5,13.5,15.927778,26.7625,24.726362,1.886246,705.75,31.6
2021-01-25,2021,25,26.35,13.55,14.205555,25.65,24.693226,3.7110972,712.75,28.3
2021-01-26,2021,26,26.25,12.5,13.516666,25.525,25.672688,3.6463068,717.5,28.3
2021-01-27,2021,27,25.8,12.35,14.072223,25.0,27.42809,3.348583,722.75,28.3
2021-01-28,2021,28,26.85,12.2,13.549999,26.1,21.829403,3.6021712,727.0,29.0
2021-01-29,2021,29,25.9,12.5,13.861111,25.1,20.868944,4.462336,741.25,27.0
2021-01-30,2021,30,26.9,12.55,14.083333,26.125,18.359919,3.8360863,742.75,28.9
2021-01-31,2021,31,28.85,11.55,13.527778,28.025,22.114239,3.0052915,734.75,31.7
2021-02-01,2021,32,30.45,13.35,15.361111,29.6375,24.082747,2.4752622,728.0,33.9
2021-02-02,2021,33,31.65,13.6,16.25,30.575,26.80973,1.1409471,725.75,36.0
2021-02-03,2021,34,31.65,15.45,18.183332,31.1125,22.08096,0.6943513,716.75,36.2
2021-02-04,2021,35,30.45,17.65,19.400002,29.9625,24.08423,1.8189328,726.75,34.9
2021-02-05,2021,36,28.6,15.35,17.8,28.25,19.334541,3.490811,749.0,31.5
2021-02-06,2021,37,27.5,15.5,16.95,27.1625,19.717255,5.204475,761.0,28.8
2021-02-07,2021,38,28.2,14.95,16.666666,27.6,20.37214,4.579983,762.5,29.8
2021-02-08,2021,39,29.45,14.65,16.277779,28.8875,21.769379,3.981451,762.25,31.8
2021-02-09,2021,40,31.25,13.75,15.894444,30.45,22.799694,0.91758245,728.75,35.8
2021-02-10,2021,41,31.8,14.2,17.188889,31.1,19.276005,1.3856299,741.25,36.1
2021-02-11,2021,42,32.2,15.3,18.055555,31.575,20.688698,2.0543756,727.75,36.2
2021-02-12,2021,43,33.15,16.25,18.55,32.225002,23.853333,1.3573953,760.75,37.7
2021-02-13,2021,44,33.3,16.3,19.755556,32.637497,22.861397,0.7208146,758.75,38.1
2021-02-14,2021,45,33.0,16.55,20.51111,32.425,18.079597,1.198725,770.25,37.6
2021-02-15,2021,46,31.65,17.9,21.261112,31.0625,26.650726,2.7831469,719.5,35.2
2021-02-16,2021,47,31.6,17.75,19.555555,31.05,24.290726,2.1760015,763.0,36.0
2021-02-17,2021,48,32.75,16.95,18.977777,32.325,15.390062,2.9331636,787.5,36.5
2021-02-18,2021,49,31.25,17.3,19.122223,31.2,27.27228,3.589507,600.25,33.6
2021-02-19,2021,50,32.0,18.25,19.944445,31.7,22.314348,3.8589463,745.0,35.0
2021-02-20,2021,51,31.7,19.75,21.205557,31.375,17.525047,4.1198907,800.25,34.7
2021-02-21,2021,52,32.55,18.3,19.63889,32.175,19.221828,3.851975,799.75,35.8
2021-02-22,2021,53,34.0,17.85,20.05,33.5,19.967762,0.84273845,795.25,39.1
2021-02-23,2021,54,34.55,18.4,21.38889,33.925,15.526039,1.1372749,806.25,39.2
2021-02-24,2021,55,34.55,17.3,20.227777,33.8625,19.326166,1.5794559,801.75,39.3
2021-02-25,2021,56,34.45,20.25,22.477777,33.65,18.638971,2.71722,812.0,38.4
2021-02-26,2021,57,35.1,19.95,22.599998,33.9625,25.26818,2.7643626,805.0,39.0
2021-02-27,2021,58,35.95,21.9,24.105555,35.2125,19.908815,4.2481356,803.5,39.2
2021-02-28,2021,59,35.6,21.85,23.633333,34.9125,26.614014,2.716312,775.5,40.0
2021-03-01,2021,60,35.0,21.6,22.955557,34.5,14.126073,3.5149024,839.25,38.8
2021-03-02,2021,61,35.25,17.8,20.438889,34.55,11.75955,1.6874559,852.75,39.7
2021-03-03,2021,62,36.1,18.35,21.477777,35.2875,11.099911,1.258991,858.5,40.5
2021-03-04,2021,63,36.35,17.15,21.233334,35.262497,18.592163,1.5757328,834.25,41.0
2021-03-05,2021,64,37.9,20.3,22.438889,37.375,16.66109,2.2245693,826.25,42.9
2021-03-06,2021,65,37.8,20.65,23.966667,37.3875,14.891607,2.4403107,835.25,42.7
2021-03-07,2021,66,37.1,21.35,23.844444,35.8625,15.445488,3.6613483,850.0,40.4
2021-03-08,2021,67,36.85,20.5,22.377777,35.6875,21.018152,2.3955579,835.5,41.2
2021-03-09,2021,68,37.25,22.45,25.05,36.6875,14.373803,2.1635509,843.75,42.0
2021-03-10,2021,69,36.85,23.75,25.272223,36.275,16.251883,1.5526185,843.0,41.9
2021-03-11,2021,70,36.95,20.55,23.594444,36.1125,18.058403,2.0619352,837.5,41.7
2021-03-12,2021,71,36.1,22.4,24.533333,35.2875,17.38913,2.6310792,841.0,40.4
2021-03-13,2021,72,36.15,21.1,23.744444,35.625,15.067378,0.8585243,863.5,41.3
2021-03-14,2021,73,36.8,22.85,24.972221,36.3375,14.20751,1.756681,862.0,41.9
2021-03-15,2021,74,37.25,21.25,24.566668,36.7875,11.796439,2.1853957,867.5,42.0
2021-03-16,2021,75,38.3,22.75,24.344444,37.9625,11.261866,3.1034138,867.5,42.9
2021-03-17,2021,76,38.1,23.55,25.55,37.8625,12.395384,1.9963465,865.25,43.3
2021-03-18,2021,77,37.5,24.2,25.91111,37.1625,14.917085,2.3667881,758.0,41.9
2021-03-19,2021,78,36.35,22.95,24.988888,35.9125,17.188889,1.7391486,847.0,41.6
2021-03-20,2021,79,36.95,21.75,24.455557,36.6375,15.351854,0.4625559,842.75,42.0
2021-03-21,2021,80,37.75,22.1,24.349998,37.4,15.348339,1.7335117,866.25,43.2
2021-03-22,2021,81,38.2,23.05,25.36111,37.7375,16.077623,1.2415262,857.25,43.7
2021-03-23,2021,82,37.8,22.5,24.783333,37.1125,15.891115,1.7044339,861.0,42.9
2021-03-24,2021,83,37.95,22.65,25.966667,37.5875,13.29492,1.3463224,878.25,43.3
2021-03-25,2021,84,37.6,23.85,25.677778,37.2375,7.5853424,3.8711905,908.5,41.7
2021-03-26,2021,85,38.2,23.15,25.211111,37.65,10.463234,2.6864371,896.5,42.9
2021-03-27,2021,86,40.25,22.95,25.605555,39.7125,11.469557,1.5835924,890.75,45.5
2021-03-28,2021,87,41.15,23.75,26.36111,40.75,10.225968,1.4221196,896.5,46.5
2021-03-29,2021,88,40.35,24.45,27.599998,39.5125,13.23222,3.138133,899.5,45.1
2021-03-30,2021,89,40.65,23.0,25.605555,39.3,17.183744,4.3768106,895.5,44.7
2021-03-31,2021,90,41.55,25.3,26.227777,40.05,20.079208,5.081579,882.0,45.6
2021-04-01,2021,91,39.95,23.25,25.099998,39.425,5.1607637,1.8997633,937.0,44.5
2021-04-02,2021,92,40.1,21.7,23.95,39.25,9.899417,2.029947,920.0,45.0
2021-04-03,2021,93,40.5,22.85,24.7,39.85,10.235959,1.8200247,909.0,45.6
2021-04-04,2021,94,40.6,24.05,26.477777,39.9375,12.293667,1.7924861,901.0,46.0
2021-04-05,2021,95,40.6,25.1,27.072222,40.0,17.56517,2.803719,881.75,46.1
2021-04-06,2021,96,41.1,25.65,28.099998,40.6,14.469384,3.1597114,896.0,46.5
2021-04-07,2021,97,40.35,24.8,27.616667,39.449997,15.986732,2.7887294,901.0,45.5
2021-04-08,2021,98,40.1,25.15,27.283333,39.75,11.939884,3.0081363,902.5,45.4
2021-04-09,2021,99,40.0,24.0,26.533333,39.65,8.121529,1.7300413,921.0,45.2
2021-04-10,2021,100,40.7,23.25,26.016666,40.3375,7.5534034,1.4881803,924.5,45.9
2021-04-11,2021,101,41.7,23.6,26.41111,41.25,6.580321,3.7270594,927.25,46.4
2021-04-12,2021,102,40.9,25.8,28.150002,40.45,11.832129,1.8529588,835.25,46.0
2021-04-13,2021,103,40.15,26.85,29.405556,40.025,11.009699,2.7128913,757.0,44.7
2021-04-14,2021,104,39.7,26.0,28.233334,39.3875,11.361217,1.3261559,888.0,45.1
2021-04-15,2021,105,38.5,25.25,28.044443,38.1375,17.210178,3.3902047,835.0,43.3
2021-04-16,2021,106,39.6,24.9,27.6,38.925,16.003378,4.0669327,867.0,44.1
2021-04-17,2021,107,39.5,26.25,28.422222,39.0625,16.001102,3.709684,850.75,44.3
2021-04-18,2021,108,40.2,27.65,28.738888,39.9875,14.107646,2.551456,767.0,45.1
2021-04-19,2021,109,40.65,26.85,28.738888,40.4,12.494099,3.8144498,870.25,45.7
2021-04-20,2021,110,38.8,26.4,28.344444,38.15,18.530039,4.970971,668.25,41.7
2021-04-21,2021,111,38.8,26.95,27.938889,38.425,12.72593,4.091417,912.0,43.5
2021-04-22,2021,112,39.6,25.7,27.516666,38.975,17.895363,1.5112288,896.0,45.5
2021-04-23,2021,113,41.1,25.6,27.927778,40.0625,16.056377,3.4195528,863.0,45.7
2021-04-24,2021,114,39.45,25.7,28.355555,38.775,24.296219,0.89984524,730.5,44.7
2021-04-25,2021,115,41.25,27.4,29.233334,40.8625,11.987572,1.7179313,865.5,46.7
2021-04-26,2021,116,41.9,27.9,29.161112,41.65,9.051936,1.0123838,904.25,47.3
2021-04-27,2021,117,40.8,28.6,30.127777,39.8375,13.628705,2.8010778,676.25,44.1
2021-04-28,2021,118,41.95,28.25,30.211111,41.5625,14.104146,2.5840707,869.25,47.6
2021-04-29,2021,119,41.45,28.1,30.411112,41.1,16.234192,2.0164485,771.25,46.8
2021-04-30,2021,120,41.2,28.1,30.266666,40.725,16.842958,2.0291893,869.0,47.1
2021-05-01,2021,121,39.95,29.1,30.82778,39.325,18.18597,3.23566,725.75,44.1
2021-05-02,2021,122,39.45,28.35,29.872223,38.75,21.30658,2.5376916,795.75,44.4
2021-05-03,2021,123,39.55,27.55,29.394444,39.2125,15.913007,3.5640693,800.0,44.2
2021-05-04,2021,124,40.05,28.4,29.599998,39.7125,14.474836,4.0407147,855.25,44.9
2021-05-05,2021,125,40.5,27.7,29.427778,39.95,17.037508,3.4142938,830.75,45.4
2021-05-06,2021,126,41.2,27.6,29.805555,40.7875,16.845787,3.132406,859.0,46.7
2021-05-07,2021,127,41.15,28.4,30.277779,40.7375,18.525053,2.7041135,792.25,46.5
2021-05-08,2021,128,41.4,29.85,31.416666,41.0125,18.607498,2.1371026,692.75,46.3
2021-05-09,2021,129,41.4,30.2,31.75,41.3,19.326015,3.274088,691.5,46.3
2021-05-10,2021,130,40.4,29.0,30.449999,39.875,19.621151,3.56879,844.25,45.5
2021-05-11,2021,131,39.75,26.6,28.533333,39.15,22.70687,3.7155018,816.0,44.5
2021-05-12,2021,132,40.4,26.85,28.5,39.3,20.221409,4.4414406,890.25,44.8
2021-05-13,2021,133,39.7,26.3,27.955557,38.375,25.07121,4.54924,859.5,43.6
2021-05-14,2021,134,40.3,27.6,29.033333,39.4375,21.329662,3.8536649,822.25,44.8
2021-05-15,2021,135,42.15,27.8,30.42222,41.65,19.243235,1.717027,870.25,48.5
2021-05-16,2021,136,42.7,29.3,33.394444,42.3125,21.813292,4.297043,691.25,47.5
2021-05-17,2021,137,37.6,26.8,28.655556,33.2625,57.60086,5.662593,343.5,35.0
2021-05-18,2021,138,28.1,24.9,26.922222,25.825,88.55475,12.03462,67.0,21.5
2021-05-19,2021,139,32.45,23.0,24.377777,30.8375,56.966198,6.638088,575.25,32.9
2021-05-20,2021,140,34.6,22.65,24.511112,33.9,52.32459,2.825897,883.0,41.0
2021-05-21,2021,141,33.5,25.0,26.033333,32.9,56.55699,4.094779,841.75,38.7
2021-05-22,2021,142,33.65,25.5,26.483334,32.7375,55.514297,2.4730031,852.5,40.0
2021-05-23,2021,143,34.25,26.05,27.144445,33.5,53.942818,2.4614367,744.0,40.1
2021-05-24,2021,144,35.7,26.75,27.794443,34.6125,56.899902,2.4799237,733.5,41.7
2021-05-25,2021,145,37.2,26.55,27.722221,36.4375,42.735565,3.415945,876.0,42.9
2021-05-26,2021,146,37.15,26.2,27.394445,35.8125,45.03295,4.2999854,866.5,41.5
2021-05-27,2021,147,37.95,27.4,28.011112,36.8125,42.463333,4.0325465,850.0,42.7
2021-05-28,2021,148,38.65,28.15,28.894444,37.2,44.8377,3.3612769,857.5,43.9
2021-05-29,2021,149,38.8,28.2,28.966667,37.6875,42.268665,4.0110493,823.25,43.7
2021-05-30,2021,150,38.8,28.2,29.005554,37.6375,39.80456,3.9440696,858.5,43.7
2021-05-31,2021,151,38.1,27.8,28.93889,36.95,38.0037,5.0784817,877.0,42.2
2021-06-01,2021,152,38.1,27.3,28.755554,37.15,39.064743,4.7772093,871.0,42.6
2021-06-02,2021,153,38.05,27.65,29.461111,37.0875,37.88999,2.4082172,863.0,44.0
2021-06-03,2021,154,39.05,27.85,29.038889,38.012497,35.505836,2.8121314,863.0,44.7
2021-06-04,2021,155,38.55,28.6,29.61111,37.6625,36.004604,2.6216013,841.75,44.3
2021-06-05,2021,156,38.35,29.0,29.655556,37.3,36.875904,2.6765625,802.75,43.6
2021-06-06,2021,157,36.55,28.4,29.227776,35.0375,46.64278,2.170617,583.0,40.4
2021-06-07,2021,158,37.7,29.35,29.82778,36.85,43.035675,3.5576417,724.0,42.3
2021-06-08,2021,159,39.15,29.15,30.0,38.35,37.627113,3.8181396,793.75,44.1
2021-06-09,2021,160,38.9,28.9,30.316668,38.05,35.926823,3.3825488,706.5,43.3
2021-06-10,2021,161,38.2,29.25,30.400002,37.8,37.191063,4.3520217,778.75,43.0
2021-06-11,2021,162,38.8,28.95,30.227776,38.15,35.817898,4.798294,786.25,43.2
2021-06-12,2021,163,40.5,29.65,30.544443,39.0,35.242485,3.330442,729.0,44.6
2021-06-13,2021,164,40.05,29.65,30.277779,39.025,33.911716,4.433123,840.0,44.7
2021-06-14,2021,165,39.4,29.1,30.11111,38.0375,33.44697,4.433275,670.75,42.3
2021-06-15,2021,166,39.85,29.9,30.61111,38.8375,32.357,5.163108,771.5,43.8
2021-06-16,2021,167,38.0,28.8,30.166666,36.6375,41.639847,4.8182907,629.5,40.5
2021-06-17,2021,168,34.55,26.8,28.488888,32.8125,56.97313,4.6079564,546.25,36.2
2021-06-18,2021,169,29.5,25.2,26.094444,29.075,74.82336,1.3534335,262.5,33.8
2021-06-19,2021,170,29.0,24.85,25.344444,27.375,89.06991,2.9527192,219.75,30.8
2021-06-20,2021,171,29.45,24.55,25.177778,28.0875,81.32405,4.037665,390.5,31.2
2021-06-21,2021,172,31.0,25.2,25.616667,29.55,77.28341,3.0930233,420.5,34.1
2021-06-22,2021,173,31.45,25.8,26.422222,30.5625,70.57262,2.800781,512.0,35.8
2021-06-23,2021,174,32.4,26.55,27.072222,31.35,71.632225,1.9149028,474.5,37.7
2021-06-24,2021,175,32.5,26.7,27.183332,32.2125,57.435524,2.9093297,621.0,37.4
2021-06-25,2021,176,33.6,26.95,27.377777,33.0125,56.541027,3.034038,721.5,39.0
2021-06-26,2021,177,33.0,26.3,27.33889,32.5625,55.69114,3.1983905,704.75,38.0
2021-06-27,2021,178,33.95,26.6,27.755556,32.15,59.573906,2.2436266,365.25,36.3
2021-06-28,2021,179,33.75,27.55,28.449999,31.9125,64.496895,3.4073691,554.25,36.7
2021-06-29,2021,180,34.45,27.3,28.099998,33.8375,58.585712,2.4989252,678.0,40.4
2021-06-30,2021,181,35.5,28.0,28.599998,34.625,51.250248,4.225086,711.25,39.5
2021-07-01,2021,182,36.7,27.4,28.488888,35.0375,43.609833,5.3009615,666.5,38.6
2021-07-02,2021,183,36.45,27.05,28.461111,35.0375,46.069153,5.8673215,621.5,38.3
2021-07-03,2021,184,35.55,27.0,28.16111,34.6625,45.78126,4.361759,559.0,38.0
2021-07-04,2021,185,35.5,27.45,28.233334,34.5125,45.030773,2.7158067,597.25,39.3
2021-07-05,2021,186,35.85,27.45,28.3,34.95,46.0647,2.566285,741.75,41.1
2021-07-06,2021,187,35.55,27.55,28.666666,35.2875,44.77735,2.5875547,768.75,41.5
2021-07-07,2021,188,37.05,27.85,28.966667,35.9625,43.43203,3.2371063,758.0,41.6
2021-07-08,2021,189,37.5,27.45,29.11111,36.75,36.02456,4.0456085,760.75,41.6
2021-07-09,2021,190,35.55,28.05,29.027779,34.7375,47.296272,2.3206892,581.5,39.9
2021-07-10,2021,191,37.75,28.7,29.533333,36.85,44.742607,1.771051,662.25,43.3
2021-07-11,2021,192,34.45,27.75,29.294443,33.1625,63.510155,2.179865,527.5,39.3
2021-07-12,2021,193,33.65,26.6,27.505556,32.987503,66.746925,4.525237,672.75,38.4
2021-07-13,2021,194,34.5,27.3,27.75,33.625,63.326855,5.312083,703.0,38.7
2021-07-14,2021,195,33.35,26.75,27.444445,33.137497,61.8587,2.8936577,666.25,39.4
2021-07-15,2021,196,33.35,27.15,27.599998,32.3875,70.17499,2.5670848,598.75,39.2
2021-07-16,2021,197,34.45,26.6,27.45,33.575,59.99727,4.8660154,690.0,38.4
2021-07-17,2021,198,34.85,26.85,27.683332,34.225,56.13903,4.0825872,675.0,39.3
2021-07-18,2021,199,32.15,27.75,28.422222,31.475,69.45957,4.0743732,335.25,34.4
2021-07-19,2021,200,32.65,26.45,27.566668,32.2,60.447517,5.4526463,516.0,35.0
2021-07-20,2021,201,32.35,26.7,27.483334,31.762499,59.689552,5.779412,337.25,32.9
2021-07-21,2021,202,33.45,26.6,27.63889,33.0,59.866875,7.418062,528.5,36.0
2021-07-22,2021,203,34.5,26.65,27.938889,33.375,57.826866,5.5716314,435.0,35.9
2021-07-23,2021,204,32.65,27.3,27.822222,32.1625,64.07553,3.2526546,333.0,35.5
2021-07-24,2021,205,32.6,26.05,26.855555,31.325,70.49234,5.4741077,522.75,34.8
2021-07-25,2021,206,27.35,26.1,26.327778,26.9875,93.44608,3.910205,187.5,29.3
2021-07-26,2021,207,29.7,25.6,25.788889,28.9125,79.4908,5.402693,473.5,31.7
2021-07-27,2021,208,29.95,25.4,25.922222,29.5875,74.75702,5.418235,393.75,31.7
2021-07-28,2021,209,30.35,26.15,26.75,29.6625,74.229004,5.7215037,384.5,31.5
2021-07-29,2021,210,30.75,25.85,26.455557,30.05,69.467255,7.0891266,411.0,31.5
2021-07-30,2021,211,31.95,25.8,26.344444,31.45,61.58578,6.471309,472.25,33.4
2021-07-31,2021,212,29.9,25.9,26.36111,29.6375,69.96757,6.518013,341.5,30.5
2021-08-01,2021,213,30.8,25.6,26.272223,30.275,66.86494,7.1547875,433.5,31.8
2021-08-02,2021,214,29.55,25.4,26.144445,28.825,73.001915,3.9015002,182.5,29.9
2021-08-03,2021,215,29.3,25.35,26.166666,29.2,71.21897,5.5456305,256.25,29.7
2021-08-04,2021,216,31.3,25.7,26.516666,30.537498,67.44691,5.6186943,419.0,32.5
2021-08-05,2021,217,32.4,25.1,26.13889,31.5625,60.12913,3.9202356,568.75,35.5
2021-08-06,2021,218,31.0,25.95,26.805555,30.7375,63.02541,3.120846,417.75,34.3
2021-08-07,2021,219,31.85,25.95,26.705557,30.25,64.33419,2.036566,353.0,34.4
2021-08-08,2021,220,32.4,25.9,26.483334,31.7125,62.5522,2.6602075,619.75,37.5
2021-08-09,2021,221,33.0,26.6,26.95,32.35,56.766857,3.2512002,646.5,37.4
2021-08-10,2021,222,32.65,26.2,27.022223,31.85,56.10276,3.6417127,697.5,36.7
2021-08-11,2021,223,33.05,25.8,26.544443,32.3,52.259804,3.6280594,653.75,36.7
2021-08-12,2021,224,32.9,26.15,26.83889,32.275,53.248634,3.2881923,637.75,36.9
2021-08-13,2021,225,32.75,26.4,26.933332,32.1875,53.836815,3.8035812,616.75,36.2
2021-08-14,2021,226,33.35,26.15,26.972221,32.6625,51.146053,4.1441383,623.25,36.4
2021-08-15,2021,227,33.45,25.75,26.983334,32.4625,52.43135,3.3149872,630.75,37.0
2021-08-16,2021,228,33.55,26.0,26.849998,32.8875,53.89519,1.9511311,641.5,39.1
2021-08-17,2021,229,34.9,26.15,27.08889,34.4375,48.92915,1.7056282,817.0,42.0
2021-08-18,2021,230,34.35,26.95,27.805555,33.512497,50.2819,3.582486,574.0,37.5
2021-08-19,2021,231,32.5,25.95,26.788889,31.3375,56.204193,2.6920621,267.0,33.7
2021-08-20,2021,232,33.9,25.65,26.133333,33.0,51.453976,2.6615014,567.5,37.7
2021-08-21,2021,233,28.45,25.25,26.122223,27.5125,80.791664,2.2192173,212.75,31.0
2021-08-22,2021,234,32.5,25.1,25.566668,31.912498,59.947212,2.9624796,571.5,36.9
2021-08-23,2021,235,31.8,25.1,25.811111,30.8875,70.81771,2.7860792,645.25,37.3
2021-08-24,2021,236,32.9,26.15,26.694445,32.4625,57.63736,3.342175,654.0,37.6
2021-08-25,2021,237,33.7,26.05,26.777779,32.5625,51.180695,4.396655,549.5,35.5
2021-08-26,2021,238,33.9,25.3,26.522223,33.0375,47.588985,4.70591,599.75,36.0
2021-08-27,2021,239,34.05,24.9,26.172222,32.525,51.901623,2.8176563,603.25,37.3
2021-08-28,2021,240,33.5,26.9,27.155556,32.8125,50.908615,2.4680865,685.5,38.6
2021-08-29,2021,241,33.4,26.1,26.91111,32.65,57.584167,1.9728266,643.5,39.1
2021-08-30,2021,242,33.55,26.45,26.961111,32.925,54.597595,1.9496684,377.25,37.1
2021-08-31,2021,243,30.65,25.3,25.983332,29.575,80.0015,2.3748972,381.75,35.0
2021-09-01,2021,244,29.65,25.4,25.827778,29.4625,78.21559,0.9349164,389.0,36.1
2021-09-02,2021,245,31.15,24.85,25.455557,30.2375,70.625534,5.0304456,597.75,34.0
2021-09-03,2021,246,30.4,25.55,25.88889,30.0375,74.97246,5.1691785,618.5,34.1
2021-09-04,2021,247,31.8,25.35,26.227777,31.1,64.09698,3.8978155,649.25,35.8
2021-09-05,2021,248,31.05,25.55,26.355555,29.3125,73.25737,1.7722974,370.25,34.5
2021-09-06,2021,249,31.85,25.8,26.63889,30.4625,74.492676,1.8984604,532.0,37.3
2021-09-07,2021,250,32.45,26.6,27.277779,32.025,70.95235,1.5022494,512.25,39.2
2021-09-08,2021,251,32.9,25.5,26.788889,31.725,71.620476,1.2718558,588.25,39.7
2021-09-09,2021,252,28.45,25.45,25.655556,27.5125,86.90599,3.849722,233.25,29.9
2021-09-10,2021,253,28.7,24.85,25.444445,28.525,77.59915,4.3010106,302.5,30.5
2021-09-11,2021,254,28.7,24.85,25.083334,27.95,81.52995,2.69054,258.75,31.5
2021-09-12,2021,255,27.5,24.75,24.95,26.275,92.43292,4.961584,214.75,27.3
2021-09-13,2021,256,30.4,24.7,25.255556,29.65,79.5332,1.7930152,437.0,36.1
2021-09-14,2021,257,30.85,25.35,25.95,30.1125,79.27327,2.0901434,463.5,36.6
2021-09-15,2021,258,30.8,25.15,25.622223,30.4875,75.2263,3.2345614,580.75,36.3
2021-09-16,2021,259,30.2,25.25,25.777779,29.5,78.059235,3.6945548,573.0,34.6
2021-09-17,2021,260,28.2,25.15,25.466667,27.3875,89.44723,4.3089256,348.25,30.4
2021-09-18,2021,261,30.4,24.9,25.36111,29.5875,77.56886,2.7934923,427.5,34.6
2021-09-19,2021,262,30.7,24.8,25.33889,29.4125,80.26826,3.4959605,509.0,34.5
2021-09-20,2021,263,30.0,25.3,25.522223,28.925,80.97717,3.3259342,470.5,33.8
2021-09-21,2021,264,29.65,24.45,25.066668,28.4875,83.86799,2.5572116,387.25,33.7
2021-09-22,2021,265,30.4,24.9,25.155556,30.1125,70.23762,2.9981654,606.5,35.7
2021-09-23,2021,266,28.95,24.6,24.938889,27.875,83.1367,3.2290633,346.25,31.7
2021-09-24,2021,267,30.0,24.65,25.116667,29.6875,79.24579,2.8838935,587.5,36.0
2021-09-25,2021,268,29.5,24.75,25.255556,29.025,79.503716,2.3002813,484.75,35.1
2021-09-26,2021,269,29.85,24.95,25.344444,29.2375,78.869934,2.3304768,466.25,35.1
2021-09-27,2021,270,29.55,24.6,25.011112,28.2,78.8353,1.3091991,413.75,34.5
2021-09-28,2021,271,31.65,24.75,25.45,30.575,78.265945,1.4857843,511.5,38.2
2021-09-29,2021,272,28.65,25.15,26.172222,27.6375,83.797455,8.534681,314.75,27.9
2021-09-30,2021,273,30.05,25.1,25.283333,29.9125,75.233604,4.9793873,578.5,33.8
2021-10-01,2021,274,31.25,24.55,25.099998,30.925,74.55589,1.705342,659.25,39.1
2021-10-02,2021,275,32.1,24.4,25.3,31.875,63.889988,1.2064487,681.5,39.7
2021-10-03,2021,276,31.9,25.75,26.233334,31.8,63.239532,2.5380874,674.5,38.2
2021-10-04,2021,277,31.85,25.1,25.933332,31.55,62.41988,2.9109247,658.0,37.3
2021-10-05,2021,278,32.4,25.1,25.688889,32.0,62.190033,2.1336372,661.75,38.7
2021-10-06,2021,279,33.4,25.85,26.405556,33.2625,58.93849,1.4971764,682.25,40.7
2021-10-07,2021,280,33.75,25.8,26.694445,33.6375,64.11579,1.435745,654.0,41.7
2021-10-08,2021,281,33.2,26.6,27.155556,32.2125,68.75996,1.3740662,604.25,40.0
2021-10-09,2021,282,32.05,25.9,26.616667,30.825,72.06407,1.6048217,565.75,38.1
2021-10-10,2021,283,31.25,25.3,25.927776,31.125,70.88228,1.4438545,479.0,37.8
2021-10-11,2021,284,32.2,25.15,25.905556,31.9375,67.49544,1.6928983,632.25,39.4
2021-10-12,2021,285,32.85,25.0,25.755556,32.6375,60.60292,2.107305,665.5,39.4
2021-10-13,2021,286,34.45,23.9,24.83889,34.2125,42.54651,2.8837726,666.75,39.1
2021-10-14,2021,287,34.75,24.7,25.322222,34.675,37.01973,3.023825,686.75,39.3
2021-10-15,2021,288,34.5,23.1,24.13889,34.275,26.834885,2.4597592,756.25,39.3
2021-10-16,2021,289,34.25,19.75,21.572222,33.825,25.330118,2.775925,759.75,38.5
2021-10-17,2021,290,33.25,21.55,23.405556,32.7875,44.129173,2.1208556,613.0,37.8
2021-10-18,2021,291,34.35,21.4,23.038889,34.0,23.992752,5.164897,759.5,37.1
2021-10-19,2021,292,33.95,21.95,22.855555,33.5125,31.773891,4.364603,745.75,37.1
2021-10-20,2021,293,33.45,20.9,22.555555,33.1,33.83498,1.8670123,729.75,38.6
2021-10-21,2021,294,33.3,20.75,22.244444,32.949997,33.96599,1.8925312,726.5,38.4
2021-10-22,2021,295,32.1,22.25,23.277779,31.675,38.087044,2.7027662,728.5,36.5
2021-10-23,2021,296,32.0,21.5,23.383333,31.4875,40.98139,3.9007797,678.75,34.9
2021-10-24,2021,297,31.45,23.1,24.405556,31.2125,43.16191,2.6112459,668.75,35.9
2021-10-25,2021,298,31.35,22.4,23.566668,31.0375,49.213955,1.6289533,610.75,36.6
2021-10-26,2021,299,33.3,22.25,23.716667,32.975,33.398495,0.8786779,634.25,38.2
2021-10-27,2021,300,33.35,22.4,23.277779,33.0875,33.016636,3.1255202,648.75,36.9
2021-10-28,2021,301,33.4,22.05,22.705557,33.0875,23.36825,3.2914584,709.5,36.8
2021-10-29,2021,302,32.45,19.65,20.633333,32.3,23.681513,3.5148993,709.5,35.7
2021-10-30,2021,303,32.2,19.35,20.127777,31.975,23.335857,4.266897,718.5,34.8
2021-10-31,2021,304,32.95,18.15,19.599998,32.65,20.65743,3.1066236,718.25,36.4
2021-11-01,2021,305,32.85,17.4,19.08889,32.6,24.497168,2.0784683,702.25,37.2
2021-11-02,2021,306,32.9,18.55,20.438889,32.6125,24.416924,3.232316,700.75,36.2
2021-11-03,2021,307,32.75,19.25,20.849998,32.4875,23.704018,3.6188724,694.5,35.7
2021-11-04,2021,308,32.6,19.35,20.255556,32.3375,24.529703,4.1224465,691.75,35.1
2021-11-05,2021,309,32.8,19.2,20.2,32.5,24.160837,3.5772696,684.25,35.7
2021-11-06,2021,310,31.4,19.2,20.527779,31.125,26.390053,4.2464776,551.0,32.6
2021-11-07,2021,311,32.15,18.2,19.883333,31.725,24.677319,3.8291237,680.0,34.6
2021-11-08,2021,312,32.7,19.25,21.633333,32.375,23.490934,5.0332146,657.5,34.3
2021-11-09,2021,313,33.05,20.3,21.761112,32.825,21.80949,4.4145403,668.0,35.3
2021-11-10,2021,314,32.65,18.3,20.027779,32.3625,22.269989,4.0137053,666.25,35.0
2021-11-11,2021,315,32.05,18.1,19.55,31.7875,21.10418,4.6719303,664.0,33.8
2021-11-12,2021,316,31.65,17.9,19.683332,31.3875,21.970493,5.357703,668.0,33.0
2021-11-13,2021,317,31.55,18.45,19.783333,31.2,22.975782,5.097864,670.5,32.9
2021-11-14,2021,318,31.55,18.45,19.88889,31.2,30.31155,2.7729852,656.75,35.0
2021-11-15,2021,319,31.35,17.85,19.394445,31.05,31.042316,3.8939538,647.5,33.7
2021-11-16,2021,320,31.6,18.95,20.455557,31.1125,30.782423,4.8224998,644.25,33.0
2021-11-17,2021,321,30.9,19.45,21.55,30.375,35.68606,4.3212395,528.5,31.8
2021-11-18,2021,322,30.65,22.8,23.561111,30.0375,45.997055,4.3371277,520.75,31.8
2021-11-19,2021,323,32.0,21.2,22.255556,31.175,49.523277,2.0794103,583.0,36.2
2021-11-20,2021,324,32.9,22.0,23.177778,32.4875,42.60856,3.1142464,602.0,36.3
2021-11-21,2021,325,33.35,22.75,24.33889,32.875,42.642464,3.9676394,596.75,36.0
2021-11-22,2021,326,33.7,24.2,24.916666,33.15,43.311646,2.8016057,578.0,37.3
2021-11-23,2021,327,33.45,21.8,22.91111,32.95,41.177887,1.8762467,615.5,38.0
2021-11-24,2021,328,32.7,18.35,19.655556,32.3375,25.207924,1.98997,634.0,36.5
2021-11-25,2021,329,32.05,15.65,17.927778,31.6125,21.304539,0.9359411,643.0,36.1
2021-11-26,2021,330,32.8,17.65,19.105555,32.35,30.033611,1.360726,625.5,37.1
2021-11-27,2021,331,33.0,18.1,19.672222,32.625,26.540834,1.3015958,622.5,37.2
2021-11-28,2021,332,32.55,18.7,20.322222,32.125,24.599323,2.3016274,618.25,35.8
2021-11-29,2021,333,31.35,18.15,19.977777,31.1125,22.9509,4.9161177,612.0,32.5
2021-11-30,2021,334,30.9,19.75,21.355555,30.525,27.312304,4.682058,603.0,32.0
2021-12-01,2021,335,23.5,18.75,20.583334,20.575,74.433914,3.486558,139.75,19.2
2021-12-02,2021,336,21.7,16.3,17.727777,19.725,68.33853,5.900209,137.0,14.2
2021-12-03,2021,337,25.9,15.45,16.616667,25.2625,51.278206,4.527722,554.5,26.5
2021-12-04,2021,338,28.15,17.8,19.016666,27.6875,50.73155,3.0598674,557.75,31.0
2021-12-05,2021,339,28.35,19.4,20.477777,28.0125,54.00254,0.9673338,545.25,33.7
2021-12-06,2021,340,29.35,18.6,19.7,28.8875,47.318977,2.4096482,581.5,33.1
2021-12-07,2021,341,29.2,19.55,20.444445,28.8125,45.079597,4.1640215,591.75,31.0
2021-12-08,2021,342,28.75,18.2,19.288889,28.375,38.571236,3.2575605,594.75,31.2
2021-12-09,2021,343,28.65,18.15,18.777779,28.125,40.414497,2.8272567,595.25,31.5
2021-12-10,2021,344,28.85,17.85,18.7,28.4,40.057014,3.8087666,595.75,30.7
2021-12-11,2021,345,28.55,16.7,17.6,28.0375,38.99179,3.4127574,599.0,30.7
2021-12-12,2021,346,28.95,16.35,17.88889,28.4875,40.386723,2.3917367,592.25,32.4
2021-12-13,2021,347,29.05,17.2,19.011112,28.475,42.75181,1.406151,585.25,33.5
2021-12-14,2021,348,27.7,15.8,17.211111,27.375,29.470795,2.2942781,606.0,31.0
2021-12-15,2021,349,28.35,14.6,16.08889,27.875,42.48916,2.004,590.0,32.3
2021-12-16,2021,350,26.8,14.85,16.066668,26.5125,38.898514,3.0429826,604.0,29.6
2021-12-17,2021,351,25.8,13.3,14.950001,25.287498,43.267544,4.486953,604.0,26.6
2021-12-18,2021,352,25.0,14.75,16.183332,24.4625,37.792194,4.8630176,602.5,25.0
2021-12-19,2021,353,24.7,12.7,14.672222,24.1,33.549843,4.0941525,613.25,25.5
2021-12-20,2021,354,25.9,12.2,13.988889,25.25,23.362934,3.2244024,620.5,27.7
2021-12-21,2021,355,27.25,11.7,13.299999,26.525,26.744076,2.0086358,612.75,30.5
2021-12-22,2021,356,27.3,11.55,13.6,26.6875,29.788252,0.5426377,610.0,31.8
2021-12-23,2021,357,27.85,11.6,14.361111,27.1875,34.3215,0.82548046,604.75,32.3
2021-12-24,2021,358,28.2,15.45,17.38889,27.4875,48.5293,2.4213939,573.5,31.6
2021-12-25,2021,359,28.0,16.15,17.91111,27.525002,45.27639,1.1450032,594.25,33.0
2021-12-26,2021,360,26.8,14.95,16.688889,26.5625,41.37979,2.1225626,419.5,29.2
2021-12-27,2021,361,27.95,16.1,17.633333,27.6375,37.945957,1.4045851,557.25,32.1
2021-12-28,2021,362,24.45,16.9,17.777779,23.975,58.758858,1.5381432,482.75,28.9
2021-12-29,2021,363,23.75,14.0,15.450001,23.2125,44.61017,4.175436,618.25,24.8
2021-12-30,2021,364,23.85,13.6,15.144444,23.3875,36.871033,5.5334854,622.75,23.2
2021-12-31,2021,365,25.25,14.9,16.488888,24.475,47.692253,4.3228874,588.5,25.9
2022-01-01,2022,1,26.95,16.2,17.61111,26.1875,51.28588,2.164058,595.0,30.9
2022-01-02,2022,2,27.8,16.35,17.666666,27.4125,48.728195,2.389796,569.5,31.5
2022-01-03,2022,3,28.3,17.25,18.433332,27.7125,48.220318,1.3500985,604.75,33.3
2022-01-04,2022,4,28.85,17.8,19.183332,28.4,46.56819,1.4465096,598.25,33.7
2022-01-05,2022,5,29.3,18.4,19.144445,28.975,44.597744,4.5430164,492.25,30.0
2022-01-06,2022,6,20.35,15.8,18.172222,19.7625,86.27007,1.7973988,103.0,21.3
2022-01-07,2022,7,25.45,13.6,15.505556,24.875,55.900352,2.051101,542.25,29.5
2022-01-08,2022,8,22.85,13.1,15.96111,22.5375,42.727695,3.276827,633.5,25.6
2022-01-09,2022,9,21.8,10.65,11.905556,21.5,33.511795,3.0787575,655.0,24.8
2022-01-10,2022,10,22.6,10.5,11.677777,22.225,37.94459,3.6314251,648.75,24.7
2022-01-11,2022,11,22.05,11.5,12.627778,21.637499,33.642933,3.5709352,660.75,24.2
2022-01-12,2022,12,21.85,10.4,11.638889,21.525,36.56409,3.8984082,659.25,23.6
2022-01-13,2022,13,22.95,10.85,11.9,22.475,40.044785,3.3919272,655.0,25.4
2022-01-14,2022,14,24.15,10.8,11.816668,23.4375,43.08569,2.9884176,653.5,27.1
2022-01-15,2022,15,24.7,12.0,13.105556,23.9125,44.381523,2.8104029,655.0,27.9
2022-01-16,2022,16,26.0,13.55,14.96111,25.025,43.04273,2.9802258,657.0,28.8
2022-01-17,2022,17,26.95,13.85,15.555555,26.1375,45.455757,1.3026122,649.25,32.0
2022-01-18,2022,18,27.3,13.95,15.666667,26.537498,44.281265,1.8454776,652.75,31.8
2022-01-19,2022,19,28.1,14.25,16.222221,27.325,39.531395,1.6877819,650.0,32.5
2022-01-20,2022,20,28.2,15.5,16.95,26.9,53.559402,3.5481648,653.75,30.5
2022-01-21,2022,21,28.5,16.3,18.05,27.55,53.426544,3.267363,610.25,31.2
2022-01-22,2022,22,26.95,17.45,19.472221,26.1375,37.954964,7.290227,642.0,25.7
2022-01-23,2022,23,21.7,11.85,13.927777,21.45,29.898746,3.60885,699.5,24.2
2022-01-24,2022,24,22.35,8.3,10.727778,22.0,28.788269,2.0367594,705.0,27.4
2022-01-25,2022,25,23.05,9.8,11.894444,22.6375,35.88729,1.3184057,698.25,29.0
2022-01-26,2022,26,23.25,10.55,12.388889,22.85,33.60318,2.7251334,708.0,27.2
2022-01-27,2022,27,23.95,11.75,12.950001,23.5375,30.514053,4.0045066,712.5,25.9
2022-01-28,2022,28,24.65,11.4,12.738889,23.875,28.30825,3.6258953,723.0,26.8
2022-01-29,2022,29,26.75,10.5,12.144444,25.9,28.668089,1.8291949,723.75,31.2
2022-01-30,2022,30,27.45,10.85,12.838889,26.7875,29.642197,1.4635137,725.0,32.4
2022-01-31,2022,31,27.45,11.55,13.988889,26.4875,46.2564,0.91350424,708.25,33.2
2022-02-01,2022,32,29.55,14.7,16.755556,28.4125,46.799736,1.4857689,707.5,34.6
2022-02-02,2022,33,29.8,14.6,17.483334,29.05,35.950836,2.502915,723.5,33.7
2022-02-03,2022,34,27.85,16.25,17.433332,27.3625,28.029106,3.698307,733.25,30.4
2022-02-04,2022,35,26.75,11.85,14.138889,26.15,22.342804,1.4445512,754.25,31.9
2022-02-05,2022,36,27.35,14.3,15.799999,26.712502,24.421986,1.7088194,748.5,32.1
2022-02-06,2022,37,28.9,12.45,15.233334,27.9,27.408035,2.0194716,751.25,33.0
2022-02-07,2022,38,28.55,13.85,16.833334,27.7125,33.407642,0.87378263,741.75,33.9
2022-02-08,2022,39,28.5,15.5,17.172222,27.7,39.21042,1.4341071,736.75,33.8
2022-02-09,2022,40,28.3,17.75,18.872223,27.8875,34.355247,3.6862793,715.25,31.0
2022-02-10,2022,41,27.9,16.25,17.822222,27.525,32.223423,3.7264142,752.75,30.8
2022-02-11,2022,42,27.35,15.4,16.333334,26.8875,21.8846,4.720932,775.75,29.0
2022-02-12,2022,43,28.75,13.7,15.522222,28.1625,21.57221,2.4387693,783.5,32.9
2022-02-13,2022,44,29.5,13.2,15.455556,28.9,27.018122,0.86821765,774.75,34.9
2022-02-14,2022,45,30.1,14.55,17.022223,29.1625,31.788311,1.0318701,762.75,35.3
2022-02-15,2022,46,29.95,15.8,18.077778,29.1875,28.67585,0.73949045,770.75,35.3
2022-02-16,2022,47,30.7,16.6,17.894445,30.1,26.201595,2.7024589,768.5,34.6
2022-02-17,2022,48,31.4,16.3,18.3,30.8125,21.268204,2.6944706,746.75,35.0
2022-02-18,2022,49,31.6,17.35,19.683334,30.8375,28.454773,0.7628797,770.5,36.8
2022-02-19,2022,50,32.8,19.2,21.527779,32.3125,24.109535,2.1596804,776.5,37.4
2022-02-20,2022,51,31.95,17.15,19.88889,31.4125,15.672676,3.7357445,804.25,35.0
2022-02-21,2022,52,33.1,18.1,20.016666,32.1,20.37252,3.01257,792.5,36.4
2022-02-22,2022,53,33.4,16.9,19.255556,31.75,24.717907,2.9121482,804.0,36.4
2022-02-23,2022,54,32.25,17.7,19.777779,31.425,23.995073,2.205196,806.0,36.6
2022-02-24,2022,55,33.45,18.9,20.805555,33.0,17.12112,2.1216078,813.75,38.1
2022-02-25,2022,56,33.85,16.35,19.355555,33.275,15.447017,1.5247676,820.5,38.6
2022-02-26,2022,57,32.75,18.05,19.555555,31.775,22.189268,1.7865906,816.0,37.3
2022-02-27,2022,58,33.35,17.15,19.816668,32.7,19.456581,2.9752975,817.0,37.2
2022-02-28,2022,59,33.25,20.2,21.005556,32.65,24.221039,3.2896018,812.75,37.1
2022-03-01,2022,60,34.15,18.1,20.13889,33.525,19.720095,1.9090595,814.25,38.9
2022-03-02,2022,61,34.4,18.7,21.066668,33.8875,18.678799,1.4009526,809.0,39.4
2022-03-03,2022,62,34.35,20.4,22.711111,33.675,16.604645,2.5036464,830.25,38.6
2022-03-04,2022,63,33.0,19.2,21.044443,32.4,17.888462,3.4439688,839.5,36.7
2022-03-05,2022,64,33.75,19.55,20.516666,33.1625,15.130085,3.1816394,845.75,37.6
2022-03-06,2022,65,34.85,16.9,19.766666,34.3,13.61954,0.96103275,836.25,39.6
2022-03-07,2022,66,36.0,18.5,23.011112,35.25,17.629555,1.043485,824.0,40.9
2022-03-08,2022,67,35.95,20.1,23.672222,34.9875,14.876934,2.8191004,804.75,39.6
2022-03-09,2022,68,36.1,21.3,23.194445,35.3875,23.975212,1.8828378,778.5,40.9
2022-03-10,2022,69,35.9,20.2,22.944445,35.4375,17.184126,1.9328856,829.25,40.9
2022-03-11,2022,70,36.4,21.2,22.805555,36.025,16.550163,4.0732827,839.75,40.4
2022-03-12,2022,71,37.0,21.35,23.283333,36.6125,11.730621,2.2643023,859.5,41.8
2022-03-13,2022,72,37.8,20.45,23.355555,37.275,13.042326,1.4350781,854.75,42.8
2022-03-14,2022,73,39.05,21.05,23.7,38.4625,13.582965,2.3655415,851.5,43.9
2022-03-15,2022,74,40.05,23.95,25.194445,39.7125,11.713873,3.3583422,861.75,44.9
2022-03-16,2022,75,40.2,23.2,25.900002,39.575,12.623005,3.3697255,861.25,44.8
2022-03-17,2022,76,40.25,24.75,26.922222,39.6125,12.305685,4.0478907,865.0,44.6
2022-03-18,2022,77,40.45,23.75,26.594444,39.4375,10.309616,3.681902,871.75,44.4
2022-03-19,2022,78,39.35,23.6,26.75,38.4625,12.309782,3.4551482,833.25,43.2
2022-03-20,2022,79,38.4,22.45,25.105555,37.4625,15.579624,3.6457698,867.5,42.5
2022-03-21,2022,80,39.05,22.95,25.349998,38.4875,9.604118,4.2492285,876.5,43.0
2022-03-22,2022,81,38.8,24.65,26.783333,38.2,9.005468,5.0082088,880.5,42.5
2022-03-23,2022,82,37.85,24.25,26.977777,37.15,12.861519,4.348548,870.25,41.6
2022-03-24,2022,83,38.25,25.95,27.605555,36.8375,10.905661,2.7229512,719.5,40.7
2022-03-25,2022,84,36.45,22.45,25.538889,33.675,32.442223,2.2255936,284.75,35.3
2022-03-26,2022,85,41.05,23.85,26.63889,40.3,14.28258,0.81512356,867.75,46.2
2022-03-27,2022,86,41.15,23.65,26.144445,40.3875,12.4336195,3.0947492,878.75,46.0
2022-03-28,2022,87,40.7,24.8,27.894445,39.9875,8.62829,4.2859626,896.75,44.8
2022-03-29,2022,88,40.95,23.55,27.194445,40.1375,11.828789,4.953216,899.25,45.3
2022-03-30,2022,89,40.2,22.4,25.555555,38.9125,14.326294,2.2051015,905.5,45.0
2022-03-31,2022,90,40.55,22.25,25.116667,39.6625,15.977866,1.7678111,894.0,46.0
2022-04-01,2022,91,41.1,24.0,26.66111,39.9875,15.382783,1.0161412,889.5,46.3
2022-04-02,2022,92,40.85,24.8,26.955557,40.1875,15.806755,1.0890279,888.75,46.6
2022-04-03,2022,93,42.1,24.5,26.644445,41.5375,9.066486,2.2084231,905.0,47.3
2022-04-04,2022,94,42.15,24.65,26.86111,41.300003,11.447857,3.0634654,897.0,47.1
2022-04-05,2022,95,42.85,25.75,28.016666,42.1375,11.708265,2.0483642,872.25,48.1
2022-04-06,2022,96,42.2,25.75,28.566668,41.3,11.63703,4.2240524,892.0,46.8
2022-04-07,2022,97,43.35,24.5,27.372223,42.5625,10.487441,3.7071888,891.75,48.2
2022-04-08,2022,98,43.5,26.45,29.522224,43.025,8.722041,3.849008,902.75,48.6
2022-04-09,2022,99,41.7,26.45,28.866665,40.925,11.110996,2.9818516,903.75,46.7
2022-04-10,2022,100,41.15,25.05,27.072222,40.1375,13.24976,2.5957632,896.75,46.1
2022-04-11,2022,101,40.85,25.3,27.205557,39.9375,14.581423,3.1450295,864.5,45.5
2022-04-12,2022,102,40.75,25.0,26.95,40.15,9.672892,3.7336462,857.25,45.0
2022-04-13,2022,103,41.35,23.65,26.572222,40.0625,13.739122,3.2287767,913.5,45.9
2022-04-14,2022,104,41.4,23.95,27.283333,40.7125,9.881794,3.5726385,922.75,46.2
2022-04-15,2022,105,41.35,24.7,26.316668,40.4125,15.511094,4.0254025,907.25,46.2
2022-04-16,2022,106,42.05,23.65,26.077778,40.9625,12.106035,3.6462152,913.5,46.7
2022-04-17,2022,107,41.8,24.35,26.55,40.8,12.814968,3.7185943,910.5,46.5
2022-04-18,2022,108,41.8,24.3,26.655556,40.6125,16.141127,2.7387228,900.0,46.9
2022-04-19,2022,109,41.2,25.2,27.644445,40.375,15.353327,3.1633186,893.75,46.3
2022-04-20,2022,110,40.85,26.8,28.722221,40.4375,17.731651,4.1848907,765.5,45.4
2022-04-21,2022,111,41.3,27.55,29.288889,40.85,13.873725,2.5006363,882.5,46.9
2022-04-22,2022,112,41.3,25.9,27.95,41.075,10.208592,4.368962,906.0,46.4
2022-04-23,2022,113,41.6,26.75,28.433332,41.1875,10.518435,3.800403,901.0,46.6
2022-04-24,2022,114,42.0,27.0,28.322222,41.7125,10.485424,3.7300851,907.25,47.3
2022-04-25,2022,115,41.4,26.8,28.816668,40.8875,11.045114,4.1731606,912.75,46.3
2022-04-26,2022,116,41.85,26.1,29.211111,41.1875,10.648901,2.8785276,918.75,47.0
2022-04-27,2022,117,42.85,26.7,29.505554,42.275,12.647856,2.3133063,906.25,48.6
2022-04-28,2022,118,43.65,27.4,29.616665,43.2625,11.326736,3.7758598,903.25,49.2
2022-04-29,2022,119,43.35,29.1,30.788889,42.337498,10.833832,3.9675043,909.75,48.1
2022-04-30,2022,120,44.0,27.35,29.555555,42.5625,19.75048,4.119721,872.5,48.9
2022-05-01,2022,121,43.55,26.8,28.650002,42.3,17.339539,4.2492733,878.5,48.4
2022-05-02,2022,122,41.7,27.1,28.594444,41.275,16.588686,5.194853,818.5,46.6
2022-05-03,2022,123,41.85,25.7,28.316668,40.362503,18.098038,4.190111,890.25,46.1
2022-05-04,2022,124,41.75,25.4,28.233334,41.0875,12.904371,3.045796,906.5,47.1
2022-05-05,2022,125,40.95,26.7,28.86111,40.025,19.091944,2.4610734,875.5,46.4
2022-05-06,2022,126,41.8,28.2,30.316668,41.2625,17.518616,2.9965081,864.0,47.4
2022-05-07,2022,127,42.2,28.35,30.5,41.6875,16.3627,3.4129617,825.25,47.4
2022-05-08,2022,128,43.1,28.95,30.900002,42.6375,13.382313,3.2691917,783.0,48.0
2022-05-09,2022,129,43.75,28.45,30.522224,43.175,13.720004,3.83958,837.75,49.0
2022-05-10,2022,130,44.35,28.95,31.372223,43.5875,11.183373,4.1368704,864.75,49.3
2022-05-11,2022,131,45.35,29.8,32.52778,44.2125,14.470857,3.1024904,799.0,50.1
2022-05-12,2022,132,44.9,29.8,31.816668,44.1875,12.9346485,3.460676,862.25,50.3
2022-05-13,2022,133,43.25,27.9,29.633335,42.125,18.368326,4.185212,892.5,48.4
2022-05-14,2022,134,43.1,27.85,28.783333,41.475,23.494236,3.3108683,862.0,48.0
2022-05-15,2022,135,43.15,27.7,29.38889,41.8375,20.051304,4.4867725,856.5,47.8
2022-05-16,2022,136,43.25,26.55,28.67222,40.925,20.355925,4.20397,892.25,47.0
2022-05-17,2022,137,40.6,26.75,28.327778,39.5,20.80928,3.1668894,867.5,45.5
2022-05-18,2022,138,41.9,26.2,28.183332,40.825,16.096733,3.0789385,893.5,47.0
2022-05-19,2022,139,42.85,28.2,30.11111,41.9375,19.714342,2.5002718,884.5,48.7
2022-05-20,2022,140,42.6,28.85,30.255554,41.625,21.504423,3.968604,882.75,47.9
2022-05-21,2022,141,42.55,26.95,28.894444,40.575,24.051058,6.538601,881.0,46.6
2022-05-22,2022,142,41.3,27.4,28.93889,39.725,28.866646,6.1933603,836.0,45.2
2022-05-23,2022,143,41.6,28.25,29.522224,40.1,30.48795,6.4243417,834.75,45.8
2022-05-24,2022,144,40.95,28.2,29.488888,39.4625,27.87756,2.798161,846.5,45.9
2022-05-25,2022,145,40.8,28.4,29.427778,39.5,28.845268,3.2340555,836.75,45.7
2022-05-26,2022,146,40.65,27.85,29.161112,39.5,27.679413,4.571018,840.25,45.0
2022-05-27,2022,147,40.3,27.6,28.57778,38.9,29.798298,5.2239904,840.5,44.2
2022-05-28,2022,148,40.75,27.5,28.86111,39.3,29.578371,5.896195,861.25,44.8
2022-05-29,2022,149,40.25,28.2,29.127777,38.95,31.900482,4.9998837,850.75,44.4
2022-05-30,2022,150,40.7,27.6,28.711111,39.1875,30.151558,3.9457276,869.0,45.2
2022-05-31,2022,151,41.25,26.85,28.422222,39.575,27.090265,4.1021595,875.0,45.5
2022-06-01,2022,152,42.65,27.45,29.005554,40.9125,19.843914,3.6535847,888.75,47.1
2022-06-02,2022,153,42.5,26.45,28.666666,41.55,17.45693,4.6443253,865.75,47.3
2022-06-03,2022,154,42.25,26.35,28.816668,40.475,20.60852,4.1260223,866.25,46.3
2022-06-04,2022,155,42.1,27.55,29.283333,40.85,20.978134,3.6013606,869.0,47.0
2022-06-05,2022,156,41.85,26.75,28.866665,40.7875,18.04441,3.4811351,878.75,46.8
2022-06-06,2022,157,41.6,27.0,28.783333,40.5875,20.5669,3.6917558,874.25,46.6
2022-06-07,2022,158,40.9,28.0,29.694445,39.6,29.381618,3.7787263,858.25,45.7
2022-06-08,2022,159,40.85,29.25,30.572222,39.75,29.882883,4.3577614,838.75,45.5
2022-06-09,2022,160,40.75,27.95,29.322222,39.6125,30.710804,3.983846,853.5,45.6
2022-06-10,2022,161,40.7,29.0,30.066668,39.325,31.93697,3.4500337,850.5,45.6
2022-06-11,2022,162,40.55,29.8,30.383335,39.7375,29.822046,3.1865242,847.5,46.1
2022-06-12,2022,163,36.8,26.65,28.349998,35.975,44.549625,3.4355667,393.75,39.0
2022-06-13,2022,164,33.8,27.7,28.405556,33.074997,54.737633,4.0183506,447.25,36.0
2022-06-14,2022,165,37.25,27.8,28.472221,36.3875,40.805115,3.7134757,608.75,40.6
2022-06-15,2022,166,37.2,27.95,28.92222,35.4375,48.495945,4.0627522,568.5,39.5
2022-06-16,2022,167,37.6,28.15,29.194445,36.125,45.07428,4.6822,762.75,41.1
2022-06-17,2022,168,38.65,28.8,29.377777,37.1625,40.938305,4.6709027,803.0,42.4
2022-06-18,2022,169,36.35,28.6,29.233334,35.6625,47.73318,5.1335573,675.75,39.9
2022-06-19,2022,170,35.3,28.3,29.066668,34.4875,52.47629,4.7535057,547.0,38.0
2022-06-20,2022,171,38.65,28.2,28.927778,37.875,38.167503,4.969771,779.25,42.9
2022-06-21,2022,172,37.8,28.1,28.822222,37.1,40.921516,5.3949165,786.0,42.0
2022-06-22,2022,173,37.8,26.15,27.622223,36.825,42.401802,1.0219712,751.0,44.2
2022-06-23,2022,174,36.9,26.4,27.311111,36.3625,45.5209,2.99164,752.0,42.5
2022-06-24,2022,175,39.15,27.4,29.083334,37.075,42.102848,2.8667583,668.5,42.6
2022-06-25,2022,176,39.65,27.05,28.833334,39.0625,33.185303,2.7579134,818.25,45.6
2022-06-26,2022,177,41.1,28.6,29.683332,40.6875,33.206696,1.8435493,745.75,47.6
2022-06-27,2022,178,36.3,27.7,28.605556,35.75,49.572777,3.9657304,747.75,41.3
2022-06-28,2022,179,37.8,28.25,28.944445,36.1,46.479366,4.0356255,658.5,40.8
2022-06-29,2022,180,37.9,28.55,29.877777,37.175003,39.506367,4.3597617,576.25,40.9
2022-06-30,2022,181,37.35,29.25,29.944445,36.9375,40.78933,4.237637,590.5,40.9
2022-07-01,2022,182,35.45,25.9,27.072222,33.2125,58.18187,4.9807653,557.5,36.7
2022-07-02,2022,183,32.8,26.3,26.644445,29.525,76.45105,3.6470592,451.5,33.6
2022-07-03,2022,184,33.95,25.8,26.472221,32.6625,61.25357,4.421961,562.25,36.6
2022-07-04,2022,185,33.4,26.25,26.655556,32.675,60.932716,3.1734486,612.25,38.0
2022-07-05,2022,186,32.2,25.8,26.366667,31.525,66.244125,2.6022558,414.5,36.1
2022-07-06,2022,187,31.6,25.35,26.305555,30.5875,70.50548,4.3490105,548.0,34.6
2022-07-07,2022,188,32.4,26.35,26.894445,31.825,66.23764,2.8172526,613.25,37.8
2022-07-08,2022,189,27.0,25.4,26.022223,26.425,92.86514,5.6506176,124.25,26.2
2022-07-09,2022,190,30.65,25.2,25.8,29.85,73.307686,5.017166,433.5,32.5
2022-07-10,2022,191,28.4,24.75,25.188889,28.025,82.21725,3.7837725,287.75,30.7
2022-07-11,2022,192,27.9,24.5,24.833334,26.6625,86.54086,2.283016,271.25,30.9
2022-07-12,2022,193,30.05,25.3,25.655556,29.6625,74.648895,3.6914196,471.25,33.8
2022-07-13,2022,194,32.3,25.65,25.905556,31.875,65.33539,2.3171031,688.25,38.9
2022-07-14,2022,195,29.95,25.65,25.977777,28.9375,78.21665,1.9709839,338.25,34.0
2022-07-15,2022,196,30.3,25.15,25.505556,29.925,73.36169,6.6481333,511.75,32.5
2022-07-16,2022,197,32.1,25.25,25.922222,31.7375,64.066925,8.033664,738.0,35.8
2022-07-17,2022,198,32.4,26.3,26.933332,31.900002,66.52211,4.8775387,741.75,37.0
2022-07-18,2022,199,31.6,25.55,26.522223,31.2625,66.45258,4.0015426,643.5,36.1
2022-07-19,2022,200,26.95,25.25,25.605555,26.125,92.03975,4.323806,109.0,26.7
2022-07-20,2022,201,32.6,25.45,25.83889,31.9,61.902668,4.369319,637.75,36.2
2022-07-21,2022,202,32.1,25.25,25.844444,31.8,60.9585,4.306366,743.5,36.8
2022-07-22,2022,203,32.0,25.35,25.900002,31.5625,65.27632,4.509186,769.5,36.8
2022-07-23,2022,204,30.3,25.05,25.416666,29.2125,74.561554,2.5748448,355.25,33.5
2022-07-24,2022,205,27.65,24.45,25.016666,26.7625,87.80055,4.1477337,198.75,28.2
2022-07-25,2022,206,30.9,24.5,25.16111,30.5,68.78066,3.844353,635.75,35.4
2022-07-26,2022,207,28.95,24.8,25.177778,28.7,76.97972,3.591634,386.25,32.1
2022-07-27,2022,208,31.2,24.45,24.972221,29.8875,72.21109,3.1625881,617.25,35.5
2022-07-28,2022,209,32.45,24.65,25.45,32.0,60.129253,3.2077422,784.75,38.3
2022-07-29,2022,210,32.35,25.7,26.444445,31.9375,60.465996,3.7077644,789.0,37.7
2022-07-30,2022,211,31.9,25.65,26.416666,31.175,63.152927,3.8073602,686.25,36.2
2022-07-31,2022,212,31.3,25.55,26.205557,31.0125,63.41351,4.368663,709.0,35.6
2022-08-01,2022,213,32.6,25.7,26.155556,32.1375,58.043938,4.116124,743.75,37.1
2022-08-02,2022,214,31.9,25.45,26.022223,31.5125,68.0247,2.45793,689.0,38.5
2022-08-03,2022,215,31.6,25.95,26.333334,31.0625,69.504974,1.4738414,514.0,37.8
2022-08-04,2022,216,31.4,25.4,25.977777,30.675,72.61063,1.0779203,606.5,38.7
2022-08-05,2022,217,30.3,25.2,25.683332,29.9125,77.17379,1.0625006,475.25,37.2
2022-08-06,2022,218,30.7,24.65,25.405556,29.9625,75.17521,2.1123095,509.5,36.3
2022-08-07,2022,219,32.5,25.25,25.894445,32.025,69.22427,2.273704,801.0,40.3
2022-08-08,2022,220,32.5,26.0,26.522223,32.05,71.16423,1.7525138,727.75,40.6
2022-08-09,2022,221,31.95,25.55,26.177778,31.5875,71.59296,2.50454,510.25,37.7
2022-08-10,2022,222,31.2,25.2,25.772223,30.9875,70.50316,3.923396,648.5,36.2
2022-08-11,2022,223,29.95,25.95,26.133333,29.2875,76.39553,7.7539597,480.25,31.3
2022-08-12,2022,224,31.45,25.7,26.194445,29.7375,76.868286,5.4955335,444.0,32.5
2022-08-13,2022,225,31.35,25.35,25.86111,30.4375,69.15363,5.0087004,692.25,34.8
2022-08-14,2022,226,30.55,24.4,25.038889,29.575,75.01748,3.9799657,652.0,34.7
2022-08-15,2022,227,29.6,24.65,25.099998,29.2,74.36587,2.7298357,319.5,33.0
2022-08-16,2022,228,27.5,24.55,24.922222,27.275,83.97693,4.8772144,261.75,28.4
2022-08-17,2022,229,28.45,24.75,25.094444,27.8125,81.5395,6.748842,310.0,28.4
2022-08-18,2022,230,29.8,24.75,25.077778,29.05,76.263985,3.9327397,549.75,33.4
2022-08-19,2022,231,30.9,24.35,25.11111,30.4875,68.132,4.5923634,669.25,34.9
2022-08-20,2022,232,31.2,24.65,25.45,30.9,66.18605,3.9745052,647.0,35.6
2022-08-21,2022,233,31.8,24.5,25.650002,31.3,62.871002,3.6475449,728.25,36.8
2022-08-22,2022,234,29.1,25.2,26.022223,28.35,75.976685,5.270182,423.5,30.3
2022-08-23,2022,235,26.85,25.4,25.788889,26.775,84.92092,5.422061,202.0,26.8
2022-08-24,2022,236,29.9,24.35,24.988888,28.8375,70.73734,3.8575494,275.0,30.5
2022-08-25,2022,237,31.2,23.2,24.45,30.7625,62.253376,3.387082,770.5,36.6
2022-08-26,2022,238,30.95,24.55,24.983334,30.55,60.695297,3.3237827,703.5,35.8
2022-08-27,2022,239,30.25,23.7,24.622223,29.8875,69.76143,3.3826334,734.0,35.9
2022-08-28,2022,240,31.2,23.5,24.616667,30.1125,63.84688,2.2515645,725.0,36.9
2022-08-29,2022,241,30.85,24.6,25.272223,30.6125,63.758495,2.0804024,704.25,37.5
2022-08-30,2022,242,31.85,24.9,25.827778,31.65,68.37381,0.7651322,659.0,40.0
2022-08-31,2022,243,32.25,25.9,26.650002,32.15,68.4771,1.5145737,691.0,40.4
2022-09-01,2022,244,32.3,26.6,27.044443,32.125,66.7582,2.1051128,602.75,38.9
2022-09-02,2022,245,32.3,25.55,26.272223,31.925,66.17274,1.1437215,602.75,39.5
2022-09-03,2022,246,33.0,26.35,27.133333,32.7625,65.04285,2.1671839,752.0,40.6
2022-09-04,2022,247,33.0,26.35,27.233334,32.475,56.745426,4.471979,685.0,36.8
2022-09-05,2022,248,31.95,25.95,26.705557,30.9625,62.612198,3.192018,706.25,36.6
2022-09-06,2022,249,31.5,25.9,26.472221,30.75,64.43241,1.1979115,722.75,38.8
2022-09-07,2022,250,33.95,25.4,26.594444,33.725,50.902893,1.7479899,774.5,41.0
2022-09-08,2022,251,35.0,27.15,27.805555,33.3875,63.658054,3.4979498,730.0,39.8
2022-09-09,2022,252,35.8,27.45,28.188889,35.375,54.942112,4.1645308,793.5,41.5
2022-09-10,2022,253,35.55,26.85,27.727777,35.225,54.706688,2.7619538,795.0,42.4
2022-09-11,2022,254,33.5,26.6,26.91111,31.5,70.47072,2.4547691,583.0,38.0
2022-09-12,2022,255,32.8,26.1,26.522223,31.5875,70.61128,2.6736083,663.75,38.5
2022-09-13,2022,256,31.3,24.9,25.41111,31.025,73.421616,1.2532352,546.0,38.6
2022-09-14,2022,257,30.5,24.85,25.194445,29.4375,76.69967,2.1782854,412.5,34.9
2022-09-15,2022,258,29.95,24.6,25.127777,28.925,80.49592,3.737761,460.25,33.2
2022-09-16,2022,259,31.45,24.45,25.233334,31.212502,65.399765,4.3607693,730.5,36.2
2022-09-17,2022,260,31.5,23.4,24.266666,31.1125,59.065025,3.321344,747.0,36.7
2022-09-18,2022,261,31.8,24.2,25.08889,31.5875,57.423862,2.0926301,764.5,38.6
2022-09-19,2022,262,31.5,24.1,25.227777,31.0125,60.645317,2.5182824,565.75,36.2
2022-09-20,2022,263,31.3,25.0,25.772223,31.075,61.544537,3.480523,665.75,36.1
2022-09-21,2022,264,31.4,24.0,24.91111,31.1,58.78417,3.9568355,728.75,35.9
2022-09-22,2022,265,31.4,23.95,24.811111,30.8375,56.69303,4.4658175,565.0,33.8
2022-09-23,2022,266,30.95,24.4,25.011112,30.4625,57.201508,5.0176725,566.0,32.9
2022-09-24,2022,267,31.4,23.85,24.744444,31.05,55.38178,3.6417985,689.5,35.6
2022-09-25,2022,268,31.55,23.35,24.288889,31.137499,55.002934,2.6890674,764.75,37.2
2022-09-26,2022,269,31.45,23.7,24.422222,31.325,58.829876,1.7830338,659.75,37.9
2022-09-27,2022,270,32.2,23.85,24.816668,31.95,57.229595,1.7817019,647.25,38.4
2022-09-28,2022,271,32.3,24.15,25.005556,32.0125,57.086044,2.3034418,553.25,37.3
2022-09-29,2022,272,33.55,24.25,25.261112,33.3,51.18592,2.2187152,695.75,39.5
2022-09-30,2022,273,34.0,24.8,25.683332,33.7,48.16691,2.2010398,761.5,40.2
2022-10-01,2022,274,33.65,25.4,26.261112,33.4625,44.84084,2.8080919,750.25,39.0
2022-10-02,2022,275,32.45,24.2,25.41111,32.2375,49.791573,1.9935724,722.5,38.5
2022-10-03,2022,276,32.7,24.65,25.333334,32.45,47.442238,1.1491091,707.75,39.2
2022-10-04,2022,277,35.05,24.9,25.883333,34.7,37.01407,1.7600808,756.5,40.9
2022-10-05,2022,278,36.35,25.8,26.7,35.9625,30.807552,3.7948122,735.5,40.3
2022-10-06,2022,279,34.5,27.4,28.366667,34.0875,38.869095,2.6196027,569.5,38.2
2022-10-07,2022,280,28.45,24.65,26.63889,25.725,76.49838,4.743551,374.75,26.7
2022-10-08,2022,281,27.4,23.25,24.022223,26.7625,82.65711,1.6947649,254.25,31.2
2022-10-09,2022,282,31.3,24.4,24.872223,31.0875,65.142044,1.8488377,512.0,37.0
2022-10-10,2022,283,32.15,24.85,25.522223,31.7875,63.741833,1.6265929,589.75,38.6
2022-10-11,2022,284,33.5,24.5,25.3,33.1375,48.100628,2.3254282,701.75,39.0
2022-10-12,2022,285,33.95,23.95,24.738888,33.4125,44.86076,2.4978719,703.75,38.9
2022-10-13,2022,286,34.05,22.25,23.488888,33.625,32.10086,2.777285,765.5,38.6
2022-10-14,2022,287,33.45,22.2,23.11111,33.1875,33.56431,3.621416,760.25,37.4
2022-10-15,2022,288,34.1,21.8,22.972221,33.7125,30.889118,2.3809185,756.5,38.9
2022-10-16,2022,289,33.8,21.5,22.422222,33.55,29.523346,4.6843653,759.75,36.9
2022-10-17,2022,290,34.1,21.25,22.205557,33.8875,24.220604,3.7007885,758.0,37.8
2022-10-18,2022,291,34.75,20.85,21.727777,34.4875,26.319857,2.27966,749.5,39.6
2022-10-19,2022,292,34.15,20.35,22.33889,33.825,30.525055,1.7441314,746.75,39.4
2022-10-20,2022,293,33.65,20.75,23.016666,33.6,37.157173,2.4842505,667.5,38.4
2022-10-21,2022,294,34.6,22.8,23.894445,34.2625,24.76596,4.040442,739.0,37.9
2022-10-22,2022,295,34.2,22.25,23.194445,33.9,21.607662,4.735682,741.5,36.9
2022-10-23,2022,296,34.1,19.45,20.916666,33.7875,23.622177,1.7145255,731.75,38.9
2022-10-24,2022,297,33.7,20.3,22.211111,33.3125,25.0334,2.1465952,732.25,38.2
2022-10-25,2022,298,33.95,19.7,21.95,33.6375,24.311884,3.4339094,727.25,37.5
2022-10-26,2022,299,33.35,19.9,21.505556,33.0,29.35259,1.2341306,720.5,38.6
2022-10-27,2022,300,33.8,19.45,22.0,33.575,27.258171,1.0055227,709.75,39.0
2022-10-28,2022,301,34.35,21.5,22.344444,33.975,26.758839,2.282641,700.0,38.7
2022-10-29,2022,302,34.1,20.5,21.677778,33.475,30.992714,1.0394303,677.75,38.9
2022-10-30,2022,303,34.45,20.5,21.944445,34.0125,24.582653,3.0013366,699.5,38.0
2022-10-31,2022,304,33.2,19.15,20.83889,32.9375,23.469585,4.4445744,710.75,35.8
2022-11-01,2022,305,33.15,19.7,20.955557,32.75,29.208862,2.940007,694.75,36.8
2022-11-02,2022,306,34.3,19.8,21.455557,33.925,28.016788,2.5322893,694.75,38.4
2022-11-03,2022,307,34.5,19.7,22.511112,34.025,29.010551,1.7154756,687.0,39.1
2022-11-04,2022,308,34.9,19.6,21.372223,34.45,26.451813,1.067735,685.0,39.7
2022-11-05,2022,309,35.15,19.15,21.244444,34.6125,26.18072,0.95863765,680.0,39.8
2022-11-06,2022,310,35.0,20.5,22.261112,34.625,26.318544,1.545347,661.0,39.5
2022-11-07,2022,311,34.2,20.55,21.91111,33.8375,28.074955,0.6874776,649.75,38.9
2022-11-08,2022,312,33.95,19.95,21.577778,33.6875,25.740578,1.9320074,616.0,37.9
2022-11-09,2022,313,33.75,19.65,21.322222,33.425,24.473019,1.2694598,662.0,38.2
2022-11-10,2022,314,33.2,20.15,21.205557,32.9625,26.837376,2.010676,658.75,37.4
2022-11-11,2022,315,33.6,20.95,22.494444,33.3125,26.307142,3.010778,658.25,37.0
2022-11-12,2022,316,32.5,21.4,22.077778,32.2875,29.573742,3.520608,650.5,35.4
2022-11-13,2022,317,32.1,19.35,20.416666,31.837502,28.281343,2.1253169,654.0,36.1
2022-11-14,2022,318,32.1,18.5,19.816668,31.8,30.479872,0.6797517,651.5,37.0
2022-11-15,2022,319,32.65,18.5,20.505556,32.25,29.802267,0.9427968,647.5,37.3
2022-11-16,2022,320,32.75,19.85,21.033333,32.35,27.440823,1.3546926,645.25,37.1
2022-11-17,2022,321,31.6,19.5,20.75,31.225,24.94558,2.8867934,646.25,34.6
2022-11-18,2022,322,31.0,17.35,18.86111,30.7375,23.232147,3.1822252,650.5,33.7
2022-11-19,2022,323,30.55,16.0,17.577778,30.2125,22.043438,2.4557786,650.25,33.8
2022-11-20,2022,324,30.95,17.2,18.205557,30.6,25.033535,3.10009,643.75,33.7
2022-11-21,2022,325,30.55,17.95,19.044443,30.1375,24.467154,3.1630087,647.0,33.1
2022-11-22,2022,326,31.25,16.1,18.105555,30.8375,22.761871,2.3613865,644.25,34.5
2022-11-23,2022,327,31.0,16.6,18.400002,30.6125,25.254496,1.6579038,623.25,34.8
2022-11-24,2022,328,30.85,17.4,18.538889,30.5,24.843979,3.1980443,638.75,33.4
2022-11-25,2022,329,30.55,16.55,17.816668,30.1875,22.397547,3.8237212,642.25,32.4
2022-11-26,2022,330,30.8,17.0,18.061111,30.4125,23.139412,2.4953089,640.0,34.0
2022-11-27,2022,331,30.75,15.4,16.8,30.3625,24.780195,1.0703783,634.75,35.0
2022-11-28,2022,332,30.9,15.1,17.183332,30.45,25.53124,0.91750956,631.0,35.1
2022-11-29,2022,333,31.4,16.3,18.227777,30.9625,28.305656,2.340138,623.75,34.8
2022-11-30,2022,334,31.3,18.65,19.91111,30.875,25.244898,3.9709764,621.5,33.0
2022-12-01,2022,335,30.4,18.1,19.349998,30.0125,30.37748,3.3850706,620.0,32.7
2022-12-02,2022,336,30.0,16.7,18.272223,29.7375,28.868938,0.72712356,620.75,34.6
2022-12-03,2022,337,30.0,16.55,18.244444,29.7625,29.568398,2.1949792,510.5,32.7
2022-12-04,2022,338,30.9,15.7,17.7,30.5125,25.524605,1.4371928,602.25,34.7
2022-12-05,2022,339,30.7,16.1,18.444445,30.275002,33.562862,2.2389069,602.25,34.2
2022-12-06,2022,340,31.25,19.5,20.227777,30.8625,36.56348,2.283071,601.0,34.9
2022-12-07,2022,341,30.75,18.3,19.438889,30.3375,35.55577,3.3967788,603.0,33.2
2022-12-08,2022,342,29.9,17.4,19.0,29.4875,23.797318,3.7832923,619.75,31.5
2022-12-09,2022,343,29.8,15.7,17.477777,29.15,21.832445,3.9712188,623.75,31.0
2022-12-10,2022,344,30.35,16.05,17.916666,29.7,24.967005,3.0052655,620.25,32.6
2022-12-11,2022,345,31.35,17.3,19.561111,30.5875,30.611628,2.4893813,604.25,34.2
2022-12-12,2022,346,32.85,20.15,21.983334,32.35,36.818768,1.178624,589.75,37.3
2022-12-13,2022,347,32.25,22.3,23.844444,32.025,39.621605,4.5367093,545.25,34.0
2022-12-14,2022,348,30.3,22.65,23.61111,30.0125,45.234905,3.124452,521.5,32.9
2022-12-15,2022,349,32.0,21.7,22.833334,31.3875,39.575493,1.8117493,491.5,35.2
2022-12-16,2022,350,32.75,20.8,22.716667,32.25,37.778675,0.79802036,565.75,37.2
2022-12-17,2022,351,33.25,21.15,23.16111,32.7875,33.118343,1.620705,575.25,37.2
2022-12-18,2022,352,33.05,20.75,21.961111,32.4875,29.227589,2.1660414,585.5,36.3
2022-12-19,2022,353,32.5,18.55,20.127777,31.85,28.226387,1.7537744,587.75,35.9
2022-12-20,2022,354,32.0,18.65,20.183332,31.45,31.8634,0.8500953,586.25,36.1
2022-12-21,2022,355,31.75,16.7,19.277779,31.3,16.163185,1.993861,600.5,34.7
2022-12-22,2022,356,30.85,16.45,18.666666,30.35,20.872784,2.4047494,606.75,33.6
2022-12-23,2022,357,28.0,15.6,17.261112,27.7625,17.300552,4.0437307,617.0,29.2
2022-12-24,2022,358,26.45,12.8,15.400001,25.8,29.473597,2.407205,621.5,29.5
2022-12-25,2022,359,27.1,15.2,16.311111,26.6125,27.105606,3.6504562,619.75,28.6
2022-12-26,2022,360,28.1,14.65,15.977778,27.425,32.225014,3.1924496,613.0,30.1
2022-12-27,2022,361,28.6,15.1,16.072222,27.95,32.87762,3.2209687,615.5,30.7
2022-12-28,2022,362,29.35,14.95,16.11111,28.6875,30.799538,3.4513247,611.5,31.1
2022-12-29,2022,363,30.45,15.3,17.511112,29.525002,32.80394,1.096339,604.5,34.3
2022-12-30,2022,364,30.0,18.2,19.2,29.425,37.706345,2.660176,599.5,33.0
2022-12-31,2022,365,27.65,15.3,17.349998,27.2375,29.204548,3.5587554,620.25,29.5
2023-01-01,2023,1,27.65,14.5,15.777778,27.15,30.16826,2.6489506,618.25,30.5
2023-01-02,2023,2,27.65,13.0,14.950001,27.05,28.791348,2.702929,625.5,30.4
2023-01-03,2023,3,27.4,14.6,16.083334,26.8375,28.041779,3.797535,624.0,28.8
2023-01-04,2023,4,25.1,13.75,15.983334,24.15,24.044792,5.6757874,643.0,23.8
2023-01-05,2023,5,25.9,12.45,15.022222,24.6625,37.281063,5.3149686,616.25,24.9
2023-01-06,2023,6,28.8,15.7,18.38889,27.6875,38.824528,4.1844263,607.25,29.5
2023-01-07,2023,7,29.95,18.05,20.405556,29.2375,34.963097,3.2296376,614.0,32.2
2023-01-08,2023,8,29.9,17.3,18.761112,29.375,33.835934,2.402892,622.75,33.3
2023-01-09,2023,9,29.9,16.1,18.355555,29.4,31.648365,2.393359,628.5,33.3
2023-01-10,2023,10,29.9,15.5,17.583334,29.2375,29.25868,1.6391765,633.25,33.7
2023-01-11,2023,11,29.9,14.75,17.622221,29.3875,28.766785,2.4856598,639.5,33.1
2023-01-12,2023,12,29.05,18.4,19.316668,28.4125,38.851357,3.9698958,622.75,30.7
2023-01-13,2023,13,26.15,14.45,16.211111,25.6875,25.216904,2.460984,660.75,29.5
2023-01-14,2023,14,25.65,12.2,14.222222,24.9875,27.70792,2.9477322,664.0,28.3
2023-01-15,2023,15,25.15,11.8,12.894444,24.55,23.069168,2.8067527,675.25,28.1
2023-01-16,2023,16,25.95,9.5,11.5,25.1,19.721237,2.5628738,679.75,28.9
2023-01-17,2023,17,27.05,12.35,13.566667,26.175,22.66046,3.1441357,675.0,29.2
2023-01-18,2023,18,27.85,12.85,14.127778,26.8,23.559624,3.880424,675.0,29.0
2023-01-19,2023,19,29.2,14.1,15.722222,28.1,25.95374,2.948473,675.25,31.5
2023-01-20,2023,20,29.0,13.3,15.694445,28.275,24.688997,1.4323645,674.0,33.1
2023-01-21,2023,21,27.8,13.2,16.122223,27.3125,22.786413,2.1631799,676.25,31.5
2023-01-22,2023,22,25.5,12.35,15.261112,24.8625,23.275595,2.4176376,694.25,29.1
2023-01-23,2023,23,25.9,11.85,14.238888,25.275,26.139256,2.2623973,689.0,29.7
2023-01-24,2023,24,26.15,12.5,15.122223,25.5625,27.487371,2.6006107,693.0,29.6
2023-01-25,2023,25,26.35,12.75,14.977778,25.575,22.240908,3.6281786,697.0,28.2
2023-01-26,2023,26,27.6,13.0,15.361111,26.9,33.577713,3.946477,685.5,29.4
2023-01-27,2023,27,28.9,15.55,17.25,27.9,37.61224,4.249076,689.5,30.3
2023-01-28,2023,28,28.7,18.2,19.633333,27.925001,44.630867,3.8940122,587.75,30.2
2023-01-29,2023,29,28.0,18.0,18.86111,27.475,49.96901,1.3171184,639.75,33.5
2023-01-30,2023,30,28.05,15.15,17.105555,26.9875,41.350704,1.8611882,702.0,32.5
2023-01-31,2023,31,27.85,15.4,16.583334,27.375,29.287117,4.899478,721.25,29.1
2023-02-01,2023,32,27.2,15.25,16.722221,26.4125,33.516933,4.7276583,726.0,28.3
2023-02-02,2023,33,29.2,14.15,15.794444,28.1875,19.427511,3.536544,742.25,31.3
2023-02-03,2023,34,30.0,14.35,16.094444,29.325,22.186863,2.7648046,734.0,33.3
2023-02-04,2023,35,30.6,12.85,15.372223,29.9125,22.11708,2.839929,740.0,33.9
2023-02-05,2023,36,31.7,14.55,16.311111,30.95,21.424646,1.0391839,736.0,36.2
2023-02-06,2023,37,30.2,16.25,17.938889,29.5375,31.701702,2.9363265,729.25,33.6
2023-02-07,2023,38,31.25,16.5,18.805555,30.4625,27.83703,2.3339033,738.75,35.2
2023-02-08,2023,39,31.6,14.9,16.849998,30.875,20.686687,1.7282931,754.25,35.9
2023-02-09,2023,40,33.05,14.95,18.127777,32.1625,20.416609,1.5680903,753.75,37.2
2023-02-10,2023,41,32.8,16.35,19.344444,31.474998,24.273312,2.8246155,758.75,35.8
2023-02-11,2023,42,29.95,17.15,18.716667,28.4625,35.97246,2.3717418,763.0,33.6
2023-02-12,2023,43,32.9,17.75,19.266666,32.3875,17.0484,4.1683435,767.0,35.5
2023-02-13,2023,44,31.45,16.45,18.372223,30.5625,13.629049,2.1297464,785.0,35.2
2023-02-14,2023,45,32.95,14.85,17.194445,32.0875,14.331814,1.7412744,783.75,37.0
2023-02-15,2023,46,35.15,16.05,18.36111,34.125,15.14137,1.4108524,787.5,39.2
2023-02-16,2023,47,36.85,16.65,19.472221,35.675,15.001125,1.374937,793.25,40.8
2023-02-17,2023,48,36.5,17.9,20.672222,35.7875,13.358491,3.0629282,800.25,40.2
2023-02-18,2023,49,36.45,18.5,21.094444,35.6,16.723095,1.515595,796.5,40.9
2023-02-19,2023,50,36.4,17.8,20.572222,35.7625,17.384155,1.2332824,796.5,41.2
2023-02-20,2023,51,36.45,18.05,20.8,35.7125,16.440075,2.899164,802.75,40.4
2023-02-21,2023,52,34.5,17.6,20.316668,33.2875,21.526299,2.9236836,809.0,38.0
2023-02-22,2023,53,33.9,18.25,20.38889,32.7625,27.976524,2.5959656,787.75,37.8
2023-02-23,2023,54,33.7,18.6,20.222221,32.7375,22.471733,1.7323663,808.25,38.3
2023-02-24,2023,55,34.7,16.15,19.655556,34.0875,14.46299,1.2860342,820.5,39.4
2023-02-25,2023,56,34.55,17.4,20.25,33.7,17.661297,0.8986921,811.0,39.2
2023-02-26,2023,57,34.9,17.65,20.283333,34.05,16.315771,1.8569382,817.5,39.3
2023-02-27,2023,58,36.0,19.5,21.872223,35.25,14.196642,1.2042475,814.75,40.5
2023-02-28,2023,59,35.85,20.2,22.783333,35.074997,15.01703,1.1502883,814.5,40.4
2023-03-01,2023,60,36.35,21.0,23.33889,35.75,13.878669,0.88211036,817.0,40.9
2023-03-02,2023,61,37.05,20.2,22.8,36.55,13.826176,1.1842858,820.0,41.9
2023-03-03,2023,62,38.3,21.55,23.988888,37.85,13.856016,1.5644603,778.25,43.0
2023-03-04,2023,63,38.65,22.5,25.333334,38.225,12.882217,1.3532281,812.75,43.5
2023-03-05,2023,64,37.35,24.5,25.927778,36.875,18.275574,2.2848747,781.0,42.1
2023-03-06,2023,65,36.4,22.4,24.08889,34.4625,19.055618,4.827035,668.0,37.0
2023-03-07,2023,66,35.05,20.95,23.011112,34.1125,23.181025,1.453929,771.25,39.6
2023-03-08,2023,67,36.0,21.15,22.816668,35.5375,15.093867,1.2404147,792.25,40.7
2023-03-09,2023,68,35.4,20.95,22.900002,35.05,14.921944,3.2988868,839.0,39.6
2023-03-10,2023,69,35.5,21.55,22.805555,35.1375,12.346619,1.8263507,852.25,40.4
2023-03-11,2023,70,36.05,21.0,22.433332,35.775,13.728743,1.7672389,849.5,41.2
2023-03-12,2023,71,37.35,20.9,23.650002,36.95,13.308839,1.471248,775.5,41.9
2023-03-13,2023,72,37.9,23.05,25.416666,37.6375,13.274504,2.0060668,728.0,42.2
2023-03-14,2023,73,37.8,22.0,24.827778,37.6625,12.009302,2.6871402,757.25,42.1
2023-03-15,2023,74,34.5,22.35,24.788889,33.775,18.786148,4.2394996,413.75,34.5
2023-03-16,2023,75,36.0,21.25,23.400002,35.35,20.56998,2.7415543,771.75,40.1
2023-03-17,2023,76,32.95,21.85,23.561111,30.725,38.87808,2.5213325,691.25,35.4
2023-03-18,2023,77,33.85,21.55,22.477777,33.0875,28.320435,2.896292,605.75,36.5
2023-03-19,2023,78,33.0,19.55,20.722221,32.2375,30.756723,1.2747821,773.25,38.2
2023-03-20,2023,79,32.65,19.8,21.63889,32.25,26.714983,3.8325584,827.25,36.4
2023-03-21,2023,80,33.5,20.75,22.427778,33.075,24.056213,1.9391735,774.5,38.3
2023-03-22,2023,81,32.65,20.75,22.594444,32.175003,33.60698,1.9175541,760.5,37.8
2023-03-23,2023,82,33.9,23.05,23.822222,33.4875,31.646265,2.4075599,787.0,38.9
2023-03-24,2023,83,33.5,22.4,23.238888,33.025,24.570356,4.8806267,864.75,36.8
2023-03-25,2023,84,32.6,20.7,22.216667,31.875,25.289871,2.6370559,875.5,37.3
2023-03-26,2023,85,33.75,20.05,22.105555,33.15,20.782505,2.2899387,878.0,38.8
2023-03-27,2023,86,35.15,19.95,21.961111,34.5875,16.397566,0.9434823,887.25,40.5
2023-03-28,2023,87,35.0,20.2,21.944445,34.6875,16.946321,0.9317671,880.75,40.6
2023-03-29,2023,88,36.0,22.2,24.011112,35.575,19.18151,1.8036339,873.75,41.6
2023-03-30,2023,89,32.4,22.8,24.75,29.7875,47.71457,3.5355172,644.75,33.4
2023-03-31,2023,90,33.25,20.25,22.072222,32.3875,27.950321,3.4675915,822.5,36.8
2023-04-01,2023,91,35.0,21.6,23.222221,34.4875,23.744637,2.8895862,852.25,39.8
2023-04-02,2023,92,35.2,22.55,23.86111,34.6,23.491474,2.495905,874.75,40.3
2023-04-03,2023,93,36.55,22.85,24.744444,35.725,20.84303,2.9177094,876.75,41.2
2023-04-04,2023,94,35.1,23.3,25.55,34.1875,34.79162,3.0324047,825.25,39.6
2023-04-05,2023,95,36.65,24.2,25.972221,36.0125,21.155888,2.4064014,858.5,41.7
2023-04-06,2023,96,37.35,23.8,25.633333,36.675,15.290886,1.5886511,879.75,42.5
2023-04-07,2023,97,36.7,25.35,26.972221,35.7125,17.084778,1.5597522,717.5,40.5
2023-04-08,2023,98,37.1,24.9,26.283333,36.9125,21.511616,1.327268,803.5,42.9
2023-04-09,2023,99,38.7,24.45,26.91111,38.325,15.305733,1.436533,799.75,43.8
2023-04-10,2023,100,39.5,25.9,28.283333,38.8,16.18257,1.205207,868.0,44.9
2023-04-11,2023,101,39.95,26.6,28.394445,39.5625,17.299913,3.121746,837.5,45.1
2023-04-12,2023,102,39.5,26.45,28.183332,38.775,17.895061,3.5614004,868.75,44.2
2023-04-13,2023,103,39.35,26.3,27.172222,38.962498,16.246717,3.4880512,791.5,43.9
2023-04-14,2023,104,39.8,25.35,27.194445,39.199997,16.858702,2.9806907,895.25,45.1
2023-04-15,2023,105,39.5,25.05,27.527779,38.85,18.969326,3.193502,882.25,44.7
2023-04-16,2023,106,39.55,24.8,27.105555,38.7625,16.523941,3.1155648,896.25,44.5
2023-04-17,2023,107,40.75,25.95,27.722221,39.875,15.881698,2.5714865,851.0,45.7
2023-04-18,2023,108,40.4,26.6,28.466667,40.050003,16.016418,3.8088813,817.0,45.2
2023-04-19,2023,109,40.2,27.6,29.5,39.9125,16.180607,4.429046,845.5,45.1
2023-04-20,2023,110,37.95,26.75,28.477776,37.6625,18.6558,4.679366,816.5,42.1
2023-04-21,2023,111,38.5,25.75,27.177778,38.0625,15.419666,2.2778542,869.5,43.8
2023-04-22,2023,112,38.9,26.75,27.755556,38.4125,13.751509,4.531864,830.75,42.9
2023-04-23,2023,113,40.35,25.55,27.05,39.6,10.045929,5.6857257,845.75,44.1
2023-04-24,2023,114,39.45,22.35,26.222221,39.225,7.3685937,3.9061656,882.75,43.8
2023-04-25,2023,115,40.0,23.55,26.722221,39.4625,9.863931,1.1781766,918.0,45.2
2023-04-26,2023,116,39.65,26.75,27.83889,38.55,17.56952,5.290745,736.0,42.5
2023-04-27,2023,117,38.25,24.75,27.099998,37.725,21.83876,3.112281,792.0,42.9
2023-04-28,2023,118,38.35,26.6,28.183332,37.925,22.324413,3.204846,827.5,43.4
2023-04-29,2023,119,34.2,24.6,26.466667,33.4125,34.758335,3.2869396,776.5,38.1
2023-04-30,2023,120,32.6,20.9,23.811111,31.55,44.835453,2.4334056,825.5,37.8
2023-05-01,2023,121,34.55,22.8,24.044443,34.025,31.53955,3.5588076,827.75,38.8
2023-05-02,2023,122,34.95,23.7,25.072222,34.2,36.625145,0.9877796,752.5,40.7
2023-05-03,2023,123,34.4,24.15,25.744444,33.575,36.51474,2.47114,446.0,36.6
2023-05-04,2023,124,37.45,24.85,27.205557,37.0875,26.465633,1.6527698,638.25,42.1
2023-05-05,2023,125,38.65,26.45,28.061111,38.225,25.430069,0.51975536,732.75,44.1
2023-05-06,2023,126,37.6,25.6,28.844444,35.225,33.07786,2.2530031,610.25,39.8
2023-05-07,2023,127,39.95,28.35,30.038889,39.475,24.15841,2.571188,783.0,45.4
2023-05-08,2023,128,40.15,27.95,29.522224,39.862503,19.439276,3.6683793,753.25,44.8
2023-05-09,2023,129,42.65,27.0,29.061113,41.975,15.596321,2.342214,827.75,48.0
2023-05-10,2023,130,43.25,27.35,28.783333,43.025,9.724158,3.8698082,909.0,48.8
2023-05-11,2023,131,43.1,27.15,28.855556,42.925,10.668315,4.1426435,906.75,48.7
2023-05-12,2023,132,43.6,28.2,29.894444,43.275,9.03155,3.9089158,912.0,49.0
2023-05-13,2023,133,43.7,28.5,30.32778,43.2875,12.956757,4.020164,895.25,49.4
2023-05-14,2023,134,42.7,28.3,30.17222,41.95,18.610334,4.743512,858.5,47.9
2023-05-15,2023,135,41.85,27.6,29.272224,40.8125,23.763426,5.219392,850.25,46.6
2023-05-16,2023,136,41.6,28.2,29.205557,39.65,29.62891,4.1612954,841.5,45.5
2023-05-17,2023,137,41.3,27.45,28.844444,39.925,24.933022,3.6729896,868.5,46.0
2023-05-18,2023,138,40.7,26.8,28.761112,39.5625,27.83138,3.9216762,824.75,45.3
2023-05-19,2023,139,41.95,28.5,30.161112,41.15,22.450682,2.6643097,867.0,47.8
2023-05-20,2023,140,42.1,28.75,30.405556,41.125,23.083572,3.0924356,850.75,47.5
2023-05-21,2023,141,41.65,28.6,30.199999,40.8375,22.579647,3.48588,836.25,46.9
2023-05-22,2023,142,41.45,27.25,29.166666,40.5,23.029028,4.047626,847.5,46.3
2023-05-23,2023,143,40.9,28.15,29.261112,39.7625,25.314405,4.0646296,883.25,45.7
2023-05-24,2023,144,42.55,27.95,29.733334,41.2625,23.136797,5.296124,848.5,47.1
2023-05-25,2023,145,41.6,28.35,29.805555,40.8,21.01691,6.870904,793.5,46.3
2023-05-26,2023,146,41.3,27.8,29.666666,39.675,29.802963,5.97694,812.0,45.0
2023-05-27,2023,147,42.3,28.5,29.900002,40.7625,27.264805,6.1702037,859.25,46.7
2023-05-28,2023,148,39.35,28.55,29.733334,38.475,34.98352,3.0442734,729.0,44.1
2023-05-29,2023,149,36.85,24.4,27.577778,35.925,36.943176,4.889785,697.0,39.7
2023-05-30,2023,150,37.7,25.1,26.872221,35.2,42.58088,4.7060227,756.0,39.6
2023-05-31,2023,151,39.9,26.5,28.3,39.3875,23.704414,5.3811054,839.75,44.6
2023-06-01,2023,152,41.65,26.05,28.666666,40.8875,19.921867,5.117134,871.25,46.6
2023-06-02,2023,153,40.65,28.35,29.722221,39.475,31.53789,4.5426188,810.5,45.0
2023-06-03,2023,154,39.35,29.05,30.305555,35.5,50.329468,3.177158,714.5,41.4
2023-06-04,2023,155,40.55,28.7,29.683332,39.525,30.783447,4.5263658,839.0,45.2
2023-06-05,2023,156,41.55,29.1,29.844444,40.15,31.343925,3.035478,768.25,46.3
2023-06-06,2023,157,41.6,28.95,29.761112,40.525,27.759794,3.288942,862.5,47.0
2023-06-07,2023,158,42.4,29.1,30.105556,41.35,25.416304,3.576285,857.5,47.8
2023-06-08,2023,159,41.5,30.35,30.816668,40.5125,28.714088,3.4153686,833.25,46.8
2023-06-09,2023,160,41.75,29.15,30.56111,40.55,26.805988,4.1168857,823.75,46.4
2023-06-10,2023,161,41.0,29.9,30.677778,40.3625,28.668953,5.0836244,814.0,45.9
2023-06-11,2023,162,39.3,29.05,29.772224,38.8375,34.24228,5.9022627,756.75,43.7
2023-06-12,2023,163,39.3,29.1,29.866665,38.125,34.47913,7.9766026,774.75,43.2
2023-06-13,2023,164,36.75,28.6,29.444445,35.8375,47.136486,8.580692,750.0,40.7
2023-06-14,2023,165,36.65,26.4,27.961111,36.0875,47.072884,8.104754,748.5,40.9
2023-06-15,2023,166,34.25,26.3,27.983334,33.0125,54.533043,9.899045,587.25,36.1
2023-06-16,2023,167,35.95,26.35,27.650002,32.9875,56.546806,10.822977,507.25,35.8
2023-06-17,2023,168,34.5,26.8,28.38889,32.6375,59.959396,6.7220325,522.75,35.4
2023-06-18,2023,169,36.55,27.65,28.466667,35.8125,44.405663,7.173971,592.25,39.1
2023-06-19,2023,170,37.55,27.2,28.605556,36.6375,44.276886,5.2393513,724.0,41.2
2023-06-20,2023,171,37.75,27.7,28.755554,37.15,37.447113,3.9002597,627.75,41.3
2023-06-21,2023,172,39.0,28.5,29.349998,38.2875,35.05991,3.7430258,776.0,43.8
2023-06-22,2023,173,38.5,28.5,29.433332,37.875,37.768517,3.5210087,785.25,43.6
2023-06-23,2023,174,38.75,29.2,30.088888,38.0125,36.48271,3.4757905,692.25,43.1
2023-06-24,2023,175,36.1,28.8,29.538889,35.649998,44.579388,3.3124251,446.0,39.0
2023-06-25,2023,176,35.75,26.45,27.477777,34.1875,55.42067,2.663014,644.75,40.2
2023-06-26,2023,177,31.05,25.95,26.755556,28.9,78.88335,3.1952791,286.75,32.2
2023-06-27,2023,178,29.85,26.0,26.233334,29.599998,75.93292,1.9082984,237.25,33.9
2023-06-28,2023,179,32.75,26.2,26.455557,29.9125,76.192245,2.0612364,330.0,35.0
2023-06-29,2023,180,29.35,25.55,26.016666,27.3875,85.74548,2.2629414,278.5,31.9
2023-06-30,2023,181,27.85,25.15,25.688889,27.4625,90.480156,3.4044871,189.25,30.3
2023-07-01,2023,182,29.75,24.4,25.116667,28.2375,85.408875,3.3892076,373.75,32.4
2023-07-02,2023,183,33.05,25.5,26.205557,32.2375,66.89113,2.1126018,602.25,39.1
2023-07-03,2023,184,33.85,26.35,27.16111,33.65,63.692745,1.4501309,766.25,42.4
2023-07-04,2023,185,33.8,27.0,27.8,32.475,69.774345,2.3304348,638.75,39.8
2023-07-05,2023,186,33.55,27.2,27.972221,32.75,67.40941,2.1330123,631.25,40.0
2023-07-06,2023,187,31.4,25.85,26.61111,30.0,77.926216,1.6097808,474.25,36.9
2023-07-07,2023,188,31.15,25.9,26.472221,31.0625,72.67159,0.96713054,376.25,37.5
2023-07-08,2023,189,32.1,25.9,26.394445,30.775,74.89322,3.5097904,519.5,35.9
2023-07-09,2023,190,30.15,25.6,26.3,29.4375,79.66591,3.6911573,434.0,33.7
2023-07-10,2023,191,31.0,25.05,25.466667,30.0875,78.48223,4.535783,549.5,34.6
2023-07-11,2023,192,32.25,25.85,26.305555,31.575,72.24201,4.0704107,490.75,36.0
2023-07-12,2023,193,32.7,26.05,26.561111,32.2375,69.913925,3.5353072,712.5,38.7
2023-07-13,2023,194,32.4,26.15,26.877777,31.4875,71.36088,2.87782,513.25,37.1
2023-07-14,2023,195,32.75,26.1,26.844444,32.5375,62.802578,2.663643,625.5,38.6
2023-07-15,2023,196,29.7,25.5,26.322222,29.25,79.59495,2.3181386,394.75,34.7
2023-07-16,2023,197,33.05,26.15,26.916666,32.025,66.001434,2.2833095,687.75,39.2
2023-07-17,2023,198,32.6,25.65,26.905556,32.475,66.734055,2.2178695,655.75,39.7
2023-07-18,2023,199,30.95,26.45,27.155556,29.8625,80.63327,2.3453066,327.0,35.1
2023-07-19,2023,200,31.05,25.95,26.333334,30.2125,79.07837,1.4546081,596.75,38.4
2023-07-20,2023,201,32.65,25.65,26.2,31.525002,74.92809,1.9596179,551.0,38.9
2023-07-21,2023,202,32.8,26.35,26.883333,31.8125,72.6646,2.6669924,562.75,38.3
2023-07-22,2023,203,31.25,26.55,26.994444,29.462502,78.48423,1.0651016,506.0,37.0
2023-07-23,2023,204,31.85,26.0,26.277779,29.8,81.96306,2.89226,507.75,35.9
2023-07-24,2023,205,31.35,26.0,26.455557,30.5,75.77677,4.110143,563.25,35.3
2023-07-25,2023,206,31.65,25.45,25.905556,30.85,73.73261,2.7561302,462.25,36.2
2023-07-26,2023,207,32.05,25.45,26.055555,31.125,71.90056,1.4067937,617.25,39.0
2023-07-27,2023,208,32.95,25.8,26.311111,32.2,68.1439,3.7492156,677.5,38.0
2023-07-28,2023,209,31.85,25.85,26.261112,31.45,68.00354,4.4839044,652.25,36.2
2023-07-29,2023,210,31.7,25.25,25.833334,30.7875,68.78317,5.2498465,650.25,34.8
2023-07-30,2023,211,31.4,25.05,25.816666,31.075,69.16247,5.0303545,546.25,34.7
2023-07-31,2023,212,31.3,25.1,25.91111,28.9,81.16092,3.209432,509.0,34.2
2023-08-01,2023,213,31.55,25.5,25.961111,31.1,70.150635,4.6430025,423.5,34.2
2023-08-02,2023,214,32.8,25.25,26.11111,32.2625,63.243866,5.915436,696.5,36.4
2023-08-03,2023,215,31.15,26.0,26.416666,30.875,66.164154,5.229878,416.0,33.0
2023-08-04,2023,216,31.65,25.1,26.133333,31.0,69.625244,4.796278,561.75,34.8
2023-08-05,2023,217,32.3,25.8,26.622223,32.15,63.03389,4.6419096,636.75,36.4
2023-08-06,2023,218,32.55,25.4,26.544443,31.8875,62.64637,5.950887,645.5,35.5
2023-08-07,2023,219,32.0,25.45,26.45,31.525,60.573166,6.8629403,608.75,34.3
2023-08-08,2023,220,32.0,25.95,26.711111,31.575,62.979088,6.1869025,590.5,34.6
2023-08-09,2023,221,31.9,25.2,26.327778,31.3875,64.46877,5.5851254,668.25,35.2
2023-08-10,2023,222,32.0,25.2,25.966667,31.0,67.44843,3.6117568,497.25,35.2
2023-08-11,2023,223,31.9,24.7,25.577778,31.5125,62.15878,3.6757567,765.5,37.2
2023-08-12,2023,224,31.7,25.15,25.788889,31.0,66.64546,4.5304193,665.25,35.5
2023-08-13,2023,225,32.25,25.15,26.344444,31.725,61.772064,5.7645903,645.5,35.2
2023-08-14,2023,226,32.5,25.6,26.761112,32.050003,61.398315,5.0251293,625.5,35.8
2023-08-15,2023,227,32.35,25.55,26.66111,32.1875,61.265575,4.299041,615.75,36.4
2023-08-16,2023,228,33.15,25.7,26.488888,32.575,57.282425,3.993823,763.5,37.9
2023-08-17,2023,229,32.3,25.15,26.227777,31.5,61.88701,4.5249887,594.25,35.2
2023-08-18,2023,230,32.85,24.8,25.7,32.0625,54.56816,3.7645926,705.25,36.8
2023-08-19,2023,231,33.3,24.85,26.016666,32.3625,55.6702,3.1566343,752.75,38.2
2023-08-20,2023,232,31.5,25.75,26.561111,30.8625,64.992096,3.984697,542.5,34.7
2023-08-21,2023,233,30.6,25.0,25.8,30.4125,67.88247,3.066562,427.0,34.4
2023-08-22,2023,234,32.8,25.5,26.366667,32.5,59.278103,4.4796715,691.5,37.1
2023-08-23,2023,235,32.85,26.1,26.827778,32.4875,55.515633,5.2877855,616.75,35.7
2023-08-24,2023,236,33.6,25.95,27.038889,32.7625,56.333954,6.0079255,697.5,36.5
2023-08-25,2023,237,34.25,25.2,26.705557,33.1875,53.98616,4.882021,760.25,37.7
2023-08-26,2023,238,33.65,25.3,26.38889,33.0125,52.72808,4.289863,767.0,37.8
2023-08-27,2023,239,34.0,24.8,25.877777,33.35,51.10721,4.4205284,787.75,38.2
2023-08-28,2023,240,34.7,24.75,25.744444,33.675,47.610462,4.659215,783.5,38.2
2023-08-29,2023,241,34.25,24.5,25.9,33.5875,49.779842,3.2231836,744.5,39.1
2023-08-30,2023,242,34.05,25.6,26.38889,33.425,51.71664,2.5734568,797.25,40.1
2023-08-31,2023,243,33.75,25.25,26.566668,33.35,52.972378,2.024044,790.25,40.6
2023-09-01,2023,244,34.8,25.2,26.738888,34.45,46.53356,1.1063503,806.25,42.1
2023-09-02,2023,245,34.85,26.4,26.983334,34.4,45.91475,1.7088367,776.75,41.4
2023-09-03,2023,246,34.35,26.7,27.41111,33.8625,50.78459,2.2130582,767.5,40.7
2023-09-04,2023,247,34.5,26.4,27.311111,33.6875,46.96664,2.369986,721.75,39.7
2023-09-05,2023,248,35.75,26.15,26.983334,35.1375,42.812794,2.783208,839.5,41.5
2023-09-06,2023,249,36.65,26.8,27.683332,35.5,45.628963,5.6364174,783.25,40.0
2023-09-07,2023,250,36.0,25.7,26.872223,35.525,49.104073,4.691278,691.5,40.1
2023-09-08,2023,251,36.3,25.75,26.58889,35.125,52.759304,3.1426315,719.0,41.2
2023-09-09,2023,252,36.55,26.55,27.233334,34.175,51.47721,4.2269716,530.75,37.7
2023-09-10,2023,253,35.25,25.9,26.8,34.3625,50.983734,4.674516,829.25,39.6
2023-09-11,2023,254,35.65,26.05,26.855555,34.737503,47.348625,4.6586423,777.0,39.5
2023-09-12,2023,255,34.9,25.65,26.533333,33.6625,49.909462,3.866806,678.25,38.2
2023-09-13,2023,256,33.9,26.5,27.205557,33.5625,51.433956,3.0102541,754.5,39.5
2023-09-14,2023,257,34.25,26.95,27.527779,33.8125,52.20659,2.4443479,728.0,40.2
2023-09-15,2023,258,32.45,26.7,27.466667,31.3875,65.399,4.019148,572.75,35.7
2023-09-16,2023,259,33.0,25.75,26.783333,32.4375,57.125954,6.4117837,317.75,33.4
2023-09-17,2023,260,27.95,24.7,25.183332,26.7,88.95909,7.0090294,209.5,26.3
2023-09-18,2023,261,26.4,24.7,25.105555,26.2,92.02482,5.029562,127.0,26.3
2023-09-19,2023,262,29.05,24.5,25.05,28.8875,75.52076,5.7874446,558.75,31.7
2023-09-20,2023,263,30.35,25.15,25.744444,28.425,84.9249,3.3768098,514.5,33.8
2023-09-21,2023,264,32.45,25.55,26.038889,32.0375,65.53006,1.7933589,737.75,40.0
2023-09-22,2023,265,32.2,25.4,26.272223,31.8625,65.8801,1.8079159,721.0,39.7
2023-09-23,2023,266,31.25,25.65,26.183332,31.0375,74.6876,1.1497142,556.75,39.0
2023-09-24,2023,267,30.5,24.65,25.622223,29.4,77.72518,1.5981916,448.75,35.9
2023-09-25,2023,268,31.0,24.05,25.416666,30.7875,72.13887,1.1042887,585.5,38.6
2023-09-26,2023,269,32.25,24.85,25.555555,31.7875,71.31543,0.9406615,708.75,40.8
2023-09-27,2023,270,31.65,25.6,26.08889,30.05,81.76268,1.4339305,387.5,37.0
2023-09-28,2023,271,33.1,24.85,25.616667,30.9625,75.191895,1.3559042,570.75,38.9
2023-09-29,2023,272,34.0,24.65,25.244444,33.65,59.595085,1.873472,727.75,41.3
2023-09-30,2023,273,35.6,23.1,24.900002,35.325,42.14656,3.1090958,742.0,40.7
2023-10-01,2023,274,35.7,23.75,24.83889,35.0625,45.333252,1.7069155,786.5,42.2
2023-10-02,2023,275,33.55,23.15,24.177778,33.15,50.279144,2.668851,792.5,39.5
2023-10-03,2023,276,33.55,22.45,24.144445,33.025,48.352066,2.4949217,791.5,39.4
2023-10-04,2023,277,33.2,21.7,23.122223,32.8,50.6013,2.8239253,788.5,38.9
2023-10-05,2023,278,33.0,21.0,22.311111,32.6125,51.169563,2.9453623,787.75,38.6
2023-10-06,2023,279,32.25,21.05,22.561111,31.7,57.61548,2.6796093,777.0,38.2
2023-10-07,2023,280,32.5,23.1,23.983334,32.15,58.909187,1.760721,754.5,39.7
2023-10-08,2023,281,33.35,23.4,24.316668,32.975,53.65887,1.782042,770.75,40.3
2023-10-09,2023,282,33.6,22.95,24.027779,32.9,56.623825,2.6048827,762.75,39.6
2023-10-10,2023,283,32.3,23.45,24.327778,31.8125,54.406006,1.8496535,767.75,38.9
2023-10-11,2023,284,33.85,22.65,24.155556,33.5375,45.225956,1.6233071,756.0,40.3
2023-10-12,2023,285,34.5,23.4,25.011112,34.175,41.15281,0.9084587,746.25,41.0
2023-10-13,2023,286,35.45,22.75,24.655556,35.2375,35.526367,1.2187519,735.75,41.6
2023-10-14,2023,287,35.3,24.05,25.594444,35.05,36.198727,1.9278842,690.75,40.6
2023-10-15,2023,288,33.3,24.75,26.5,32.2375,49.344215,1.6898685,637.0,38.1
2023-10-16,2023,289,34.0,23.6,24.038889,33.8125,40.21411,2.2583196,709.0,39.3
2023-10-17,2023,290,33.6,22.75,23.75,33.4125,37.5915,2.3657434,701.75,38.6
2023-10-18,2023,291,33.25,21.1,22.633333,33.0125,42.128906,1.5570648,661.25,38.8
2023-10-19,2023,292,33.9,22.8,24.166666,33.7,37.49044,1.8599675,710.5,39.4
2023-10-20,2023,293,35.15,22.3,23.566668,34.7,32.74369,1.6648378,713.0,40.4
2023-10-21,2023,294,34.5,21.75,22.905556,34.2375,34.8133,1.5830066,663.25,39.6
2023-10-22,2023,295,35.0,20.85,22.583334,34.5375,31.026308,1.4999841,716.75,40.2
2023-10-23,2023,296,34.0,22.4,23.805555,33.5125,36.85191,1.5220467,710.0,39.4
2023-10-24,2023,297,34.45,22.15,23.244444,34.05,31.356117,2.0159879,700.5,39.2
2023-10-25,2023,298,34.0,20.75,22.222221,33.3875,32.667225,0.7709002,718.0,39.3
2023-10-26,2023,299,34.45,20.35,22.233334,33.9375,29.28075,2.0446606,714.75,39.0
2023-10-27,2023,300,33.95,19.85,21.605555,33.45,28.59302,1.1615732,717.75,39.0
2023-10-28,2023,301,33.25,20.4,21.855555,32.7375,33.02645,0.33918017,683.75,38.3
2023-10-29,2023,302,34.55,21.1,22.55,34.175,27.525232,2.7454596,704.5,38.6
2023-10-30,2023,303,34.45,21.25,22.755556,34.275,27.086166,3.5208645,693.5,38.0
2023-10-31,2023,304,34.15,21.35,22.322222,33.9625,29.054432,3.8827634,681.75,37.4
2023-11-01,2023,305,34.05,20.9,22.077778,33.8,31.547548,2.7806058,671.0,38.1
2023-11-02,2023,306,33.75,21.2,22.344444,33.4875,31.654617,2.0794675,659.75,38.2
2023-11-03,2023,307,34.4,21.35,22.38889,34.075,26.178282,1.5291941,684.0,39.1
2023-11-04,2023,308,34.4,19.9,21.794443,33.95,26.882534,0.99364924,677.25,39.1
2023-11-05,2023,309,34.8,20.65,21.88889,34.5875,22.63891,3.0002594,680.5,38.5
2023-11-06,2023,310,34.15,19.85,21.216667,33.225,29.715069,1.6976972,554.75,37.3
2023-11-07,2023,311,34.15,19.6,20.955557,33.8875,25.310493,2.6240056,669.75,38.0
2023-11-08,2023,312,34.5,20.65,22.744444,34.2875,25.090744,2.4179006,665.75,38.6
2023-11-09,2023,313,34.65,20.05,21.561111,34.3875,25.112738,0.7847203,654.5,39.3
2023-11-10,2023,314,34.65,20.0,21.75,34.4625,27.991158,0.9490397,633.75,39.4
2023-11-11,2023,315,33.5,21.2,22.0,33.2875,23.017023,2.9406185,672.75,37.0
2023-11-12,2023,316,32.95,19.25,19.966667,32.550003,21.920065,2.898275,671.25,36.1
2023-11-13,2023,317,31.8,18.05,19.355555,31.525,29.290861,2.2603683,511.25,34.6
2023-11-14,2023,318,32.1,19.5,20.577778,31.8125,28.079329,2.016153,658.0,36.2
2023-11-15,2023,319,32.0,19.6,20.633333,31.65,29.154629,3.4586565,651.75,34.7
2023-11-16,2023,320,31.8,20.05,20.744444,31.5125,31.171606,3.3047905,646.5,34.8
2023-11-17,2023,321,31.35,19.85,20.566668,31.0375,33.951,3.1047494,641.0,34.5
2023-11-18,2023,322,31.2,18.9,19.994444,30.9,34.4263,0.97820306,637.25,36.1
2023-11-19,2023,323,32.5,19.25,21.027779,32.2125,33.51552,1.4161696,629.75,37.2
2023-11-20,2023,324,33.4,21.3,22.722221,33.112503,34.77201,1.6866629,597.25,37.8
2023-11-21,2023,325,32.8,22.2,23.027779,32.5625,32.771786,2.1709561,626.5,36.9
2023-11-22,2023,326,31.8,19.65,20.577778,31.55,27.693874,1.3651643,633.75,36.2
2023-11-23,2023,327,30.8,16.95,18.41111,30.599998,25.112892,1.1489389,640.0,35.2
2023-11-24,2023,328,32.45,18.15,19.8,31.9625,31.24939,4.3866587,620.25,34.2
2023-11-25,2023,329,32.55,20.8,22.461111,32.1125,34.0157,3.6518354,579.0,34.8
2023-11-26,2023,330,30.65,20.3,22.900002,27.125,66.36606,4.96197,407.0,28.0
2023-11-27,2023,331,26.75,19.35,20.544443,26.2625,59.333725,1.5803268,538.5,31.7
2023-11-28,2023,332,26.45,17.75,18.433332,26.225,57.835228,2.5185895,530.0,30.3
2023-11-29,2023,333,27.35,17.1,18.066668,27.0625,53.538795,2.5656967,594.0,31.4
2023-11-30,2023,334,28.25,17.1,18.3,27.8875,51.323807,2.34122,589.0,32.4
2023-12-01,2023,335,27.6,19.5,20.244444,26.5625,64.01854,3.1278214,441.0,29.4
2023-12-02,2023,336,28.3,20.45,21.405556,28.099998,57.835617,5.086348,548.0,29.7
2023-12-03,2023,337,28.35,20.75,21.477777,28.175,59.34359,3.2823124,449.5,30.9
2023-12-04,2023,338,27.85,19.7,20.527779,27.462502,56.994102,3.4750607,580.0,30.8
2023-12-05,2023,339,27.65,18.45,19.255556,27.275,52.68442,4.748241,595.25,29.1
2023-12-06,2023,340,27.45,17.55,18.86111,27.1875,54.792793,4.49886,554.25,29.0
2023-12-07,2023,341,27.8,18.75,19.672222,27.5,49.194786,3.6419532,573.75,30.1
2023-12-08,2023,342,28.25,17.85,18.805555,27.9125,47.87536,2.416304,593.25,32.2
2023-12-09,2023,343,28.5,16.2,17.86111,28.225,43.75788,1.8904538,598.25,32.9
2023-12-10,2023,344,28.75,16.45,17.644445,28.425,43.53713,1.6831911,601.25,33.4
2023-12-11,2023,345,28.65,16.2,17.527779,28.275,41.045906,0.64451003,604.5,33.8
2023-12-12,2023,346,28.55,15.6,17.427778,28.1625,39.201046,1.8635044,607.25,32.7
2023-12-13,2023,347,28.9,16.1,17.466667,28.5125,39.62375,3.3444319,593.0,31.3
2023-12-14,2023,348,29.5,17.05,18.63889,28.95,40.486717,2.6854131,593.75,32.6
2023-12-15,2023,349,30.4,17.85,19.261112,29.8875,35.105583,1.5790417,575.0,34.3
2023-12-16,2023,350,29.5,17.5,18.866667,29.175,34.361897,2.8286753,533.75,31.9
2023-12-17,2023,351,28.4,15.15,16.616667,28.025,34.48721,3.7761397,601.75,30.1
2023-12-18,2023,352,27.35,16.55,17.900002,27.1375,27.507322,5.791069,601.25,27.1
2023-12-19,2023,353,26.2,16.55,17.988888,25.85,32.820774,5.221351,576.25,25.9
2023-12-20,2023,354,26.15,16.95,18.494444,25.65,31.551315,4.1801143,528.5,26.2
2023-12-21,2023,355,27.75,17.15,18.505556,27.075,32.41107,4.2304583,544.25,28.0
2023-12-22,2023,356,28.8,17.25,18.327778,28.225,35.48112,2.838461,504.75,30.6
2023-12-23,2023,357,29.8,16.0,18.005556,29.125,32.978024,2.106284,601.25,33.1
2023-12-24,2023,358,30.15,17.55,18.494444,29.425,34.776814,3.1085322,603.5,32.4
2023-12-25,2023,359,30.1,16.65,17.55,29.4,36.679848,1.822545,607.25,33.9
2023-12-26,2023,360,30.25,16.0,17.327778,29.55,38.498417,0.6659778,610.0,34.9
2023-12-27,2023,361,29.85,15.7,17.622223,29.2875,38.084145,1.7705796,602.75,33.9
2023-12-28,2023,362,29.9,18.5,19.188889,29.3,41.050735,3.384915,571.0,32.0
2023-12-29,2023,363,29.7,17.9,18.983334,29.1125,42.45697,1.9295089,598.75,33.7
2023-12-30,2023,364,29.75,16.4,17.849998,29.2875,42.84144,1.8588848,603.25,34.1
2023-12-31,2023,365,28.9,15.95,17.75,28.3625,43.206413,1.3085084,606.0,33.7
2024-01-01,2024,1,28.25,15.45,16.711111,27.662498,43.63015,1.6324207,613.75,32.8
2024-01-02,2024,2,27.9,15.9,16.933332,27.2,49.02334,2.2705183,613.0,31.9
2024-01-03,2024,3,26.85,14.9,15.805555,26.325,43.419003,3.2309659,620.75,29.5
2024-01-04,2024,4,26.35,14.5,15.200001,25.725,41.67935,3.3575914,628.5,28.6
2024-01-05,2024,5,25.85,13.6,14.416667,25.175,47.460308,2.6110773,623.5,29.3
2024-01-06,2024,6,26.1,14.25,15.116667,25.35,43.60011,3.7703748,629.75,27.8
2024-01-07,2024,7,26.5,15.1,16.616667,25.725,52.038548,4.2786965,614.5,27.8
2024-01-08,2024,8,27.5,17.0,18.583334,26.6625,56.328415,2.957104,533.75,30.1
2024-01-09,2024,9,27.85,18.4,19.36111,27.35,49.279552,3.7247958,544.5,29.6
2024-01-10,2024,10,27.9,18.2,18.91111,27.25,52.85156,3.4255152,608.75,30.6
2024-01-11,2024,11,28.6,16.65,17.544443,28.0,49.65855,2.6710384,625.0,32.3
2024-01-12,2024,12,28.85,15.5,16.961111,28.175,50.102173,1.0685902,635.25,34.3
2024-01-13,2024,13,28.8,15.55,17.216667,28.3625,40.701744,2.803279,638.75,32.2
2024-01-14,2024,14,27.65,12.95,15.161111,27.1375,24.242733,3.031315,657.5,30.2
2024-01-15,2024,15,26.65,11.95,14.233334,25.7875,39.47941,0.8604196,661.5,31.8
2024-01-16,2024,16,26.5,12.4,14.311111,26.025,30.974514,1.5796283,668.0,31.1
2024-01-17,2024,17,26.45,12.7,14.722222,26.0375,42.47419,1.660713,651.5,31.4
2024-01-18,2024,18,27.65,13.9,15.566668,27.025,38.555458,1.8818266,659.75,32.0
2024-01-19,2024,19,27.25,15.35,16.216667,26.85,32.91869,2.917554,664.75,30.4
2024-01-20,2024,20,26.75,14.3,15.53889,26.3625,28.608906,2.8770866,674.5,29.9
2024-01-21,2024,21,26.7,14.05,15.377777,26.0125,29.823257,2.9184291,672.0,29.5
2024-01-22,2024,22,26.95,13.1,14.116667,26.3125,27.308151,1.9753535,682.0,31.0
2024-01-23,2024,23,27.25,12.5,14.894444,26.8625,25.043407,2.1727183,686.25,31.2
2024-01-24,2024,24,27.1,13.55,15.438889,26.7875,28.750502,1.8728579,687.75,31.6
2024-01-25,2024,25,27.45,12.55,14.75,26.837502,30.467373,2.3997345,693.5,31.2
2024-01-26,2024,26,27.9,13.55,15.111111,27.3875,29.819328,3.1746469,695.75,30.8
2024-01-27,2024,27,29.2,13.5,14.944445,28.45,28.821232,2.5354402,700.75,32.6
2024-01-28,2024,28,29.6,12.7,15.299999,28.9125,27.956085,1.3124834,699.25,34.2
2024-01-29,2024,29,27.9,13.95,16.127777,27.2375,35.782257,1.410866,688.0,32.8
2024-01-30,2024,30,29.05,14.1,17.2,28.425,34.17357,0.7743993,660.0,34.0
2024-01-31,2024,31,29.1,15.7,17.677778,28.525,36.490654,1.916796,659.25,33.3
2024-02-01,2024,32,29.0,18.7,19.772223,28.3,41.34729,1.904607,676.25,33.5
2024-02-02,2024,33,29.65,16.4,19.294443,29.1875,35.014114,1.3944638,697.75,34.7
2024-02-03,2024,34,31.9,16.6,18.55,31.25,30.89761,1.5831416,697.25,36.4
2024-02-04,2024,35,32.8,17.65,19.833334,32.325,31.386816,3.4815125,697.5,35.9
2024-02-05,2024,36,30.0,18.65,20.422222,29.6,44.30331,3.2698195,696.75,33.7
2024-02-06,2024,37,30.55,18.45,20.116667,29.925,40.67268,1.7859064,700.5,35.5
2024-02-07,2024,38,30.3,18.0,19.85,29.65,37.29696,2.7635615,676.0,33.8
2024-02-08,2024,39,28.0,18.7,19.955557,27.4375,29.196302,3.5991936,715.5,30.5
2024-02-09,2024,40,28.45,15.8,17.172222,27.775002,27.790092,1.7785778,740.5,33.1
2024-02-10,2024,41,29.45,15.5,16.933332,28.7,27.42458,2.8977032,746.0,32.8
2024-02-11,2024,42,29.5,16.35,17.5,28.8,29.0327,2.9197748,740.0,32.9
2024-02-12,2024,43,29.35,16.75,18.394445,28.5625,30.419891,1.2486802,724.5,34.2
2024-02-13,2024,44,29.6,17.7,19.75,29.175,31.437023,0.9951428,681.0,34.6
2024-02-14,2024,45,30.1,17.3,19.594444,29.4,29.426449,1.700937,757.25,34.9
2024-02-15,2024,46,31.95,19.0,20.261112,31.2875,30.696114,4.082943,756.0,34.6
2024-02-16,2024,47,33.9,20.25,21.805555,32.8125,28.040663,3.7588081,760.0,36.6
2024-02-17,2024,48,34.65,20.5,22.055555,33.85,27.987995,1.6416786,759.0,39.5
2024-02-18,2024,49,34.25,18.35,21.094444,33.575,19.061768,3.1244786,782.0,37.8
2024-02-19,2024,50,34.3,19.5,21.722221,33.475,20.448952,4.3978696,773.5,36.8
2024-02-20,2024,51,32.4,19.1,21.744444,31.150002,36.528233,2.768214,767.0,36.1
2024-02-21,2024,52,30.35,20.9,22.194445,29.475,37.884212,4.5507827,769.5,32.5
2024-02-22,2024,53,29.85,19.2,20.533333,29.225,32.902843,4.261495,729.0,32.0
2024-02-23,2024,54,29.8,16.4,18.777779,29.5,19.137215,2.5865374,807.25,34.2
2024-02-24,2024,55,30.6,15.85,18.099998,30.0875,10.4100685,3.35998,825.75,34.0
2024-02-25,2024,56,31.35,15.5,17.849998,30.7125,9.816969,3.512514,818.0,34.4
2024-02-26,2024,57,33.05,20.05,21.288889,31.212502,24.08863,4.1169453,711.25,34.0
2024-02-27,2024,58,34.7,20.05,21.972221,33.8125,28.78342,1.2812474,785.5,39.9
2024-02-28,2024,59,34.1,20.35,22.227777,33.225,25.855396,2.7360168,802.0,38.2
2024-02-29,2024,60,36.95,21.0,22.727777,35.9625,21.223671,1.3317037,798.5,41.7
2024-03-01,2024,61,36.9,21.35,23.61111,36.075,20.309639,4.6375637,801.75,40.1
2024-03-02,2024,62,30.05,21.1,22.55,28.1,57.06671,4.5189953,457.0,29.4
2024-03-03,2024,63,25.3,14.55,16.738888,24.4625,21.976849,3.645014,842.5,28.3
2024-03-04,2024,64,27.6,13.65,15.383333,26.85,21.709103,0.3029696,841.5,33.6
2024-03-05,2024,65,30.35,14.55,16.372223,29.4125,19.178059,1.4182756,853.0,35.4
2024-03-06,2024,66,31.8,15.35,17.594444,30.95,21.165756,1.9322109,827.75,36.4
2024-03-07,2024,67,32.25,16.35,19.033333,31.575,17.1329,0.97664046,836.25,37.3
2024-03-08,2024,68,32.5,16.65,19.3,32.0875,17.573929,2.2944682,839.5,37.2
2024-03-09,2024,69,32.35,17.25,20.366667,31.949999,16.160173,1.9938483,854.25,37.3
2024-03-10,2024,70,33.9,19.05,21.616667,33.275,21.833538,2.8830853,835.75,38.2
2024-03-11,2024,71,35.1,19.75,22.41111,34.7125,14.843439,2.756764,837.5,39.5
2024-03-12,2024,72,34.9,22.85,23.83889,34.5875,21.988783,3.4222267,842.5,39.3
2024-03-13,2024,73,34.35,20.4,22.11111,33.5125,23.626675,3.5923812,849.25,38.1
2024-03-14,2024,74,33.5,20.45,21.922222,32.975,19.381075,1.5616882,861.25,38.8
2024-03-15,2024,75,34.1,18.0,21.844444,33.4875,18.189533,0.6824021,861.5,39.4
2024-03-16,2024,76,35.1,19.3,21.972221,34.7875,17.691135,2.4579437,859.25,40.1
2024-03-17,2024,77,35.75,21.65,23.122223,35.2375,17.676683,2.7553332,860.5,40.5
2024-03-18,2024,78,36.15,21.6,23.755556,35.5,13.518851,2.138863,867.25,40.8
2024-03-19,2024,79,36.9,19.85,22.583334,36.55,11.292587,2.6790662,875.5,41.6
2024-03-20,2024,80,38.2,21.05,23.561111,37.6625,12.015859,2.9775677,880.25,42.8
2024-03-21,2024,81,37.95,22.2,23.722221,37.5,11.411754,0.7131934,835.0,42.5
2024-03-22,2024,82,38.25,20.5,24.622223,37.625,10.734497,2.4773502,887.75,42.9
2024-03-23,2024,83,38.5,21.8,24.733334,37.8,17.284864,2.322945,866.75,43.6
2024-03-24,2024,84,37.3,24.2,26.205557,36.7875,19.398787,2.7003107,862.0,42.4
2024-03-25,2024,85,38.8,23.1,25.122223,37.9625,22.016008,0.78566146,860.0,44.5
2024-03-26,2024,86,40.0,23.65,26.58889,39.4125,19.775192,1.1311024,860.5,45.9
2024-03-27,2024,87,40.75,25.75,28.033333,40.225,18.477856,1.927469,859.75,46.6
2024-03-28,2024,88,40.35,26.55,28.67222,39.7875,20.532162,2.9557276,834.75,45.7
2024-03-29,2024,89,39.8,25.8,27.261112,39.1875,17.55665,3.5559776,867.25,44.7
2024-03-30,2024,90,37.9,25.55,26.733334,37.3125,16.138943,4.131507,877.0,42.2
2024-03-31,2024,91,37.1,23.8,25.755556,36.2625,17.708153,2.7342277,889.25,41.8
2024-04-01,2024,92,38.05,23.8,25.594444,37.55,17.275541,3.5838342,820.0,42.4
2024-04-02,2024,93,37.45,23.3,25.444445,37.1375,14.924362,2.9539871,677.75,41.0
2024-04-03,2024,94,37.25,23.8,26.627777,36.775,17.166056,3.472167,845.0,41.7
2024-04-04,2024,95,37.45,25.4,27.205557,36.75,20.677883,2.7270885,667.25,41.0
2024-04-05,2024,96,37.5,24.7,26.95,36.9625,16.3919,5.382163,789.25,40.8
2024-04-06,2024,97,37.9,26.65,28.461111,37.4125,14.969784,4.1705847,885.5,42.2
2024-04-07,2024,98,38.75,24.25,26.400002,38.0625,13.896848,2.172758,901.75,43.9
2024-04-08,2024,99,40.05,24.65,27.099998,39.7125,11.796055,2.6430252,902.0,45.4
2024-04-09,2024,100,40.95,23.45,26.516666,40.5125,12.5085745,1.0318708,894.75,46.5
2024-04-10,2024,101,39.95,25.6,28.527779,39.5875,13.287116,0.9482098,661.75,43.9
2024-04-11,2024,102,40.5,25.6,29.005554,39.725,17.231485,2.6644893,828.25,45.5
2024-04-12,2024,103,38.9,25.7,27.522223,38.2875,20.466177,3.003136,881.5,44.2
2024-04-13,2024,104,38.65,23.2,25.433332,37.8125,24.667433,2.0606627,868.0,44.3
2024-04-14,2024,105,39.45,26.95,28.13889,39.0375,27.392075,1.5123154,770.5,45.5
2024-04-15,2024,106,40.75,27.05,29.094444,39.375,24.00019,1.281611,864.25,46.3
2024-04-16,2024,107,41.25,27.5,29.333334,40.7875,15.511442,3.0066438,883.75,46.8
2024-04-17,2024,108,42.9,27.55,30.372223,42.375,14.054768,1.9853412,886.0,48.8
2024-04-18,2024,109,41.6,28.45,30.31111,40.975,15.937761,3.9579613,878.0,46.7
2024-04-19,2024,110,39.7,27.45,29.266666,38.8375,22.273209,4.5361114,856.75,44.1
2024-04-20,2024,111,37.9,25.7,27.883333,37.237503,19.545818,4.096255,895.0,42.4
2024-04-21,2024,112,38.25,25.55,27.322222,37.675,21.375334,3.5365074,855.5,43.0
2024-04-22,2024,113,38.5,25.4,27.3,38.0,16.760866,3.705075,898.0,43.4
2024-04-23,2024,114,39.4,24.65,26.877777,38.9,18.114359,2.5910454,894.25,45.1
2024-04-24,2024,115,40.9,26.15,27.827778,40.2125,16.826527,1.197535,886.75,46.7
2024-04-25,2024,116,40.8,27.05,29.333334,40.025,20.979338,2.347213,873.5,46.6
2024-04-26,2024,117,40.3,25.6,29.227776,39.525,14.799842,2.9333997,885.25,45.3
2024-04-27,2024,118,39.75,27.65,29.305555,39.6,14.738776,3.7842066,791.5,44.4
2024-04-28,2024,119,40.8,28.6,29.605556,40.5,10.410454,3.7691839,900.5,45.8
2024-04-29,2024,120,40.7,28.45,29.794443,40.125,15.127218,4.4977827,892.25,45.6
2024-04-30,2024,121,40.55,26.4,28.711111,40.2125,10.479214,4.460313,909.5,45.4
2024-05-01,2024,122,40.8,25.35,27.7,40.4125,6.309044,4.6482124,937.5,45.2
2024-05-02,2024,123,40.3,24.5,27.011112,39.625,7.8368106,0.6889243,851.5,44.3
2024-05-03,2024,124,42.05,25.8,28.305555,41.5125,9.17412,2.3305264,903.25,47.3
2024-05-04,2024,125,41.4,29.0,30.272224,41.0125,21.148024,5.5500517,854.75,46.7
2024-05-05,2024,126,39.5,29.95,31.716667,38.8,25.770863,5.2475023,721.5,43.1
2024-05-06,2024,127,41.0,27.1,29.483334,40.3375,20.580399,3.532271,889.25,46.5
2024-05-07,2024,128,43.05,27.6,29.86111,42.125,20.686386,1.044922,836.75,48.9
2024-05-08,2024,129,42.65,28.65,30.666666,41.95,20.201591,3.2002223,841.0,48.2
2024-05-09,2024,130,42.35,28.85,31.283333,41.8,20.36716,3.0174322,827.75,48.0
2024-05-10,2024,131,42.15,28.85,31.033333,41.275,22.852318,2.6097722,865.25,48.0
2024-05-11,2024,132,40.95,28.75,31.06111,39.65,30.286856,1.1369252,736.5,46.3
2024-05-12,2024,133,41.7,29.1,31.116665,40.725,25.826853,1.580795,739.75,47.1
2024-05-13,2024,134,39.45,29.15,30.927778,36.3125,36.71216,4.021046,522.0,39.4
2024-05-14,2024,135,39.95,27.45,30.31111,38.4,24.546848,2.4257882,790.75,44.2
2024-05-15,2024,136,41.0,27.35,30.272224,40.7125,17.603592,4.67743,787.5,45.8
2024-05-16,2024,137,42.65,29.4,30.949999,42.0375,17.744356,2.327285,771.0,47.9
2024-05-17,2024,138,45.0,30.75,31.838888,44.4625,13.348647,3.8547404,837.5,50.4
2024-05-18,2024,139,45.4,29.25,30.983334,44.825,12.986848,3.7616558,833.25,50.8
2024-05-19,2024,140,45.45,31.45,33.716667,44.8125,11.396809,5.225111,882.5,51.0
2024-05-20,2024,141,44.65,31.4,33.72222,43.875,13.502648,5.1970177,878.0,50.0
2024-05-21,2024,142,45.15,30.8,33.02778,43.85,15.827196,3.891241,863.25,50.1
2024-05-22,2024,143,45.9,30.35,32.988888,44.7875,16.88884,3.2074447,821.75,51.2
2024-05-23,2024,144,46.45,31.0,33.433334,45.662502,12.346504,5.8619537,889.25,52.3
2024-05-24,2024,145,45.75,30.4,33.43889,44.6625,16.959421,5.446843,879.0,51.4
2024-05-25,2024,146,44.55,29.15,31.472221,43.3125,21.943779,5.118557,872.0,49.9
2024-05-26,2024,147,43.9,30.85,32.477776,42.775,25.531069,5.1404157,866.75,49.4
2024-05-27,2024,148,44.3,29.35,31.57778,42.7,25.681858,5.0263,868.75,49.3
2024-05-28,2024,149,44.15,29.05,31.133335,42.2625,27.88627,5.9292054,869.25,48.9
2024-05-29,2024,150,42.9,29.0,30.777779,41.125,31.041084,6.289875,863.5,47.4
2024-05-30,2024,151,42.45,28.4,30.105556,40.9875,28.464169,4.125801,881.75,47.4
2024-05-31,2024,152,41.85,29.25,30.527779,40.5375,28.096453,4.3738613,878.75,46.7
2024-06-01,2024,153,41.9,29.5,30.733334,40.4625,26.167963,4.5627766,872.5,46.4
2024-06-02,2024,154,41.6,29.4,30.411112,40.3,26.488314,2.5851579,870.5,47.1
2024-06-03,2024,155,41.3,29.25,30.744446,40.925,30.265911,3.0596948,799.5,47.4
2024-06-04,2024,156,40.9,29.65,31.538889,40.1875,30.959274,3.0048828,805.75,46.6
2024-06-05,2024,157,41.3,29.1,30.855556,40.225,26.31093,3.6812286,870.0,46.4
2024-06-06,2024,158,41.55,28.6,30.67222,40.625,27.39624,2.2037861,841.75,47.6
2024-06-07,2024,159,41.6,29.6,31.522224,40.8,29.304409,3.1124897,856.0,47.5
2024-06-08,2024,160,40.9,29.55,31.666666,39.925003,31.556866,3.1242342,848.75,46.5
2024-06-09,2024,161,42.2,30.45,31.838888,41.1875,28.73339,3.0538788,823.25,47.8
2024-06-10,2024,162,40.85,30.0,31.711111,39.7375,30.601934,3.6586845,689.5,44.8
2024-06-11,2024,163,41.25,28.95,31.07778,40.175,29.16782,3.4946332,829.25,46.3
2024-06-12,2024,164,40.75,28.15,30.022224,39.4,32.0019,3.208592,793.0,45.4
2024-06-13,2024,165,41.2,28.7,29.916666,39.8625,25.79801,3.9898758,817.0,45.5
2024-06-14,2024,166,40.65,29.4,30.18889,39.8375,25.55634,4.582308,807.5,45.2
2024-06-15,2024,167,39.9,29.45,29.961111,39.175,27.867928,3.6284554,814.0,44.8
2024-06-16,2024,168,41.0,29.9,30.594444,40.225,28.707455,3.552839,828.75,46.3
2024-06-17,2024,169,40.9,29.95,30.722221,39.987503,31.36067,2.9779716,824.25,46.5
2024-06-18,2024,170,40.0,30.65,31.277779,38.5,38.59657,4.7663436,774.25,43.8
2024-06-19,2024,171,40.45,29.95,30.911112,39.05,36.083866,5.273298,673.5,43.6
2024-06-20,2024,172,41.85,29.85,31.255554,40.2,30.54451,4.950627,831.5,45.9
2024-06-21,2024,173,41.25,29.7,30.88889,40.225,33.731056,3.8727787,821.25,46.4
2024-06-22,2024,174,40.2,30.05,30.92222,39.6125,35.566223,3.3243797,801.5,45.9
2024-06-23,2024,175,41.65,30.4,31.06111,40.6,33.12879,1.82728,668.25,46.9
2024-06-24,2024,176,40.0,29.8,31.322222,37.875,45.240414,2.2250195,662.75,44.4
2024-06-25,2024,177,35.1,27.1,28.594444,33.7875,60.016518,1.4626201,585.25,40.8
2024-06-26,2024,178,37.25,28.5,29.31111,36.7,50.403114,2.71413,741.25,43.6
2024-06-27,2024,179,35.05,28.5,29.06111,34.1125,59.15503,4.792029,528.75,38.0
2024-06-28,2024,180,32.45,27.6,28.188889,31.0375,72.39772,5.2543216,530.5,34.7
2024-06-29,2024,181,31.55,26.75,27.311111,30.2375,77.131836,5.0694513,323.0,32.6
2024-06-30,2024,182,31.15,26.45,27.027779,29.7,82.2736,4.677431,461.25,33.7
2024-07-01,2024,183,28.55,25.8,26.072222,27.875,88.36367,5.667056,160.75,28.5
2024-07-02,2024,184,29.4,25.45,25.977777,28.875,84.19982,3.6459036,309.5,32.5
2024-07-03,2024,185,33.55,26.45,27.177778,33.1875,65.58171,4.8184104,633.25,38.1
2024-07-04,2024,186,33.35,27.55,28.044443,32.9,63.572186,3.290421,655.0,38.8
2024-07-05,2024,187,30.6,26.0,26.7,30.25,76.82855,3.58027,328.75,33.9
2024-07-06,2024,188,32.8,26.25,27.13889,32.5625,66.03267,3.558657,406.75,36.6
2024-07-07,2024,189,33.25,26.9,27.816668,32.9125,62.463726,3.8684213,626.25,38.0
2024-07-08,2024,190,33.2,26.55,27.488888,32.3375,65.57818,0.9651151,651.25,40.4
2024-07-09,2024,191,32.65,26.9,27.63889,32.25,71.766464,0.5402845,590.0,40.8
2024-07-10,2024,192,32.65,25.95,26.633333,32.375,63.860065,3.9876175,555.25,36.8
2024-07-11,2024,193,32.85,27.15,27.505556,32.1625,67.92852,2.6858966,670.5,39.0
2024-07-12,2024,194,32.7,26.05,27.38889,31.237501,72.81422,4.3590565,533.75,35.7
2024-07-13,2024,195,33.05,25.75,26.438889,32.4125,68.50591,3.8569183,719.0,38.6
2024-07-14,2024,196,33.1,26.75,27.533333,32.4,67.62509,2.1249318,655.75,39.8
2024-07-15,2024,197,30.7,26.7,27.283333,28.875,83.97771,2.269895,258.75,33.6
2024-07-16,2024,198,32.75,25.6,26.227777,32.2125,72.29226,1.1120156,627.0,40.8
2024-07-17,2024,199,32.75,26.55,27.061111,32.3125,66.571075,3.9114392,631.75,37.6
2024-07-18,2024,200,33.6,26.6,27.305555,32.7875,64.88077,3.1888406,648.5,38.8
2024-07-19,2024,201,31.65,26.9,27.116667,30.4875,76.99906,5.114071,552.5,34.6
2024-07-20,2024,202,32.4,26.4,26.883333,31.725,70.061485,4.275229,605.5,36.6
2024-07-21,2024,203,33.05,26.2,27.144445,32.5,65.42436,2.7898324,677.75,39.1
2024-07-22,2024,204,30.75,26.7,27.166666,30.1125,79.824905,3.3440309,451.5,35.2
2024-07-23,2024,205,31.7,26.45,26.633333,31.0125,70.08697,4.5208406,537.5,34.9
2024-07-24,2024,206,29.3,26.1,26.3,28.7625,84.8907,4.065606,349.75,32.2
2024-07-25,2024,207,30.4,25.9,26.033333,30.2375,71.88621,5.070881,469.25,33.1
2024-07-26,2024,208,31.05,25.8,26.3,30.275,77.54883,3.8259761,450.5,34.7
2024-07-27,2024,209,30.3,26.0,26.427778,29.4625,77.00987,4.2214937,405.75,32.7
2024-07-28,2024,210,31.4,25.75,26.155556,30.5,76.655594,3.0538473,420.75,35.5
2024-07-29,2024,211,28.1,25.9,26.227777,26.9375,93.046745,6.1551504,141.5,27.0
2024-07-30,2024,212,31.5,25.9,26.127777,30.9625,71.807236,3.9587004,527.0,35.4
2024-07-31,2024,213,32.4,25.35,26.305555,31.85,65.50045,4.5384707,721.0,36.9
2024-08-01,2024,214,30.8,25.95,26.472221,28.8625,81.74658,3.430806,304.5,32.3
2024-08-02,2024,215,29.05,25.65,26.005556,28.1875,82.75347,4.351332,221.0,29.8
2024-08-03,2024,216,29.0,25.5,25.783333,28.162498,85.0762,4.559873,336.5,30.8
2024-08-04,2024,217,30.05,25.8,26.033333,29.3875,77.27373,3.6694074,343.5,32.7
2024-08-05,2024,218,29.3,25.55,25.955557,28.3875,80.22522,4.018288,283.25,30.7
2024-08-06,2024,219,31.3,25.45,26.233334,30.55,68.94146,5.3312693,612.5,34.2
2024-08-07,2024,220,31.65,25.25,26.205557,30.7,66.78825,4.5723953,711.25,35.4
2024-08-08,2024,221,31.05,24.65,25.577778,30.324999,70.25705,3.6906087,649.25,35.5
2024-08-09,2024,222,29.85,25.0,25.483334,29.0625,75.59457,3.6955464,514.5,33.3
2024-08-10,2024,223,29.6,25.5,25.766666,28.2625,84.51564,3.9348636,298.25,31.2
2024-08-11,2024,224,29.0,25.05,25.533333,28.425,78.74653,5.0827293,395.75,30.6
2024-08-12,2024,225,30.5,24.95,25.36111,29.2375,80.99738,3.4525867,518.5,34.4
2024-08-13,2024,226,31.05,25.65,25.977777,29.6875,74.604996,2.2326093,383.0,34.7
2024-08-14,2024,227,31.35,25.95,26.322222,30.875,72.209435,2.5750923,472.5,36.4
2024-08-15,2024,228,31.05,25.6,26.222221,30.412498,72.41177,3.1262739,499.0,35.4
2024-08-16,2024,229,31.65,25.75,26.316668,30.8,69.066055,3.6370184,606.0,35.8
2024-08-17,2024,230,32.25,25.25,26.016668,31.375,65.897575,3.2664044,736.25,37.6
2024-08-18,2024,231,32.65,25.65,26.461111,31.9375,64.34052,2.6439161,755.25,39.0
2024-08-19,2024,232,32.55,25.95,26.972221,32.25,65.35651,2.1745348,734.0,39.8
2024-08-20,2024,233,31.05,26.35,27.372221,29.0125,80.06128,2.6889777,476.75,34.6
2024-08-21,2024,234,31.85,26.15,26.599998,31.1625,70.78383,1.9016968,602.25,38.3
2024-08-22,2024,235,32.0,26.3,26.772223,30.975,73.51653,1.6053197,554.25,38.3
2024-08-23,2024,236,30.55,26.1,26.827778,30.2,83.27127,1.4188201,468.75,38.0
2024-08-24,2024,237,26.9,25.35,25.95,26.55,91.42603,2.78259,164.0,29.6
2024-08-25,2024,238,29.6,24.65,24.988888,28.625,82.48064,4.583115,320.75,31.1
2024-08-26,2024,239,29.25,25.0,25.077778,28.1625,86.12619,7.2682753,386.75,29.8
2024-08-27,2024,240,26.3,24.45,24.933332,25.7625,91.05182,8.777754,160.25,23.9
2024-08-28,2024,241,29.55,25.0,25.438889,28.7625,75.84778,7.3183303,398.0,29.9
2024-08-29,2024,242,31.05,25.45,25.655556,30.325,70.42136,7.4053316,610.5,33.4
2024-08-30,2024,243,30.45,25.1,25.327778,30.175001,71.39112,5.2130027,566.5,33.6
2024-08-31,2024,244,32.2,24.2,25.205557,31.7,59.860638,2.0845208,749.0,38.8
2024-09-01,2024,245,32.05,24.85,25.833334,31.75,63.575653,2.8387952,752.0,38.4
2024-09-02,2024,246,30.75,25.75,26.41111,29.725,79.37956,3.8171978,511.25,34.5
2024-09-03,2024,247,29.05,24.95,25.25,28.65,80.245255,2.2921214,451.75,34.4
2024-09-04,2024,248,29.35,24.05,24.877777,28.9625,75.78211,4.705265,474.0,32.0
2024-09-05,2024,249,30.5,24.9,25.344444,29.0625,77.36103,4.0153227,563.0,33.5
2024-09-06,2024,250,30.8,24.25,24.877777,29.9875,72.42988,4.3406434,573.5,34.1
2024-09-07,2024,251,31.2,24.55,25.144445,30.9625,65.61756,3.3780642,743.75,36.9
2024-09-08,2024,252,30.9,24.95,25.58889,29.225,76.99695,2.330917,518.0,35.3
2024-09-09,2024,253,31.7,25.15,25.461111,31.45,69.68308,3.4512894,753.75,38.0
2024-09-10,2024,254,31.4,25.2,25.63889,30.7875,70.248604,3.3972344,660.25,36.5
2024-09-11,2024,255,30.6,24.45,25.244444,30.1625,72.87844,3.342854,482.25,34.7
2024-09-12,2024,256,31.95,25.2,25.755556,31.4,62.721256,4.0722604,674.0,36.1
2024-09-13,2024,257,31.1,24.4,25.16111,30.725,59.174843,4.096826,784.0,35.7
2024-09-14,2024,258,30.45,22.85,24.027779,30.2375,65.43243,3.4039798,759.75,36.1
2024-09-15,2024,259,30.75,22.9,23.88889,30.212502,64.48866,3.705553,741.5,35.6
2024-09-16,2024,260,31.2,22.4,23.883333,30.775002,57.89992,2.837572,728.25,36.6
2024-09-17,2024,261,31.25,23.25,24.383333,30.8125,62.249268,2.0512073,769.25,38.2
2024-09-18,2024,262,32.1,24.65,25.488888,31.599998,60.62552,3.254093,718.0,37.3
2024-09-19,2024,263,32.6,24.0,25.561111,32.2125,62.089542,3.2424982,784.0,38.7
2024-09-20,2024,264,32.9,24.55,25.88889,32.5125,61.63599,3.3558693,749.75,38.7
2024-09-21,2024,265,31.75,25.5,26.555555,31.65,64.65959,2.303242,621.0,38.0
2024-09-22,2024,266,33.05,25.55,26.605555,32.5875,63.97842,2.3910143,749.75,40.0
2024-09-23,2024,267,33.55,26.25,27.294443,33.275,59.44567,3.5816324,752.75,39.3
2024-09-24,2024,268,33.5,25.75,27.072222,33.2375,64.70993,2.8194542,755.75,40.5
2024-09-25,2024,269,32.95,26.35,27.255556,32.6875,67.97932,2.1724339,675.0,40.3
2024-09-26,2024,270,31.5,25.55,26.15,30.925,73.8238,1.5282555,317.25,36.5
2024-09-27,2024,271,30.2,25.0,25.527779,29.25,81.6585,1.05253,356.5,35.9
2024-09-28,2024,272,30.05,24.95,25.472221,29.5875,76.82602,2.1556206,433.0,35.3
2024-09-29,2024,273,29.7,24.7,25.099998,28.9375,82.30755,1.8476076,359.25,34.8
2024-09-30,2024,274,32.0,24.1,25.205557,31.575,73.35758,1.7606734,648.75,39.7
2024-10-01,2024,275,33.4,25.65,26.433332,33.2125,62.98503,2.5937011,713.5,40.3
2024-10-02,2024,276,33.45,25.8,26.733332,33.2625,62.20511,2.773919,734.75,40.2
2024-10-03,2024,277,32.45,24.9,26.027779,31.925,61.06898,2.30076,622.75,38.0
2024-10-04,2024,278,31.65,24.5,25.461111,31.275,64.60413,3.2131672,635.0,36.7
2024-10-05,2024,279,31.85,23.95,24.766666,31.575,61.14631,2.4128969,736.5,38.3
2024-10-06,2024,280,32.2,23.0,24.194445,31.8875,58.72219,1.750375,722.5,39.1
2024-10-07,2024,281,34.4,23.75,24.688889,34.025,47.588684,2.7662091,763.75,40.0
2024-10-08,2024,282,34.4,23.85,24.733334,34.2,47.056297,2.7774675,725.75,39.9
2024-10-09,2024,283,34.25,22.95,24.83889,34.025,45.25561,2.5645158,709.5,39.6
2024-10-10,2024,284,29.35,26.05,26.627777,25.5625,81.451904,3.1989331,149.25,26.6
2024-10-11,2024,285,30.6,25.4,26.11111,30.3875,61.90015,3.789463,343.5,32.5
2024-10-12,2024,286,31.8,24.5,25.344444,29.8875,70.35808,3.4861913,568.5,34.6
2024-10-13,2024,287,31.35,24.55,25.36111,31.1875,69.417496,2.1889129,660.0,38.3
2024-10-14,2024,288,31.35,24.4,25.383333,31.1375,64.21152,3.0109305,494.25,35.6
2024-10-15,2024,289,32.9,24.9,25.61111,32.7375,61.66948,2.0570185,687.0,39.9
2024-10-16,2024,290,33.0,25.1,26.327778,32.75,62.47623,1.8154155,660.25,40.0
2024-10-17,2024,291,33.6,24.65,25.794443,33.2125,48.032433,1.6542616,720.0,39.8
2024-10-18,2024,292,33.75,24.55,25.772223,33.45,52.825455,2.727688,705.75,39.4
2024-10-19,2024,293,32.35,24.75,25.522223,32.262497,66.348465,1.9902902,646.5,39.5
2024-10-20,2024,294,31.85,24.4,25.033333,31.55,60.826447,1.8370264,669.75,38.4
2024-10-21,2024,295,30.9,24.65,25.261112,30.4,68.98073,1.6796272,559.5,37.1
2024-10-22,2024,296,32.35,22.4,23.655556,32.0,59.637814,1.2515497,668.0,39.3
2024-10-23,2024,297,33.35,23.75,24.761112,33.075,50.30881,2.2697551,656.5,38.8
2024-10-24,2024,298,33.75,23.15,23.955557,33.4625,40.782368,2.211591,711.75,39.0
2024-10-25,2024,299,33.6,21.05,22.505556,33.1875,40.621037,2.748201,712.0,38.2
2024-10-26,2024,300,34.25,19.8,21.905556,33.8875,41.13559,0.9758744,709.5,40.4
2024-10-27,2024,301,35.7,20.85,22.816668,35.0875,35.894234,1.1719435,703.25,41.2
2024-10-28,2024,302,35.95,21.45,23.41111,35.5,34.429905,0.5220622,700.5,41.6
2024-10-29,2024,303,36.8,23.55,25.122223,36.2375,30.985353,2.3982391,696.5,41.4
2024-10-30,2024,304,36.3,22.05,25.133333,36.0125,26.870579,1.5399287,696.0,41.4
2024-10-31,2024,305,35.9,22.1,24.155556,35.6375,29.981152,2.1447155,689.75,40.8
2024-11-01,2024,306,35.8,21.75,23.494444,35.6125,25.15694,1.1155488,692.75,40.9
2024-11-02,2024,307,34.75,20.0,22.866667,34.3625,26.030445,1.1087472,693.5,39.6
2024-11-03,2024,308,34.95,20.25,22.977777,34.7,28.708689,1.8182437,680.25,39.8
2024-11-04,2024,309,34.9,21.8,23.538887,34.65,29.452557,2.1868005,674.75,39.4
2024-11-05,2024,310,34.95,21.8,23.127777,34.5,30.02449,2.6910558,674.0,38.9
2024-11-06,2024,311,34.45,21.95,23.527779,34.0625,32.33159,2.156101,668.25,38.9
2024-11-07,2024,312,34.35,21.85,23.41111,33.9125,34.966717,1.1575751,664.75,39.5
2024-11-08,2024,313,34.3,21.65,23.083334,33.9375,34.266743,1.6543291,663.5,39.2
2024-11-09,2024,314,34.15,21.7,23.25,33.6125,35.381252,1.5282228,656.75,39.0
2024-11-10,2024,315,34.25,21.4,22.422222,33.875,30.098797,2.2639594,659.25,38.4
2024-11-11,2024,316,33.45,20.35,22.477777,33.1125,31.40474,1.8064526,657.75,38.0
2024-11-12,2024,317,33.4,20.05,22.616667,32.9375,33.58926,2.2679462,651.25,37.5
2024-11-13,2024,318,33.1,22.55,25.238888,32.8625,29.410519,2.4327166,649.25,37.0
2024-11-14,2024,319,32.95,21.85,24.644445,32.7125,24.703117,2.7054296,654.0,36.4
2024-11-15,2024,320,32.6,20.85,24.0,32.25,25.819403,1.9625418,652.75,36.6
2024-11-16,2024,321,32.55,21.75,24.527779,32.3125,22.518167,1.837578,650.25,36.5
2024-11-17,2024,322,32.75,21.4,23.977777,32.45,23.295588,2.2449298,648.25,36.4
2024-11-18,2024,323,32.05,21.0,23.627777,31.6375,27.116034,1.8904479,641.75,36.0
2024-11-19,2024,324,31.4,20.6,23.261112,31.0,29.556898,1.5816963,633.0,35.6
2024-11-20,2024,325,30.7,20.4,22.566668,30.275,29.74998,1.8498547,633.75,34.6
2024-11-21,2024,326,29.95,18.95,21.533333,29.6,24.273006,1.7971994,645.25,33.8
2024-11-22,2024,327,29.25,17.55,20.55,28.875,27.39936,2.1737185,645.5,32.9
2024-11-23,2024,328,29.7,17.75,20.311111,29.25,30.229319,1.4675293,635.0,33.9
2024-11-24,2024,329,30.1,18.0,20.772223,29.625,32.493153,1.6502895,629.0,34.2
2024-11-25,2024,330,30.0,18.95,21.36111,29.650002,29.801834,2.8177183,625.75,33.0
2024-11-26,2024,331,30.45,18.35,21.305555,30.0125,23.974308,2.1906939,631.25,33.8
2024-11-27,2024,332,30.45,18.7,21.816668,29.962502,22.610603,1.8321002,627.5,34.0
2024-11-28,2024,333,30.4,18.95,22.183332,29.9625,26.974834,2.127799,622.0,33.8
2024-11-29,2024,334,28.65,19.25,21.116667,28.275,29.15326,2.9028456,620.0,31.3
2024-11-30,2024,335,27.9,17.45,19.955557,27.3625,27.84061,3.0463736,629.0,30.3
2024-12-01,2024,336,28.15,16.85,19.88889,27.5375,26.940632,2.9425538,629.75,30.5
2024-12-02,2024,337,29.3,17.2,20.105555,28.6,29.550846,2.7919364,623.5,31.8
2024-12-03,2024,338,31.05,20.3,22.222221,30.1875,33.234367,2.2362309,592.25,34.0
2024-12-04,2024,339,31.3,21.25,23.805555,30.6125,34.90398,2.1967688,598.75,34.6
2024-12-05,2024,340,31.3,21.2,23.277779,30.6625,35.18931,1.4463145,589.75,35.3
2024-12-06,2024,341,30.25,19.1,21.683332,29.775,25.612303,1.6164134,611.5,33.9
2024-12-07,2024,342,28.85,17.75,20.477777,28.475,26.221874,1.9804406,616.75,32.4
2024-12-08,2024,343,28.5,17.6,20.055555,28.2375,15.821493,2.620413,631.25,31.3
2024-12-09,2024,344,26.7,15.1,17.788889,26.0125,12.201905,2.3569942,638.75,29.6
2024-12-10,2024,345,25.4,14.6,17.166666,24.575,22.67761,3.099614,628.5,27.3
2024-12-11,2024,346,26.6,14.85,17.35,25.75,26.22253,2.5421069,620.5,29.2
2024-12-12,2024,347,26.9,15.05,17.13889,26.1875,28.326082,1.8121428,616.25,30.5
2024-12-13,2024,348,25.7,15.05,17.444445,24.9,19.739801,3.5912077,625.75,26.8
2024-12-14,2024,349,26.3,14.25,17.072224,25.325,22.583313,2.9313543,628.75,28.2
2024-12-15,2024,350,27.85,14.6,17.683332,26.5625,24.388716,2.0644708,627.5,30.5
2024-12-16,2024,351,28.6,15.15,18.25,27.400002,23.195242,1.1850376,627.0,32.0
2024-12-17,2024,352,28.4,14.95,17.877777,27.425,26.162777,1.4018116,614.5,31.9
2024-12-18,2024,353,29.1,16.15,18.483334,28.1,29.455421,0.95341265,613.75,32.9
2024-12-19,2024,354,28.9,16.15,18.816666,28.0625,30.768192,0.5092179,606.75,33.0
2024-12-20,2024,355,27.35,16.05,18.63889,26.85,29.879349,1.7329262,609.75,31.2
2024-12-21,2024,356,29.6,16.9,18.988888,28.6625,33.692097,1.8348315,604.5,33.0
2024-12-22,2024,357,27.65,19.0,20.738888,27.3125,46.208546,2.6842713,496.5,30.3
2024-12-23,2024,358,26.35,18.1,19.683332,25.962502,34.274677,2.2271447,600.0,29.8
2024-12-24,2024,359,25.9,14.65,17.172222,25.425,28.468153,1.7567751,622.5,29.9
2024-12-25,2024,360,28.2,16.8,18.594444,27.25,45.885307,1.518642,593.5,32.4
2024-12-26,2024,361,29.5,19.6,21.011112,28.6125,47.925907,1.0943823,547.0,33.9
2024-12-27,2024,362,28.2,20.7,21.5,27.875,50.723778,1.5845174,554.75,32.9
2024-12-28,2024,363,26.7,17.65,19.38889,26.0125,45.599483,1.3003178,610.5,31.6
2024-12-29,2024,364,27.0,16.95,18.355555,26.2375,48.6521,2.4084253,605.5,30.6
2024-12-30,2024,365,27.0,15.65,17.900002,26.0,45.29883,2.0996735,608.5,30.6
2024-12-31,2024,366,28.3,15.85,18.08889,27.3125,41.074318,0.8138232,620.75,33.0
