year,day_of_year,utci_normal,night_temp_normal
1995,1,30.77,16.46
1995,2,30.75,16.4
1995,3,30.7,16.36
1995,4,30.73,16.36
1995,5,30.74,16.36
1995,6,30.76,16.34
1995,7,30.8,16.33
1995,8,30.86,16.35
1995,9,30.98,16.35
1995,10,30.96,16.36
1995,11,30.98,16.37
1995,12,31.02,16.34
1995,13,31.05,16.29
1995,14,31.04,16.23
1995,15,31.09,16.14
1995,16,31.18,16.07
1995,17,31.14,16.05
1995,18,31.15,16.03
1995,19,31.17,16.01
1995,20,31.21,16.02
1995,21,31.2,16.03
1995,22,31.19,16.02
1995,23,31.24,16.02
1995,24,31.29,16.05
1995,25,31.45,16.08
1995,26,31.52,16.13
1995,27,31.56,16.22
1995,28,31.63,16.27
1995,29,31.75,16.31
1995,30,31.9,16.35
1995,31,32.01,16.42
1995,32,32.22,16.47
1995,33,32.37,16.53
1995,34,32.43,16.61
1995,35,32.48,16.68
1995,36,32.58,16.73
1995,37,32.7,16.84
1995,38,32.85,16.94
1995,39,32.98,17.07
1995,40,33.12,17.2
1995,41,33.3,17.31
1995,42,33.47,17.42
1995,43,33.66,17.58
1995,44,33.88,17.71
1995,45,34.11,17.87
1995,46,34.34,18.04
1995,47,34.51,18.24
1995,48,34.67,18.43
1995,49,34.91,18.6
1995,50,35.19,18.77
1995,51,35.47,18.95
1995,52,35.73,19.12
1995,53,35.97,19.3
1995,54,36.21,19.45
1995,55,36.41,19.62
1995,56,36.62,19.77
1995,57,36.82,19.92
1995,58,37.0,20.01
1995,59,37.11,20.13
1995,60,37.2,20.25
1995,61,37.29,20.35
1995,62,37.42,20.44
1995,63,37.61,20.55
1995,64,37.74,20.7
1995,65,37.85,20.88
1995,66,37.95,21.05
1995,67,38.07,21.17
1995,68,38.2,21.27
1995,69,38.37,21.4
1995,70,38.54,21.52
1995,71,38.72,21.66
1995,72,38.89,21.82
1995,73,39.06,22.01
1995,74,39.28,22.2
1995,75,39.49,22.38
1995,76,39.72,22.58
1995,77,39.88,22.78
1995,78,40.06,22.95
1995,79,40.29,23.06
1995,80,40.51,23.19
1995,81,40.72,23.32
1995,82,40.89,23.45
1995,83,41.06,23.55
1995,84,41.19,23.68
1995,85,41.33,23.8
1995,86,41.47,23.88
1995,87,41.69,23.97
1995,88,41.9,24.07
1995,89,42.12,24.2
1995,90,42.29,24.34
1995,91,42.4,24.44
1995,92,42.51,24.5
1995,93,42.63,24.57
1995,94,42.74,24.64
1995,95,42.86,24.69
1995,96,42.95,24.75
1995,97,43.05,24.86
1995,98,43.11,24.97
1995,99,43.19,25.06
1995,100,43.27,25.15
1995,101,43.34,25.25
1995,102,43.39,25.35
1995,103,43.43,25.45
1995,104,43.44,25.54
1995,105,43.5,25.62
1995,106,43.65,25.73
1995,107,43.83,25.89
1995,108,43.99,26.04
1995,109,44.12,26.19
1995,110,44.25,26.33
1995,111,44.39,26.48
1995,112,44.52,26.61
1995,113,44.66,26.73
1995,114,44.8,26.83
1995,115,44.93,26.95
1995,116,45.04,27.07
1995,117,45.14,27.16
1995,118,45.26,27.28
1995,119,45.36,27.38
1995,120,45.43,27.46
1995,121,45.46,27.53
1995,122,45.45,27.6
1995,123,45.48,27.68
1995,124,45.4,27.74
1995,125,45.32,27.77
1995,126,45.26,27.79
1995,127,45.18,27.84
1995,128,45.14,27.91
1995,129,45.08,27.97
1995,130,45.03,28.03
1995,131,44.97,28.11
1995,132,44.87,28.19
1995,133,44.75,28.22
1995,134,44.59,28.28
1995,135,44.49,28.34
1995,136,44.44,28.39
1995,137,44.41,28.43
1995,138,44.35,28.45
1995,139,44.38,28.47
1995,140,44.42,28.55
1995,141,44.41,28.63
1995,142,44.42,28.69
1995,143,44.4,28.74
1995,144,44.39,28.79
1995,145,44.32,28.84
1995,146,44.23,28.86
1995,147,44.16,28.88
1995,148,44.15,28.92
1995,149,44.18,28.93
1995,150,44.17,28.96
1995,151,44.09,29.0
1995,152,44.0,29.03
1995,153,43.87,29.06
1995,154,43.74,29.1
1995,155,43.56,29.12
1995,156,43.42,29.12
1995,157,43.26,29.13
1995,158,43.12,29.15
1995,159,42.95,29.15
1995,160,42.8,29.12
1995,161,42.61,29.09
1995,162,42.44,29.08
1995,163,42.2,29.07
1995,164,41.87,29.03
1995,165,41.5,28.97
1995,166,41.26,28.91
1995,167,40.98,28.86
1995,168,40.6,28.83
1995,169,40.27,28.78
1995,170,39.98,28.72
1995,171,39.68,28.65
1995,172,39.34,28.57
1995,173,39.01,28.44
1995,174,38.76,28.34
1995,175,38.5,28.26
1995,176,38.22,28.17
1995,177,37.88,28.06
1995,178,37.66,27.96
1995,179,37.52,27.89
1995,180,37.38,27.82
1995,181,37.17,27.75
1995,182,36.99,27.67
1995,183,36.88,27.59
1995,184,36.75,27.52
1995,185,36.55,27.45
1995,186,36.36,27.39
1995,187,36.21,27.34
1995,188,36.05,27.3
1995,189,35.79,27.23
1995,190,35.55,27.17
1995,191,35.46,27.14
1995,192,35.4,27.13
1995,193,35.21,27.1
1995,194,35.01,27.05
1995,195,34.83,27.0
1995,196,34.72,26.94
1995,197,34.61,26.88
1995,198,34.57,26.84
1995,199,34.47,26.79
1995,200,34.44,26.77
1995,201,34.38,26.73
1995,202,34.2,26.68
1995,203,34.03,26.62
1995,204,33.98,26.56
1995,205,33.98,26.52
1995,206,33.88,26.48
1995,207,33.74,26.42
1995,208,33.68,26.37
1995,209,33.66,26.34
1995,210,33.66,26.3
1995,211,33.56,26.26
1995,212,33.41,26.2
1995,213,33.25,26.15
1995,214,33.19,26.11
1995,215,33.08,26.05
1995,216,33.0,26.0
1995,217,33.06,25.97
1995,218,33.13,25.97
1995,219,33.09,25.99
1995,220,33.04,25.98
1995,221,33.0,25.96
1995,222,33.1,25.94
1995,223,33.23,25.94
1995,224,33.28,25.93
1995,225,33.36,25.95
1995,226,33.41,25.96
1995,227,33.62,25.97
1995,228,33.83,25.98
1995,229,33.95,25.99
1995,230,34.08,25.99
1995,231,34.2,26.0
1995,232,34.3,25.99
1995,233,34.36,25.97
1995,234,34.49,25.93
1995,235,34.57,25.91
1995,236,34.7,25.9
1995,237,34.79,25.89
1995,238,34.84,25.88
1995,239,34.89,25.88
1995,240,34.97,25.86
1995,241,35.14,25.86
1995,242,35.18,25.86
1995,243,35.19,25.85
1995,244,35.33,25.82
1995,245,35.42,25.8
1995,246,35.53,25.77
1995,247,35.65,25.74
1995,248,35.78,25.74
1995,249,35.93,25.75
1995,250,36.15,25.75
1995,251,36.33,25.75
1995,252,36.45,25.75
1995,253,36.56,25.74
1995,254,36.7,25.73
1995,255,36.8,25.72
1995,256,36.88,25.7
1995,257,37.01,25.71
1995,258,37.21,25.72
1995,259,37.33,25.76
1995,260,37.45,25.8
1995,261,37.59,25.83
1995,262,37.72,25.86
1995,263,37.92,25.9
1995,264,38.11,25.92
1995,265,38.25,25.96
1995,266,38.43,26.0
1995,267,38.62,26.02
1995,268,38.83,26.03
1995,269,38.99,26.04
1995,270,39.19,26.03
1995,271,39.34,26.01
1995,272,39.46,25.95
1995,273,39.54,25.88
1995,274,39.6,25.83
1995,275,39.67,25.77
1995,276,39.74,25.72
1995,277,39.83,25.67
1995,278,39.9,25.6
1995,279,39.93,25.51
1995,280,39.93,25.4
1995,281,39.88,25.25
1995,282,39.83,25.09
1995,283,39.77,24.93
1995,284,39.76,24.77
1995,285,39.72,24.57
1995,286,39.68,24.39
1995,287,39.66,24.21
1995,288,39.64,24.04
1995,289,39.6,23.88
1995,290,39.51,23.71
1995,291,39.44,23.53
1995,292,39.35,23.32
1995,293,39.25,23.11
1995,294,39.15,22.93
1995,295,39.08,22.78
1995,296,39.03,22.66
1995,297,38.97,22.57
1995,298,38.88,22.45
1995,299,38.82,22.38
1995,300,38.74,22.36
1995,301,38.67,22.34
1995,302,38.58,22.33
1995,303,38.47,22.28
1995,304,38.38,22.2
1995,305,38.32,22.14
1995,306,38.25,22.06
1995,307,38.15,22.01
1995,308,37.96,21.96
1995,309,37.77,21.87
1995,310,37.61,21.73
1995,311,37.46,21.59
1995,312,37.33,21.46
1995,313,37.22,21.35
1995,314,37.07,21.22
1995,315,36.89,21.06
1995,316,36.69,20.92
1995,317,36.52,20.75
1995,318,36.34,20.58
1995,319,36.18,20.39
1995,320,36.03,20.21
1995,321,35.89,20.08
1995,322,35.75,19.94
1995,323,35.69,19.76
1995,324,35.58,19.59
1995,325,35.43,19.47
1995,326,35.22,19.36
1995,327,35.02,19.22
1995,328,34.76,19.06
1995,329,34.51,18.92
1995,330,34.34,18.79
1995,331,34.2,18.65
1995,332,34.06,18.54
1995,333,33.97,18.46
1995,334,33.89,18.4
1995,335,33.8,18.34
1995,336,33.68,18.24
1995,337,33.54,18.1
1995,338,33.38,18.0
1995,339,33.24,17.92
1995,340,33.12,17.83
1995,341,33.06,17.74
1995,342,32.98,17.69
1995,343,32.98,17.66
1995,344,32.99,17.63
1995,345,32.98,17.59
1995,346,32.94,17.56
1995,347,32.82,17.52
1995,348,32.68,17.49
1995,349,32.56,17.45
1995,350,32.46,17.4
1995,351,32.33,17.32
1995,352,32.26,17.31
1995,353,32.19,17.29
1995,354,32.11,17.24
1995,355,32.05,17.2
1995,356,32.0,17.15
1995,357,31.96,17.08
1995,358,31.82,17.01
1995,359,31.59,16.91
1995,360,31.42,16.81
1995,361,31.27,16.71
1995,362,31.19,16.61
1995,363,31.12,16.54
1995,364,31.02,16.49
1995,365,30.89,16.48
1995,366,30.77,16.46
1996,1,30.77,16.46
1996,2,30.75,16.4
1996,3,30.7,16.36
1996,4,30.73,16.36
1996,5,30.74,16.36
1996,6,30.76,16.34
1996,7,30.8,16.33
1996,8,30.86,16.35
1996,9,30.98,16.35
1996,10,30.96,16.36
1996,11,30.98,16.37
1996,12,31.02,16.34
1996,13,31.05,16.29
1996,14,31.04,16.23
1996,15,31.09,16.14
1996,16,31.18,16.07
1996,17,31.14,16.05
1996,18,31.15,16.03
1996,19,31.17,16.01
1996,20,31.21,16.02
1996,21,31.2,16.03
1996,22,31.19,16.02
1996,23,31.24,16.02
1996,24,31.29,16.05
1996,25,31.45,16.08
1996,26,31.52,16.13
1996,27,31.56,16.22
1996,28,31.63,16.27
1996,29,31.75,16.31
1996,30,31.9,16.35
1996,31,32.01,16.42
1996,32,32.22,16.47
1996,33,32.37,16.53
1996,34,32.43,16.61
1996,35,32.48,16.68
1996,36,32.58,16.73
1996,37,32.7,16.84
1996,38,32.85,16.94
1996,39,32.98,17.07
1996,40,33.12,17.2
1996,41,33.3,17.31
1996,42,33.47,17.42
1996,43,33.66,17.58
1996,44,33.88,17.71
1996,45,34.11,17.87
1996,46,34.34,18.04
1996,47,34.51,18.24
1996,48,34.67,18.43
1996,49,34.91,18.6
1996,50,35.19,18.77
1996,51,35.47,18.95
1996,52,35.73,19.12
1996,53,35.97,19.3
1996,54,36.21,19.45
1996,55,36.41,19.62
1996,56,36.62,19.77
1996,57,36.82,19.92
1996,58,37.0,20.01
1996,59,37.11,20.13
1996,60,37.2,20.25
1996,61,37.29,20.35
1996,62,37.42,20.44
1996,63,37.61,20.55
1996,64,37.74,20.7
1996,65,37.85,20.88
1996,66,37.95,21.05
1996,67,38.07,21.17
1996,68,38.2,21.27
1996,69,38.37,21.4
1996,70,38.54,21.52
1996,71,38.72,21.66
1996,72,38.89,21.82
1996,73,39.06,22.01
1996,74,39.28,22.2
1996,75,39.49,22.38
1996,76,39.72,22.58
1996,77,39.88,22.78
1996,78,40.06,22.95
1996,79,40.29,23.06
1996,80,40.51,23.19
1996,81,40.72,23.32
1996,82,40.89,23.45
1996,83,41.06,23.55
1996,84,41.19,23.68
1996,85,41.33,23.8
1996,86,41.47,23.88
1996,87,41.69,23.97
1996,88,41.9,24.07
1996,89,42.12,24.2
1996,90,42.29,24.34
1996,91,42.4,24.44
1996,92,42.51,24.5
1996,93,42.63,24.57
1996,94,42.74,24.64
1996,95,42.86,24.69
1996,96,42.95,24.75
1996,97,43.05,24.86
1996,98,43.11,24.97
1996,99,43.19,25.06
1996,100,43.27,25.15
1996,101,43.34,25.25
1996,102,43.39,25.35
1996,103,43.43,25.45
1996,104,43.44,25.54
1996,105,43.5,25.62
1996,106,43.65,25.73
1996,107,43.83,25.89
1996,108,43.99,26.04
1996,109,44.12,26.19
1996,110,44.25,26.33
1996,111,44.39,26.48
1996,112,44.52,26.61
1996,113,44.66,26.73
1996,114,44.8,26.83
1996,115,44.93,26.95
1996,116,45.04,27.07
1996,117,45.14,27.16
1996,118,45.26,27.28
1996,119,45.36,27.38
1996,120,45.43,27.46
1996,121,45.46,27.53
1996,122,45.45,27.6
1996,123,45.48,27.68
1996,124,45.4,27.74
1996,125,45.32,27.77
1996,126,45.26,27.79
1996,127,45.18,27.84
1996,128,45.14,27.91
1996,129,45.08,27.97
1996,130,45.03,28.03
1996,131,44.97,28.11
1996,132,44.87,28.19
1996,133,44.75,28.22
1996,134,44.59,28.28
1996,135,44.49,28.34
1996,136,44.44,28.39
1996,137,44.41,28.43
1996,138,44.35,28.45
1996,139,44.38,28.47
1996,140,44.42,28.55
1996,141,44.41,28.63
1996,142,44.42,28.69
1996,143,44.4,28.74
1996,144,44.39,28.79
1996,145,44.32,28.84
1996,146,44.23,28.86
1996,147,44.16,28.88
1996,148,44.15,28.92
1996,149,44.18,28.93
1996,150,44.17,28.96
1996,151,44.09,29.0
1996,152,44.0,29.03
1996,153,43.87,29.06
1996,154,43.74,29.1
1996,155,43.56,29.12
1996,156,43.42,29.12
1996,157,43.26,29.13
1996,158,43.12,29.15
1996,159,42.95,29.15
1996,160,42.8,29.12
1996,161,42.61,29.09
1996,162,42.44,29.08
1996,163,42.2,29.07
1996,164,41.87,29.03
1996,165,41.5,28.97
1996,166,41.26,28.91
1996,167,40.98,28.86
1996,168,40.6,28.83
1996,169,40.27,28.78
1996,170,39.98,28.72
1996,171,39.68,28.65
1996,172,39.34,28.57
1996,173,39.01,28.44
1996,174,38.76,28.34
1996,175,38.5,28.26
1996,176,38.22,28.17
1996,177,37.88,28.06
1996,178,37.66,27.96
1996,179,37.52,27.89
1996,180,37.38,27.82
1996,181,37.17,27.75
1996,182,36.99,27.67
1996,183,36.88,27.59
1996,184,36.75,27.52
1996,185,36.55,27.45
1996,186,36.36,27.39
1996,187,36.21,27.34
1996,188,36.05,27.3
1996,189,35.79,27.23
1996,190,35.55,27.17
1996,191,35.46,27.14
1996,192,35.4,27.13
1996,193,35.21,27.1
1996,194,35.01,27.05
1996,195,34.83,27.0
1996,196,34.72,26.94
1996,197,34.61,26.88
1996,198,34.57,26.84
1996,199,34.47,26.79
1996,200,34.44,26.77
1996,201,34.38,26.73
1996,202,34.2,26.68
1996,203,34.03,26.62
1996,204,33.98,26.56
1996,205,33.98,26.52
1996,206,33.88,26.48
1996,207,33.74,26.42
1996,208,33.68,26.37
1996,209,33.66,26.34
1996,210,33.66,26.3
1996,211,33.56,26.26
1996,212,33.41,26.2
1996,213,33.25,26.15
1996,214,33.19,26.11
1996,215,33.08,26.05
1996,216,33.0,26.0
1996,217,33.06,25.97
1996,218,33.13,25.97
1996,219,33.09,25.99
1996,220,33.04,25.98
1996,221,33.0,25.96
1996,222,33.1,25.94
1996,223,33.23,25.94
1996,224,33.28,25.93
1996,225,33.36,25.95
1996,226,33.41,25.96
1996,227,33.62,25.97
1996,228,33.83,25.98
1996,229,33.95,25.99
1996,230,34.08,25.99
1996,231,34.2,26.0
1996,232,34.3,25.99
1996,233,34.36,25.97
1996,234,34.49,25.93
1996,235,34.57,25.91
1996,236,34.7,25.9
1996,237,34.79,25.89
1996,238,34.84,25.88
1996,239,34.89,25.88
1996,240,34.97,25.86
1996,241,35.14,25.86
1996,242,35.18,25.86
1996,243,35.19,25.85
1996,244,35.33,25.82
1996,245,35.42,25.8
1996,246,35.53,25.77
1996,247,35.65,25.74
1996,248,35.78,25.74
1996,249,35.93,25.75
1996,250,36.15,25.75
1996,251,36.33,25.75
1996,252,36.45,25.75
1996,253,36.56,25.74
1996,254,36.7,25.73
1996,255,36.8,25.72
1996,256,36.88,25.7
1996,257,37.01,25.71
1996,258,37.21,25.72
1996,259,37.33,25.76
1996,260,37.45,25.8
1996,261,37.59,25.83
1996,262,37.72,25.86
1996,263,37.92,25.9
1996,264,38.11,25.92
1996,265,38.25,25.96
1996,266,38.43,26.0
1996,267,38.62,26.02
1996,268,38.83,26.03
1996,269,38.99,26.04
1996,270,39.19,26.03
1996,271,39.34,26.01
1996,272,39.46,25.95
1996,273,39.54,25.88
1996,274,39.6,25.83
1996,275,39.67,25.77
1996,276,39.74,25.72
1996,277,39.83,25.67
1996,278,39.9,25.6
1996,279,39.93,25.51
1996,280,39.93,25.4
1996,281,39.88,25.25
1996,282,39.83,25.09
1996,283,39.77,24.93
1996,284,39.76,24.77
1996,285,39.72,24.57
1996,286,39.68,24.39
1996,287,39.66,24.21
1996,288,39.64,24.04
1996,289,39.6,23.88
1996,290,39.51,23.71
1996,291,39.44,23.53
1996,292,39.35,23.32
1996,293,39.25,23.11
1996,294,39.15,22.93
1996,295,39.08,22.78
1996,296,39.03,22.66
1996,297,38.97,22.57
1996,298,38.88,22.45
1996,299,38.82,22.38
1996,300,38.74,22.36
1996,301,38.67,22.34
1996,302,38.58,22.33
1996,303,38.47,22.28
1996,304,38.38,22.2
1996,305,38.32,22.14
1996,306,38.25,22.06
1996,307,38.15,22.01
1996,308,37.96,21.96
1996,309,37.77,21.87
1996,310,37.61,21.73
1996,311,37.46,21.59
1996,312,37.33,21.46
1996,313,37.22,21.35
1996,314,37.07,21.22
1996,315,36.89,21.06
1996,316,36.69,20.92
1996,317,36.52,20.75
1996,318,36.34,20.58
1996,319,36.18,20.39
1996,320,36.03,20.21
1996,321,35.89,20.08
1996,322,35.75,19.94
1996,323,35.69,19.76
1996,324,35.58,19.59
1996,325,35.43,19.47
1996,326,35.22,19.36
1996,327,35.02,19.22
1996,328,34.76,19.06
1996,329,34.51,18.92
1996,330,34.34,18.79
1996,331,34.2,18.65
1996,332,34.06,18.54
1996,333,33.97,18.46
1996,334,33.89,18.4
1996,335,33.8,18.34
1996,336,33.68,18.24
1996,337,33.54,18.1
1996,338,33.38,18.0
1996,339,33.24,17.92
1996,340,33.12,17.83
1996,341,33.06,17.74
1996,342,32.98,17.69
1996,343,32.98,17.66
1996,344,32.99,17.63
1996,345,32.98,17.59
1996,346,32.94,17.56
1996,347,32.82,17.52
1996,348,32.68,17.49
1996,349,32.56,17.45
1996,350,32.46,17.4
1996,351,32.33,17.32
1996,352,32.26,17.31
1996,353,32.19,17.29
1996,354,32.11,17.24
1996,355,32.05,17.2
1996,356,32.0,17.15
1996,357,31.96,17.08
1996,358,31.82,17.01
1996,359,31.59,16.91
1996,360,31.42,16.81
1996,361,31.27,16.71
1996,362,31.19,16.61
1996,363,31.12,16.54
1996,364,31.02,16.49
1996,365,30.89,16.48
1996,366,30.77,16.46
1997,1,30.77,16.46
1997,2,30.75,16.4
1997,3,30.7,16.36
1997,4,30.73,16.36
1997,5,30.74,16.36
1997,6,30.76,16.34
1997,7,30.8,16.33
1997,8,30.86,16.35
1997,9,30.98,16.35
1997,10,30.96,16.36
1997,11,30.98,16.37
1997,12,31.02,16.34
1997,13,31.05,16.29
1997,14,31.04,16.23
1997,15,31.09,16.14
1997,16,31.18,16.07
1997,17,31.14,16.05
1997,18,31.15,16.03
1997,19,31.17,16.01
1997,20,31.21,16.02
1997,21,31.2,16.03
1997,22,31.19,16.02
1997,23,31.24,16.02
1997,24,31.29,16.05
1997,25,31.45,16.08
1997,26,31.52,16.13
1997,27,31.56,16.22
1997,28,31.63,16.27
1997,29,31.75,16.31
1997,30,31.9,16.35
1997,31,32.01,16.42
1997,32,32.22,16.47
1997,33,32.37,16.53
1997,34,32.43,16.61
1997,35,32.48,16.68
1997,36,32.58,16.73
1997,37,32.7,16.84
1997,38,32.85,16.94
1997,39,32.98,17.07
1997,40,33.12,17.2
1997,41,33.3,17.31
1997,42,33.47,17.42
1997,43,33.66,17.58
1997,44,33.88,17.71
1997,45,34.11,17.87
1997,46,34.34,18.04
1997,47,34.51,18.24
1997,48,34.67,18.43
1997,49,34.91,18.6
1997,50,35.19,18.77
1997,51,35.47,18.95
1997,52,35.73,19.12
1997,53,35.97,19.3
1997,54,36.21,19.45
1997,55,36.41,19.62
1997,56,36.62,19.77
1997,57,36.82,19.92
1997,58,37.0,20.01
1997,59,37.11,20.13
1997,60,37.2,20.25
1997,61,37.29,20.35
1997,62,37.42,20.44
1997,63,37.61,20.55
1997,64,37.74,20.7
1997,65,37.85,20.88
1997,66,37.95,21.05
1997,67,38.07,21.17
1997,68,38.2,21.27
1997,69,38.37,21.4
1997,70,38.54,21.52
1997,71,38.72,21.66
1997,72,38.89,21.82
1997,73,39.06,22.01
1997,74,39.28,22.2
1997,75,39.49,22.38
1997,76,39.72,22.58
1997,77,39.88,22.78
1997,78,40.06,22.95
1997,79,40.29,23.06
1997,80,40.51,23.19
1997,81,40.72,23.32
1997,82,40.89,23.45
1997,83,41.06,23.55
1997,84,41.19,23.68
1997,85,41.33,23.8
1997,86,41.47,23.88
1997,87,41.69,23.97
1997,88,41.9,24.07
1997,89,42.12,24.2
1997,90,42.29,24.34
1997,91,42.4,24.44
1997,92,42.51,24.5
1997,93,42.63,24.57
1997,94,42.74,24.64
1997,95,42.86,24.69
1997,96,42.95,24.75
1997,97,43.05,24.86
1997,98,43.11,24.97
1997,99,43.19,25.06
1997,100,43.27,25.15
1997,101,43.34,25.25
1997,102,43.39,25.35
1997,103,43.43,25.45
1997,104,43.44,25.54
1997,105,43.5,25.62
1997,106,43.65,25.73
1997,107,43.83,25.89
1997,108,43.99,26.04
1997,109,44.12,26.19
1997,110,44.25,26.33
1997,111,44.39,26.48
1997,112,44.52,26.61
1997,113,44.66,26.73
1997,114,44.8,26.83
1997,115,44.93,26.95
1997,116,45.04,27.07
1997,117,45.14,27.16
1997,118,45.26,27.28
1997,119,45.36,27.38
1997,120,45.43,27.46
1997,121,45.46,27.53
1997,122,45.45,27.6
1997,123,45.48,27.68
1997,124,45.4,27.74
1997,125,45.32,27.77
1997,126,45.26,27.79
1997,127,45.18,27.84
1997,128,45.14,27.91
1997,129,45.08,27.97
1997,130,45.03,28.03
1997,131,44.97,28.11
1997,132,44.87,28.19
1997,133,44.75,28.22
1997,134,44.59,28.28
1997,135,44.49,28.34
1997,136,44.44,28.39
1997,137,44.41,28.43
1997,138,44.35,28.45
1997,139,44.38,28.47
1997,140,44.42,28.55
1997,141,44.41,28.63
1997,142,44.42,28.69
1997,143,44.4,28.74
1997,144,44.39,28.79
1997,145,44.32,28.84
1997,146,44.23,28.86
1997,147,44.16,28.88
1997,148,44.15,28.92
1997,149,44.18,28.93
1997,150,44.17,28.96
1997,151,44.09,29.0
1997,152,44.0,29.03
1997,153,43.87,29.06
1997,154,43.74,29.1
1997,155,43.56,29.12
1997,156,43.42,29.12
1997,157,43.26,29.13
1997,158,43.12,29.15
1997,159,42.95,29.15
1997,160,42.8,29.12
1997,161,42.61,29.09
1997,162,42.44,29.08
1997,163,42.2,29.07
1997,164,41.87,29.03
1997,165,41.5,28.97
1997,166,41.26,28.91
1997,167,40.98,28.86
1997,168,40.6,28.83
1997,169,40.27,28.78
1997,170,39.98,28.72
1997,171,39.68,28.65
1997,172,39.34,28.57
1997,173,39.01,28.44
1997,174,38.76,28.34
1997,175,38.5,28.26
1997,176,38.22,28.17
1997,177,37.88,28.06
1997,178,37.66,27.96
1997,179,37.52,27.89
1997,180,37.38,27.82
1997,181,37.17,27.75
1997,182,36.99,27.67
1997,183,36.88,27.59
1997,184,36.75,27.52
1997,185,36.55,27.45
1997,186,36.36,27.39
1997,187,36.21,27.34
1997,188,36.05,27.3
1997,189,35.79,27.23
1997,190,35.55,27.17
1997,191,35.46,27.14
1997,192,35.4,27.13
1997,193,35.21,27.1
1997,194,35.01,27.05
1997,195,34.83,27.0
1997,196,34.72,26.94
1997,197,34.61,26.88
1997,198,34.57,26.84
1997,199,34.47,26.79
1997,200,34.44,26.77
1997,201,34.38,26.73
1997,202,34.2,26.68
1997,203,34.03,26.62
1997,204,33.98,26.56
1997,205,33.98,26.52
1997,206,33.88,26.48
1997,207,33.74,26.42
1997,208,33.68,26.37
1997,209,33.66,26.34
1997,210,33.66,26.3
1997,211,33.56,26.26
1997,212,33.41,26.2
1997,213,33.25,26.15
1997,214,33.19,26.11
1997,215,33.08,26.05
1997,216,33.0,26.0
1997,217,33.06,25.97
1997,218,33.13,25.97
1997,219,33.09,25.99
1997,220,33.04,25.98
1997,221,33.0,25.96
1997,222,33.1,25.94
1997,223,33.23,25.94
1997,224,33.28,25.93
1997,225,33.36,25.95
1997,226,33.41,25.96
1997,227,33.62,25.97
1997,228,33.83,25.98
1997,229,33.95,25.99
1997,230,34.08,25.99
1997,231,34.2,26.0
1997,232,34.3,25.99
1997,233,34.36,25.97
1997,234,34.49,25.93
1997,235,34.57,25.91
1997,236,34.7,25.9
1997,237,34.79,25.89
1997,238,34.84,25.88
1997,239,34.89,25.88
1997,240,34.97,25.86
1997,241,35.14,25.86
1997,242,35.18,25.86
1997,243,35.19,25.85
1997,244,35.33,25.82
1997,245,35.42,25.8
1997,246,35.53,25.77
1997,247,35.65,25.74
1997,248,35.78,25.74
1997,249,35.93,25.75
1997,250,36.15,25.75
1997,251,36.33,25.75
1997,252,36.45,25.75
1997,253,36.56,25.74
1997,254,36.7,25.73
1997,255,36.8,25.72
1997,256,36.88,25.7
1997,257,37.01,25.71
1997,258,37.21,25.72
1997,259,37.33,25.76
1997,260,37.45,25.8
1997,261,37.59,25.83
1997,262,37.72,25.86
1997,263,37.92,25.9
1997,264,38.11,25.92
1997,265,38.25,25.96
1997,266,38.43,26.0
1997,267,38.62,26.02
1997,268,38.83,26.03
1997,269,38.99,26.04
1997,270,39.19,26.03
1997,271,39.34,26.01
1997,272,39.46,25.95
1997,273,39.54,25.88
1997,274,39.6,25.83
1997,275,39.67,25.77
1997,276,39.74,25.72
1997,277,39.83,25.67
1997,278,39.9,25.6
1997,279,39.93,25.51
1997,280,39.93,25.4
1997,281,39.88,25.25
1997,282,39.83,25.09
1997,283,39.77,24.93
1997,284,39.76,24.77
1997,285,39.72,24.57
1997,286,39.68,24.39
1997,287,39.66,24.21
1997,288,39.64,24.04
1997,289,39.6,23.88
1997,290,39.51,23.71
1997,291,39.44,23.53
1997,292,39.35,23.32
1997,293,39.25,23.11
1997,294,39.15,22.93
1997,295,39.08,22.78
1997,296,39.03,22.66
1997,297,38.97,22.57
1997,298,38.88,22.45
1997,299,38.82,22.38
1997,300,38.74,22.36
1997,301,38.67,22.34
1997,302,38.58,22.33
1997,303,38.47,22.28
1997,304,38.38,22.2
1997,305,38.32,22.14
1997,306,38.25,22.06
1997,307,38.15,22.01
1997,308,37.96,21.96
1997,309,37.77,21.87
1997,310,37.61,21.73
1997,311,37.46,21.59
1997,312,37.33,21.46
1997,313,37.22,21.35
1997,314,37.07,21.22
1997,315,36.89,21.06
1997,316,36.69,20.92
1997,317,36.52,20.75
1997,318,36.34,20.58
1997,319,36.18,20.39
1997,320,36.03,20.21
1997,321,35.89,20.08
1997,322,35.75,19.94
1997,323,35.69,19.76
1997,324,35.58,19.59
1997,325,35.43,19.47
1997,326,35.22,19.36
1997,327,35.02,19.22
1997,328,34.76,19.06
1997,329,34.51,18.92
1997,330,34.34,18.79
1997,331,34.2,18.65
1997,332,34.06,18.54
1997,333,33.97,18.46
1997,334,33.89,18.4
1997,335,33.8,18.34
1997,336,33.68,18.24
1997,337,33.54,18.1
1997,338,33.38,18.0
1997,339,33.24,17.92
1997,340,33.12,17.83
1997,341,33.06,17.74
1997,342,32.98,17.69
1997,343,32.98,17.66
1997,344,32.99,17.63
1997,345,32.98,17.59
1997,346,32.94,17.56
1997,347,32.82,17.52
1997,348,32.68,17.49
1997,349,32.56,17.45
1997,350,32.46,17.4
1997,351,32.33,17.32
1997,352,32.26,17.31
1997,353,32.19,17.29
1997,354,32.11,17.24
1997,355,32.05,17.2
1997,356,32.0,17.15
1997,357,31.96,17.08
1997,358,31.82,17.01
1997,359,31.59,16.91
1997,360,31.42,16.81
1997,361,31.27,16.71
1997,362,31.19,16.61
1997,363,31.12,16.54
1997,364,31.02,16.49
1997,365,30.89,16.48
1997,366,30.77,16.46
1998,1,30.77,16.46
1998,2,30.75,16.4
1998,3,30.7,16.36
1998,4,30.73,16.36
1998,5,30.74,16.36
1998,6,30.76,16.34
1998,7,30.8,16.33
1998,8,30.86,16.35
1998,9,30.98,16.35
1998,10,30.96,16.36
1998,11,30.98,16.37
1998,12,31.02,16.34
1998,13,31.05,16.29
1998,14,31.04,16.23
1998,15,31.09,16.14
1998,16,31.18,16.07
1998,17,31.14,16.05
1998,18,31.15,16.03
1998,19,31.17,16.01
1998,20,31.21,16.02
1998,21,31.2,16.03
1998,22,31.19,16.02
1998,23,31.24,16.02
1998,24,31.29,16.05
1998,25,31.45,16.08
1998,26,31.52,16.13
1998,27,31.56,16.22
1998,28,31.63,16.27
1998,29,31.75,16.31
1998,30,31.9,16.35
1998,31,32.01,16.42
1998,32,32.22,16.47
1998,33,32.37,16.53
1998,34,32.43,16.61
1998,35,32.48,16.68
1998,36,32.58,16.73
1998,37,32.7,16.84
1998,38,32.85,16.94
1998,39,32.98,17.07
1998,40,33.12,17.2
1998,41,33.3,17.31
1998,42,33.47,17.42
1998,43,33.66,17.58
1998,44,33.88,17.71
1998,45,34.11,17.87
1998,46,34.34,18.04
1998,47,34.51,18.24
1998,48,34.67,18.43
1998,49,34.91,18.6
1998,50,35.19,18.77
1998,51,35.47,18.95
1998,52,35.73,19.12
1998,53,35.97,19.3
1998,54,36.21,19.45
1998,55,36.41,19.62
1998,56,36.62,19.77
1998,57,36.82,19.92
1998,58,37.0,20.01
1998,59,37.11,20.13
1998,60,37.2,20.25
1998,61,37.29,20.35
1998,62,37.42,20.44
1998,63,37.61,20.55
1998,64,37.74,20.7
1998,65,37.85,20.88
1998,66,37.95,21.05
1998,67,38.07,21.17
1998,68,38.2,21.27
1998,69,38.37,21.4
1998,70,38.54,21.52
1998,71,38.72,21.66
1998,72,38.89,21.82
1998,73,39.06,22.01
1998,74,39.28,22.2
1998,75,39.49,22.38
1998,76,39.72,22.58
1998,77,39.88,22.78
1998,78,40.06,22.95
1998,79,40.29,23.06
1998,80,40.51,23.19
1998,81,40.72,23.32
1998,82,40.89,23.45
1998,83,41.06,23.55
1998,84,41.19,23.68
1998,85,41.33,23.8
1998,86,41.47,23.88
1998,87,41.69,23.97
1998,88,41.9,24.07
1998,89,42.12,24.2
1998,90,42.29,24.34
1998,91,42.4,24.44
1998,92,42.51,24.5
1998,93,42.63,24.57
1998,94,42.74,24.64
1998,95,42.86,24.69
1998,96,42.95,24.75
1998,97,43.05,24.86
1998,98,43.11,24.97
1998,99,43.19,25.06
1998,100,43.27,25.15
1998,101,43.34,25.25
1998,102,43.39,25.35
1998,103,43.43,25.45
1998,104,43.44,25.54
1998,105,43.5,25.62
1998,106,43.65,25.73
1998,107,43.83,25.89
1998,108,43.99,26.04
1998,109,44.12,26.19
1998,110,44.25,26.33
1998,111,44.39,26.48
1998,112,44.52,26.61
1998,113,44.66,26.73
1998,114,44.8,26.83
1998,115,44.93,26.95
1998,116,45.04,27.07
1998,117,45.14,27.16
1998,118,45.26,27.28
1998,119,45.36,27.38
1998,120,45.43,27.46
1998,121,45.46,27.53
1998,122,45.45,27.6
1998,123,45.48,27.68
1998,124,45.4,27.74
1998,125,45.32,27.77
1998,126,45.26,27.79
1998,127,45.18,27.84
1998,128,45.14,27.91
1998,129,45.08,27.97
1998,130,45.03,28.03
1998,131,44.97,28.11
1998,132,44.87,28.19
1998,133,44.75,28.22
1998,134,44.59,28.28
1998,135,44.49,28.34
1998,136,44.44,28.39
1998,137,44.41,28.43
1998,138,44.35,28.45
1998,139,44.38,28.47
1998,140,44.42,28.55
1998,141,44.41,28.63
1998,142,44.42,28.69
1998,143,44.4,28.74
1998,144,44.39,28.79
1998,145,44.32,28.84
1998,146,44.23,28.86
1998,147,44.16,28.88
1998,148,44.15,28.92
1998,149,44.18,28.93
1998,150,44.17,28.96
1998,151,44.09,29.0
1998,152,44.0,29.03
1998,153,43.87,29.06
1998,154,43.74,29.1
1998,155,43.56,29.12
1998,156,43.42,29.12
1998,157,43.26,29.13
1998,158,43.12,29.15
1998,159,42.95,29.15
1998,160,42.8,29.12
1998,161,42.61,29.09
1998,162,42.44,29.08
1998,163,42.2,29.07
1998,164,41.87,29.03
1998,165,41.5,28.97
1998,166,41.26,28.91
1998,167,40.98,28.86
1998,168,40.6,28.83
1998,169,40.27,28.78
1998,170,39.98,28.72
1998,171,39.68,28.65
1998,172,39.34,28.57
1998,173,39.01,28.44
1998,174,38.76,28.34
1998,175,38.5,28.26
1998,176,38.22,28.17
1998,177,37.88,28.06
1998,178,37.66,27.96
1998,179,37.52,27.89
1998,180,37.38,27.82
1998,181,37.17,27.75
1998,182,36.99,27.67
1998,183,36.88,27.59
1998,184,36.75,27.52
1998,185,36.55,27.45
1998,186,36.36,27.39
1998,187,36.21,27.34
1998,188,36.05,27.3
1998,189,35.79,27.23
1998,190,35.55,27.17
1998,191,35.46,27.14
1998,192,35.4,27.13
1998,193,35.21,27.1
1998,194,35.01,27.05
1998,195,34.83,27.0
1998,196,34.72,26.94
1998,197,34.61,26.88
1998,198,34.57,26.84
1998,199,34.47,26.79
1998,200,34.44,26.77
1998,201,34.38,26.73
1998,202,34.2,26.68
1998,203,34.03,26.62
1998,204,33.98,26.56
1998,205,33.98,26.52
1998,206,33.88,26.48
1998,207,33.74,26.42
1998,208,33.68,26.37
1998,209,33.66,26.34
1998,210,33.66,26.3
1998,211,33.56,26.26
1998,212,33.41,26.2
1998,213,33.25,26.15
1998,214,33.19,26.11
1998,215,33.08,26.05
1998,216,33.0,26.0
1998,217,33.06,25.97
1998,218,33.13,25.97
1998,219,33.09,25.99
1998,220,33.04,25.98
1998,221,33.0,25.96
1998,222,33.1,25.94
1998,223,33.23,25.94
1998,224,33.28,25.93
1998,225,33.36,25.95
1998,226,33.41,25.96
1998,227,33.62,25.97
1998,228,33.83,25.98
1998,229,33.95,25.99
1998,230,34.08,25.99
1998,231,34.2,26.0
1998,232,34.3,25.99
1998,233,34.36,25.97
1998,234,34.49,25.93
1998,235,34.57,25.91
1998,236,34.7,25.9
1998,237,34.79,25.89
1998,238,34.84,25.88
1998,239,34.89,25.88
1998,240,34.97,25.86
1998,241,35.14,25.86
1998,242,35.18,25.86
1998,243,35.19,25.85
1998,244,35.33,25.82
1998,245,35.42,25.8
1998,246,35.53,25.77
1998,247,35.65,25.74
1998,248,35.78,25.74
1998,249,35.93,25.75
1998,250,36.15,25.75
1998,251,36.33,25.75
1998,252,36.45,25.75
1998,253,36.56,25.74
1998,254,36.7,25.73
1998,255,36.8,25.72
1998,256,36.88,25.7
1998,257,37.01,25.71
1998,258,37.21,25.72
1998,259,37.33,25.76
1998,260,37.45,25.8
1998,261,37.59,25.83
1998,262,37.72,25.86
1998,263,37.92,25.9
1998,264,38.11,25.92
1998,265,38.25,25.96
1998,266,38.43,26.0
1998,267,38.62,26.02
1998,268,38.83,26.03
1998,269,38.99,26.04
1998,270,39.19,26.03
1998,271,39.34,26.01
1998,272,39.46,25.95
1998,273,39.54,25.88
1998,274,39.6,25.83
1998,275,39.67,25.77
1998,276,39.74,25.72
1998,277,39.83,25.67
1998,278,39.9,25.6
1998,279,39.93,25.51
1998,280,39.93,25.4
1998,281,39.88,25.25
1998,282,39.83,25.09
1998,283,39.77,24.93
1998,284,39.76,24.77
1998,285,39.72,24.57
1998,286,39.68,24.39
1998,287,39.66,24.21
1998,288,39.64,24.04
1998,289,39.6,23.88
1998,290,39.51,23.71
1998,291,39.44,23.53
1998,292,39.35,23.32
1998,293,39.25,23.11
1998,294,39.15,22.93
1998,295,39.08,22.78
1998,296,39.03,22.66
1998,297,38.97,22.57
1998,298,38.88,22.45
1998,299,38.82,22.38
1998,300,38.74,22.36
1998,301,38.67,22.34
1998,302,38.58,22.33
1998,303,38.47,22.28
1998,304,38.38,22.2
1998,305,38.32,22.14
1998,306,38.25,22.06
1998,307,38.15,22.01
1998,308,37.96,21.96
1998,309,37.77,21.87
1998,310,37.61,21.73
1998,311,37.46,21.59
1998,312,37.33,21.46
1998,313,37.22,21.35
1998,314,37.07,21.22
1998,315,36.89,21.06
1998,316,36.69,20.92
1998,317,36.52,20.75
1998,318,36.34,20.58
1998,319,36.18,20.39
1998,320,36.03,20.21
1998,321,35.89,20.08
1998,322,35.75,19.94
1998,323,35.69,19.76
1998,324,35.58,19.59
1998,325,35.43,19.47
1998,326,35.22,19.36
1998,327,35.02,19.22
1998,328,34.76,19.06
1998,329,34.51,18.92
1998,330,34.34,18.79
1998,331,34.2,18.65
1998,332,34.06,18.54
1998,333,33.97,18.46
1998,334,33.89,18.4
1998,335,33.8,18.34
1998,336,33.68,18.24
1998,337,33.54,18.1
1998,338,33.38,18.0
1998,339,33.24,17.92
1998,340,33.12,17.83
1998,341,33.06,17.74
1998,342,32.98,17.69
1998,343,32.98,17.66
1998,344,32.99,17.63
1998,345,32.98,17.59
1998,346,32.94,17.56
1998,347,32.82,17.52
1998,348,32.68,17.49
1998,349,32.56,17.45
1998,350,32.46,17.4
1998,351,32.33,17.32
1998,352,32.26,17.31
1998,353,32.19,17.29
1998,354,32.11,17.24
1998,355,32.05,17.2
1998,356,32.0,17.15
1998,357,31.96,17.08
1998,358,31.82,17.01
1998,359,31.59,16.91
1998,360,31.42,16.81
1998,361,31.27,16.71
1998,362,31.19,16.61
1998,363,31.12,16.54
1998,364,31.02,16.49
1998,365,30.89,16.48
1998,366,30.77,16.46
1999,1,30.77,16.46
1999,2,30.75,16.4
1999,3,30.7,16.36
1999,4,30.73,16.36
1999,5,30.74,16.36
1999,6,30.76,16.34
1999,7,30.8,16.33
1999,8,30.86,16.35
1999,9,30.98,16.35
1999,10,30.96,16.36
1999,11,30.98,16.37
1999,12,31.02,16.34
1999,13,31.05,16.29
1999,14,31.04,16.23
1999,15,31.09,16.14
1999,16,31.18,16.07
1999,17,31.14,16.05
1999,18,31.15,16.03
1999,19,31.17,16.01
1999,20,31.21,16.02
1999,21,31.2,16.03
1999,22,31.19,16.02
1999,23,31.24,16.02
1999,24,31.29,16.05
1999,25,31.45,16.08
1999,26,31.52,16.13
1999,27,31.56,16.22
1999,28,31.63,16.27
1999,29,31.75,16.31
1999,30,31.9,16.35
1999,31,32.01,16.42
1999,32,32.22,16.47
1999,33,32.37,16.53
1999,34,32.43,16.61
1999,35,32.48,16.68
1999,36,32.58,16.73
1999,37,32.7,16.84
1999,38,32.85,16.94
1999,39,32.98,17.07
1999,40,33.12,17.2
1999,41,33.3,17.31
1999,42,33.47,17.42
1999,43,33.66,17.58
1999,44,33.88,17.71
1999,45,34.11,17.87
1999,46,34.34,18.04
1999,47,34.51,18.24
1999,48,34.67,18.43
1999,49,34.91,18.6
1999,50,35.19,18.77
1999,51,35.47,18.95
1999,52,35.73,19.12
1999,53,35.97,19.3
1999,54,36.21,19.45
1999,55,36.41,19.62
1999,56,36.62,19.77
1999,57,36.82,19.92
1999,58,37.0,20.01
1999,59,37.11,20.13
1999,60,37.2,20.25
1999,61,37.29,20.35
1999,62,37.42,20.44
1999,63,37.61,20.55
1999,64,37.74,20.7
1999,65,37.85,20.88
1999,66,37.95,21.05
1999,67,38.07,21.17
1999,68,38.2,21.27
1999,69,38.37,21.4
1999,70,38.54,21.52
1999,71,38.72,21.66
1999,72,38.89,21.82
1999,73,39.06,22.01
1999,74,39.28,22.2
1999,75,39.49,22.38
1999,76,39.72,22.58
1999,77,39.88,22.78
1999,78,40.06,22.95
1999,79,40.29,23.06
1999,80,40.51,23.19
1999,81,40.72,23.32
1999,82,40.89,23.45
1999,83,41.06,23.55
1999,84,41.19,23.68
1999,85,41.33,23.8
1999,86,41.47,23.88
1999,87,41.69,23.97
1999,88,41.9,24.07
1999,89,42.12,24.2
1999,90,42.29,24.34
1999,91,42.4,24.44
1999,92,42.51,24.5
1999,93,42.63,24.57
1999,94,42.74,24.64
1999,95,42.86,24.69
1999,96,42.95,24.75
1999,97,43.05,24.86
1999,98,43.11,24.97
1999,99,43.19,25.06
1999,100,43.27,25.15
1999,101,43.34,25.25
1999,102,43.39,25.35
1999,103,43.43,25.45
1999,104,43.44,25.54
1999,105,43.5,25.62
1999,106,43.65,25.73
1999,107,43.83,25.89
1999,108,43.99,26.04
1999,109,44.12,26.19
1999,110,44.25,26.33
1999,111,44.39,26.48
1999,112,44.52,26.61
1999,113,44.66,26.73
1999,114,44.8,26.83
1999,115,44.93,26.95
1999,116,45.04,27.07
1999,117,45.14,27.16
1999,118,45.26,27.28
1999,119,45.36,27.38
1999,120,45.43,27.46
1999,121,45.46,27.53
1999,122,45.45,27.6
1999,123,45.48,27.68
1999,124,45.4,27.74
1999,125,45.32,27.77
1999,126,45.26,27.79
1999,127,45.18,27.84
1999,128,45.14,27.91
1999,129,45.08,27.97
1999,130,45.03,28.03
1999,131,44.97,28.11
1999,132,44.87,28.19
1999,133,44.75,28.22
1999,134,44.59,28.28
1999,135,44.49,28.34
1999,136,44.44,28.39
1999,137,44.41,28.43
1999,138,44.35,28.45
1999,139,44.38,28.47
1999,140,44.42,28.55
1999,141,44.41,28.63
1999,142,44.42,28.69
1999,143,44.4,28.74
1999,144,44.39,28.79
1999,145,44.32,28.84
1999,146,44.23,28.86
1999,147,44.16,28.88
1999,148,44.15,28.92
1999,149,44.18,28.93
1999,150,44.17,28.96
1999,151,44.09,29.0
1999,152,44.0,29.03
1999,153,43.87,29.06
1999,154,43.74,29.1
1999,155,43.56,29.12
1999,156,43.42,29.12
1999,157,43.26,29.13
1999,158,43.12,29.15
1999,159,42.95,29.15
1999,160,42.8,29.12
1999,161,42.61,29.09
1999,162,42.44,29.08
1999,163,42.2,29.07
1999,164,41.87,29.03
1999,165,41.5,28.97
1999,166,41.26,28.91
1999,167,40.98,28.86
1999,168,40.6,28.83
1999,169,40.27,28.78
1999,170,39.98,28.72
1999,171,39.68,28.65
1999,172,39.34,28.57
1999,173,39.01,28.44
1999,174,38.76,28.34
1999,175,38.5,28.26
1999,176,38.22,28.17
1999,177,37.88,28.06
1999,178,37.66,27.96
1999,179,37.52,27.89
1999,180,37.38,27.82
1999,181,37.17,27.75
1999,182,36.99,27.67
1999,183,36.88,27.59
1999,184,36.75,27.52
1999,185,36.55,27.45
1999,186,36.36,27.39
1999,187,36.21,27.34
1999,188,36.05,27.3
1999,189,35.79,27.23
1999,190,35.55,27.17
1999,191,35.46,27.14
1999,192,35.4,27.13
1999,193,35.21,27.1
1999,194,35.01,27.05
1999,195,34.83,27.0
1999,196,34.72,26.94
1999,197,34.61,26.88
1999,198,34.57,26.84
1999,199,34.47,26.79
1999,200,34.44,26.77
1999,201,34.38,26.73
1999,202,34.2,26.68
1999,203,34.03,26.62
1999,204,33.98,26.56
1999,205,33.98,26.52
1999,206,33.88,26.48
1999,207,33.74,26.42
1999,208,33.68,26.37
1999,209,33.66,26.34
1999,210,33.66,26.3
1999,211,33.56,26.26
1999,212,33.41,26.2
1999,213,33.25,26.15
1999,214,33.19,26.11
1999,215,33.08,26.05
1999,216,33.0,26.0
1999,217,33.06,25.97
1999,218,33.13,25.97
1999,219,33.09,25.99
1999,220,33.04,25.98
1999,221,33.0,25.96
1999,222,33.1,25.94
1999,223,33.23,25.94
1999,224,33.28,25.93
1999,225,33.36,25.95
1999,226,33.41,25.96
1999,227,33.62,25.97
1999,228,33.83,25.98
1999,229,33.95,25.99
1999,230,34.08,25.99
1999,231,34.2,26.0
1999,232,34.3,25.99
1999,233,34.36,25.97
1999,234,34.49,25.93
1999,235,34.57,25.91
1999,236,34.7,25.9
1999,237,34.79,25.89
1999,238,34.84,25.88
1999,239,34.89,25.88
1999,240,34.97,25.86
1999,241,35.14,25.86
1999,242,35.18,25.86
1999,243,35.19,25.85
1999,244,35.33,25.82
1999,245,35.42,25.8
1999,246,35.53,25.77
1999,247,35.65,25.74
1999,248,35.78,25.74
1999,249,35.93,25.75
1999,250,36.15,25.75
1999,251,36.33,25.75
1999,252,36.45,25.75
1999,253,36.56,25.74
1999,254,36.7,25.73
1999,255,36.8,25.72
1999,256,36.88,25.7
1999,257,37.01,25.71
1999,258,37.21,25.72
1999,259,37.33,25.76
1999,260,37.45,25.8
1999,261,37.59,25.83
1999,262,37.72,25.86
1999,263,37.92,25.9
1999,264,38.11,25.92
1999,265,38.25,25.96
1999,266,38.43,26.0
1999,267,38.62,26.02
1999,268,38.83,26.03
1999,269,38.99,26.04
1999,270,39.19,26.03
1999,271,39.34,26.01
1999,272,39.46,25.95
1999,273,39.54,25.88
1999,274,39.6,25.83
1999,275,39.67,25.77
1999,276,39.74,25.72
1999,277,39.83,25.67
1999,278,39.9,25.6
1999,279,39.93,25.51
1999,280,39.93,25.4
1999,281,39.88,25.25
1999,282,39.83,25.09
1999,283,39.77,24.93
1999,284,39.76,24.77
1999,285,39.72,24.57
1999,286,39.68,24.39
1999,287,39.66,24.21
1999,288,39.64,24.04
1999,289,39.6,23.88
1999,290,39.51,23.71
1999,291,39.44,23.53
1999,292,39.35,23.32
1999,293,39.25,23.11
1999,294,39.15,22.93
1999,295,39.08,22.78
1999,296,39.03,22.66
1999,297,38.97,22.57
1999,298,38.88,22.45
1999,299,38.82,22.38
1999,300,38.74,22.36
1999,301,38.67,22.34
1999,302,38.58,22.33
1999,303,38.47,22.28
1999,304,38.38,22.2
1999,305,38.32,22.14
1999,306,38.25,22.06
1999,307,38.15,22.01
1999,308,37.96,21.96
1999,309,37.77,21.87
1999,310,37.61,21.73
1999,311,37.46,21.59
1999,312,37.33,21.46
1999,313,37.22,21.35
1999,314,37.07,21.22
1999,315,36.89,21.06
1999,316,36.69,20.92
1999,317,36.52,20.75
1999,318,36.34,20.58
1999,319,36.18,20.39
1999,320,36.03,20.21
1999,321,35.89,20.08
1999,322,35.75,19.94
1999,323,35.69,19.76
1999,324,35.58,19.59
1999,325,35.43,19.47
1999,326,35.22,19.36
1999,327,35.02,19.22
1999,328,34.76,19.06
1999,329,34.51,18.92
1999,330,34.34,18.79
1999,331,34.2,18.65
1999,332,34.06,18.54
1999,333,33.97,18.46
1999,334,33.89,18.4
1999,335,33.8,18.34
1999,336,33.68,18.24
1999,337,33.54,18.1
1999,338,33.38,18.0
1999,339,33.24,17.92
1999,340,33.12,17.83
1999,341,33.06,17.74
1999,342,32.98,17.69
1999,343,32.98,17.66
1999,344,32.99,17.63
1999,345,32.98,17.59
1999,346,32.94,17.56
1999,347,32.82,17.52
1999,348,32.68,17.49
1999,349,32.56,17.45
1999,350,32.46,17.4
1999,351,32.33,17.32
1999,352,32.26,17.31
1999,353,32.19,17.29
1999,354,32.11,17.24
1999,355,32.05,17.2
1999,356,32.0,17.15
1999,357,31.96,17.08
1999,358,31.82,17.01
1999,359,31.59,16.91
1999,360,31.42,16.81
1999,361,31.27,16.71
1999,362,31.19,16.61
1999,363,31.12,16.54
1999,364,31.02,16.49
1999,365,30.89,16.48
1999,366,30.77,16.46
2000,1,30.52,16.85
2000,2,30.47,16.73
2000,3,30.41,16.61
2000,4,30.36,16.57
2000,5,30.29,16.51
2000,6,30.24,16.41
2000,7,30.26,16.38
2000,8,30.15,16.38
2000,9,30.16,16.26
2000,10,30.03,16.14
2000,11,29.93,16.03
2000,12,29.77,15.89
2000,13,29.78,15.73
2000,14,29.89,15.55
2000,15,30.01,15.4
2000,16,30.27,15.32
2000,17,30.28,15.36
2000,18,30.38,15.39
2000,19,30.47,15.4
2000,20,30.6,15.45
2000,21,30.64,15.54
2000,22,30.67,15.56
2000,23,30.9,15.53
2000,24,31.1,15.61
2000,25,31.43,15.76
2000,26,31.56,15.95
2000,27,31.75,16.13
2000,28,31.83,16.3
2000,29,31.93,16.46
2000,30,32.12,16.59
2000,31,32.3,16.74
2000,32,32.54,16.83
2000,33,32.66,16.9
2000,34,32.74,16.92
2000,35,32.81,16.95
2000,36,32.94,17.01
2000,37,33.14,17.14
2000,38,33.29,17.31
2000,39,33.35,17.54
2000,40,33.4,17.66
2000,41,33.58,17.71
2000,42,33.71,17.79
2000,43,33.84,17.88
2000,44,34.03,17.94
2000,45,34.17,18.01
2000,46,34.24,18.09
2000,47,34.34,18.17
2000,48,34.4,18.28
2000,49,34.48,18.4
2000,50,34.6,18.48
2000,51,34.75,18.53
2000,52,34.87,18.61
2000,53,35.03,18.71
2000,54,35.3,18.75
2000,55,35.59,18.92
2000,56,35.86,19.11
2000,57,36.07,19.3
2000,58,36.24,19.47
2000,59,36.38,19.64
2000,60,36.5,19.81
2000,61,36.66,19.96
2000,62,36.82,20.1
2000,63,37.11,20.26
2000,64,37.36,20.47
2000,65,37.58,20.78
2000,66,37.79,21.06
2000,67,37.96,21.3
2000,68,38.06,21.45
2000,69,38.08,21.61
2000,70,38.1,21.69
2000,71,38.09,21.75
2000,72,38.12,21.79
2000,73,38.27,21.88
2000,74,38.46,22.0
2000,75,38.67,22.17
2000,76,38.84,22.37
2000,77,39.02,22.55
2000,78,39.23,22.69
2000,79,39.5,22.83
2000,80,39.77,22.98
2000,81,40.0,23.16
2000,82,40.15,23.25
2000,83,40.39,23.32
2000,84,40.61,23.42
2000,85,40.77,23.51
2000,86,41.02,23.63
2000,87,41.39,23.79
2000,88,41.7,23.9
2000,89,41.92,24.02
2000,90,42.06,24.12
2000,91,42.19,24.18
2000,92,42.24,24.21
2000,93,42.3,24.26
2000,94,42.34,24.26
2000,95,42.36,24.24
2000,96,42.38,24.2
2000,97,42.47,24.23
2000,98,42.53,24.3
2000,99,42.67,24.37
2000,100,42.78,24.48
2000,101,42.86,24.56
2000,102,42.9,24.65
2000,103,42.85,24.78
2000,104,42.83,24.9
2000,105,42.91,25.0
2000,106,43.06,25.16
2000,107,43.33,25.38
2000,108,43.55,25.61
2000,109,43.63,25.87
2000,110,43.74,26.08
2000,111,43.86,26.26
2000,112,44.01,26.46
2000,113,44.12,26.64
2000,114,44.25,26.79
2000,115,44.37,26.92
2000,116,44.48,27.08
2000,117,44.58,27.19
2000,118,44.75,27.33
2000,119,44.91,27.48
2000,120,45.03,27.58
2000,121,45.12,27.64
2000,122,45.17,27.67
2000,123,45.22,27.67
2000,124,45.27,27.63
2000,125,45.29,27.61
2000,126,45.38,27.63
2000,127,45.43,27.68
2000,128,45.54,27.78
2000,129,45.59,27.87
2000,130,45.65,27.96
2000,131,45.69,28.1
2000,132,45.63,28.2
2000,133,45.52,28.22
2000,134,45.32,28.23
2000,135,45.19,28.25
2000,136,45.08,28.29
2000,137,44.97,28.32
2000,138,44.92,28.38
2000,139,45.0,28.46
2000,140,45.11,28.59
2000,141,45.11,28.71
2000,142,45.09,28.78
2000,143,45.02,28.82
2000,144,44.93,28.86
2000,145,44.8,28.85
2000,146,44.73,28.78
2000,147,44.74,28.74
2000,148,44.82,28.75
2000,149,44.97,28.78
2000,150,45.02,28.82
2000,151,44.98,28.87
2000,152,44.82,28.93
2000,153,44.49,28.96
2000,154,44.23,28.98
2000,155,44.01,28.97
2000,156,43.83,28.94
2000,157,43.67,28.95
2000,158,43.57,29.01
2000,159,43.63,29.09
2000,160,43.65,29.22
2000,161,43.6,29.33
2000,162,43.46,29.44
2000,163,43.11,29.46
2000,164,42.54,29.44
2000,165,41.96,29.35
2000,166,41.58,29.29
2000,167,41.28,29.23
2000,168,41.09,29.18
2000,169,40.86,29.16
2000,170,40.6,29.1
2000,171,40.34,29.06
2000,172,40.04,28.99
2000,173,39.65,28.84
2000,174,39.22,28.69
2000,175,38.87,28.52
2000,176,38.5,28.39
2000,177,38.19,28.27
2000,178,38.1,28.22
2000,179,38.21,28.2
2000,180,38.31,28.2
2000,181,38.32,28.19
2000,182,38.37,28.17
2000,183,38.45,28.16
2000,184,38.35,28.11
2000,185,38.19,28.07
2000,186,37.95,28.01
2000,187,37.71,27.95
2000,188,37.55,27.92
2000,189,37.27,27.86
2000,190,36.99,27.78
2000,191,36.83,27.7
2000,192,36.7,27.66
2000,193,36.37,27.6
2000,194,36.1,27.5
2000,195,35.78,27.41
2000,196,35.7,27.33
2000,197,35.52,27.28
2000,198,35.29,27.22
2000,199,34.94,27.14
2000,200,34.7,27.07
2000,201,34.57,26.99
2000,202,34.4,26.93
2000,203,34.17,26.86
2000,204,34.09,26.8
2000,205,34.02,26.76
2000,206,33.89,26.73
2000,207,33.73,26.67
2000,208,33.78,26.64
2000,209,33.71,26.64
2000,210,33.79,26.63
2000,211,33.52,26.59
2000,212,33.21,26.52
2000,213,32.96,26.45
2000,214,33.02,26.42
2000,215,33.05,26.38
2000,216,33.01,26.35
2000,217,33.08,26.33
2000,218,33.22,26.33
2000,219,33.25,26.36
2000,220,33.3,26.37
2000,221,33.4,26.37
2000,222,33.5,26.35
2000,223,33.6,26.32
2000,224,33.75,26.29
2000,225,33.87,26.3
2000,226,34.1,26.31
2000,227,34.49,26.32
2000,228,34.86,26.35
2000,229,35.1,26.39
2000,230,35.22,26.41
2000,231,35.4,26.42
2000,232,35.57,26.41
2000,233,35.63,26.38
2000,234,35.72,26.36
2000,235,35.85,26.36
2000,236,35.95,26.36
2000,237,36.03,26.36
2000,238,35.99,26.36
2000,239,35.95,26.36
2000,240,35.99,26.32
2000,241,36.08,26.29
2000,242,36.16,26.27
2000,243,36.17,26.26
2000,244,36.28,26.23
2000,245,36.34,26.21
2000,246,36.37,26.2
2000,247,36.38,26.2
2000,248,36.5,26.21
2000,249,36.64,26.23
2000,250,36.81,26.24
2000,251,36.9,26.26
2000,252,36.96,26.28
2000,253,37.1,26.3
2000,254,37.26,26.32
2000,255,37.3,26.31
2000,256,37.23,26.29
2000,257,37.18,26.28
2000,258,37.24,26.26
2000,259,37.31,26.23
2000,260,37.43,26.23
2000,261,37.65,26.22
2000,262,37.9,26.23
2000,263,38.09,26.26
2000,264,38.25,26.26
2000,265,38.28,26.27
2000,266,38.42,26.26
2000,267,38.59,26.22
2000,268,38.73,26.19
2000,269,38.8,26.14
2000,270,38.95,26.16
2000,271,39.14,26.18
2000,272,39.26,26.15
2000,273,39.38,26.11
2000,274,39.36,26.08
2000,275,39.37,26.0
2000,276,39.38,25.93
2000,277,39.33,25.87
2000,278,39.31,25.78
2000,279,39.32,25.71
2000,280,39.28,25.58
2000,281,39.14,25.44
2000,282,38.96,25.29
2000,283,38.86,25.15
2000,284,38.9,25.03
2000,285,38.89,24.82
2000,286,38.83,24.6
2000,287,38.78,24.39
2000,288,38.73,24.23
2000,289,38.66,24.13
2000,290,38.47,24.04
2000,291,38.21,23.89
2000,292,37.99,23.71
2000,293,37.85,23.48
2000,294,37.73,23.27
2000,295,37.7,23.15
2000,296,37.71,23.01
2000,297,37.73,22.89
2000,298,37.69,22.75
2000,299,37.64,22.66
2000,300,37.61,22.59
2000,301,37.63,22.53
2000,302,37.62,22.5
2000,303,37.54,22.42
2000,304,37.49,22.24
2000,305,37.55,22.09
2000,306,37.6,21.95
2000,307,37.61,21.84
2000,308,37.57,21.77
2000,309,37.42,21.67
2000,310,37.25,21.45
2000,311,37.12,21.28
2000,312,37.0,21.11
2000,313,36.91,20.98
2000,314,36.77,20.81
2000,315,36.55,20.62
2000,316,36.3,20.46
2000,317,36.07,20.26
2000,318,35.86,20.09
2000,319,35.7,19.93
2000,320,35.51,19.8
2000,321,35.33,19.7
2000,322,35.14,19.58
2000,323,34.98,19.39
2000,324,34.81,19.18
2000,325,34.66,19.09
2000,326,34.47,19.01
2000,327,34.34,18.88
2000,328,34.14,18.71
2000,329,33.94,18.55
2000,330,33.78,18.45
2000,331,33.63,18.31
2000,332,33.46,18.22
2000,333,33.38,18.11
2000,334,33.28,18.03
2000,335,33.15,17.95
2000,336,32.97,17.84
2000,337,32.77,17.64
2000,338,32.5,17.49
2000,339,32.34,17.39
2000,340,32.15,17.27
2000,341,32.0,17.16
2000,342,31.81,17.1
2000,343,31.75,17.09
2000,344,31.72,17.05
2000,345,31.73,17.03
2000,346,31.72,17.03
2000,347,31.64,16.99
2000,348,31.48,16.99
2000,349,31.41,16.99
2000,350,31.39,16.94
2000,351,31.38,16.91
2000,352,31.41,16.98
2000,353,31.44,17.09
2000,354,31.47,17.14
2000,355,31.55,17.16
2000,356,31.63,17.2
2000,357,31.66,17.15
2000,358,31.56,17.12
2000,359,31.36,17.08
2000,360,31.17,17.02
2000,361,31.09,16.95
2000,362,31.11,16.95
2000,363,31.12,16.91
2000,364,30.93,16.88
2000,365,30.75,16.89
2000,366,30.52,16.85
2001,1,30.87,16.74
2001,2,30.84,16.64
2001,3,30.79,16.54
2001,4,30.78,16.53
2001,5,30.68,16.5
2001,6,30.6,16.44
2001,7,30.58,16.4
2001,8,30.48,16.35
2001,9,30.44,16.19
2001,10,30.24,16.06
2001,11,30.15,15.99
2001,12,30.04,15.89
2001,13,30.06,15.76
2001,14,30.13,15.62
2001,15,30.21,15.51
2001,16,30.43,15.47
2001,17,30.45,15.52
2001,18,30.53,15.56
2001,19,30.61,15.57
2001,20,30.71,15.62
2001,21,30.73,15.67
2001,22,30.76,15.69
2001,23,31.02,15.67
2001,24,31.25,15.76
2001,25,31.59,15.9
2001,26,31.7,16.05
2001,27,31.82,16.2
2001,28,31.87,16.36
2001,29,31.93,16.52
2001,30,32.08,16.6
2001,31,32.19,16.7
2001,32,32.37,16.75
2001,33,32.45,16.81
2001,34,32.49,16.82
2001,35,32.54,16.84
2001,36,32.68,16.88
2001,37,32.82,16.99
2001,38,32.88,17.14
2001,39,32.93,17.33
2001,40,32.98,17.41
2001,41,33.15,17.44
2001,42,33.29,17.49
2001,43,33.44,17.55
2001,44,33.67,17.59
2001,45,33.83,17.69
2001,46,33.94,17.79
2001,47,34.03,17.93
2001,48,34.06,18.09
2001,49,34.16,18.22
2001,50,34.33,18.28
2001,51,34.52,18.35
2001,52,34.72,18.45
2001,53,34.98,18.58
2001,54,35.28,18.67
2001,55,35.59,18.88
2001,56,35.86,19.11
2001,57,36.03,19.32
2001,58,36.2,19.5
2001,59,36.34,19.66
2001,60,36.43,19.82
2001,61,36.54,19.92
2001,62,36.72,20.01
2001,63,37.03,20.1
2001,64,37.25,20.27
2001,65,37.46,20.57
2001,66,37.63,20.85
2001,67,37.76,21.07
2001,68,37.83,21.21
2001,69,37.85,21.34
2001,70,37.87,21.4
2001,71,37.89,21.43
2001,72,37.97,21.47
2001,73,38.13,21.57
2001,74,38.32,21.69
2001,75,38.56,21.86
2001,76,38.74,22.07
2001,77,38.91,22.26
2001,78,39.11,22.44
2001,79,39.4,22.57
2001,80,39.68,22.73
2001,81,39.95,22.91
2001,82,40.16,23.02
2001,83,40.42,23.12
2001,84,40.67,23.27
2001,85,40.88,23.4
2001,86,41.15,23.54
2001,87,41.52,23.71
2001,88,41.84,23.84
2001,89,42.09,23.99
2001,90,42.28,24.11
2001,91,42.47,24.2
2001,92,42.58,24.26
2001,93,42.7,24.34
2001,94,42.77,24.39
2001,95,42.83,24.38
2001,96,42.88,24.39
2001,97,42.98,24.45
2001,98,43.03,24.53
2001,99,43.14,24.58
2001,100,43.23,24.68
2001,101,43.3,24.77
2001,102,43.35,24.86
2001,103,43.31,25.0
2001,104,43.29,25.12
2001,105,43.35,25.23
2001,106,43.45,25.36
2001,107,43.69,25.57
2001,108,43.85,25.77
2001,109,43.91,25.99
2001,110,44.0,26.18
2001,111,44.1,26.34
2001,112,44.21,26.52
2001,113,44.32,26.69
2001,114,44.44,26.83
2001,115,44.56,26.96
2001,116,44.67,27.1
2001,117,44.75,27.2
2001,118,44.87,27.31
2001,119,45.0,27.45
2001,120,45.11,27.54
2001,121,45.2,27.61
2001,122,45.22,27.64
2001,123,45.26,27.66
2001,124,45.28,27.65
2001,125,45.25,27.65
2001,126,45.26,27.68
2001,127,45.27,27.73
2001,128,45.32,27.82
2001,129,45.3,27.89
2001,130,45.3,27.98
2001,131,45.26,28.09
2001,132,45.14,28.17
2001,133,45.04,28.18
2001,134,44.83,28.19
2001,135,44.7,28.21
2001,136,44.58,28.25
2001,137,44.5,28.28
2001,138,44.46,28.34
2001,139,44.53,28.41
2001,140,44.66,28.53
2001,141,44.7,28.63
2001,142,44.71,28.7
2001,143,44.65,28.75
2001,144,44.6,28.8
2001,145,44.51,28.81
2001,146,44.49,28.79
2001,147,44.56,28.78
2001,148,44.65,28.83
2001,149,44.82,28.88
2001,150,44.9,28.95
2001,151,44.91,29.03
2001,152,44.82,29.11
2001,153,44.57,29.16
2001,154,44.37,29.2
2001,155,44.18,29.2
2001,156,44.0,29.18
2001,157,43.79,29.19
2001,158,43.68,29.24
2001,159,43.71,29.31
2001,160,43.71,29.41
2001,161,43.65,29.49
2001,162,43.51,29.56
2001,163,43.18,29.56
2001,164,42.67,29.51
2001,165,42.13,29.42
2001,166,41.75,29.34
2001,167,41.43,29.27
2001,168,41.22,29.2
2001,169,40.99,29.17
2001,170,40.73,29.11
2001,171,40.5,29.07
2001,172,40.28,29.0
2001,173,39.99,28.87
2001,174,39.67,28.75
2001,175,39.39,28.61
2001,176,38.98,28.47
2001,177,38.64,28.34
2001,178,38.48,28.28
2001,179,38.46,28.24
2001,180,38.48,28.21
2001,181,38.43,28.19
2001,182,38.42,28.15
2001,183,38.44,28.12
2001,184,38.3,28.06
2001,185,38.08,28.0
2001,186,37.84,27.94
2001,187,37.57,27.88
2001,188,37.28,27.81
2001,189,36.83,27.72
2001,190,36.44,27.6
2001,191,36.25,27.53
2001,192,36.08,27.5
2001,193,35.77,27.45
2001,194,35.57,27.37
2001,195,35.26,27.29
2001,196,35.1,27.21
2001,197,34.88,27.15
2001,198,34.63,27.07
2001,199,34.31,26.99
2001,200,34.13,26.9
2001,201,33.99,26.82
2001,202,33.85,26.75
2001,203,33.72,26.69
2001,204,33.78,26.65
2001,205,33.83,26.64
2001,206,33.78,26.62
2001,207,33.68,26.58
2001,208,33.74,26.55
2001,209,33.69,26.55
2001,210,33.81,26.54
2001,211,33.66,26.52
2001,212,33.47,26.46
2001,213,33.31,26.41
2001,214,33.4,26.4
2001,215,33.43,26.39
2001,216,33.43,26.39
2001,217,33.5,26.38
2001,218,33.62,26.37
2001,219,33.6,26.38
2001,220,33.57,26.38
2001,221,33.62,26.37
2001,222,33.7,26.34
2001,223,33.77,26.3
2001,224,33.87,26.27
2001,225,33.95,26.27
2001,226,34.1,26.27
2001,227,34.41,26.29
2001,228,34.65,26.31
2001,229,34.87,26.31
2001,230,35.02,26.32
2001,231,35.2,26.33
2001,232,35.36,26.33
2001,233,35.45,26.32
2001,234,35.56,26.31
2001,235,35.7,26.33
2001,236,35.79,26.33
2001,237,35.86,26.33
2001,238,35.84,26.33
2001,239,35.81,26.32
2001,240,35.84,26.3
2001,241,35.95,26.27
2001,242,35.96,26.26
2001,243,36.0,26.24
2001,244,36.05,26.21
2001,245,36.02,26.17
2001,246,35.97,26.13
2001,247,35.93,26.1
2001,248,36.0,26.1
2001,249,36.12,26.09
2001,250,36.3,26.08
2001,251,36.46,26.07
2001,252,36.58,26.08
2001,253,36.74,26.08
2001,254,36.93,26.08
2001,255,37.0,26.05
2001,256,36.98,26.02
2001,257,37.05,26.0
2001,258,37.2,25.99
2001,259,37.36,25.99
2001,260,37.57,26.04
2001,261,37.87,26.06
2001,262,38.19,26.12
2001,263,38.46,26.18
2001,264,38.68,26.21
2001,265,38.77,26.25
2001,266,38.93,26.28
2001,267,39.1,26.28
2001,268,39.28,26.28
2001,269,39.41,26.28
2001,270,39.6,26.33
2001,271,39.83,26.36
2001,272,39.97,26.35
2001,273,40.09,26.33
2001,274,40.07,26.32
2001,275,40.08,26.26
2001,276,40.09,26.21
2001,277,40.04,26.15
2001,278,40.02,26.09
2001,279,40.02,26.03
2001,280,39.97,25.92
2001,281,39.83,25.79
2001,282,39.69,25.65
2001,283,39.6,25.51
2001,284,39.6,25.36
2001,285,39.57,25.13
2001,286,39.51,24.93
2001,287,39.46,24.73
2001,288,39.41,24.57
2001,289,39.33,24.43
2001,290,39.12,24.3
2001,291,38.87,24.13
2001,292,38.67,23.92
2001,293,38.54,23.69
2001,294,38.43,23.48
2001,295,38.39,23.32
2001,296,38.39,23.16
2001,297,38.38,23.04
2001,298,38.31,22.9
2001,299,38.24,22.81
2001,300,38.18,22.75
2001,301,38.15,22.68
2001,302,38.1,22.63
2001,303,37.99,22.54
2001,304,37.92,22.37
2001,305,37.97,22.22
2001,306,38.0,22.08
2001,307,38.0,21.98
2001,308,37.94,21.92
2001,309,37.79,21.81
2001,310,37.63,21.61
2001,311,37.49,21.44
2001,312,37.37,21.29
2001,313,37.28,21.18
2001,314,37.15,21.04
2001,315,36.96,20.87
2001,316,36.74,20.72
2001,317,36.49,20.53
2001,318,36.26,20.34
2001,319,36.09,20.15
2001,320,35.89,19.98
2001,321,35.72,19.86
2001,322,35.53,19.73
2001,323,35.34,19.54
2001,324,35.15,19.33
2001,325,34.96,19.22
2001,326,34.74,19.14
2001,327,34.55,19.01
2001,328,34.3,18.81
2001,329,34.02,18.61
2001,330,33.79,18.46
2001,331,33.58,18.3
2001,332,33.44,18.18
2001,333,33.37,18.07
2001,334,33.28,18.0
2001,335,33.16,17.93
2001,336,32.99,17.82
2001,337,32.81,17.62
2001,338,32.59,17.45
2001,339,32.44,17.34
2001,340,32.28,17.2
2001,341,32.18,17.07
2001,342,32.06,17.0
2001,343,32.05,16.98
2001,344,32.1,16.96
2001,345,32.16,16.95
2001,346,32.18,16.96
2001,347,32.11,16.95
2001,348,31.95,16.95
2001,349,31.86,16.96
2001,350,31.84,16.92
2001,351,31.82,16.87
2001,352,31.82,16.91
2001,353,31.83,16.99
2001,354,31.85,17.02
2001,355,31.9,17.04
2001,356,31.96,17.05
2001,357,31.98,17.0
2001,358,31.82,16.99
2001,359,31.58,16.98
2001,360,31.42,16.94
2001,361,31.35,16.87
2001,362,31.38,16.84
2001,363,31.38,16.8
2001,364,31.23,16.77
2001,365,31.07,16.77
2001,366,30.87,16.74
2002,1,30.88,16.6
2002,2,30.81,16.52
2002,3,30.74,16.43
2002,4,30.73,16.43
2002,5,30.64,16.4
2002,6,30.58,16.33
2002,7,30.57,16.28
2002,8,30.5,16.24
2002,9,30.51,16.11
2002,10,30.4,16.04
2002,11,30.39,16.02
2002,12,30.36,15.98
2002,13,30.4,15.9
2002,14,30.46,15.79
2002,15,30.51,15.69
2002,16,30.71,15.66
2002,17,30.73,15.69
2002,18,30.82,15.7
2002,19,30.89,15.68
2002,20,31.0,15.7
2002,21,31.04,15.75
2002,22,31.09,15.77
2002,23,31.31,15.77
2002,24,31.5,15.86
2002,25,31.78,15.96
2002,26,31.83,16.06
2002,27,31.91,16.16
2002,28,31.95,16.26
2002,29,32.01,16.36
2002,30,32.18,16.42
2002,31,32.31,16.51
2002,32,32.52,16.59
2002,33,32.62,16.67
2002,34,32.67,16.71
2002,35,32.74,16.76
2002,36,32.87,16.79
2002,37,33.0,16.89
2002,38,33.04,17.02
2002,39,33.08,17.17
2002,40,33.13,17.25
2002,41,33.31,17.29
2002,42,33.47,17.37
2002,43,33.64,17.48
2002,44,33.87,17.57
2002,45,34.05,17.72
2002,46,34.17,17.84
2002,47,34.28,17.99
2002,48,34.32,18.17
2002,49,34.39,18.31
2002,50,34.55,18.4
2002,51,34.73,18.5
2002,52,34.91,18.62
2002,53,35.16,18.76
2002,54,35.45,18.88
2002,55,35.74,19.09
2002,56,35.99,19.32
2002,57,36.14,19.53
2002,58,36.3,19.68
2002,59,36.42,19.8
2002,60,36.51,19.94
2002,61,36.62,20.04
2002,62,36.78,20.14
2002,63,37.08,20.22
2002,64,37.32,20.39
2002,65,37.5,20.66
2002,66,37.66,20.92
2002,67,37.81,21.13
2002,68,37.94,21.26
2002,69,38.03,21.41
2002,70,38.08,21.48
2002,71,38.14,21.52
2002,72,38.23,21.58
2002,73,38.4,21.71
2002,74,38.57,21.85
2002,75,38.79,22.04
2002,76,38.97,22.25
2002,77,39.12,22.44
2002,78,39.31,22.64
2002,79,39.58,22.78
2002,80,39.81,22.93
2002,81,40.02,23.08
2002,82,40.17,23.17
2002,83,40.38,23.25
2002,84,40.58,23.35
2002,85,40.78,23.48
2002,86,41.02,23.61
2002,87,41.39,23.75
2002,88,41.7,23.87
2002,89,41.95,24.01
2002,90,42.17,24.11
2002,91,42.36,24.2
2002,92,42.49,24.25
2002,93,42.61,24.3
2002,94,42.69,24.34
2002,95,42.81,24.35
2002,96,42.9,24.39
2002,97,43.04,24.48
2002,98,43.1,24.6
2002,99,43.18,24.68
2002,100,43.25,24.78
2002,101,43.28,24.86
2002,102,43.28,24.97
2002,103,43.24,25.1
2002,104,43.23,25.22
2002,105,43.29,25.33
2002,106,43.4,25.47
2002,107,43.63,25.67
2002,108,43.8,25.87
2002,109,43.88,26.07
2002,110,43.97,26.25
2002,111,44.08,26.4
2002,112,44.21,26.56
2002,113,44.34,26.71
2002,114,44.52,26.86
2002,115,44.69,27.0
2002,116,44.83,27.14
2002,117,44.95,27.23
2002,118,45.1,27.35
2002,119,45.24,27.47
2002,120,45.34,27.57
2002,121,45.4,27.63
2002,122,45.4,27.65
2002,123,45.41,27.67
2002,124,45.4,27.66
2002,125,45.38,27.66
2002,126,45.39,27.69
2002,127,45.38,27.75
2002,128,45.38,27.83
2002,129,45.3,27.89
2002,130,45.24,27.97
2002,131,45.16,28.07
2002,132,45.03,28.15
2002,133,44.88,28.17
2002,134,44.64,28.19
2002,135,44.5,28.23
2002,136,44.43,28.29
2002,137,44.38,28.36
2002,138,44.33,28.42
2002,139,44.36,28.49
2002,140,44.44,28.6
2002,141,44.43,28.69
2002,142,44.39,28.75
2002,143,44.31,28.79
2002,144,44.27,28.83
2002,145,44.17,28.85
2002,146,44.14,28.84
2002,147,44.19,28.84
2002,148,44.25,28.89
2002,149,44.39,28.93
2002,150,44.44,28.98
2002,151,44.41,29.04
2002,152,44.33,29.09
2002,153,44.11,29.12
2002,154,43.94,29.15
2002,155,43.73,29.15
2002,156,43.56,29.13
2002,157,43.4,29.14
2002,158,43.3,29.17
2002,159,43.27,29.2
2002,160,43.18,29.23
2002,161,43.08,29.26
2002,162,42.91,29.3
2002,163,42.6,29.28
2002,164,42.11,29.22
2002,165,41.58,29.12
2002,166,41.2,29.03
2002,167,40.83,28.95
2002,168,40.58,28.89
2002,169,40.31,28.85
2002,170,40.05,28.8
2002,171,39.83,28.76
2002,172,39.6,28.7
2002,173,39.35,28.59
2002,174,39.05,28.49
2002,175,38.86,28.4
2002,176,38.45,28.28
2002,177,38.11,28.15
2002,178,37.92,28.07
2002,179,37.86,28.01
2002,180,37.87,27.98
2002,181,37.84,27.95
2002,182,37.84,27.91
2002,183,37.81,27.87
2002,184,37.68,27.8
2002,185,37.44,27.74
2002,186,37.21,27.66
2002,187,36.96,27.59
2002,188,36.7,27.53
2002,189,36.27,27.43
2002,190,35.9,27.32
2002,191,35.75,27.27
2002,192,35.6,27.25
2002,193,35.37,27.22
2002,194,35.19,27.17
2002,195,34.89,27.1
2002,196,34.7,27.02
2002,197,34.52,26.96
2002,198,34.35,26.89
2002,199,34.1,26.82
2002,200,34.01,26.74
2002,201,33.91,26.68
2002,202,33.78,26.62
2002,203,33.66,26.58
2002,204,33.78,26.55
2002,205,33.85,26.54
2002,206,33.87,26.53
2002,207,33.82,26.49
2002,208,33.9,26.46
2002,209,33.95,26.47
2002,210,34.03,26.46
2002,211,33.92,26.45
2002,212,33.72,26.39
2002,213,33.56,26.35
2002,214,33.63,26.34
2002,215,33.64,26.33
2002,216,33.66,26.32
2002,217,33.72,26.3
2002,218,33.84,26.29
2002,219,33.84,26.29
2002,220,33.8,26.29
2002,221,33.8,26.27
2002,222,33.84,26.23
2002,223,33.86,26.2
2002,224,33.87,26.17
2002,225,33.99,26.17
2002,226,34.14,26.16
2002,227,34.42,26.18
2002,228,34.66,26.21
2002,229,34.85,26.22
2002,230,35.0,26.23
2002,231,35.12,26.24
2002,232,35.26,26.24
2002,233,35.29,26.23
2002,234,35.36,26.22
2002,235,35.46,26.23
2002,236,35.55,26.22
2002,237,35.65,26.22
2002,238,35.65,26.23
2002,239,35.66,26.24
2002,240,35.68,26.22
2002,241,35.73,26.2
2002,242,35.73,26.19
2002,243,35.79,26.17
2002,244,35.86,26.14
2002,245,35.87,26.11
2002,246,35.86,26.07
2002,247,35.85,26.05
2002,248,35.95,26.05
2002,249,36.11,26.06
2002,250,36.33,26.05
2002,251,36.54,26.06
2002,252,36.7,26.08
2002,253,36.9,26.09
2002,254,37.12,26.09
2002,255,37.25,26.09
2002,256,37.33,26.07
2002,257,37.46,26.07
2002,258,37.63,26.07
2002,259,37.81,26.11
2002,260,38.03,26.17
2002,261,38.34,26.21
2002,262,38.68,26.27
2002,263,38.95,26.34
2002,264,39.18,26.37
2002,265,39.3,26.41
2002,266,39.46,26.44
2002,267,39.62,26.44
2002,268,39.77,26.44
2002,269,39.89,26.43
2002,270,40.06,26.47
2002,271,40.24,26.51
2002,272,40.36,26.5
2002,273,40.43,26.49
2002,274,40.39,26.47
2002,275,40.39,26.42
2002,276,40.33,26.37
2002,277,40.24,26.31
2002,278,40.19,26.23
2002,279,40.16,26.18
2002,280,40.07,26.08
2002,281,39.93,25.97
2002,282,39.77,25.81
2002,283,39.67,25.66
2002,284,39.65,25.49
2002,285,39.62,25.23
2002,286,39.58,24.98
2002,287,39.53,24.76
2002,288,39.49,24.56
2002,289,39.4,24.4
2002,290,39.22,24.25
2002,291,39.05,24.07
2002,292,38.91,23.85
2002,293,38.82,23.62
2002,294,38.72,23.43
2002,295,38.71,23.27
2002,296,38.72,23.1
2002,297,38.73,23.0
2002,298,38.67,22.89
2002,299,38.62,22.84
2002,300,38.56,22.83
2002,301,38.52,22.78
2002,302,38.46,22.74
2002,303,38.35,22.66
2002,304,38.27,22.5
2002,305,38.27,22.36
2002,306,38.24,22.22
2002,307,38.18,22.1
2002,308,38.07,22.02
2002,309,37.88,21.88
2002,310,37.68,21.68
2002,311,37.51,21.5
2002,312,37.38,21.32
2002,313,37.27,21.19
2002,314,37.13,21.03
2002,315,36.95,20.86
2002,316,36.75,20.74
2002,317,36.52,20.57
2002,318,36.3,20.4
2002,319,36.14,20.21
2002,320,35.98,20.05
2002,321,35.85,19.92
2002,322,35.68,19.81
2002,323,35.51,19.64
2002,324,35.33,19.44
2002,325,35.15,19.32
2002,326,34.93,19.22
2002,327,34.71,19.09
2002,328,34.46,18.89
2002,329,34.17,18.68
2002,330,33.94,18.49
2002,331,33.72,18.29
2002,332,33.57,18.14
2002,333,33.48,18.0
2002,334,33.39,17.91
2002,335,33.28,17.83
2002,336,33.13,17.72
2002,337,32.98,17.55
2002,338,32.81,17.42
2002,339,32.69,17.34
2002,340,32.57,17.24
2002,341,32.49,17.14
2002,342,32.4,17.08
2002,343,32.4,17.07
2002,344,32.44,17.07
2002,345,32.5,17.09
2002,346,32.52,17.13
2002,347,32.42,17.14
2002,348,32.26,17.17
2002,349,32.13,17.16
2002,350,32.07,17.1
2002,351,32.0,17.03
2002,352,31.99,17.02
2002,353,31.98,17.05
2002,354,31.98,17.05
2002,355,32.01,17.05
2002,356,32.03,17.05
2002,357,32.03,17.01
2002,358,31.88,17.0
2002,359,31.62,16.97
2002,360,31.41,16.89
2002,361,31.31,16.79
2002,362,31.31,16.72
2002,363,31.3,16.66
2002,364,31.19,16.62
2002,365,31.06,16.62
2002,366,30.88,16.6
2003,1,30.84,16.64
2003,2,30.76,16.57
2003,3,30.73,16.5
2003,4,30.72,16.5
2003,5,30.66,16.47
2003,6,30.63,16.41
2003,7,30.65,16.37
2003,8,30.66,16.35
2003,9,30.65,16.26
2003,10,30.54,16.17
2003,11,30.5,16.14
2003,12,30.48,16.09
2003,13,30.51,16.0
2003,14,30.55,15.9
2003,15,30.59,15.8
2003,16,30.78,15.74
2003,17,30.79,15.75
2003,18,30.84,15.74
2003,19,30.89,15.71
2003,20,30.94,15.72
2003,21,30.93,15.75
2003,22,30.93,15.73
2003,23,31.07,15.69
2003,24,31.23,15.73
2003,25,31.49,15.81
2003,26,31.56,15.91
2003,27,31.63,16.0
2003,28,31.7,16.12
2003,29,31.78,16.22
2003,30,31.94,16.28
2003,31,32.05,16.36
2003,32,32.23,16.42
2003,33,32.3,16.47
2003,34,32.28,16.51
2003,35,32.34,16.54
2003,36,32.47,16.58
2003,37,32.6,16.69
2003,38,32.7,16.84
2003,39,32.8,17.01
2003,40,32.88,17.13
2003,41,33.1,17.2
2003,42,33.3,17.32
2003,43,33.5,17.45
2003,44,33.75,17.58
2003,45,33.95,17.74
2003,46,34.12,17.9
2003,47,34.26,18.09
2003,48,34.36,18.3
2003,49,34.54,18.45
2003,50,34.76,18.58
2003,51,34.99,18.72
2003,52,35.22,18.87
2003,53,35.48,19.02
2003,54,35.72,19.14
2003,55,35.96,19.34
2003,56,36.16,19.53
2003,57,36.3,19.7
2003,58,36.44,19.82
2003,59,36.56,19.92
2003,60,36.61,20.04
2003,61,36.71,20.15
2003,62,36.89,20.25
2003,63,37.16,20.36
2003,64,37.37,20.56
2003,65,37.55,20.84
2003,66,37.65,21.09
2003,67,37.78,21.28
2003,68,37.91,21.41
2003,69,38.03,21.56
2003,70,38.14,21.64
2003,71,38.25,21.72
2003,72,38.37,21.83
2003,73,38.52,21.98
2003,74,38.7,22.14
2003,75,38.94,22.31
2003,76,39.13,22.51
2003,77,39.25,22.68
2003,78,39.45,22.84
2003,79,39.74,22.96
2003,80,39.96,23.08
2003,81,40.23,23.21
2003,82,40.4,23.31
2003,83,40.61,23.38
2003,84,40.81,23.5
2003,85,41.0,23.63
2003,86,41.22,23.74
2003,87,41.56,23.85
2003,88,41.86,23.95
2003,89,42.11,24.1
2003,90,42.31,24.22
2003,91,42.49,24.32
2003,92,42.63,24.39
2003,93,42.75,24.45
2003,94,42.83,24.49
2003,95,42.95,24.51
2003,96,43.04,24.55
2003,97,43.14,24.65
2003,98,43.19,24.75
2003,99,43.25,24.82
2003,100,43.29,24.89
2003,101,43.31,24.98
2003,102,43.32,25.09
2003,103,43.28,25.23
2003,104,43.27,25.34
2003,105,43.34,25.43
2003,106,43.46,25.55
2003,107,43.69,25.75
2003,108,43.85,25.94
2003,109,43.93,26.13
2003,110,44.03,26.29
2003,111,44.16,26.45
2003,112,44.32,26.6
2003,113,44.5,26.75
2003,114,44.71,26.91
2003,115,44.9,27.06
2003,116,45.07,27.21
2003,117,45.22,27.3
2003,118,45.39,27.4
2003,119,45.54,27.52
2003,120,45.64,27.61
2003,121,45.7,27.68
2003,122,45.69,27.71
2003,123,45.71,27.76
2003,124,45.71,27.78
2003,125,45.68,27.8
2003,126,45.66,27.84
2003,127,45.61,27.9
2003,128,45.59,27.98
2003,129,45.49,28.05
2003,130,45.43,28.13
2003,131,45.34,28.23
2003,132,45.18,28.3
2003,133,45.02,28.32
2003,134,44.79,28.35
2003,135,44.65,28.4
2003,136,44.58,28.45
2003,137,44.53,28.5
2003,138,44.48,28.54
2003,139,44.5,28.6
2003,140,44.56,28.69
2003,141,44.53,28.77
2003,142,44.49,28.82
2003,143,44.4,28.86
2003,144,44.35,28.88
2003,145,44.24,28.89
2003,146,44.19,28.88
2003,147,44.23,28.89
2003,148,44.27,28.93
2003,149,44.39,28.97
2003,150,44.42,29.01
2003,151,44.37,29.06
2003,152,44.28,29.11
2003,153,44.09,29.14
2003,154,43.95,29.18
2003,155,43.78,29.21
2003,156,43.66,29.22
2003,157,43.5,29.24
2003,158,43.41,29.29
2003,159,43.38,29.33
2003,160,43.27,29.35
2003,161,43.15,29.37
2003,162,42.98,29.4
2003,163,42.69,29.39
2003,164,42.24,29.35
2003,165,41.75,29.26
2003,166,41.41,29.18
2003,167,41.08,29.11
2003,168,40.83,29.07
2003,169,40.54,29.03
2003,170,40.27,28.96
2003,171,39.99,28.88
2003,172,39.67,28.78
2003,173,39.35,28.65
2003,174,39.04,28.54
2003,175,38.82,28.44
2003,176,38.41,28.33
2003,177,38.06,28.2
2003,178,37.84,28.11
2003,179,37.73,28.04
2003,180,37.71,27.99
2003,181,37.62,27.94
2003,182,37.55,27.88
2003,183,37.48,27.82
2003,184,37.34,27.74
2003,185,37.09,27.68
2003,186,36.9,27.62
2003,187,36.76,27.58
2003,188,36.56,27.53
2003,189,36.19,27.45
2003,190,35.88,27.36
2003,191,35.76,27.31
2003,192,35.65,27.31
2003,193,35.42,27.28
2003,194,35.23,27.22
2003,195,34.96,27.15
2003,196,34.78,27.08
2003,197,34.61,27.03
2003,198,34.47,26.97
2003,199,34.23,26.91
2003,200,34.14,26.84
2003,201,34.03,26.78
2003,202,33.9,26.72
2003,203,33.79,26.68
2003,204,33.89,26.64
2003,205,33.98,26.63
2003,206,34.02,26.62
2003,207,33.95,26.58
2003,208,34.04,26.55
2003,209,34.13,26.56
2003,210,34.2,26.55
2003,211,34.09,26.53
2003,212,33.88,26.46
2003,213,33.71,26.41
2003,214,33.76,26.39
2003,215,33.74,26.36
2003,216,33.74,26.35
2003,217,33.78,26.33
2003,218,33.86,26.31
2003,219,33.82,26.31
2003,220,33.74,26.3
2003,221,33.68,26.26
2003,222,33.71,26.22
2003,223,33.73,26.18
2003,224,33.71,26.15
2003,225,33.82,26.15
2003,226,33.95,26.15
2003,227,34.25,26.17
2003,228,34.51,26.2
2003,229,34.69,26.21
2003,230,34.84,26.21
2003,231,34.93,26.21
2003,232,35.06,26.2
2003,233,35.11,26.18
2003,234,35.18,26.16
2003,235,35.25,26.15
2003,236,35.32,26.15
2003,237,35.4,26.14
2003,238,35.41,26.14
2003,239,35.38,26.14
2003,240,35.38,26.12
2003,241,35.42,26.09
2003,242,35.43,26.06
2003,243,35.43,26.02
2003,244,35.51,25.97
2003,245,35.53,25.93
2003,246,35.58,25.89
2003,247,35.6,25.86
2003,248,35.7,25.85
2003,249,35.84,25.84
2003,250,36.09,25.82
2003,251,36.33,25.81
2003,252,36.5,25.82
2003,253,36.69,25.82
2003,254,36.96,25.81
2003,255,37.14,25.8
2003,256,37.25,25.79
2003,257,37.4,25.81
2003,258,37.62,25.84
2003,259,37.83,25.9
2003,260,38.06,25.98
2003,261,38.34,26.04
2003,262,38.67,26.11
2003,263,38.95,26.21
2003,264,39.21,26.27
2003,265,39.35,26.33
2003,266,39.54,26.4
2003,267,39.73,26.42
2003,268,39.93,26.45
2003,269,40.09,26.45
2003,270,40.27,26.48
2003,271,40.46,26.5
2003,272,40.6,26.49
2003,273,40.69,26.48
2003,274,40.69,26.46
2003,275,40.73,26.43
2003,276,40.72,26.38
2003,277,40.66,26.33
2003,278,40.62,26.26
2003,279,40.6,26.2
2003,280,40.53,26.11
2003,281,40.39,25.99
2003,282,40.24,25.85
2003,283,40.14,25.69
2003,284,40.11,25.53
2003,285,40.06,25.31
2003,286,40.0,25.11
2003,287,39.92,24.92
2003,288,39.86,24.73
2003,289,39.75,24.57
2003,290,39.56,24.4
2003,291,39.39,24.22
2003,292,39.25,23.99
2003,293,39.15,23.75
2003,294,39.04,23.54
2003,295,39.01,23.36
2003,296,39.0,23.2
2003,297,38.99,23.09
2003,298,38.92,22.97
2003,299,38.86,22.91
2003,300,38.8,22.88
2003,301,38.75,22.81
2003,302,38.69,22.74
2003,303,38.57,22.66
2003,304,38.47,22.51
2003,305,38.44,22.37
2003,306,38.39,22.24
2003,307,38.3,22.15
2003,308,38.13,22.08
2003,309,37.92,21.96
2003,310,37.71,21.77
2003,311,37.54,21.59
2003,312,37.39,21.42
2003,313,37.26,21.27
2003,314,37.11,21.11
2003,315,36.94,20.94
2003,316,36.74,20.81
2003,317,36.53,20.64
2003,318,36.33,20.46
2003,319,36.19,20.29
2003,320,36.04,20.12
2003,321,35.92,20.01
2003,322,35.77,19.9
2003,323,35.66,19.72
2003,324,35.51,19.54
2003,325,35.34,19.4
2003,326,35.11,19.29
2003,327,34.9,19.15
2003,328,34.66,18.96
2003,329,34.38,18.76
2003,330,34.16,18.59
2003,331,33.95,18.4
2003,332,33.78,18.25
2003,333,33.69,18.11
2003,334,33.6,18.02
2003,335,33.5,17.95
2003,336,33.36,17.84
2003,337,33.22,17.66
2003,338,33.03,17.52
2003,339,32.92,17.42
2003,340,32.82,17.33
2003,341,32.78,17.25
2003,342,32.72,17.21
2003,343,32.75,17.22
2003,344,32.82,17.23
2003,345,32.88,17.25
2003,346,32.9,17.29
2003,347,32.81,17.32
2003,348,32.66,17.35
2003,349,32.54,17.33
2003,350,32.45,17.26
2003,351,32.35,17.17
2003,352,32.32,17.16
2003,353,32.28,17.18
2003,354,32.26,17.19
2003,355,32.27,17.19
2003,356,32.24,17.17
2003,357,32.18,17.11
2003,358,31.93,17.08
2003,359,31.66,17.03
2003,360,31.45,16.95
2003,361,31.34,16.85
2003,362,31.31,16.76
2003,363,31.26,16.69
2003,364,31.13,16.65
2003,365,31.0,16.66
2003,366,30.84,16.64
2004,1,30.67,16.56
2004,2,30.61,16.51
2004,3,30.59,16.48
2004,4,30.62,16.52
2004,5,30.63,16.52
2004,6,30.65,16.49
2004,7,30.69,16.49
2004,8,30.71,16.5
2004,9,30.76,16.44
2004,10,30.69,16.38
2004,11,30.69,16.34
2004,12,30.7,16.28
2004,13,30.74,16.21
2004,14,30.79,16.12
2004,15,30.84,16.04
2004,16,31.02,15.99
2004,17,31.04,15.98
2004,18,31.1,15.95
2004,19,31.17,15.93
2004,20,31.24,15.94
2004,21,31.22,15.97
2004,22,31.23,15.96
2004,23,31.36,15.92
2004,24,31.51,15.97
2004,25,31.74,16.07
2004,26,31.8,16.17
2004,27,31.81,16.28
2004,28,31.85,16.38
2004,29,31.91,16.46
2004,30,32.06,16.51
2004,31,32.17,16.59
2004,32,32.34,16.63
2004,33,32.4,16.69
2004,34,32.37,16.72
2004,35,32.4,16.75
2004,36,32.53,16.78
2004,37,32.66,16.88
2004,38,32.77,17.01
2004,39,32.89,17.16
2004,40,33.0,17.27
2004,41,33.21,17.36
2004,42,33.39,17.48
2004,43,33.56,17.62
2004,44,33.79,17.72
2004,45,33.95,17.86
2004,46,34.1,18.0
2004,47,34.24,18.18
2004,48,34.36,18.38
2004,49,34.53,18.53
2004,50,34.76,18.66
2004,51,35.0,18.81
2004,52,35.24,18.97
2004,53,35.49,19.15
2004,54,35.7,19.28
2004,55,35.87,19.46
2004,56,36.04,19.59
2004,57,36.2,19.7
2004,58,36.37,19.76
2004,59,36.51,19.86
2004,60,36.6,19.99
2004,61,36.72,20.1
2004,62,36.9,20.2
2004,63,37.15,20.3
2004,64,37.35,20.48
2004,65,37.51,20.72
2004,66,37.62,20.93
2004,67,37.73,21.1
2004,68,37.85,21.22
2004,69,37.99,21.35
2004,70,38.15,21.44
2004,71,38.32,21.58
2004,72,38.48,21.72
2004,73,38.67,21.91
2004,74,38.87,22.1
2004,75,39.11,22.29
2004,76,39.31,22.5
2004,77,39.46,22.69
2004,78,39.67,22.88
2004,79,39.98,23.03
2004,80,40.2,23.18
2004,81,40.44,23.32
2004,82,40.59,23.43
2004,83,40.81,23.52
2004,84,41.02,23.65
2004,85,41.23,23.79
2004,86,41.45,23.92
2004,87,41.75,24.04
2004,88,42.02,24.15
2004,89,42.25,24.29
2004,90,42.45,24.42
2004,91,42.64,24.52
2004,92,42.77,24.59
2004,93,42.89,24.65
2004,94,42.96,24.7
2004,95,43.07,24.73
2004,96,43.16,24.78
2004,97,43.26,24.86
2004,98,43.29,24.97
2004,99,43.33,25.03
2004,100,43.36,25.11
2004,101,43.39,25.2
2004,102,43.39,25.31
2004,103,43.36,25.43
2004,104,43.36,25.53
2004,105,43.42,25.63
2004,106,43.54,25.74
2004,107,43.74,25.92
2004,108,43.87,26.07
2004,109,43.95,26.23
2004,110,44.07,26.36
2004,111,44.22,26.51
2004,112,44.41,26.67
2004,113,44.6,26.82
2004,114,44.83,26.97
2004,115,45.0,27.09
2004,116,45.14,27.2
2004,117,45.29,27.27
2004,118,45.44,27.36
2004,119,45.56,27.45
2004,120,45.63,27.52
2004,121,45.66,27.58
2004,122,45.67,27.62
2004,123,45.72,27.68
2004,124,45.74,27.73
2004,125,45.73,27.77
2004,126,45.71,27.81
2004,127,45.68,27.88
2004,128,45.66,27.97
2004,129,45.59,28.04
2004,130,45.55,28.13
2004,131,45.47,28.23
2004,132,45.35,28.32
2004,133,45.22,28.36
2004,134,45.03,28.4
2004,135,44.91,28.46
2004,136,44.83,28.52
2004,137,44.78,28.57
2004,138,44.7,28.6
2004,139,44.68,28.64
2004,140,44.7,28.71
2004,141,44.65,28.77
2004,142,44.59,28.81
2004,143,44.5,28.84
2004,144,44.43,28.86
2004,145,44.33,28.87
2004,146,44.31,28.86
2004,147,44.34,28.87
2004,148,44.39,28.91
2004,149,44.49,28.96
2004,150,44.53,29.02
2004,151,44.49,29.07
2004,152,44.42,29.12
2004,153,44.26,29.16
2004,154,44.14,29.21
2004,155,43.99,29.24
2004,156,43.88,29.26
2004,157,43.73,29.29
2004,158,43.64,29.33
2004,159,43.6,29.38
2004,160,43.48,29.41
2004,161,43.25,29.4
2004,162,42.97,29.41
2004,163,42.62,29.37
2004,164,42.15,29.31
2004,165,41.66,29.2
2004,166,41.29,29.11
2004,167,40.94,29.04
2004,168,40.66,28.98
2004,169,40.35,28.94
2004,170,40.06,28.87
2004,171,39.74,28.77
2004,172,39.4,28.67
2004,173,39.06,28.53
2004,174,38.73,28.42
2004,175,38.5,28.33
2004,176,38.2,28.24
2004,177,37.96,28.13
2004,178,37.8,28.07
2004,179,37.72,28.0
2004,180,37.7,27.96
2004,181,37.61,27.9
2004,182,37.53,27.83
2004,183,37.44,27.76
2004,184,37.31,27.67
2004,185,37.06,27.6
2004,186,36.89,27.55
2004,187,36.76,27.5
2004,188,36.57,27.44
2004,189,36.25,27.36
2004,190,35.9,27.26
2004,191,35.76,27.2
2004,192,35.64,27.19
2004,193,35.41,27.16
2004,194,35.23,27.11
2004,195,34.97,27.06
2004,196,34.81,27.0
2004,197,34.65,26.96
2004,198,34.47,26.91
2004,199,34.21,26.84
2004,200,34.13,26.77
2004,201,34.02,26.71
2004,202,33.86,26.66
2004,203,33.75,26.61
2004,204,33.82,26.58
2004,205,33.93,26.57
2004,206,33.96,26.55
2004,207,33.9,26.52
2004,208,33.94,26.49
2004,209,33.98,26.48
2004,210,34.02,26.46
2004,211,33.93,26.43
2004,212,33.78,26.37
2004,213,33.7,26.33
2004,214,33.78,26.31
2004,215,33.77,26.29
2004,216,33.78,26.28
2004,217,33.86,26.26
2004,218,33.94,26.25
2004,219,33.9,26.25
2004,220,33.84,26.24
2004,221,33.77,26.21
2004,222,33.79,26.18
2004,223,33.83,26.15
2004,224,33.82,26.12
2004,225,33.93,26.13
2004,226,34.05,26.14
2004,227,34.31,26.17
2004,228,34.52,26.2
2004,229,34.61,26.2
2004,230,34.68,26.19
2004,231,34.71,26.18
2004,232,34.8,26.17
2004,233,34.82,26.14
2004,234,34.89,26.1
2004,235,34.91,26.1
2004,236,34.97,26.08
2004,237,35.03,26.07
2004,238,35.04,26.07
2004,239,35.01,26.06
2004,240,35.02,26.03
2004,241,35.04,26.0
2004,242,35.02,25.96
2004,243,35.02,25.91
2004,244,35.13,25.86
2004,245,35.21,25.82
2004,246,35.28,25.78
2004,247,35.31,25.76
2004,248,35.4,25.75
2004,249,35.51,25.74
2004,250,35.77,25.72
2004,251,36.01,25.72
2004,252,36.2,25.72
2004,253,36.39,25.72
2004,254,36.67,25.72
2004,255,36.85,25.72
2004,256,36.97,25.72
2004,257,37.1,25.74
2004,258,37.3,25.77
2004,259,37.51,25.84
2004,260,37.73,25.91
2004,261,38.02,25.97
2004,262,38.35,26.04
2004,263,38.64,26.13
2004,264,38.93,26.2
2004,265,39.09,26.26
2004,266,39.3,26.32
2004,267,39.49,26.35
2004,268,39.72,26.37
2004,269,39.86,26.37
2004,270,40.04,26.39
2004,271,40.23,26.39
2004,272,40.38,26.34
2004,273,40.5,26.32
2004,274,40.53,26.29
2004,275,40.6,26.25
2004,276,40.61,26.2
2004,277,40.57,26.14
2004,278,40.55,26.05
2004,279,40.53,25.96
2004,280,40.47,25.85
2004,281,40.35,25.72
2004,282,40.21,25.56
2004,283,40.11,25.41
2004,284,40.08,25.24
2004,285,40.04,25.03
2004,286,39.99,24.86
2004,287,39.94,24.69
2004,288,39.89,24.51
2004,289,39.79,24.35
2004,290,39.61,24.18
2004,291,39.44,23.99
2004,292,39.3,23.77
2004,293,39.19,23.53
2004,294,39.07,23.34
2004,295,39.02,23.18
2004,296,38.99,23.04
2004,297,38.97,22.95
2004,298,38.9,22.84
2004,299,38.83,22.78
2004,300,38.77,22.75
2004,301,38.73,22.68
2004,302,38.66,22.64
2004,303,38.56,22.59
2004,304,38.46,22.48
2004,305,38.44,22.37
2004,306,38.39,22.27
2004,307,38.32,22.21
2004,308,38.15,22.15
2004,309,37.97,22.03
2004,310,37.78,21.85
2004,311,37.61,21.67
2004,312,37.47,21.5
2004,313,37.35,21.36
2004,314,37.18,21.2
2004,315,36.99,21.05
2004,316,36.78,20.91
2004,317,36.56,20.72
2004,318,36.36,20.54
2004,319,36.22,20.35
2004,320,36.06,20.17
2004,321,35.93,20.05
2004,322,35.78,19.93
2004,323,35.68,19.79
2004,324,35.53,19.63
2004,325,35.37,19.51
2004,326,35.16,19.39
2004,327,34.96,19.26
2004,328,34.74,19.07
2004,329,34.5,18.88
2004,330,34.3,18.7
2004,331,34.1,18.5
2004,332,33.96,18.35
2004,333,33.87,18.22
2004,334,33.79,18.14
2004,335,33.7,18.07
2004,336,33.58,17.97
2004,337,33.44,17.78
2004,338,33.27,17.64
2004,339,33.16,17.54
2004,340,33.06,17.45
2004,341,33.01,17.38
2004,342,32.92,17.33
2004,343,32.89,17.33
2004,344,32.91,17.31
2004,345,32.93,17.31
2004,346,32.92,17.34
2004,347,32.81,17.36
2004,348,32.65,17.37
2004,349,32.51,17.34
2004,350,32.42,17.25
2004,351,32.31,17.14
2004,352,32.26,17.12
2004,353,32.19,17.12
2004,354,32.12,17.09
2004,355,32.06,17.06
2004,356,31.99,17.02
2004,357,31.92,16.95
2004,358,31.73,16.89
2004,359,31.45,16.84
2004,360,31.25,16.77
2004,361,31.13,16.68
2004,362,31.08,16.61
2004,363,31.04,16.55
2004,364,30.93,16.53
2004,365,30.82,16.55
2004,366,30.67,16.56
2005,1,30.58,16.63
2005,2,30.52,16.6
2005,3,30.52,16.56
2005,4,30.58,16.59
2005,5,30.61,16.59
2005,6,30.64,16.56
2005,7,30.68,16.53
2005,8,30.72,16.52
2005,9,30.84,16.47
2005,10,30.79,16.43
2005,11,30.81,16.4
2005,12,30.84,16.35
2005,13,30.9,16.27
2005,14,30.94,16.18
2005,15,31.0,16.1
2005,16,31.16,16.04
2005,17,31.16,16.02
2005,18,31.21,15.99
2005,19,31.25,15.96
2005,20,31.28,15.97
2005,21,31.25,15.99
2005,22,31.25,15.99
2005,23,31.35,15.96
2005,24,31.44,15.99
2005,25,31.62,16.06
2005,26,31.62,16.14
2005,27,31.61,16.22
2005,28,31.64,16.3
2005,29,31.71,16.36
2005,30,31.87,16.38
2005,31,32.0,16.44
2005,32,32.19,16.48
2005,33,32.27,16.53
2005,34,32.27,16.57
2005,35,32.32,16.6
2005,36,32.45,16.63
2005,37,32.58,16.73
2005,38,32.71,16.87
2005,39,32.87,17.02
2005,40,33.04,17.14
2005,41,33.3,17.25
2005,42,33.49,17.38
2005,43,33.68,17.54
2005,44,33.92,17.66
2005,45,34.1,17.81
2005,46,34.27,17.98
2005,47,34.42,18.18
2005,48,34.56,18.39
2005,49,34.76,18.56
2005,50,35.0,18.71
2005,51,35.25,18.88
2005,52,35.48,19.03
2005,53,35.72,19.18
2005,54,35.92,19.32
2005,55,36.08,19.5
2005,56,36.25,19.64
2005,57,36.44,19.76
2005,58,36.62,19.86
2005,59,36.76,19.97
2005,60,36.86,20.11
2005,61,36.99,20.22
2005,62,37.18,20.32
2005,63,37.43,20.41
2005,64,37.62,20.59
2005,65,37.79,20.81
2005,66,37.91,21.02
2005,67,38.05,21.18
2005,68,38.19,21.32
2005,69,38.36,21.47
2005,70,38.54,21.58
2005,71,38.73,21.72
2005,72,38.92,21.87
2005,73,39.12,22.04
2005,74,39.34,22.21
2005,75,39.57,22.41
2005,76,39.77,22.63
2005,77,39.91,22.84
2005,78,40.09,23.02
2005,79,40.33,23.15
2005,80,40.53,23.27
2005,81,40.74,23.4
2005,82,40.88,23.5
2005,83,41.07,23.58
2005,84,41.24,23.68
2005,85,41.4,23.81
2005,86,41.57,23.92
2005,87,41.83,24.04
2005,88,42.06,24.15
2005,89,42.26,24.29
2005,90,42.44,24.41
2005,91,42.6,24.49
2005,92,42.71,24.56
2005,93,42.83,24.62
2005,94,42.92,24.68
2005,95,43.04,24.74
2005,96,43.14,24.81
2005,97,43.25,24.9
2005,98,43.29,25.01
2005,99,43.33,25.08
2005,100,43.38,25.16
2005,101,43.41,25.26
2005,102,43.41,25.35
2005,103,43.38,25.47
2005,104,43.38,25.56
2005,105,43.44,25.65
2005,106,43.56,25.77
2005,107,43.77,25.94
2005,108,43.93,26.1
2005,109,44.03,26.26
2005,110,44.15,26.41
2005,111,44.3,26.56
2005,112,44.47,26.71
2005,113,44.64,26.84
2005,114,44.83,26.98
2005,115,44.98,27.09
2005,116,45.12,27.19
2005,117,45.29,27.26
2005,118,45.46,27.37
2005,119,45.6,27.47
2005,120,45.69,27.56
2005,121,45.73,27.63
2005,122,45.72,27.7
2005,123,45.76,27.79
2005,124,45.69,27.85
2005,125,45.64,27.89
2005,126,45.59,27.92
2005,127,45.51,27.99
2005,128,45.46,28.07
2005,129,45.39,28.15
2005,130,45.36,28.24
2005,131,45.29,28.35
2005,132,45.16,28.43
2005,133,45.02,28.46
2005,134,44.82,28.49
2005,135,44.67,28.53
2005,136,44.59,28.57
2005,137,44.53,28.58
2005,138,44.44,28.58
2005,139,44.48,28.61
2005,140,44.52,28.67
2005,141,44.49,28.73
2005,142,44.49,28.77
2005,143,44.45,28.8
2005,144,44.42,28.82
2005,145,44.33,28.83
2005,146,44.31,28.83
2005,147,44.35,28.85
2005,148,44.39,28.9
2005,149,44.49,28.94
2005,150,44.53,29.0
2005,151,44.5,29.05
2005,152,44.45,29.11
2005,153,44.31,29.16
2005,154,44.19,29.2
2005,155,44.05,29.23
2005,156,43.94,29.25
2005,157,43.79,29.27
2005,158,43.69,29.31
2005,159,43.61,29.35
2005,160,43.46,29.36
2005,161,43.17,29.34
2005,162,42.86,29.32
2005,163,42.49,29.28
2005,164,42.02,29.22
2005,165,41.53,29.11
2005,166,41.16,29.02
2005,167,40.79,28.94
2005,168,40.48,28.87
2005,169,40.16,28.82
2005,170,39.88,28.75
2005,171,39.57,28.66
2005,172,39.23,28.57
2005,173,38.9,28.44
2005,174,38.59,28.34
2005,175,38.38,28.27
2005,176,38.15,28.21
2005,177,37.97,28.12
2005,178,37.83,28.07
2005,179,37.78,28.02
2005,180,37.77,27.97
2005,181,37.67,27.91
2005,182,37.58,27.84
2005,183,37.49,27.78
2005,184,37.37,27.7
2005,185,37.13,27.63
2005,186,36.96,27.58
2005,187,36.81,27.53
2005,188,36.64,27.47
2005,189,36.32,27.39
2005,190,36.0,27.29
2005,191,35.87,27.24
2005,192,35.74,27.23
2005,193,35.52,27.19
2005,194,35.31,27.13
2005,195,35.06,27.09
2005,196,34.95,27.04
2005,197,34.83,27.0
2005,198,34.71,26.96
2005,199,34.51,26.9
2005,200,34.48,26.85
2005,201,34.35,26.8
2005,202,34.18,26.75
2005,203,34.07,26.7
2005,204,34.11,26.65
2005,205,34.13,26.62
2005,206,34.09,26.59
2005,207,33.97,26.53
2005,208,33.97,26.49
2005,209,34.01,26.48
2005,210,34.03,26.45
2005,211,33.92,26.41
2005,212,33.73,26.35
2005,213,33.58,26.29
2005,214,33.59,26.26
2005,215,33.5,26.21
2005,216,33.47,26.18
2005,217,33.54,26.15
2005,218,33.57,26.13
2005,219,33.51,26.13
2005,220,33.47,26.12
2005,221,33.41,26.09
2005,222,33.43,26.07
2005,223,33.5,26.04
2005,224,33.51,26.01
2005,225,33.6,26.02
2005,226,33.7,26.02
2005,227,33.97,26.05
2005,228,34.19,26.07
2005,229,34.25,26.08
2005,230,34.33,26.08
2005,231,34.41,26.07
2005,232,34.49,26.06
2005,233,34.52,26.03
2005,234,34.62,26.0
2005,235,34.66,26.0
2005,236,34.75,25.99
2005,237,34.83,25.97
2005,238,34.83,25.97
2005,239,34.82,25.96
2005,240,34.85,25.93
2005,241,34.9,25.9
2005,242,34.9,25.86
2005,243,34.91,25.81
2005,244,35.09,25.77
2005,245,35.22,25.75
2005,246,35.31,25.72
2005,247,35.35,25.7
2005,248,35.45,25.7
2005,249,35.58,25.7
2005,250,35.84,25.69
2005,251,36.09,25.69
2005,252,36.29,25.7
2005,253,36.47,25.7
2005,254,36.74,25.7
2005,255,36.92,25.72
2005,256,37.04,25.72
2005,257,37.17,25.77
2005,258,37.37,25.82
2005,259,37.57,25.89
2005,260,37.77,25.95
2005,261,38.07,26.02
2005,262,38.39,26.09
2005,263,38.68,26.18
2005,264,38.97,26.24
2005,265,39.15,26.31
2005,266,39.36,26.37
2005,267,39.54,26.4
2005,268,39.76,26.43
2005,269,39.87,26.44
2005,270,40.02,26.45
2005,271,40.19,26.43
2005,272,40.33,26.38
2005,273,40.43,26.33
2005,274,40.44,26.29
2005,275,40.48,26.24
2005,276,40.45,26.19
2005,277,40.39,26.12
2005,278,40.36,26.03
2005,279,40.32,25.91
2005,280,40.25,25.77
2005,281,40.12,25.62
2005,282,40.0,25.45
2005,283,39.9,25.28
2005,284,39.89,25.1
2005,285,39.85,24.89
2005,286,39.81,24.71
2005,287,39.77,24.54
2005,288,39.71,24.36
2005,289,39.64,24.19
2005,290,39.48,24.01
2005,291,39.35,23.8
2005,292,39.25,23.57
2005,293,39.16,23.33
2005,294,39.05,23.16
2005,295,39.0,23.01
2005,296,38.97,22.88
2005,297,38.94,22.78
2005,298,38.86,22.67
2005,299,38.8,22.62
2005,300,38.73,22.58
2005,301,38.67,22.53
2005,302,38.58,22.49
2005,303,38.45,22.43
2005,304,38.33,22.32
2005,305,38.29,22.23
2005,306,38.23,22.14
2005,307,38.15,22.08
2005,308,38.0,22.04
2005,309,37.83,21.95
2005,310,37.66,21.82
2005,311,37.52,21.66
2005,312,37.39,21.53
2005,313,37.28,21.41
2005,314,37.13,21.26
2005,315,36.95,21.12
2005,316,36.77,21.0
2005,317,36.59,20.81
2005,318,36.43,20.63
2005,319,36.31,20.45
2005,320,36.18,20.27
2005,321,36.06,20.16
2005,322,35.93,20.05
2005,323,35.82,19.91
2005,324,35.68,19.75
2005,325,35.53,19.62
2005,326,35.33,19.5
2005,327,35.13,19.36
2005,328,34.91,19.15
2005,329,34.68,18.96
2005,330,34.48,18.78
2005,331,34.29,18.59
2005,332,34.13,18.44
2005,333,34.03,18.31
2005,334,33.94,18.23
2005,335,33.84,18.16
2005,336,33.7,18.07
2005,337,33.55,17.88
2005,338,33.38,17.74
2005,339,33.26,17.63
2005,340,33.14,17.53
2005,341,33.07,17.45
2005,342,32.98,17.4
2005,343,32.95,17.39
2005,344,32.97,17.37
2005,345,33.0,17.36
2005,346,32.98,17.37
2005,347,32.87,17.37
2005,348,32.71,17.37
2005,349,32.58,17.34
2005,350,32.48,17.25
2005,351,32.37,17.13
2005,352,32.31,17.1
2005,353,32.22,17.09
2005,354,32.13,17.06
2005,355,32.06,17.03
2005,356,32.0,16.99
2005,357,31.94,16.94
2005,358,31.74,16.92
2005,359,31.43,16.87
2005,360,31.22,16.79
2005,361,31.09,16.71
2005,362,31.03,16.65
2005,363,30.97,16.6
2005,364,30.85,16.59
2005,365,30.72,16.62
2005,366,30.58,16.63
2006,1,30.56,16.44
2006,2,30.54,16.41
2006,3,30.53,16.39
2006,4,30.58,16.42
2006,5,30.59,16.42
2006,6,30.61,16.38
2006,7,30.65,16.35
2006,8,30.68,16.35
2006,9,30.79,16.3
2006,10,30.72,16.27
2006,11,30.74,16.24
2006,12,30.76,16.17
2006,13,30.78,16.1
2006,14,30.8,16.02
2006,15,30.85,15.93
2006,16,30.98,15.87
2006,17,30.96,15.86
2006,18,30.98,15.84
2006,19,31.02,15.82
2006,20,31.05,15.84
2006,21,31.01,15.88
2006,22,31.0,15.86
2006,23,31.05,15.84
2006,24,31.13,15.88
2006,25,31.31,15.94
2006,26,31.33,16.02
2006,27,31.35,16.11
2006,28,31.42,16.18
2006,29,31.53,16.24
2006,30,31.69,16.29
2006,31,31.82,16.36
2006,32,32.04,16.41
2006,33,32.18,16.48
2006,34,32.23,16.55
2006,35,32.31,16.6
2006,36,32.47,16.65
2006,37,32.64,16.79
2006,38,32.82,16.95
2006,39,33.0,17.12
2006,40,33.16,17.26
2006,41,33.37,17.38
2006,42,33.52,17.51
2006,43,33.66,17.64
2006,44,33.85,17.73
2006,45,33.99,17.83
2006,46,34.14,17.96
2006,47,34.26,18.12
2006,48,34.37,18.29
2006,49,34.54,18.43
2006,50,34.78,18.56
2006,51,35.02,18.72
2006,52,35.25,18.87
2006,53,35.49,19.02
2006,54,35.72,19.16
2006,55,35.91,19.34
2006,56,36.12,19.49
2006,57,36.35,19.63
2006,58,36.57,19.76
2006,59,36.74,19.93
2006,60,36.88,20.1
2006,61,37.03,20.25
2006,62,37.21,20.38
2006,63,37.45,20.5
2006,64,37.63,20.67
2006,65,37.79,20.88
2006,66,37.91,21.07
2006,67,38.04,21.21
2006,68,38.17,21.34
2006,69,38.33,21.46
2006,70,38.51,21.56
2006,71,38.7,21.69
2006,72,38.9,21.84
2006,73,39.08,22.02
2006,74,39.31,22.2
2006,75,39.52,22.38
2006,76,39.73,22.59
2006,77,39.89,22.78
2006,78,40.07,22.95
2006,79,40.3,23.09
2006,80,40.49,23.22
2006,81,40.68,23.35
2006,82,40.81,23.46
2006,83,40.98,23.53
2006,84,41.14,23.64
2006,85,41.3,23.75
2006,86,41.48,23.85
2006,87,41.73,23.95
2006,88,41.99,24.04
2006,89,42.22,24.17
2006,90,42.41,24.3
2006,91,42.56,24.38
2006,92,42.66,24.43
2006,93,42.75,24.48
2006,94,42.84,24.52
2006,95,42.96,24.56
2006,96,43.06,24.62
2006,97,43.18,24.72
2006,98,43.24,24.83
2006,99,43.3,24.9
2006,100,43.36,24.99
2006,101,43.39,25.08
2006,102,43.39,25.19
2006,103,43.36,25.3
2006,104,43.36,25.4
2006,105,43.42,25.5
2006,106,43.56,25.63
2006,107,43.78,25.84
2006,108,43.96,26.02
2006,109,44.08,26.2
2006,110,44.2,26.36
2006,111,44.33,26.52
2006,112,44.48,26.67
2006,113,44.62,26.81
2006,114,44.79,26.95
2006,115,44.91,27.07
2006,116,45.04,27.19
2006,117,45.18,27.27
2006,118,45.31,27.39
2006,119,45.42,27.49
2006,120,45.5,27.56
2006,121,45.53,27.63
2006,122,45.52,27.69
2006,123,45.55,27.77
2006,124,45.49,27.82
2006,125,45.44,27.85
2006,126,45.4,27.87
2006,127,45.33,27.93
2006,128,45.31,28.01
2006,129,45.26,28.08
2006,130,45.24,28.17
2006,131,45.17,28.26
2006,132,45.07,28.34
2006,133,44.97,28.36
2006,134,44.81,28.41
2006,135,44.69,28.46
2006,136,44.63,28.5
2006,137,44.61,28.53
2006,138,44.55,28.55
2006,139,44.6,28.58
2006,140,44.64,28.66
2006,141,44.62,28.74
2006,142,44.63,28.79
2006,143,44.59,28.84
2006,144,44.56,28.86
2006,145,44.5,28.9
2006,146,44.49,28.91
2006,147,44.51,28.92
2006,148,44.54,28.97
2006,149,44.62,28.99
2006,150,44.65,29.04
2006,151,44.61,29.09
2006,152,44.54,29.13
2006,153,44.4,29.17
2006,154,44.29,29.21
2006,155,44.15,29.24
2006,156,44.04,29.26
2006,157,43.9,29.28
2006,158,43.8,29.32
2006,159,43.72,29.36
2006,160,43.58,29.37
2006,161,43.31,29.35
2006,162,43.03,29.35
2006,163,42.7,29.33
2006,164,42.26,29.28
2006,165,41.76,29.18
2006,166,41.4,29.1
2006,167,41.02,29.01
2006,168,40.68,28.94
2006,169,40.33,28.88
2006,170,40.01,28.81
2006,171,39.66,28.71
2006,172,39.28,28.6
2006,173,38.9,28.46
2006,174,38.56,28.34
2006,175,38.26,28.24
2006,176,37.93,28.14
2006,177,37.67,28.02
2006,178,37.49,27.94
2006,179,37.4,27.88
2006,180,37.38,27.83
2006,181,37.25,27.77
2006,182,37.16,27.7
2006,183,37.08,27.63
2006,184,36.97,27.56
2006,185,36.77,27.49
2006,186,36.63,27.45
2006,187,36.51,27.41
2006,188,36.38,27.37
2006,189,36.1,27.3
2006,190,35.85,27.23
2006,191,35.79,27.2
2006,192,35.72,27.21
2006,193,35.52,27.18
2006,194,35.34,27.13
2006,195,35.11,27.09
2006,196,35.0,27.05
2006,197,34.9,27.02
2006,198,34.81,26.99
2006,199,34.64,26.94
2006,200,34.6,26.9
2006,201,34.46,26.85
2006,202,34.24,26.79
2006,203,34.1,26.73
2006,204,34.11,26.67
2006,205,34.16,26.64
2006,206,34.09,26.6
2006,207,33.92,26.53
2006,208,33.85,26.48
2006,209,33.85,26.46
2006,210,33.83,26.42
2006,211,33.7,26.37
2006,212,33.5,26.3
2006,213,33.35,26.24
2006,214,33.34,26.2
2006,215,33.24,26.14
2006,216,33.21,26.11
2006,217,33.33,26.08
2006,218,33.4,26.08
2006,219,33.36,26.08
2006,220,33.31,26.08
2006,221,33.28,26.05
2006,222,33.35,26.04
2006,223,33.46,26.01
2006,224,33.5,25.99
2006,225,33.61,26.0
2006,226,33.72,26.01
2006,227,33.98,26.03
2006,228,34.19,26.05
2006,229,34.24,26.05
2006,230,34.32,26.04
2006,231,34.4,26.04
2006,232,34.49,26.03
2006,233,34.53,26.0
2006,234,34.64,25.97
2006,235,34.71,25.96
2006,236,34.81,25.95
2006,237,34.9,25.93
2006,238,34.93,25.93
2006,239,34.95,25.92
2006,240,34.99,25.91
2006,241,35.08,25.89
2006,242,35.11,25.87
2006,243,35.15,25.84
2006,244,35.33,25.81
2006,245,35.46,25.79
2006,246,35.58,25.77
2006,247,35.64,25.75
2006,248,35.71,25.75
2006,249,35.82,25.75
2006,250,36.03,25.74
2006,251,36.22,25.74
2006,252,36.35,25.75
2006,253,36.46,25.75
2006,254,36.64,25.74
2006,255,36.78,25.74
2006,256,36.87,25.73
2006,257,36.99,25.77
2006,258,37.17,25.8
2006,259,37.3,25.86
2006,260,37.46,25.92
2006,261,37.69,25.97
2006,262,37.94,26.03
2006,263,38.2,26.1
2006,264,38.46,26.15
2006,265,38.65,26.19
2006,266,38.87,26.24
2006,267,39.08,26.26
2006,268,39.32,26.28
2006,269,39.48,26.28
2006,270,39.66,26.28
2006,271,39.82,26.25
2006,272,39.94,26.18
2006,273,40.04,26.11
2006,274,40.11,26.06
2006,275,40.19,26.0
2006,276,40.2,25.94
2006,277,40.2,25.87
2006,278,40.2,25.79
2006,279,40.19,25.68
2006,280,40.14,25.56
2006,281,40.04,25.41
2006,282,39.94,25.25
2006,283,39.86,25.09
2006,284,39.85,24.93
2006,285,39.82,24.73
2006,286,39.78,24.55
2006,287,39.73,24.38
2006,288,39.68,24.21
2006,289,39.59,24.04
2006,290,39.44,23.87
2006,291,39.31,23.69
2006,292,39.21,23.48
2006,293,39.1,23.25
2006,294,39.0,23.07
2006,295,38.94,22.92
2006,296,38.91,22.77
2006,297,38.87,22.66
2006,298,38.78,22.53
2006,299,38.71,22.46
2006,300,38.64,22.42
2006,301,38.56,22.36
2006,302,38.45,22.33
2006,303,38.32,22.27
2006,304,38.21,22.16
2006,305,38.16,22.07
2006,306,38.09,21.96
2006,307,38.0,21.87
2006,308,37.86,21.79
2006,309,37.68,21.69
2006,310,37.52,21.55
2006,311,37.37,21.41
2006,312,37.25,21.28
2006,313,37.14,21.16
2006,314,37.01,21.03
2006,315,36.85,20.88
2006,316,36.68,20.76
2006,317,36.54,20.57
2006,318,36.39,20.4
2006,319,36.27,20.22
2006,320,36.15,20.05
2006,321,36.05,19.94
2006,322,35.93,19.85
2006,323,35.83,19.73
2006,324,35.7,19.58
2006,325,35.54,19.45
2006,326,35.33,19.34
2006,327,35.12,19.19
2006,328,34.88,18.99
2006,329,34.63,18.81
2006,330,34.43,18.67
2006,331,34.23,18.5
2006,332,34.06,18.37
2006,333,33.95,18.24
2006,334,33.86,18.15
2006,335,33.75,18.08
2006,336,33.6,17.99
2006,337,33.45,17.81
2006,338,33.26,17.66
2006,339,33.13,17.55
2006,340,33.01,17.45
2006,341,32.94,17.37
2006,342,32.86,17.31
2006,343,32.85,17.3
2006,344,32.86,17.26
2006,345,32.87,17.21
2006,346,32.85,17.18
2006,347,32.73,17.16
2006,348,32.57,17.15
2006,349,32.42,17.11
2006,350,32.3,17.03
2006,351,32.18,16.91
2006,352,32.09,16.87
2006,353,32.01,16.85
2006,354,31.93,16.81
2006,355,31.87,16.77
2006,356,31.82,16.75
2006,357,31.77,16.7
2006,358,31.6,16.68
2006,359,31.31,16.63
2006,360,31.12,16.56
2006,361,30.99,16.49
2006,362,30.93,16.45
2006,363,30.89,16.41
2006,364,30.79,16.39
2006,365,30.68,16.43
2006,366,30.56,16.44
2007,1,30.59,16.49
2007,2,30.56,16.43
2007,3,30.55,16.38
2007,4,30.59,16.38
2007,5,30.61,16.37
2007,6,30.62,16.31
2007,7,30.65,16.28
2007,8,30.71,16.27
2007,9,30.83,16.24
2007,10,30.77,16.22
2007,11,30.8,16.2
2007,12,30.84,16.15
2007,13,30.86,16.08
2007,14,30.88,16.01
2007,15,30.93,15.91
2007,16,31.05,15.84
2007,17,31.01,15.82
2007,18,31.02,15.8
2007,19,31.04,15.79
2007,20,31.07,15.81
2007,21,31.04,15.84
2007,22,31.03,15.82
2007,23,31.08,15.8
2007,24,31.16,15.84
2007,25,31.35,15.91
2007,26,31.4,16.0
2007,27,31.46,16.11
2007,28,31.55,16.19
2007,29,31.68,16.26
2007,30,31.88,16.32
2007,31,32.03,16.41
2007,32,32.27,16.48
2007,33,32.44,16.57
2007,34,32.52,16.65
2007,35,32.63,16.72
2007,36,32.8,16.78
2007,37,32.97,16.93
2007,38,33.14,17.08
2007,39,33.29,17.24
2007,40,33.43,17.37
2007,41,33.62,17.48
2007,42,33.75,17.6
2007,43,33.9,17.73
2007,44,34.08,17.82
2007,45,34.23,17.94
2007,46,34.39,18.08
2007,47,34.52,18.24
2007,48,34.65,18.41
2007,49,34.82,18.56
2007,50,35.05,18.71
2007,51,35.27,18.88
2007,52,35.48,19.03
2007,53,35.71,19.19
2007,54,35.94,19.33
2007,55,36.14,19.51
2007,56,36.35,19.66
2007,57,36.56,19.79
2007,58,36.76,19.9
2007,59,36.9,20.05
2007,60,37.02,20.2
2007,61,37.11,20.34
2007,62,37.25,20.45
2007,63,37.43,20.54
2007,64,37.58,20.69
2007,65,37.72,20.86
2007,66,37.81,21.02
2007,67,37.93,21.14
2007,68,38.05,21.25
2007,69,38.2,21.36
2007,70,38.37,21.45
2007,71,38.56,21.58
2007,72,38.76,21.75
2007,73,38.94,21.93
2007,74,39.16,22.11
2007,75,39.38,22.3
2007,76,39.61,22.5
2007,77,39.78,22.7
2007,78,39.98,22.89
2007,79,40.2,23.01
2007,80,40.4,23.13
2007,81,40.59,23.26
2007,82,40.74,23.37
2007,83,40.92,23.44
2007,84,41.07,23.55
2007,85,41.23,23.67
2007,86,41.39,23.77
2007,87,41.63,23.86
2007,88,41.89,23.95
2007,89,42.12,24.08
2007,90,42.31,24.21
2007,91,42.46,24.3
2007,92,42.58,24.35
2007,93,42.69,24.41
2007,94,42.79,24.47
2007,95,42.91,24.53
2007,96,43.02,24.6
2007,97,43.13,24.71
2007,98,43.18,24.83
2007,99,43.24,24.93
2007,100,43.3,25.01
2007,101,43.33,25.09
2007,102,43.34,25.2
2007,103,43.31,25.31
2007,104,43.31,25.41
2007,105,43.37,25.51
2007,106,43.5,25.64
2007,107,43.7,25.83
2007,108,43.87,26.0
2007,109,43.97,26.19
2007,110,44.09,26.34
2007,111,44.21,26.49
2007,112,44.36,26.63
2007,113,44.51,26.77
2007,114,44.68,26.9
2007,115,44.82,27.03
2007,116,44.95,27.16
2007,117,45.11,27.25
2007,118,45.25,27.38
2007,119,45.36,27.47
2007,120,45.45,27.53
2007,121,45.49,27.6
2007,122,45.49,27.66
2007,123,45.54,27.74
2007,124,45.5,27.8
2007,125,45.47,27.84
2007,126,45.44,27.86
2007,127,45.37,27.92
2007,128,45.34,28.0
2007,129,45.29,28.07
2007,130,45.26,28.15
2007,131,45.2,28.24
2007,132,45.09,28.31
2007,133,44.95,28.33
2007,134,44.76,28.38
2007,135,44.63,28.44
2007,136,44.56,28.49
2007,137,44.52,28.53
2007,138,44.45,28.55
2007,139,44.48,28.58
2007,140,44.52,28.66
2007,141,44.51,28.74
2007,142,44.52,28.79
2007,143,44.49,28.83
2007,144,44.47,28.86
2007,145,44.38,28.9
2007,146,44.28,28.89
2007,147,44.27,28.89
2007,148,44.28,28.92
2007,149,44.34,28.94
2007,150,44.35,28.97
2007,151,44.3,29.0
2007,152,44.22,29.03
2007,153,44.07,29.05
2007,154,43.94,29.08
2007,155,43.79,29.1
2007,156,43.66,29.11
2007,157,43.5,29.12
2007,158,43.39,29.14
2007,159,43.29,29.16
2007,160,43.17,29.16
2007,161,43.0,29.15
2007,162,42.78,29.17
2007,163,42.51,29.16
2007,164,42.14,29.13
2007,165,41.72,29.06
2007,166,41.44,29.01
2007,167,41.12,28.95
2007,168,40.81,28.91
2007,169,40.48,28.87
2007,170,40.16,28.81
2007,171,39.83,28.72
2007,172,39.48,28.63
2007,173,39.11,28.49
2007,174,38.77,28.39
2007,175,38.48,28.29
2007,176,38.19,28.2
2007,177,37.91,28.09
2007,178,37.72,28.0
2007,179,37.58,27.93
2007,180,37.47,27.86
2007,181,37.27,27.78
2007,182,37.12,27.69
2007,183,37.0,27.6
2007,184,36.88,27.52
2007,185,36.68,27.46
2007,186,36.54,27.42
2007,187,36.41,27.38
2007,188,36.27,27.34
2007,189,36.01,27.28
2007,190,35.76,27.21
2007,191,35.67,27.18
2007,192,35.58,27.18
2007,193,35.36,27.15
2007,194,35.18,27.1
2007,195,34.99,27.06
2007,196,34.89,27.01
2007,197,34.78,26.98
2007,198,34.69,26.94
2007,199,34.54,26.89
2007,200,34.52,26.84
2007,201,34.39,26.79
2007,202,34.15,26.73
2007,203,33.97,26.66
2007,204,33.92,26.59
2007,205,33.93,26.55
2007,206,33.79,26.5
2007,207,33.6,26.43
2007,208,33.53,26.37
2007,209,33.53,26.35
2007,210,33.52,26.31
2007,211,33.42,26.27
2007,212,33.23,26.21
2007,213,33.09,26.15
2007,214,33.07,26.11
2007,215,32.95,26.05
2007,216,32.89,26.01
2007,217,32.99,25.99
2007,218,33.09,25.98
2007,219,33.07,25.99
2007,220,33.05,25.99
2007,221,33.05,25.97
2007,222,33.16,25.95
2007,223,33.29,25.94
2007,224,33.3,25.92
2007,225,33.38,25.92
2007,226,33.47,25.93
2007,227,33.71,25.95
2007,228,33.9,25.97
2007,229,33.94,25.98
2007,230,34.0,25.97
2007,231,34.11,25.96
2007,232,34.21,25.96
2007,233,34.26,25.93
2007,234,34.39,25.91
2007,235,34.46,25.9
2007,236,34.57,25.89
2007,237,34.64,25.88
2007,238,34.67,25.87
2007,239,34.71,25.87
2007,240,34.79,25.85
2007,241,34.9,25.83
2007,242,34.94,25.82
2007,243,34.94,25.79
2007,244,35.13,25.76
2007,245,35.27,25.74
2007,246,35.41,25.72
2007,247,35.49,25.7
2007,248,35.57,25.7
2007,249,35.69,25.69
2007,250,35.9,25.68
2007,251,36.13,25.69
2007,252,36.3,25.71
2007,253,36.45,25.71
2007,254,36.62,25.71
2007,255,36.76,25.71
2007,256,36.86,25.71
2007,257,37.01,25.74
2007,258,37.22,25.78
2007,259,37.36,25.84
2007,260,37.52,25.89
2007,261,37.74,25.94
2007,262,37.97,26.0
2007,263,38.22,26.06
2007,264,38.46,26.11
2007,265,38.64,26.16
2007,266,38.83,26.21
2007,267,39.02,26.23
2007,268,39.23,26.25
2007,269,39.41,26.25
2007,270,39.6,26.25
2007,271,39.76,26.23
2007,272,39.85,26.16
2007,273,39.96,26.09
2007,274,40.04,26.04
2007,275,40.12,25.98
2007,276,40.14,25.92
2007,277,40.15,25.86
2007,278,40.17,25.77
2007,279,40.16,25.67
2007,280,40.11,25.55
2007,281,40.02,25.41
2007,282,39.94,25.25
2007,283,39.88,25.09
2007,284,39.86,24.93
2007,285,39.82,24.73
2007,286,39.78,24.56
2007,287,39.75,24.4
2007,288,39.72,24.24
2007,289,39.64,24.08
2007,290,39.51,23.92
2007,291,39.39,23.75
2007,292,39.3,23.55
2007,293,39.2,23.34
2007,294,39.11,23.16
2007,295,39.04,23.0
2007,296,39.0,22.86
2007,297,38.94,22.75
2007,298,38.84,22.62
2007,299,38.75,22.54
2007,300,38.66,22.5
2007,301,38.58,22.43
2007,302,38.47,22.39
2007,303,38.34,22.33
2007,304,38.22,22.23
2007,305,38.16,22.13
2007,306,38.08,22.02
2007,307,37.99,21.93
2007,308,37.84,21.85
2007,309,37.67,21.74
2007,310,37.52,21.6
2007,311,37.37,21.45
2007,312,37.25,21.32
2007,313,37.15,21.21
2007,314,37.02,21.08
2007,315,36.87,20.94
2007,316,36.72,20.81
2007,317,36.57,20.63
2007,318,36.42,20.46
2007,319,36.31,20.29
2007,320,36.19,20.12
2007,321,36.08,20.01
2007,322,35.95,19.91
2007,323,35.84,19.78
2007,324,35.7,19.63
2007,325,35.54,19.49
2007,326,35.32,19.38
2007,327,35.11,19.24
2007,328,34.86,19.04
2007,329,34.63,18.86
2007,330,34.43,18.72
2007,331,34.24,18.55
2007,332,34.07,18.42
2007,333,33.97,18.31
2007,334,33.86,18.22
2007,335,33.74,18.14
2007,336,33.61,18.04
2007,337,33.45,17.87
2007,338,33.27,17.73
2007,339,33.13,17.61
2007,340,33.01,17.51
2007,341,32.95,17.42
2007,342,32.88,17.36
2007,343,32.87,17.35
2007,344,32.86,17.32
2007,345,32.85,17.27
2007,346,32.83,17.24
2007,347,32.72,17.2
2007,348,32.57,17.16
2007,349,32.42,17.12
2007,350,32.31,17.05
2007,351,32.19,16.95
2007,352,32.13,16.93
2007,353,32.06,16.93
2007,354,31.99,16.91
2007,355,31.94,16.89
2007,356,31.9,16.88
2007,357,31.85,16.84
2007,358,31.69,16.8
2007,359,31.43,16.74
2007,360,31.24,16.66
2007,361,31.08,16.59
2007,362,31.0,16.53
2007,363,30.94,16.49
2007,364,30.84,16.47
2007,365,30.72,16.49
2007,366,30.59,16.49
2008,1,30.62,16.48
2008,2,30.59,16.41
2008,3,30.58,16.34
2008,4,30.63,16.34
2008,5,30.63,16.32
2008,6,30.64,16.27
2008,7,30.67,16.24
2008,8,30.73,16.23
2008,9,30.83,16.19
2008,10,30.77,16.17
2008,11,30.8,16.15
2008,12,30.84,16.11
2008,13,30.88,16.05
2008,14,30.91,15.99
2008,15,30.95,15.89
2008,16,31.06,15.83
2008,17,31.02,15.81
2008,18,31.04,15.8
2008,19,31.08,15.8
2008,20,31.13,15.84
2008,21,31.14,15.89
2008,22,31.16,15.91
2008,23,31.23,15.93
2008,24,31.32,16.0
2008,25,31.52,16.07
2008,26,31.59,16.16
2008,27,31.65,16.26
2008,28,31.74,16.34
2008,29,31.89,16.42
2008,30,32.09,16.49
2008,31,32.26,16.6
2008,32,32.5,16.67
2008,33,32.67,16.76
2008,34,32.73,16.85
2008,35,32.8,16.93
2008,36,32.93,16.98
2008,37,33.06,17.1
2008,38,33.19,17.23
2008,39,33.31,17.36
2008,40,33.44,17.48
2008,41,33.61,17.58
2008,42,33.74,17.7
2008,43,33.88,17.83
2008,44,34.06,17.93
2008,45,34.22,18.06
2008,46,34.39,18.2
2008,47,34.52,18.36
2008,48,34.64,18.54
2008,49,34.83,18.68
2008,50,35.08,18.81
2008,51,35.32,18.97
2008,52,35.55,19.12
2008,53,35.75,19.28
2008,54,35.98,19.42
2008,55,36.18,19.59
2008,56,36.39,19.74
2008,57,36.59,19.86
2008,58,36.77,19.97
2008,59,36.9,20.09
2008,60,37.0,20.23
2008,61,37.09,20.34
2008,62,37.2,20.44
2008,63,37.37,20.52
2008,64,37.51,20.66
2008,65,37.62,20.83
2008,66,37.71,20.98
2008,67,37.83,21.09
2008,68,37.98,21.19
2008,69,38.15,21.31
2008,70,38.34,21.42
2008,71,38.53,21.56
2008,72,38.72,21.74
2008,73,38.89,21.93
2008,74,39.11,22.11
2008,75,39.32,22.29
2008,76,39.54,22.49
2008,77,39.73,22.69
2008,78,39.92,22.87
2008,79,40.17,23.0
2008,80,40.4,23.12
2008,81,40.62,23.27
2008,82,40.8,23.39
2008,83,40.99,23.48
2008,84,41.14,23.61
2008,85,41.28,23.72
2008,86,41.44,23.8
2008,87,41.69,23.88
2008,88,41.97,23.97
2008,89,42.22,24.11
2008,90,42.43,24.25
2008,91,42.59,24.35
2008,92,42.71,24.42
2008,93,42.83,24.49
2008,94,42.93,24.55
2008,95,43.02,24.61
2008,96,43.12,24.68
2008,97,43.22,24.79
2008,98,43.28,24.91
2008,99,43.35,25.01
2008,100,43.41,25.1
2008,101,43.46,25.21
2008,102,43.47,25.33
2008,103,43.45,25.44
2008,104,43.42,25.53
2008,105,43.46,25.62
2008,106,43.57,25.73
2008,107,43.75,25.9
2008,108,43.9,26.06
2008,109,44.02,26.23
2008,110,44.14,26.38
2008,111,44.27,26.53
2008,112,44.4,26.67
2008,113,44.53,26.81
2008,114,44.68,26.93
2008,115,44.82,27.04
2008,116,44.96,27.18
2008,117,45.1,27.26
2008,118,45.25,27.38
2008,119,45.37,27.48
2008,120,45.47,27.56
2008,121,45.51,27.63
2008,122,45.52,27.7
2008,123,45.58,27.79
2008,124,45.53,27.85
2008,125,45.49,27.88
2008,126,45.46,27.91
2008,127,45.39,27.96
2008,128,45.35,28.02
2008,129,45.29,28.08
2008,130,45.25,28.15
2008,131,45.18,28.23
2008,132,45.07,28.31
2008,133,44.92,28.33
2008,134,44.73,28.37
2008,135,44.59,28.42
2008,136,44.53,28.47
2008,137,44.5,28.5
2008,138,44.42,28.52
2008,139,44.44,28.55
2008,140,44.47,28.62
2008,141,44.45,28.7
2008,142,44.46,28.75
2008,143,44.45,28.8
2008,144,44.44,28.84
2008,145,44.37,28.89
2008,146,44.29,28.9
2008,147,44.26,28.91
2008,148,44.25,28.94
2008,149,44.3,28.95
2008,150,44.3,28.98
2008,151,44.24,29.02
2008,152,44.17,29.06
2008,153,44.03,29.1
2008,154,43.92,29.13
2008,155,43.78,29.16
2008,156,43.66,29.17
2008,157,43.53,29.19
2008,158,43.42,29.23
2008,159,43.3,29.24
2008,160,43.16,29.21
2008,161,42.96,29.19
2008,162,42.76,29.19
2008,163,42.51,29.19
2008,164,42.16,29.16
2008,165,41.77,29.08
2008,166,41.52,29.01
2008,167,41.22,28.96
2008,168,40.86,28.93
2008,169,40.49,28.88
2008,170,40.16,28.81
2008,171,39.82,28.71
2008,172,39.46,28.61
2008,173,39.09,28.47
2008,174,38.77,28.36
2008,175,38.49,28.26
2008,176,38.19,28.17
2008,177,37.86,28.05
2008,178,37.63,27.96
2008,179,37.48,27.88
2008,180,37.32,27.81
2008,181,37.08,27.74
2008,182,36.88,27.64
2008,183,36.77,27.54
2008,184,36.68,27.46
2008,185,36.49,27.4
2008,186,36.35,27.36
2008,187,36.22,27.32
2008,188,36.08,27.29
2008,189,35.82,27.23
2008,190,35.58,27.18
2008,191,35.51,27.15
2008,192,35.49,27.15
2008,193,35.31,27.13
2008,194,35.13,27.08
2008,195,34.97,27.04
2008,196,34.89,26.99
2008,197,34.82,26.96
2008,198,34.81,26.92
2008,199,34.68,26.88
2008,200,34.66,26.85
2008,201,34.54,26.8
2008,202,34.31,26.73
2008,203,34.15,26.66
2008,204,34.09,26.59
2008,205,34.11,26.55
2008,206,33.99,26.5
2008,207,33.81,26.44
2008,208,33.75,26.38
2008,209,33.77,26.35
2008,210,33.77,26.32
2008,211,33.65,26.27
2008,212,33.47,26.21
2008,213,33.27,26.15
2008,214,33.21,26.1
2008,215,33.08,26.04
2008,216,33.0,25.99
2008,217,33.09,25.97
2008,218,33.17,25.97
2008,219,33.16,25.98
2008,220,33.1,25.98
2008,221,33.08,25.96
2008,222,33.17,25.94
2008,223,33.28,25.92
2008,224,33.29,25.91
2008,225,33.35,25.92
2008,226,33.41,25.93
2008,227,33.64,25.94
2008,228,33.85,25.96
2008,229,33.92,25.97
2008,230,34.01,25.96
2008,231,34.15,25.97
2008,232,34.28,25.96
2008,233,34.33,25.94
2008,234,34.45,25.91
2008,235,34.53,25.89
2008,236,34.66,25.88
2008,237,34.72,25.87
2008,238,34.76,25.87
2008,239,34.79,25.86
2008,240,34.87,25.84
2008,241,35.02,25.83
2008,242,35.04,25.83
2008,243,35.05,25.8
2008,244,35.21,25.78
2008,245,35.33,25.76
2008,246,35.43,25.73
2008,247,35.49,25.71
2008,248,35.59,25.7
2008,249,35.71,25.69
2008,250,35.9,25.69
2008,251,36.09,25.69
2008,252,36.26,25.7
2008,253,36.4,25.7
2008,254,36.59,25.7
2008,255,36.73,25.71
2008,256,36.83,25.71
2008,257,36.97,25.73
2008,258,37.19,25.76
2008,259,37.32,25.81
2008,260,37.47,25.86
2008,261,37.62,25.9
2008,262,37.8,25.95
2008,263,38.02,26.01
2008,264,38.27,26.05
2008,265,38.45,26.09
2008,266,38.63,26.13
2008,267,38.8,26.14
2008,268,38.99,26.15
2008,269,39.15,26.14
2008,270,39.32,26.11
2008,271,39.46,26.06
2008,272,39.57,25.97
2008,273,39.65,25.89
2008,274,39.72,25.82
2008,275,39.81,25.76
2008,276,39.88,25.7
2008,277,39.94,25.64
2008,278,39.98,25.56
2008,279,39.97,25.46
2008,280,39.94,25.35
2008,281,39.87,25.21
2008,282,39.8,25.05
2008,283,39.75,24.89
2008,284,39.74,24.73
2008,285,39.7,24.53
2008,286,39.67,24.37
2008,287,39.65,24.21
2008,288,39.61,24.06
2008,289,39.54,23.9
2008,290,39.43,23.74
2008,291,39.32,23.57
2008,292,39.23,23.36
2008,293,39.13,23.15
2008,294,39.04,22.98
2008,295,38.98,22.82
2008,296,38.93,22.69
2008,297,38.88,22.59
2008,298,38.78,22.48
2008,299,38.7,22.44
2008,300,38.62,22.42
2008,301,38.55,22.39
2008,302,38.46,22.38
2008,303,38.35,22.33
2008,304,38.25,22.25
2008,305,38.19,22.18
2008,306,38.11,22.08
2008,307,38.03,22.0
2008,308,37.89,21.94
2008,309,37.73,21.85
2008,310,37.58,21.71
2008,311,37.44,21.56
2008,312,37.33,21.43
2008,313,37.24,21.32
2008,314,37.1,21.17
2008,315,36.94,21.01
2008,316,36.78,20.85
2008,317,36.62,20.65
2008,318,36.46,20.47
2008,319,36.35,20.29
2008,320,36.22,20.11
2008,321,36.11,19.99
2008,322,35.97,19.87
2008,323,35.85,19.71
2008,324,35.7,19.54
2008,325,35.54,19.4
2008,326,35.31,19.3
2008,327,35.1,19.14
2008,328,34.86,18.95
2008,329,34.62,18.79
2008,330,34.42,18.66
2008,331,34.22,18.51
2008,332,34.05,18.4
2008,333,33.93,18.3
2008,334,33.82,18.21
2008,335,33.69,18.13
2008,336,33.56,18.04
2008,337,33.4,17.88
2008,338,33.22,17.75
2008,339,33.06,17.64
2008,340,32.92,17.55
2008,341,32.84,17.45
2008,342,32.73,17.38
2008,343,32.69,17.35
2008,344,32.67,17.31
2008,345,32.66,17.26
2008,346,32.65,17.21
2008,347,32.55,17.16
2008,348,32.42,17.12
2008,349,32.29,17.08
2008,350,32.2,17.01
2008,351,32.07,16.92
2008,352,32.01,16.91
2008,353,31.95,16.92
2008,354,31.89,16.9
2008,355,31.85,16.88
2008,356,31.84,16.87
2008,357,31.82,16.83
2008,358,31.68,16.79
2008,359,31.46,16.73
2008,360,31.29,16.66
2008,361,31.14,16.59
2008,362,31.06,16.53
2008,363,30.98,16.49
2008,364,30.87,16.47
2008,365,30.74,16.48
2008,366,30.62,16.48
2009,1,30.73,16.45
2009,2,30.71,16.39
2009,3,30.67,16.34
2009,4,30.7,16.33
2009,5,30.7,16.32
2009,6,30.7,16.28
2009,7,30.73,16.26
2009,8,30.79,16.26
2009,9,30.9,16.24
2009,10,30.87,16.23
2009,11,30.9,16.22
2009,12,30.93,16.18
2009,13,30.94,16.11
2009,14,30.93,16.03
2009,15,30.95,15.91
2009,16,31.02,15.83
2009,17,30.96,15.8
2009,18,30.97,15.76
2009,19,30.99,15.75
2009,20,31.04,15.77
2009,21,31.04,15.8
2009,22,31.05,15.81
2009,23,31.09,15.83
2009,24,31.15,15.87
2009,25,31.32,15.92
2009,26,31.39,15.99
2009,27,31.42,16.1
2009,28,31.5,16.17
2009,29,31.63,16.23
2009,30,31.79,16.28
2009,31,31.92,16.37
2009,32,32.13,16.42
2009,33,32.29,16.5
2009,34,32.35,16.58
2009,35,32.41,16.65
2009,36,32.52,16.7
2009,37,32.64,16.81
2009,38,32.79,16.91
2009,39,32.92,17.04
2009,40,33.07,17.17
2009,41,33.25,17.28
2009,42,33.43,17.39
2009,43,33.61,17.54
2009,44,33.83,17.66
2009,45,34.04,17.81
2009,46,34.25,17.98
2009,47,34.43,18.17
2009,48,34.59,18.36
2009,49,34.8,18.52
2009,50,35.06,18.67
2009,51,35.33,18.84
2009,52,35.58,18.99
2009,53,35.8,19.16
2009,54,36.03,19.31
2009,55,36.22,19.48
2009,56,36.44,19.62
2009,57,36.64,19.76
2009,58,36.82,19.87
2009,59,36.95,19.99
2009,60,37.05,20.13
2009,61,37.14,20.24
2009,62,37.27,20.34
2009,63,37.45,20.44
2009,64,37.58,20.61
2009,65,37.69,20.79
2009,66,37.79,20.96
2009,67,37.91,21.09
2009,68,38.06,21.21
2009,69,38.23,21.34
2009,70,38.42,21.46
2009,71,38.61,21.62
2009,72,38.78,21.78
2009,73,38.95,21.97
2009,74,39.16,22.15
2009,75,39.37,22.32
2009,76,39.6,22.52
2009,77,39.78,22.72
2009,78,39.97,22.89
2009,79,40.23,23.0
2009,80,40.46,23.12
2009,81,40.69,23.26
2009,82,40.87,23.38
2009,83,41.03,23.47
2009,84,41.15,23.59
2009,85,41.26,23.69
2009,86,41.4,23.76
2009,87,41.62,23.84
2009,88,41.85,23.93
2009,89,42.07,24.05
2009,90,42.26,24.19
2009,91,42.39,24.3
2009,92,42.51,24.37
2009,93,42.62,24.44
2009,94,42.72,24.52
2009,95,42.82,24.58
2009,96,42.91,24.65
2009,97,43.01,24.76
2009,98,43.09,24.87
2009,99,43.18,24.98
2009,100,43.27,25.08
2009,101,43.34,25.19
2009,102,43.38,25.31
2009,103,43.4,25.42
2009,104,43.41,25.52
2009,105,43.46,25.61
2009,106,43.59,25.73
2009,107,43.77,25.89
2009,108,43.92,26.04
2009,109,44.04,26.19
2009,110,44.18,26.34
2009,111,44.31,26.49
2009,112,44.44,26.62
2009,113,44.56,26.75
2009,114,44.7,26.86
2009,115,44.84,26.98
2009,116,44.95,27.11
2009,117,45.08,27.2
2009,118,45.21,27.33
2009,119,45.32,27.43
2009,120,45.39,27.5
2009,121,45.42,27.57
2009,122,45.41,27.64
2009,123,45.44,27.72
2009,124,45.37,27.79
2009,125,45.31,27.81
2009,126,45.26,27.83
2009,127,45.18,27.88
2009,128,45.14,27.94
2009,129,45.09,28.0
2009,130,45.05,28.06
2009,131,44.98,28.14
2009,132,44.88,28.21
2009,133,44.74,28.24
2009,134,44.57,28.29
2009,135,44.45,28.34
2009,136,44.4,28.39
2009,137,44.37,28.43
2009,138,44.31,28.45
2009,139,44.34,28.47
2009,140,44.38,28.55
2009,141,44.39,28.63
2009,142,44.41,28.69
2009,143,44.4,28.74
2009,144,44.4,28.79
2009,145,44.33,28.84
2009,146,44.26,28.85
2009,147,44.22,28.87
2009,148,44.21,28.9
2009,149,44.26,28.92
2009,150,44.26,28.96
2009,151,44.18,29.0
2009,152,44.09,29.04
2009,153,43.96,29.07
2009,154,43.81,29.1
2009,155,43.62,29.12
2009,156,43.47,29.12
2009,157,43.31,29.13
2009,158,43.15,29.16
2009,159,42.96,29.15
2009,160,42.79,29.12
2009,161,42.57,29.1
2009,162,42.36,29.09
2009,163,42.09,29.07
2009,164,41.72,29.03
2009,165,41.34,28.95
2009,166,41.09,28.88
2009,167,40.8,28.83
2009,168,40.45,28.8
2009,169,40.11,28.76
2009,170,39.83,28.7
2009,171,39.52,28.62
2009,172,39.17,28.53
2009,173,38.84,28.4
2009,174,38.58,28.3
2009,175,38.33,28.21
2009,176,38.05,28.12
2009,177,37.71,28.01
2009,178,37.51,27.92
2009,179,37.36,27.84
2009,180,37.2,27.78
2009,181,36.97,27.7
2009,182,36.76,27.61
2009,183,36.64,27.51
2009,184,36.53,27.44
2009,185,36.33,27.37
2009,186,36.15,27.31
2009,187,36.02,27.27
2009,188,35.87,27.23
2009,189,35.61,27.17
2009,190,35.38,27.12
2009,191,35.33,27.09
2009,192,35.32,27.1
2009,193,35.15,27.07
2009,194,34.99,27.03
2009,195,34.84,26.99
2009,196,34.79,26.95
2009,197,34.73,26.91
2009,198,34.73,26.88
2009,199,34.64,26.84
2009,200,34.64,26.82
2009,201,34.58,26.79
2009,202,34.4,26.73
2009,203,34.23,26.66
2009,204,34.18,26.6
2009,205,34.18,26.55
2009,206,34.07,26.51
2009,207,33.88,26.45
2009,208,33.81,26.39
2009,209,33.8,26.36
2009,210,33.8,26.32
2009,211,33.69,26.27
2009,212,33.5,26.2
2009,213,33.3,26.14
2009,214,33.2,26.09
2009,215,33.06,26.02
2009,216,32.96,25.97
2009,217,33.02,25.94
2009,218,33.07,25.94
2009,219,33.03,25.95
2009,220,32.97,25.95
2009,221,32.93,25.93
2009,222,33.04,25.91
2009,223,33.15,25.9
2009,224,33.18,25.89
2009,225,33.24,25.9
2009,226,33.27,25.9
2009,227,33.49,25.91
2009,228,33.7,25.92
2009,229,33.8,25.92
2009,230,33.92,25.92
2009,231,34.07,25.92
2009,232,34.18,25.92
2009,233,34.26,25.89
2009,234,34.41,25.87
2009,235,34.51,25.85
2009,236,34.64,25.84
2009,237,34.72,25.84
2009,238,34.77,25.83
2009,239,34.84,25.83
2009,240,34.94,25.82
2009,241,35.12,25.82
2009,242,35.16,25.82
2009,243,35.17,25.81
2009,244,35.33,25.79
2009,245,35.44,25.78
2009,246,35.55,25.75
2009,247,35.67,25.73
2009,248,35.77,25.74
2009,249,35.9,25.74
2009,250,36.1,25.73
2009,251,36.28,25.73
2009,252,36.41,25.74
2009,253,36.51,25.75
2009,254,36.65,25.73
2009,255,36.73,25.73
2009,256,36.8,25.72
2009,257,36.94,25.73
2009,258,37.14,25.75
2009,259,37.24,25.8
2009,260,37.36,25.84
2009,261,37.48,25.86
2009,262,37.62,25.89
2009,263,37.81,25.93
2009,264,38.01,25.94
2009,265,38.16,25.97
2009,266,38.33,26.0
2009,267,38.51,26.0
2009,268,38.72,26.0
2009,269,38.89,25.99
2009,270,39.09,25.97
2009,271,39.25,25.94
2009,272,39.37,25.86
2009,273,39.47,25.79
2009,274,39.55,25.73
2009,275,39.65,25.67
2009,276,39.73,25.62
2009,277,39.82,25.57
2009,278,39.9,25.51
2009,279,39.92,25.43
2009,280,39.92,25.32
2009,281,39.88,25.19
2009,282,39.84,25.04
2009,283,39.79,24.89
2009,284,39.79,24.75
2009,285,39.75,24.56
2009,286,39.72,24.38
2009,287,39.69,24.21
2009,288,39.67,24.06
2009,289,39.61,23.89
2009,290,39.51,23.73
2009,291,39.42,23.57
2009,292,39.32,23.36
2009,293,39.22,23.15
2009,294,39.11,22.97
2009,295,39.04,22.82
2009,296,38.99,22.69
2009,297,38.92,22.59
2009,298,38.83,22.48
2009,299,38.75,22.4
2009,300,38.67,22.38
2009,301,38.59,22.35
2009,302,38.5,22.34
2009,303,38.38,22.29
2009,304,38.28,22.21
2009,305,38.22,22.14
2009,306,38.15,22.04
2009,307,38.07,21.96
2009,308,37.94,21.91
2009,309,37.79,21.81
2009,310,37.64,21.68
2009,311,37.51,21.53
2009,312,37.39,21.39
2009,313,37.29,21.28
2009,314,37.16,21.14
2009,315,36.99,20.99
2009,316,36.8,20.86
2009,317,36.64,20.68
2009,318,36.47,20.52
2009,319,36.33,20.34
2009,320,36.19,20.17
2009,321,36.06,20.04
2009,322,35.91,19.91
2009,323,35.79,19.75
2009,324,35.64,19.58
2009,325,35.47,19.44
2009,326,35.24,19.35
2009,327,35.02,19.21
2009,328,34.75,19.04
2009,329,34.49,18.9
2009,330,34.3,18.77
2009,331,34.15,18.62
2009,332,34.0,18.5
2009,333,33.91,18.41
2009,334,33.82,18.36
2009,335,33.71,18.3
2009,336,33.6,18.21
2009,337,33.46,18.07
2009,338,33.29,17.97
2009,339,33.13,17.88
2009,340,33.01,17.79
2009,341,32.95,17.7
2009,342,32.87,17.64
2009,343,32.87,17.61
2009,344,32.89,17.57
2009,345,32.89,17.53
2009,346,32.85,17.5
2009,347,32.73,17.45
2009,348,32.58,17.41
2009,349,32.44,17.35
2009,350,32.34,17.27
2009,351,32.21,17.18
2009,352,32.14,17.17
2009,353,32.08,17.16
2009,354,32.01,17.11
2009,355,31.96,17.08
2009,356,31.93,17.04
2009,357,31.9,16.98
2009,358,31.76,16.92
2009,359,31.53,16.82
2009,360,31.34,16.72
2009,361,31.18,16.63
2009,362,31.1,16.54
2009,363,31.04,16.49
2009,364,30.96,16.45
2009,365,30.83,16.46
2009,366,30.73,16.45
2010,1,30.77,16.46
2010,2,30.75,16.4
2010,3,30.7,16.36
2010,4,30.73,16.36
2010,5,30.74,16.36
2010,6,30.76,16.34
2010,7,30.8,16.33
2010,8,30.86,16.35
2010,9,30.98,16.35
2010,10,30.96,16.36
2010,11,30.98,16.37
2010,12,31.02,16.34
2010,13,31.05,16.29
2010,14,31.04,16.23
2010,15,31.09,16.14
2010,16,31.18,16.07
2010,17,31.14,16.05
2010,18,31.15,16.03
2010,19,31.17,16.01
2010,20,31.21,16.02
2010,21,31.2,16.03
2010,22,31.19,16.02
2010,23,31.24,16.02
2010,24,31.29,16.05
2010,25,31.45,16.08
2010,26,31.52,16.13
2010,27,31.56,16.22
2010,28,31.63,16.27
2010,29,31.75,16.31
2010,30,31.9,16.35
2010,31,32.01,16.42
2010,32,32.22,16.47
2010,33,32.37,16.53
2010,34,32.43,16.61
2010,35,32.48,16.68
2010,36,32.58,16.73
2010,37,32.7,16.84
2010,38,32.85,16.94
2010,39,32.98,17.07
2010,40,33.12,17.2
2010,41,33.3,17.31
2010,42,33.47,17.42
2010,43,33.66,17.58
2010,44,33.88,17.71
2010,45,34.11,17.87
2010,46,34.34,18.04
2010,47,34.51,18.24
2010,48,34.67,18.43
2010,49,34.91,18.6
2010,50,35.19,18.77
2010,51,35.47,18.95
2010,52,35.73,19.12
2010,53,35.97,19.3
2010,54,36.21,19.45
2010,55,36.41,19.62
2010,56,36.62,19.77
2010,57,36.82,19.92
2010,58,37.0,20.01
2010,59,37.11,20.13
2010,60,37.2,20.25
2010,61,37.29,20.35
2010,62,37.42,20.44
2010,63,37.61,20.55
2010,64,37.74,20.7
2010,65,37.85,20.88
2010,66,37.95,21.05
2010,67,38.07,21.17
2010,68,38.2,21.27
2010,69,38.37,21.4
2010,70,38.54,21.52
2010,71,38.72,21.66
2010,72,38.89,21.82
2010,73,39.06,22.01
2010,74,39.28,22.2
2010,75,39.49,22.38
2010,76,39.72,22.58
2010,77,39.88,22.78
2010,78,40.06,22.95
2010,79,40.29,23.06
2010,80,40.51,23.19
2010,81,40.72,23.32
2010,82,40.89,23.45
2010,83,41.06,23.55
2010,84,41.19,23.68
2010,85,41.33,23.8
2010,86,41.47,23.88
2010,87,41.69,23.97
2010,88,41.9,24.07
2010,89,42.12,24.2
2010,90,42.29,24.34
2010,91,42.4,24.44
2010,92,42.51,24.5
2010,93,42.63,24.57
2010,94,42.74,24.64
2010,95,42.86,24.69
2010,96,42.95,24.75
2010,97,43.05,24.86
2010,98,43.11,24.97
2010,99,43.19,25.06
2010,100,43.27,25.15
2010,101,43.34,25.25
2010,102,43.39,25.35
2010,103,43.43,25.45
2010,104,43.44,25.54
2010,105,43.5,25.62
2010,106,43.65,25.73
2010,107,43.83,25.89
2010,108,43.99,26.04
2010,109,44.12,26.19
2010,110,44.25,26.33
2010,111,44.39,26.48
2010,112,44.52,26.61
2010,113,44.66,26.73
2010,114,44.8,26.83
2010,115,44.93,26.95
2010,116,45.04,27.07
2010,117,45.14,27.16
2010,118,45.26,27.28
2010,119,45.36,27.38
2010,120,45.43,27.46
2010,121,45.46,27.53
2010,122,45.45,27.6
2010,123,45.48,27.68
2010,124,45.4,27.74
2010,125,45.32,27.77
2010,126,45.26,27.79
2010,127,45.18,27.84
2010,128,45.14,27.91
2010,129,45.08,27.97
2010,130,45.03,28.03
2010,131,44.97,28.11
2010,132,44.87,28.19
2010,133,44.75,28.22
2010,134,44.59,28.28
2010,135,44.49,28.34
2010,136,44.44,28.39
2010,137,44.41,28.43
2010,138,44.35,28.45
2010,139,44.38,28.47
2010,140,44.42,28.55
2010,141,44.41,28.63
2010,142,44.42,28.69
2010,143,44.4,28.74
2010,144,44.39,28.79
2010,145,44.32,28.84
2010,146,44.23,28.86
2010,147,44.16,28.88
2010,148,44.15,28.92
2010,149,44.18,28.93
2010,150,44.17,28.96
2010,151,44.09,29.0
2010,152,44.0,29.03
2010,153,43.87,29.06
2010,154,43.74,29.1
2010,155,43.56,29.12
2010,156,43.42,29.12
2010,157,43.26,29.13
2010,158,43.12,29.15
2010,159,42.95,29.15
2010,160,42.8,29.12
2010,161,42.61,29.09
2010,162,42.44,29.08
2010,163,42.2,29.07
2010,164,41.87,29.03
2010,165,41.5,28.97
2010,166,41.26,28.91
2010,167,40.98,28.86
2010,168,40.6,28.83
2010,169,40.27,28.78
2010,170,39.98,28.72
2010,171,39.68,28.65
2010,172,39.34,28.57
2010,173,39.01,28.44
2010,174,38.76,28.34
2010,175,38.5,28.26
2010,176,38.22,28.17
2010,177,37.88,28.06
2010,178,37.66,27.96
2010,179,37.52,27.89
2010,180,37.38,27.82
2010,181,37.17,27.75
2010,182,36.99,27.67
2010,183,36.88,27.59
2010,184,36.75,27.52
2010,185,36.55,27.45
2010,186,36.36,27.39
2010,187,36.21,27.34
2010,188,36.05,27.3
2010,189,35.79,27.23
2010,190,35.55,27.17
2010,191,35.46,27.14
2010,192,35.4,27.13
2010,193,35.21,27.1
2010,194,35.01,27.05
2010,195,34.83,27.0
2010,196,34.72,26.94
2010,197,34.61,26.88
2010,198,34.57,26.84
2010,199,34.47,26.79
2010,200,34.44,26.77
2010,201,34.38,26.73
2010,202,34.2,26.68
2010,203,34.03,26.62
2010,204,33.98,26.56
2010,205,33.98,26.52
2010,206,33.88,26.48
2010,207,33.74,26.42
2010,208,33.68,26.37
2010,209,33.66,26.34
2010,210,33.66,26.3
2010,211,33.56,26.26
2010,212,33.41,26.2
2010,213,33.25,26.15
2010,214,33.19,26.11
2010,215,33.08,26.05
2010,216,33.0,26.0
2010,217,33.06,25.97
2010,218,33.13,25.97
2010,219,33.09,25.99
2010,220,33.04,25.98
2010,221,33.0,25.96
2010,222,33.1,25.94
2010,223,33.23,25.94
2010,224,33.28,25.93
2010,225,33.36,25.95
2010,226,33.41,25.96
2010,227,33.62,25.97
2010,228,33.83,25.98
2010,229,33.95,25.99
2010,230,34.08,25.99
2010,231,34.2,26.0
2010,232,34.3,25.99
2010,233,34.36,25.97
2010,234,34.49,25.93
2010,235,34.57,25.91
2010,236,34.7,25.9
2010,237,34.79,25.89
2010,238,34.84,25.88
2010,239,34.89,25.88
2010,240,34.97,25.86
2010,241,35.14,25.86
2010,242,35.18,25.86
2010,243,35.19,25.85
2010,244,35.33,25.82
2010,245,35.42,25.8
2010,246,35.53,25.77
2010,247,35.65,25.74
2010,248,35.78,25.74
2010,249,35.93,25.75
2010,250,36.15,25.75
2010,251,36.33,25.75
2010,252,36.45,25.75
2010,253,36.56,25.74
2010,254,36.7,25.73
2010,255,36.8,25.72
2010,256,36.88,25.7
2010,257,37.01,25.71
2010,258,37.21,25.72
2010,259,37.33,25.76
2010,260,37.45,25.8
2010,261,37.59,25.83
2010,262,37.72,25.86
2010,263,37.92,25.9
2010,264,38.11,25.92
2010,265,38.25,25.96
2010,266,38.43,26.0
2010,267,38.62,26.02
2010,268,38.83,26.03
2010,269,38.99,26.04
2010,270,39.19,26.03
2010,271,39.34,26.01
2010,272,39.46,25.95
2010,273,39.54,25.88
2010,274,39.6,25.83
2010,275,39.67,25.77
2010,276,39.74,25.72
2010,277,39.83,25.67
2010,278,39.9,25.6
2010,279,39.93,25.51
2010,280,39.93,25.4
2010,281,39.88,25.25
2010,282,39.83,25.09
2010,283,39.77,24.93
2010,284,39.76,24.77
2010,285,39.72,24.57
2010,286,39.68,24.39
2010,287,39.66,24.21
2010,288,39.64,24.04
2010,289,39.6,23.88
2010,290,39.51,23.71
2010,291,39.44,23.53
2010,292,39.35,23.32
2010,293,39.25,23.11
2010,294,39.15,22.93
2010,295,39.08,22.78
2010,296,39.03,22.66
2010,297,38.97,22.57
2010,298,38.88,22.45
2010,299,38.82,22.38
2010,300,38.74,22.36
2010,301,38.67,22.34
2010,302,38.58,22.33
2010,303,38.47,22.28
2010,304,38.38,22.2
2010,305,38.32,22.14
2010,306,38.25,22.06
2010,307,38.15,22.01
2010,308,37.96,21.96
2010,309,37.77,21.87
2010,310,37.61,21.73
2010,311,37.46,21.59
2010,312,37.33,21.46
2010,313,37.22,21.35
2010,314,37.07,21.22
2010,315,36.89,21.06
2010,316,36.69,20.92
2010,317,36.52,20.75
2010,318,36.34,20.58
2010,319,36.18,20.39
2010,320,36.03,20.21
2010,321,35.89,20.08
2010,322,35.75,19.94
2010,323,35.69,19.76
2010,324,35.58,19.59
2010,325,35.43,19.47
2010,326,35.22,19.36
2010,327,35.02,19.22
2010,328,34.76,19.06
2010,329,34.51,18.92
2010,330,34.34,18.79
2010,331,34.2,18.65
2010,332,34.06,18.54
2010,333,33.97,18.46
2010,334,33.89,18.4
2010,335,33.8,18.34
2010,336,33.68,18.24
2010,337,33.54,18.1
2010,338,33.38,18.0
2010,339,33.24,17.92
2010,340,33.12,17.83
2010,341,33.06,17.74
2010,342,32.98,17.69
2010,343,32.98,17.66
2010,344,32.99,17.63
2010,345,32.98,17.59
2010,346,32.94,17.56
2010,347,32.82,17.52
2010,348,32.68,17.49
2010,349,32.56,17.45
2010,350,32.46,17.4
2010,351,32.33,17.32
2010,352,32.26,17.31
2010,353,32.19,17.29
2010,354,32.11,17.24
2010,355,32.05,17.2
2010,356,32.0,17.15
2010,357,31.96,17.08
2010,358,31.82,17.01
2010,359,31.59,16.91
2010,360,31.42,16.81
2010,361,31.27,16.71
2010,362,31.19,16.61
2010,363,31.12,16.54
2010,364,31.02,16.49
2010,365,30.89,16.48
2010,366,30.77,16.46
2011,1,30.89,16.47
2011,2,30.86,16.45
2011,3,30.82,16.44
2011,4,30.86,16.46
2011,5,30.9,16.48
2011,6,30.93,16.48
2011,7,30.97,16.49
2011,8,31.05,16.54
2011,9,31.2,16.53
2011,10,31.21,16.52
2011,11,31.26,16.51
2011,12,31.31,16.48
2011,13,31.34,16.44
2011,14,31.34,16.41
2011,15,31.38,16.34
2011,16,31.44,16.27
2011,17,31.38,16.24
2011,18,31.37,16.21
2011,19,31.36,16.18
2011,20,31.37,16.17
2011,21,31.37,16.17
2011,22,31.37,16.16
2011,23,31.41,16.15
2011,24,31.44,16.17
2011,25,31.57,16.2
2011,26,31.61,16.24
2011,27,31.64,16.31
2011,28,31.7,16.34
2011,29,31.83,16.38
2011,30,31.98,16.42
2011,31,32.1,16.49
2011,32,32.29,16.53
2011,33,32.41,16.6
2011,34,32.44,16.66
2011,35,32.49,16.73
2011,36,32.59,16.78
2011,37,32.73,16.87
2011,38,32.88,16.97
2011,39,33.02,17.1
2011,40,33.16,17.24
2011,41,33.35,17.37
2011,42,33.52,17.49
2011,43,33.71,17.64
2011,44,33.93,17.76
2011,45,34.15,17.92
2011,46,34.39,18.11
2011,47,34.59,18.32
2011,48,34.8,18.51
2011,49,35.06,18.71
2011,50,35.35,18.88
2011,51,35.66,19.07
2011,52,35.94,19.27
2011,53,36.18,19.45
2011,54,36.43,19.6
2011,55,36.64,19.77
2011,56,36.86,19.92
2011,57,37.08,20.07
2011,58,37.25,20.19
2011,59,37.36,20.33
2011,60,37.44,20.46
2011,61,37.52,20.55
2011,62,37.68,20.64
2011,63,37.88,20.76
2011,64,38.04,20.92
2011,65,38.17,21.09
2011,66,38.25,21.24
2011,67,38.36,21.34
2011,68,38.49,21.45
2011,69,38.68,21.58
2011,70,38.87,21.71
2011,71,39.07,21.88
2011,72,39.24,22.04
2011,73,39.42,22.23
2011,74,39.63,22.41
2011,75,39.82,22.56
2011,76,40.03,22.74
2011,77,40.18,22.92
2011,78,40.34,23.07
2011,79,40.54,23.18
2011,80,40.75,23.3
2011,81,40.97,23.46
2011,82,41.14,23.59
2011,83,41.3,23.71
2011,84,41.4,23.84
2011,85,41.5,23.94
2011,86,41.61,23.99
2011,87,41.81,24.06
2011,88,42.01,24.15
2011,89,42.24,24.29
2011,90,42.46,24.45
2011,91,42.57,24.57
2011,92,42.67,24.65
2011,93,42.77,24.72
2011,94,42.88,24.77
2011,95,42.98,24.83
2011,96,43.07,24.89
2011,97,43.17,25.01
2011,98,43.26,25.12
2011,99,43.37,25.22
2011,100,43.47,25.31
2011,101,43.56,25.42
2011,102,43.62,25.53
2011,103,43.65,25.62
2011,104,43.64,25.69
2011,105,43.67,25.76
2011,106,43.82,25.87
2011,107,44.0,26.01
2011,108,44.15,26.15
2011,109,44.29,26.3
2011,110,44.42,26.44
2011,111,44.55,26.59
2011,112,44.66,26.7
2011,113,44.77,26.8
2011,114,44.88,26.89
2011,115,45.0,27.01
2011,116,45.09,27.12
2011,117,45.2,27.22
2011,118,45.3,27.34
2011,119,45.41,27.44
2011,120,45.47,27.51
2011,121,45.48,27.58
2011,122,45.48,27.66
2011,123,45.49,27.74
2011,124,45.4,27.8
2011,125,45.33,27.83
2011,126,45.27,27.86
2011,127,45.19,27.91
2011,128,45.15,27.97
2011,129,45.1,28.03
2011,130,45.06,28.09
2011,131,45.03,28.18
2011,132,44.97,28.27
2011,133,44.89,28.32
2011,134,44.78,28.4
2011,135,44.72,28.48
2011,136,44.71,28.55
2011,137,44.71,28.59
2011,138,44.66,28.62
2011,139,44.7,28.66
2011,140,44.72,28.72
2011,141,44.71,28.79
2011,142,44.7,28.84
2011,143,44.66,28.88
2011,144,44.63,28.93
2011,145,44.53,28.98
2011,146,44.38,28.99
2011,147,44.26,28.98
2011,148,44.18,29.0
2011,149,44.15,28.99
2011,150,44.08,29.01
2011,151,43.94,29.02
2011,152,43.81,29.04
2011,153,43.67,29.07
2011,154,43.55,29.1
2011,155,43.41,29.14
2011,156,43.3,29.17
2011,157,43.17,29.19
2011,158,43.02,29.23
2011,159,42.83,29.22
2011,160,42.67,29.18
2011,161,42.52,29.13
2011,162,42.39,29.13
2011,163,42.2,29.12
2011,164,41.92,29.08
2011,165,41.59,29.01
2011,166,41.38,28.96
2011,167,41.1,28.92
2011,168,40.7,28.88
2011,169,40.35,28.83
2011,170,40.03,28.75
2011,171,39.7,28.66
2011,172,39.33,28.55
2011,173,39.0,28.42
2011,174,38.78,28.33
2011,175,38.51,28.26
2011,176,38.21,28.18
2011,177,37.84,28.07
2011,178,37.57,27.95
2011,179,37.35,27.85
2011,180,37.15,27.77
2011,181,36.91,27.68
2011,182,36.71,27.58
2011,183,36.59,27.48
2011,184,36.44,27.4
2011,185,36.23,27.33
2011,186,36.03,27.27
2011,187,35.87,27.22
2011,188,35.75,27.18
2011,189,35.5,27.12
2011,190,35.3,27.06
2011,191,35.24,27.03
2011,192,35.2,27.03
2011,193,35.06,27.02
2011,194,34.93,26.99
2011,195,34.83,26.97
2011,196,34.76,26.93
2011,197,34.69,26.88
2011,198,34.65,26.84
2011,199,34.58,26.81
2011,200,34.55,26.79
2011,201,34.49,26.75
2011,202,34.33,26.7
2011,203,34.15,26.64
2011,204,34.11,26.58
2011,205,34.08,26.54
2011,206,33.97,26.49
2011,207,33.81,26.43
2011,208,33.72,26.37
2011,209,33.65,26.33
2011,210,33.61,26.28
2011,211,33.5,26.23
2011,212,33.34,26.18
2011,213,33.2,26.12
2011,214,33.13,26.07
2011,215,33.04,26.01
2011,216,32.96,25.96
2011,217,33.03,25.93
2011,218,33.09,25.93
2011,219,33.05,25.93
2011,220,33.01,25.93
2011,221,33.01,25.91
2011,222,33.13,25.9
2011,223,33.25,25.9
2011,224,33.34,25.9
2011,225,33.42,25.92
2011,226,33.46,25.92
2011,227,33.68,25.93
2011,228,33.88,25.95
2011,229,33.99,25.96
2011,230,34.12,25.97
2011,231,34.28,25.96
2011,232,34.39,25.96
2011,233,34.46,25.93
2011,234,34.58,25.9
2011,235,34.63,25.87
2011,236,34.7,25.85
2011,237,34.75,25.84
2011,238,34.81,25.82
2011,239,34.87,25.82
2011,240,34.94,25.8
2011,241,35.11,25.8
2011,242,35.15,25.81
2011,243,35.16,25.8
2011,244,35.31,25.79
2011,245,35.37,25.76
2011,246,35.39,25.74
2011,247,35.44,25.71
2011,248,35.5,25.71
2011,249,35.62,25.71
2011,250,35.83,25.7
2011,251,36.01,25.7
2011,252,36.13,25.7
2011,253,36.21,25.69
2011,254,36.31,25.66
2011,255,36.41,25.64
2011,256,36.48,25.61
2011,257,36.62,25.61
2011,258,36.83,25.62
2011,259,36.94,25.64
2011,260,37.1,25.67
2011,261,37.29,25.69
2011,262,37.46,25.7
2011,263,37.69,25.73
2011,264,37.9,25.76
2011,265,38.07,25.8
2011,266,38.27,25.84
2011,267,38.47,25.85
2011,268,38.68,25.86
2011,269,38.86,25.86
2011,270,39.08,25.84
2011,271,39.25,25.81
2011,272,39.37,25.75
2011,273,39.46,25.68
2011,274,39.5,25.62
2011,275,39.56,25.55
2011,276,39.62,25.5
2011,277,39.7,25.46
2011,278,39.77,25.38
2011,279,39.79,25.29
2011,280,39.81,25.17
2011,281,39.79,25.02
2011,282,39.76,24.88
2011,283,39.71,24.74
2011,284,39.71,24.6
2011,285,39.66,24.43
2011,286,39.63,24.27
2011,287,39.6,24.11
2011,288,39.58,23.95
2011,289,39.55,23.8
2011,290,39.48,23.64
2011,291,39.41,23.47
2011,292,39.34,23.27
2011,293,39.25,23.08
2011,294,39.16,22.92
2011,295,39.06,22.77
2011,296,38.99,22.65
2011,297,38.92,22.56
2011,298,38.84,22.44
2011,299,38.76,22.37
2011,300,38.69,22.35
2011,301,38.62,22.32
2011,302,38.53,22.32
2011,303,38.43,22.28
2011,304,38.33,22.21
2011,305,38.28,22.16
2011,306,38.21,22.11
2011,307,38.1,22.08
2011,308,37.91,22.05
2011,309,37.71,21.98
2011,310,37.56,21.87
2011,311,37.41,21.75
2011,312,37.29,21.65
2011,313,37.18,21.57
2011,314,37.04,21.45
2011,315,36.87,21.3
2011,316,36.68,21.17
2011,317,36.5,21.0
2011,318,36.29,20.83
2011,319,36.09,20.65
2011,320,35.9,20.45
2011,321,35.73,20.29
2011,322,35.61,20.13
2011,323,35.54,19.93
2011,324,35.44,19.74
2011,325,35.3,19.59
2011,326,35.09,19.47
2011,327,34.89,19.31
2011,328,34.64,19.13
2011,329,34.38,18.97
2011,330,34.21,18.85
2011,331,34.07,18.7
2011,332,33.94,18.59
2011,333,33.88,18.52
2011,334,33.82,18.46
2011,335,33.76,18.4
2011,336,33.66,18.3
2011,337,33.52,18.16
2011,338,33.36,18.04
2011,339,33.2,17.94
2011,340,33.05,17.83
2011,341,32.97,17.71
2011,342,32.88,17.64
2011,343,32.85,17.58
2011,344,32.86,17.53
2011,345,32.84,17.46
2011,346,32.77,17.4
2011,347,32.63,17.34
2011,348,32.48,17.27
2011,349,32.36,17.21
2011,350,32.28,17.15
2011,351,32.18,17.08
2011,352,32.14,17.06
2011,353,32.11,17.04
2011,354,32.06,17.02
2011,355,32.02,17.0
2011,356,31.98,16.97
2011,357,31.93,16.91
2011,358,31.79,16.84
2011,359,31.56,16.77
2011,360,31.4,16.71
2011,361,31.27,16.66
2011,362,31.21,16.58
2011,363,31.16,16.53
2011,364,31.08,16.49
2011,365,30.97,16.48
2011,366,30.89,16.47
2012,1,30.79,16.23
2012,2,30.76,16.19
2012,3,30.72,16.18
2012,4,30.77,16.2
2012,5,30.81,16.21
2012,6,30.84,16.2
2012,7,30.89,16.21
2012,8,31.01,16.26
2012,9,31.18,16.27
2012,10,31.2,16.28
2012,11,31.26,16.29
2012,12,31.31,16.3
2012,13,31.36,16.28
2012,14,31.38,16.26
2012,15,31.41,16.21
2012,16,31.47,16.16
2012,17,31.44,16.15
2012,18,31.42,16.13
2012,19,31.39,16.1
2012,20,31.4,16.09
2012,21,31.4,16.1
2012,22,31.41,16.08
2012,23,31.42,16.09
2012,24,31.45,16.13
2012,25,31.56,16.17
2012,26,31.6,16.21
2012,27,31.64,16.26
2012,28,31.7,16.3
2012,29,31.82,16.34
2012,30,31.97,16.39
2012,31,32.07,16.47
2012,32,32.25,16.52
2012,33,32.4,16.59
2012,34,32.46,16.66
2012,35,32.54,16.75
2012,36,32.66,16.81
2012,37,32.8,16.93
2012,38,32.95,17.03
2012,39,33.06,17.17
2012,40,33.19,17.3
2012,41,33.35,17.41
2012,42,33.49,17.52
2012,43,33.67,17.66
2012,44,33.87,17.77
2012,45,34.07,17.92
2012,46,34.31,18.09
2012,47,34.51,18.28
2012,48,34.71,18.46
2012,49,34.98,18.64
2012,50,35.26,18.81
2012,51,35.55,19.01
2012,52,35.83,19.21
2012,53,36.07,19.38
2012,54,36.34,19.52
2012,55,36.56,19.69
2012,56,36.79,19.84
2012,57,37.04,20.01
2012,58,37.21,20.14
2012,59,37.34,20.28
2012,60,37.43,20.42
2012,61,37.5,20.53
2012,62,37.64,20.62
2012,63,37.8,20.72
2012,64,37.91,20.86
2012,65,38.01,20.99
2012,66,38.08,21.11
2012,67,38.2,21.2
2012,68,38.34,21.31
2012,69,38.57,21.43
2012,70,38.79,21.55
2012,71,38.99,21.72
2012,72,39.18,21.89
2012,73,39.36,22.08
2012,74,39.57,22.26
2012,75,39.76,22.4
2012,76,39.99,22.57
2012,77,40.16,22.76
2012,78,40.35,22.92
2012,79,40.59,23.05
2012,80,40.8,23.19
2012,81,41.01,23.35
2012,82,41.18,23.48
2012,83,41.31,23.6
2012,84,41.38,23.73
2012,85,41.47,23.84
2012,86,41.56,23.89
2012,87,41.74,23.95
2012,88,41.94,24.04
2012,89,42.19,24.19
2012,90,42.42,24.38
2012,91,42.54,24.51
2012,92,42.66,24.61
2012,93,42.78,24.71
2012,94,42.89,24.78
2012,95,43.0,24.88
2012,96,43.11,24.97
2012,97,43.21,25.09
2012,98,43.3,25.21
2012,99,43.41,25.32
2012,100,43.5,25.41
2012,101,43.59,25.53
2012,102,43.66,25.63
2012,103,43.71,25.72
2012,104,43.7,25.79
2012,105,43.74,25.85
2012,106,43.9,25.95
2012,107,44.07,26.08
2012,108,44.2,26.21
2012,109,44.33,26.34
2012,110,44.46,26.47
2012,111,44.58,26.61
2012,112,44.7,26.72
2012,113,44.8,26.83
2012,114,44.91,26.92
2012,115,45.03,27.04
2012,116,45.13,27.15
2012,117,45.22,27.25
2012,118,45.29,27.37
2012,119,45.36,27.46
2012,120,45.39,27.55
2012,121,45.38,27.63
2012,122,45.36,27.7
2012,123,45.36,27.79
2012,124,45.28,27.84
2012,125,45.21,27.86
2012,126,45.15,27.88
2012,127,45.06,27.92
2012,128,45.04,27.98
2012,129,45.01,28.05
2012,130,44.99,28.11
2012,131,44.96,28.2
2012,132,44.9,28.28
2012,133,44.84,28.34
2012,134,44.75,28.44
2012,135,44.69,28.51
2012,136,44.68,28.58
2012,137,44.68,28.62
2012,138,44.64,28.64
2012,139,44.66,28.67
2012,140,44.67,28.73
2012,141,44.65,28.79
2012,142,44.63,28.84
2012,143,44.58,28.88
2012,144,44.54,28.91
2012,145,44.41,28.94
2012,146,44.25,28.95
2012,147,44.13,28.96
2012,148,44.04,28.98
2012,149,44.02,28.98
2012,150,43.97,29.0
2012,151,43.85,29.02
2012,152,43.73,29.04
2012,153,43.58,29.06
2012,154,43.45,29.1
2012,155,43.31,29.14
2012,156,43.2,29.16
2012,157,43.05,29.18
2012,158,42.9,29.21
2012,159,42.68,29.2
2012,160,42.5,29.16
2012,161,42.31,29.11
2012,162,42.14,29.09
2012,163,41.95,29.07
2012,164,41.72,29.04
2012,165,41.43,28.97
2012,166,41.22,28.92
2012,167,40.93,28.89
2012,168,40.52,28.87
2012,169,40.18,28.82
2012,170,39.88,28.77
2012,171,39.55,28.69
2012,172,39.2,28.6
2012,173,38.87,28.48
2012,174,38.67,28.39
2012,175,38.44,28.33
2012,176,38.18,28.26
2012,177,37.85,28.15
2012,178,37.6,28.03
2012,179,37.34,27.93
2012,180,37.08,27.84
2012,181,36.83,27.73
2012,182,36.6,27.61
2012,183,36.45,27.49
2012,184,36.27,27.4
2012,185,36.02,27.31
2012,186,35.84,27.24
2012,187,35.67,27.17
2012,188,35.53,27.12
2012,189,35.29,27.06
2012,190,35.08,26.99
2012,191,35.02,26.96
2012,192,35.0,26.96
2012,193,34.83,26.94
2012,194,34.69,26.91
2012,195,34.61,26.88
2012,196,34.53,26.85
2012,197,34.46,26.82
2012,198,34.48,26.79
2012,199,34.47,26.76
2012,200,34.49,26.75
2012,201,34.47,26.71
2012,202,34.37,26.67
2012,203,34.27,26.63
2012,204,34.26,26.58
2012,205,34.24,26.53
2012,206,34.11,26.49
2012,207,33.96,26.43
2012,208,33.9,26.38
2012,209,33.82,26.34
2012,210,33.78,26.28
2012,211,33.73,26.24
2012,212,33.63,26.2
2012,213,33.52,26.15
2012,214,33.42,26.11
2012,215,33.3,26.05
2012,216,33.18,26.01
2012,217,33.17,25.97
2012,218,33.15,25.96
2012,219,33.05,25.95
2012,220,32.98,25.95
2012,221,32.99,25.93
2012,222,33.1,25.92
2012,223,33.22,25.92
2012,224,33.32,25.92
2012,225,33.39,25.93
2012,226,33.4,25.93
2012,227,33.59,25.92
2012,228,33.79,25.93
2012,229,33.91,25.95
2012,230,34.04,25.95
2012,231,34.18,25.95
2012,232,34.31,25.95
2012,233,34.43,25.93
2012,234,34.57,25.9
2012,235,34.65,25.87
2012,236,34.75,25.86
2012,237,34.82,25.85
2012,238,34.89,25.83
2012,239,34.96,25.82
2012,240,35.01,25.81
2012,241,35.16,25.82
2012,242,35.14,25.83
2012,243,35.1,25.82
2012,244,35.25,25.8
2012,245,35.34,25.78
2012,246,35.39,25.75
2012,247,35.47,25.73
2012,248,35.5,25.72
2012,249,35.61,25.72
2012,250,35.81,25.72
2012,251,35.96,25.71
2012,252,36.04,25.69
2012,253,36.08,25.68
2012,254,36.17,25.64
2012,255,36.26,25.62
2012,256,36.35,25.59
2012,257,36.54,25.57
2012,258,36.76,25.58
2012,259,36.84,25.6
2012,260,36.98,25.61
2012,261,37.14,25.63
2012,262,37.26,25.63
2012,263,37.47,25.66
2012,264,37.69,25.67
2012,265,37.84,25.71
2012,266,38.05,25.75
2012,267,38.24,25.75
2012,268,38.46,25.75
2012,269,38.64,25.75
2012,270,38.83,25.72
2012,271,39.0,25.68
2012,272,39.13,25.62
2012,273,39.24,25.55
2012,274,39.31,25.5
2012,275,39.39,25.44
2012,276,39.47,25.4
2012,277,39.59,25.37
2012,278,39.69,25.31
2012,279,39.73,25.24
2012,280,39.77,25.14
2012,281,39.75,25.02
2012,282,39.74,24.89
2012,283,39.7,24.78
2012,284,39.71,24.66
2012,285,39.68,24.5
2012,286,39.64,24.36
2012,287,39.59,24.19
2012,288,39.56,24.04
2012,289,39.55,23.87
2012,290,39.53,23.7
2012,291,39.51,23.54
2012,292,39.5,23.34
2012,293,39.45,23.14
2012,294,39.38,22.96
2012,295,39.3,22.78
2012,296,39.23,22.65
2012,297,39.15,22.55
2012,298,39.07,22.43
2012,299,39.0,22.37
2012,300,38.93,22.35
2012,301,38.87,22.34
2012,302,38.8,22.36
2012,303,38.72,22.35
2012,304,38.61,22.3
2012,305,38.52,22.28
2012,306,38.41,22.23
2012,307,38.25,22.2
2012,308,38.03,22.16
2012,309,37.84,22.1
2012,310,37.7,22.01
2012,311,37.56,21.9
2012,312,37.46,21.81
2012,313,37.37,21.73
2012,314,37.25,21.61
2012,315,37.09,21.47
2012,316,36.91,21.35
2012,317,36.73,21.17
2012,318,36.53,21.0
2012,319,36.32,20.83
2012,320,36.11,20.63
2012,321,35.93,20.47
2012,322,35.79,20.32
2012,323,35.7,20.15
2012,324,35.58,19.98
2012,325,35.41,19.84
2012,326,35.18,19.74
2012,327,34.97,19.59
2012,328,34.71,19.42
2012,329,34.44,19.26
2012,330,34.25,19.13
2012,331,34.11,18.98
2012,332,33.99,18.86
2012,333,33.93,18.78
2012,334,33.88,18.71
2012,335,33.84,18.63
2012,336,33.76,18.53
2012,337,33.64,18.39
2012,338,33.49,18.27
2012,339,33.34,18.15
2012,340,33.2,18.02
2012,341,33.12,17.87
2012,342,33.03,17.77
2012,343,33.0,17.7
2012,344,33.01,17.63
2012,345,32.97,17.54
2012,346,32.9,17.46
2012,347,32.74,17.37
2012,348,32.59,17.27
2012,349,32.46,17.2
2012,350,32.36,17.13
2012,351,32.23,17.04
2012,352,32.16,17.0
2012,353,32.12,16.96
2012,354,32.07,16.92
2012,355,32.02,16.88
2012,356,31.97,16.86
2012,357,31.9,16.79
2012,358,31.74,16.7
2012,359,31.51,16.61
2012,360,31.35,16.53
2012,361,31.22,16.47
2012,362,31.16,16.39
2012,363,31.08,16.34
2012,364,30.99,16.29
2012,365,30.88,16.25
2012,366,30.79,16.23
2013,1,30.88,16.14
2013,2,30.85,16.09
2013,3,30.79,16.07
2013,4,30.81,16.08
2013,5,30.83,16.09
2013,6,30.84,16.08
2013,7,30.87,16.09
2013,8,30.97,16.14
2013,9,31.15,16.16
2013,10,31.18,16.19
2013,11,31.25,16.18
2013,12,31.34,16.18
2013,13,31.38,16.16
2013,14,31.36,16.15
2013,15,31.4,16.12
2013,16,31.44,16.1
2013,17,31.4,16.1
2013,18,31.4,16.11
2013,19,31.38,16.12
2013,20,31.41,16.11
2013,21,31.41,16.12
2013,22,31.39,16.11
2013,23,31.4,16.12
2013,24,31.42,16.16
2013,25,31.52,16.19
2013,26,31.58,16.24
2013,27,31.6,16.31
2013,28,31.65,16.36
2013,29,31.79,16.41
2013,30,31.91,16.45
2013,31,31.98,16.52
2013,32,32.12,16.55
2013,33,32.24,16.6
2013,34,32.3,16.65
2013,35,32.38,16.75
2013,36,32.53,16.81
2013,37,32.68,16.93
2013,38,32.83,17.04
2013,39,32.94,17.15
2013,40,33.08,17.27
2013,41,33.22,17.4
2013,42,33.34,17.5
2013,43,33.54,17.64
2013,44,33.75,17.76
2013,45,33.96,17.91
2013,46,34.23,18.08
2013,47,34.45,18.27
2013,48,34.64,18.46
2013,49,34.89,18.63
2013,50,35.16,18.78
2013,51,35.42,18.96
2013,52,35.68,19.13
2013,53,35.92,19.28
2013,54,36.17,19.42
2013,55,36.38,19.59
2013,56,36.62,19.74
2013,57,36.86,19.9
2013,58,37.02,20.02
2013,59,37.11,20.14
2013,60,37.18,20.25
2013,61,37.22,20.34
2013,62,37.34,20.4
2013,63,37.5,20.49
2013,64,37.62,20.62
2013,65,37.71,20.75
2013,66,37.78,20.87
2013,67,37.92,20.94
2013,68,38.08,21.04
2013,69,38.32,21.16
2013,70,38.56,21.29
2013,71,38.79,21.45
2013,72,39.01,21.62
2013,73,39.23,21.81
2013,74,39.46,21.98
2013,75,39.69,22.14
2013,76,39.96,22.32
2013,77,40.16,22.53
2013,78,40.39,22.7
2013,79,40.64,22.84
2013,80,40.88,22.99
2013,81,41.13,23.16
2013,82,41.31,23.33
2013,83,41.46,23.47
2013,84,41.56,23.63
2013,85,41.69,23.76
2013,86,41.81,23.84
2013,87,41.99,23.93
2013,88,42.18,24.04
2013,89,42.42,24.22
2013,90,42.65,24.42
2013,91,42.77,24.58
2013,92,42.9,24.7
2013,93,43.04,24.81
2013,94,43.17,24.92
2013,95,43.28,25.03
2013,96,43.37,25.13
2013,97,43.46,25.25
2013,98,43.54,25.38
2013,99,43.63,25.49
2013,100,43.69,25.6
2013,101,43.74,25.72
2013,102,43.79,25.82
2013,103,43.8,25.89
2013,104,43.75,25.95
2013,105,43.78,25.99
2013,106,43.91,26.07
2013,107,44.03,26.18
2013,108,44.13,26.29
2013,109,44.25,26.39
2013,110,44.38,26.51
2013,111,44.51,26.64
2013,112,44.63,26.75
2013,113,44.74,26.85
2013,114,44.85,26.93
2013,115,44.98,27.02
2013,116,45.09,27.11
2013,117,45.19,27.2
2013,118,45.28,27.31
2013,119,45.38,27.4
2013,120,45.42,27.49
2013,121,45.43,27.58
2013,122,45.43,27.68
2013,123,45.45,27.78
2013,124,45.36,27.86
2013,125,45.29,27.9
2013,126,45.2,27.92
2013,127,45.09,27.96
2013,128,45.03,28.01
2013,129,44.97,28.07
2013,130,44.93,28.13
2013,131,44.86,28.21
2013,132,44.79,28.29
2013,133,44.74,28.35
2013,134,44.66,28.44
2013,135,44.61,28.51
2013,136,44.61,28.57
2013,137,44.62,28.61
2013,138,44.59,28.64
2013,139,44.6,28.66
2013,140,44.61,28.72
2013,141,44.6,28.78
2013,142,44.61,28.83
2013,143,44.58,28.87
2013,144,44.56,28.9
2013,145,44.48,28.95
2013,146,44.36,28.98
2013,147,44.27,29.01
2013,148,44.19,29.04
2013,149,44.16,29.04
2013,150,44.11,29.07
2013,151,43.98,29.1
2013,152,43.86,29.11
2013,153,43.71,29.14
2013,154,43.58,29.18
2013,155,43.44,29.22
2013,156,43.32,29.24
2013,157,43.18,29.25
2013,158,43.02,29.27
2013,159,42.78,29.27
2013,160,42.58,29.21
2013,161,42.36,29.16
2013,162,42.18,29.13
2013,163,41.98,29.1
2013,164,41.76,29.07
2013,165,41.5,29.01
2013,166,41.32,28.97
2013,167,41.07,28.95
2013,168,40.73,28.94
2013,169,40.41,28.9
2013,170,40.14,28.85
2013,171,39.85,28.78
2013,172,39.51,28.71
2013,173,39.19,28.6
2013,174,39.02,28.52
2013,175,38.81,28.47
2013,176,38.53,28.4
2013,177,38.2,28.3
2013,178,37.94,28.19
2013,179,37.65,28.08
2013,180,37.35,27.97
2013,181,37.06,27.85
2013,182,36.77,27.72
2013,183,36.57,27.59
2013,184,36.37,27.48
2013,185,36.08,27.38
2013,186,35.86,27.29
2013,187,35.67,27.21
2013,188,35.5,27.15
2013,189,35.25,27.08
2013,190,35.02,27.0
2013,191,34.98,26.95
2013,192,34.95,26.93
2013,193,34.78,26.91
2013,194,34.64,26.88
2013,195,34.57,26.86
2013,196,34.49,26.83
2013,197,34.42,26.8
2013,198,34.38,26.77
2013,199,34.36,26.74
2013,200,34.41,26.73
2013,201,34.44,26.72
2013,202,34.36,26.7
2013,203,34.29,26.66
2013,204,34.25,26.62
2013,205,34.22,26.58
2013,206,34.08,26.54
2013,207,33.94,26.48
2013,208,33.89,26.43
2013,209,33.8,26.39
2013,210,33.78,26.35
2013,211,33.72,26.31
2013,212,33.66,26.27
2013,213,33.62,26.24
2013,214,33.49,26.19
2013,215,33.33,26.13
2013,216,33.18,26.08
2013,217,33.14,26.02
2013,218,33.08,26.0
2013,219,32.96,25.98
2013,220,32.88,25.97
2013,221,32.88,25.95
2013,222,32.99,25.94
2013,223,33.1,25.94
2013,224,33.21,25.93
2013,225,33.27,25.94
2013,226,33.28,25.93
2013,227,33.41,25.93
2013,228,33.59,25.93
2013,229,33.76,25.95
2013,230,33.93,25.96
2013,231,34.07,25.96
2013,232,34.2,25.96
2013,233,34.35,25.94
2013,234,34.52,25.92
2013,235,34.64,25.9
2013,236,34.75,25.89
2013,237,34.83,25.88
2013,238,34.9,25.87
2013,239,34.99,25.86
2013,240,35.05,25.85
2013,241,35.2,25.86
2013,242,35.22,25.86
2013,243,35.17,25.84
2013,244,35.26,25.82
2013,245,35.3,25.79
2013,246,35.35,25.75
2013,247,35.45,25.73
2013,248,35.48,25.72
2013,249,35.6,25.72
2013,250,35.78,25.72
2013,251,35.91,25.72
2013,252,35.97,25.7
2013,253,35.99,25.68
2013,254,36.04,25.64
2013,255,36.13,25.62
2013,256,36.24,25.58
2013,257,36.43,25.57
2013,258,36.67,25.58
2013,259,36.79,25.61
2013,260,36.94,25.62
2013,261,37.1,25.64
2013,262,37.2,25.64
2013,263,37.41,25.67
2013,264,37.63,25.67
2013,265,37.83,25.71
2013,266,38.07,25.75
2013,267,38.3,25.76
2013,268,38.56,25.77
2013,269,38.79,25.78
2013,270,39.02,25.75
2013,271,39.2,25.72
2013,272,39.33,25.67
2013,273,39.44,25.61
2013,274,39.51,25.56
2013,275,39.6,25.52
2013,276,39.7,25.49
2013,277,39.84,25.46
2013,278,39.92,25.41
2013,279,39.94,25.33
2013,280,39.95,25.23
2013,281,39.91,25.1
2013,282,39.88,24.97
2013,283,39.82,24.84
2013,284,39.8,24.71
2013,285,39.74,24.55
2013,286,39.69,24.4
2013,287,39.65,24.23
2013,288,39.63,24.08
2013,289,39.63,23.91
2013,290,39.61,23.73
2013,291,39.6,23.56
2013,292,39.58,23.36
2013,293,39.54,23.17
2013,294,39.47,22.99
2013,295,39.4,22.83
2013,296,39.34,22.7
2013,297,39.25,22.59
2013,298,39.16,22.47
2013,299,39.08,22.41
2013,300,39.0,22.4
2013,301,38.91,22.38
2013,302,38.81,22.37
2013,303,38.7,22.33
2013,304,38.57,22.27
2013,305,38.46,22.23
2013,306,38.33,22.17
2013,307,38.17,22.12
2013,308,37.95,22.08
2013,309,37.75,22.0
2013,310,37.61,21.91
2013,311,37.48,21.81
2013,312,37.37,21.74
2013,313,37.29,21.67
2013,314,37.17,21.54
2013,315,37.03,21.39
2013,316,36.87,21.26
2013,317,36.71,21.1
2013,318,36.53,20.94
2013,319,36.33,20.77
2013,320,36.12,20.57
2013,321,35.95,20.4
2013,322,35.82,20.24
2013,323,35.75,20.08
2013,324,35.65,19.92
2013,325,35.48,19.77
2013,326,35.27,19.65
2013,327,35.06,19.48
2013,328,34.81,19.3
2013,329,34.55,19.14
2013,330,34.37,19.01
2013,331,34.24,18.87
2013,332,34.12,18.76
2013,333,34.05,18.69
2013,334,34.02,18.63
2013,335,34.0,18.57
2013,336,33.96,18.49
2013,337,33.84,18.38
2013,338,33.7,18.28
2013,339,33.53,18.16
2013,340,33.4,18.04
2013,341,33.32,17.91
2013,342,33.24,17.84
2013,343,33.24,17.79
2013,344,33.27,17.74
2013,345,33.25,17.68
2013,346,33.18,17.59
2013,347,33.02,17.51
2013,348,32.89,17.41
2013,349,32.76,17.33
2013,350,32.65,17.26
2013,351,32.5,17.16
2013,352,32.42,17.11
2013,353,32.37,17.05
2013,354,32.32,16.99
2013,355,32.26,16.95
2013,356,32.19,16.91
2013,357,32.13,16.82
2013,358,31.96,16.72
2013,359,31.68,16.6
2013,360,31.48,16.5
2013,361,31.31,16.43
2013,362,31.22,16.34
2013,363,31.14,16.28
2013,364,31.06,16.23
2013,365,30.96,16.18
2013,366,30.88,16.14
2014,1,30.72,16.02
2014,2,30.66,15.96
2014,3,30.58,15.92
2014,4,30.61,15.9
2014,5,30.65,15.89
2014,6,30.69,15.88
2014,7,30.73,15.88
2014,8,30.87,15.93
2014,9,31.02,15.97
2014,10,31.08,16.03
2014,11,31.13,16.07
2014,12,31.24,16.09
2014,13,31.28,16.09
2014,14,31.28,16.1
2014,15,31.35,16.1
2014,16,31.42,16.11
2014,17,31.41,16.13
2014,18,31.44,16.16
2014,19,31.44,16.18
2014,20,31.45,16.2
2014,21,31.45,16.21
2014,22,31.44,16.2
2014,23,31.42,16.22
2014,24,31.43,16.24
2014,25,31.51,16.24
2014,26,31.61,16.27
2014,27,31.64,16.35
2014,28,31.7,16.41
2014,29,31.82,16.46
2014,30,31.94,16.49
2014,31,31.99,16.53
2014,32,32.11,16.56
2014,33,32.2,16.6
2014,34,32.27,16.66
2014,35,32.36,16.75
2014,36,32.51,16.83
2014,37,32.66,16.97
2014,38,32.82,17.08
2014,39,32.93,17.18
2014,40,33.04,17.31
2014,41,33.17,17.42
2014,42,33.3,17.51
2014,43,33.52,17.64
2014,44,33.75,17.76
2014,45,33.99,17.94
2014,46,34.29,18.13
2014,47,34.52,18.34
2014,48,34.75,18.53
2014,49,35.02,18.72
2014,50,35.3,18.89
2014,51,35.56,19.07
2014,52,35.82,19.24
2014,53,36.05,19.38
2014,54,36.31,19.53
2014,55,36.54,19.69
2014,56,36.77,19.84
2014,57,37.01,20.0
2014,58,37.19,20.12
2014,59,37.3,20.24
2014,60,37.38,20.35
2014,61,37.42,20.43
2014,62,37.54,20.47
2014,63,37.7,20.55
2014,64,37.81,20.67
2014,65,37.89,20.77
2014,66,37.98,20.87
2014,67,38.12,20.95
2014,68,38.3,21.06
2014,69,38.53,21.19
2014,70,38.78,21.34
2014,71,39.03,21.53
2014,72,39.22,21.7
2014,73,39.39,21.87
2014,74,39.57,22.02
2014,75,39.77,22.16
2014,76,40.02,22.32
2014,77,40.22,22.55
2014,78,40.42,22.74
2014,79,40.63,22.89
2014,80,40.84,23.04
2014,81,41.04,23.19
2014,82,41.2,23.34
2014,83,41.31,23.47
2014,84,41.39,23.61
2014,85,41.49,23.72
2014,86,41.57,23.77
2014,87,41.73,23.85
2014,88,41.93,23.97
2014,89,42.17,24.14
2014,90,42.4,24.34
2014,91,42.52,24.48
2014,92,42.66,24.59
2014,93,42.8,24.71
2014,94,42.94,24.81
2014,95,43.07,24.92
2014,96,43.2,25.02
2014,97,43.3,25.16
2014,98,43.41,25.28
2014,99,43.5,25.4
2014,100,43.58,25.5
2014,101,43.67,25.63
2014,102,43.73,25.75
2014,103,43.75,25.83
2014,104,43.72,25.89
2014,105,43.75,25.95
2014,106,43.87,26.04
2014,107,43.98,26.15
2014,108,44.08,26.25
2014,109,44.21,26.35
2014,110,44.35,26.47
2014,111,44.48,26.61
2014,112,44.59,26.72
2014,113,44.7,26.83
2014,114,44.84,26.92
2014,115,44.97,27.02
2014,116,45.08,27.1
2014,117,45.18,27.18
2014,118,45.26,27.29
2014,119,45.37,27.37
2014,120,45.41,27.46
2014,121,45.42,27.55
2014,122,45.42,27.65
2014,123,45.43,27.75
2014,124,45.33,27.84
2014,125,45.24,27.88
2014,126,45.14,27.89
2014,127,45.01,27.92
2014,128,44.93,27.96
2014,129,44.85,28.0
2014,130,44.79,28.06
2014,131,44.72,28.14
2014,132,44.64,28.21
2014,133,44.6,28.29
2014,134,44.52,28.39
2014,135,44.47,28.47
2014,136,44.47,28.53
2014,137,44.47,28.56
2014,138,44.43,28.58
2014,139,44.44,28.6
2014,140,44.45,28.66
2014,141,44.45,28.73
2014,142,44.47,28.79
2014,143,44.45,28.83
2014,144,44.44,28.88
2014,145,44.37,28.95
2014,146,44.26,28.99
2014,147,44.15,29.02
2014,148,44.06,29.05
2014,149,44.01,29.06
2014,150,43.96,29.09
2014,151,43.84,29.12
2014,152,43.72,29.14
2014,153,43.64,29.17
2014,154,43.53,29.21
2014,155,43.36,29.24
2014,156,43.21,29.26
2014,157,43.06,29.26
2014,158,42.91,29.28
2014,159,42.63,29.25
2014,160,42.4,29.16
2014,161,42.11,29.08
2014,162,41.9,29.03
2014,163,41.68,28.99
2014,164,41.45,28.93
2014,165,41.16,28.86
2014,166,40.96,28.8
2014,167,40.68,28.77
2014,168,40.26,28.75
2014,169,39.9,28.69
2014,170,39.62,28.63
2014,171,39.33,28.55
2014,172,39.0,28.47
2014,173,38.69,28.38
2014,174,38.53,28.32
2014,175,38.34,28.3
2014,176,38.17,28.26
2014,177,37.87,28.18
2014,178,37.61,28.08
2014,179,37.37,27.97
2014,180,37.11,27.87
2014,181,36.86,27.77
2014,182,36.6,27.64
2014,183,36.4,27.52
2014,184,36.25,27.42
2014,185,35.99,27.33
2014,186,35.79,27.25
2014,187,35.59,27.17
2014,188,35.42,27.1
2014,189,35.19,27.02
2014,190,34.98,26.94
2014,191,34.9,26.88
2014,192,34.86,26.85
2014,193,34.71,26.82
2014,194,34.53,26.8
2014,195,34.43,26.78
2014,196,34.32,26.74
2014,197,34.23,26.71
2014,198,34.2,26.67
2014,199,34.17,26.64
2014,200,34.21,26.63
2014,201,34.2,26.61
2014,202,34.11,26.58
2014,203,33.99,26.53
2014,204,33.92,26.49
2014,205,33.88,26.45
2014,206,33.74,26.4
2014,207,33.62,26.35
2014,208,33.56,26.3
2014,209,33.5,26.26
2014,210,33.49,26.21
2014,211,33.45,26.18
2014,212,33.42,26.14
2014,213,33.38,26.11
2014,214,33.26,26.06
2014,215,33.09,26.01
2014,216,32.99,25.96
2014,217,33.02,25.92
2014,218,32.97,25.9
2014,219,32.87,25.89
2014,220,32.8,25.87
2014,221,32.79,25.85
2014,222,32.9,25.84
2014,223,33.05,25.84
2014,224,33.14,25.85
2014,225,33.19,25.85
2014,226,33.17,25.85
2014,227,33.26,25.84
2014,228,33.39,25.84
2014,229,33.5,25.85
2014,230,33.67,25.85
2014,231,33.77,25.85
2014,232,33.86,25.86
2014,233,34.03,25.84
2014,234,34.23,25.83
2014,235,34.36,25.81
2014,236,34.49,25.8
2014,237,34.57,25.79
2014,238,34.65,25.78
2014,239,34.74,25.78
2014,240,34.8,25.77
2014,241,34.95,25.78
2014,242,34.98,25.78
2014,243,34.96,25.77
2014,244,35.11,25.75
2014,245,35.2,25.73
2014,246,35.28,25.7
2014,247,35.39,25.68
2014,248,35.42,25.66
2014,249,35.53,25.67
2014,250,35.72,25.67
2014,251,35.88,25.67
2014,252,35.96,25.66
2014,253,36.0,25.65
2014,254,36.11,25.62
2014,255,36.26,25.6
2014,256,36.44,25.58
2014,257,36.65,25.58
2014,258,36.91,25.59
2014,259,37.04,25.62
2014,260,37.18,25.64
2014,261,37.28,25.66
2014,262,37.32,25.66
2014,263,37.49,25.68
2014,264,37.66,25.68
2014,265,37.8,25.71
2014,266,37.98,25.73
2014,267,38.14,25.73
2014,268,38.38,25.73
2014,269,38.55,25.72
2014,270,38.72,25.69
2014,271,38.86,25.64
2014,272,38.98,25.59
2014,273,39.08,25.53
2014,274,39.14,25.48
2014,275,39.22,25.44
2014,276,39.33,25.4
2014,277,39.51,25.37
2014,278,39.64,25.31
2014,279,39.7,25.23
2014,280,39.74,25.13
2014,281,39.76,25.01
2014,282,39.82,24.88
2014,283,39.8,24.76
2014,284,39.82,24.63
2014,285,39.79,24.48
2014,286,39.77,24.34
2014,287,39.75,24.18
2014,288,39.73,24.03
2014,289,39.75,23.85
2014,290,39.76,23.67
2014,291,39.76,23.5
2014,292,39.74,23.32
2014,293,39.71,23.13
2014,294,39.64,22.97
2014,295,39.56,22.82
2014,296,39.47,22.7
2014,297,39.36,22.59
2014,298,39.23,22.46
2014,299,39.11,22.37
2014,300,38.99,22.33
2014,301,38.87,22.28
2014,302,38.75,22.26
2014,303,38.63,22.2
2014,304,38.49,22.15
2014,305,38.37,22.11
2014,306,38.24,22.06
2014,307,38.08,22.01
2014,308,37.86,21.96
2014,309,37.67,21.88
2014,310,37.53,21.78
2014,311,37.4,21.68
2014,312,37.28,21.61
2014,313,37.17,21.54
2014,314,37.04,21.42
2014,315,36.9,21.29
2014,316,36.74,21.17
2014,317,36.58,21.02
2014,318,36.4,20.85
2014,319,36.19,20.67
2014,320,35.98,20.47
2014,321,35.81,20.31
2014,322,35.7,20.16
2014,323,35.63,20.02
2014,324,35.54,19.88
2014,325,35.37,19.75
2014,326,35.16,19.65
2014,327,34.95,19.5
2014,328,34.71,19.33
2014,329,34.47,19.2
2014,330,34.32,19.07
2014,331,34.2,18.95
2014,332,34.11,18.89
2014,333,34.05,18.84
2014,334,34.02,18.78
2014,335,34.01,18.72
2014,336,33.97,18.63
2014,337,33.84,18.51
2014,338,33.71,18.39
2014,339,33.55,18.26
2014,340,33.43,18.12
2014,341,33.38,17.96
2014,342,33.34,17.85
2014,343,33.32,17.78
2014,344,33.34,17.71
2014,345,33.3,17.63
2014,346,33.21,17.54
2014,347,33.05,17.44
2014,348,32.91,17.31
2014,349,32.76,17.22
2014,350,32.62,17.14
2014,351,32.46,17.05
2014,352,32.39,17.0
2014,353,32.33,16.94
2014,354,32.27,16.89
2014,355,32.17,16.86
2014,356,32.05,16.83
2014,357,31.95,16.77
2014,358,31.77,16.68
2014,359,31.53,16.58
2014,360,31.35,16.47
2014,361,31.19,16.38
2014,362,31.09,16.26
2014,363,31.0,16.19
2014,364,30.92,16.14
2014,365,30.81,16.08
2014,366,30.72,16.02
2015,1,30.53,16.0
2015,2,30.49,15.96
2015,3,30.43,15.93
2015,4,30.46,15.91
2015,5,30.5,15.93
2015,6,30.57,15.93
2015,7,30.63,15.94
2015,8,30.78,15.97
2015,9,30.93,16.01
2015,10,31.01,16.06
2015,11,31.04,16.06
2015,12,31.14,16.06
2015,13,31.18,16.08
2015,14,31.14,16.11
2015,15,31.2,16.1
2015,16,31.23,16.09
2015,17,31.21,16.1
2015,18,31.23,16.12
2015,19,31.24,16.16
2015,20,31.26,16.17
2015,21,31.27,16.18
2015,22,31.28,16.18
2015,23,31.3,16.22
2015,24,31.33,16.26
2015,25,31.44,16.28
2015,26,31.57,16.34
2015,27,31.67,16.45
2015,28,31.76,16.52
2015,29,31.94,16.57
2015,30,32.07,16.6
2015,31,32.13,16.65
2015,32,32.23,16.67
2015,33,32.34,16.7
2015,34,32.41,16.73
2015,35,32.5,16.81
2015,36,32.61,16.86
2015,37,32.7,16.97
2015,38,32.81,17.05
2015,39,32.89,17.11
2015,40,32.96,17.2
2015,41,33.03,17.27
2015,42,33.11,17.32
2015,43,33.3,17.42
2015,44,33.49,17.52
2015,45,33.7,17.69
2015,46,33.98,17.88
2015,47,34.2,18.09
2015,48,34.4,18.3
2015,49,34.68,18.5
2015,50,34.96,18.69
2015,51,35.22,18.87
2015,52,35.5,19.04
2015,53,35.76,19.18
2015,54,36.02,19.33
2015,55,36.24,19.5
2015,56,36.47,19.67
2015,57,36.72,19.82
2015,58,36.88,19.95
2015,59,36.99,20.07
2015,60,37.1,20.17
2015,61,37.16,20.26
2015,62,37.32,20.33
2015,63,37.51,20.42
2015,64,37.63,20.54
2015,65,37.72,20.65
2015,66,37.83,20.78
2015,67,38.0,20.88
2015,68,38.21,21.03
2015,69,38.48,21.18
2015,70,38.76,21.36
2015,71,39.05,21.56
2015,72,39.27,21.76
2015,73,39.45,21.94
2015,74,39.65,22.11
2015,75,39.86,22.26
2015,76,40.09,22.43
2015,77,40.29,22.64
2015,78,40.48,22.82
2015,79,40.67,22.96
2015,80,40.86,23.11
2015,81,41.02,23.24
2015,82,41.16,23.38
2015,83,41.25,23.51
2015,84,41.31,23.64
2015,85,41.4,23.73
2015,86,41.47,23.79
2015,87,41.61,23.86
2015,88,41.8,23.98
2015,89,42.03,24.15
2015,90,42.24,24.33
2015,91,42.35,24.46
2015,92,42.47,24.56
2015,93,42.6,24.65
2015,94,42.74,24.75
2015,95,42.88,24.84
2015,96,43.03,24.95
2015,97,43.16,25.1
2015,98,43.27,25.22
2015,99,43.38,25.35
2015,100,43.47,25.47
2015,101,43.55,25.6
2015,102,43.6,25.72
2015,103,43.63,25.81
2015,104,43.61,25.88
2015,105,43.66,25.94
2015,106,43.79,26.03
2015,107,43.91,26.15
2015,108,44.02,26.27
2015,109,44.16,26.39
2015,110,44.31,26.52
2015,111,44.45,26.68
2015,112,44.57,26.79
2015,113,44.69,26.89
2015,114,44.82,26.98
2015,115,44.95,27.07
2015,116,45.06,27.14
2015,117,45.16,27.22
2015,118,45.24,27.32
2015,119,45.36,27.4
2015,120,45.43,27.49
2015,121,45.46,27.59
2015,122,45.47,27.7
2015,123,45.47,27.81
2015,124,45.37,27.9
2015,125,45.26,27.93
2015,126,45.13,27.93
2015,127,44.99,27.95
2015,128,44.89,27.98
2015,129,44.79,28.02
2015,130,44.72,28.07
2015,131,44.67,28.15
2015,132,44.63,28.23
2015,133,44.61,28.31
2015,134,44.56,28.41
2015,135,44.51,28.49
2015,136,44.51,28.54
2015,137,44.53,28.57
2015,138,44.53,28.59
2015,139,44.56,28.62
2015,140,44.59,28.69
2015,141,44.62,28.77
2015,142,44.66,28.84
2015,143,44.68,28.88
2015,144,44.7,28.94
2015,145,44.65,29.0
2015,146,44.56,29.07
2015,147,44.45,29.12
2015,148,44.37,29.16
2015,149,44.31,29.18
2015,150,44.25,29.21
2015,151,44.12,29.25
2015,152,44.03,29.27
2015,153,43.94,29.29
2015,154,43.82,29.33
2015,155,43.62,29.35
2015,156,43.43,29.35
2015,157,43.25,29.35
2015,158,43.08,29.37
2015,159,42.78,29.34
2015,160,42.52,29.24
2015,161,42.19,29.14
2015,162,41.95,29.07
2015,163,41.75,29.01
2015,164,41.54,28.96
2015,165,41.27,28.91
2015,166,41.08,28.86
2015,167,40.79,28.83
2015,168,40.39,28.81
2015,169,40.06,28.76
2015,170,39.81,28.71
2015,171,39.56,28.64
2015,172,39.26,28.57
2015,173,38.98,28.49
2015,174,38.87,28.44
2015,175,38.69,28.43
2015,176,38.57,28.41
2015,177,38.29,28.34
2015,178,38.0,28.24
2015,179,37.72,28.13
2015,180,37.44,28.02
2015,181,37.18,27.91
2015,182,36.92,27.8
2015,183,36.68,27.67
2015,184,36.5,27.57
2015,185,36.25,27.47
2015,186,36.05,27.39
2015,187,35.86,27.3
2015,188,35.64,27.22
2015,189,35.4,27.14
2015,190,35.19,27.05
2015,191,35.09,26.98
2015,192,34.99,26.94
2015,193,34.84,26.9
2015,194,34.67,26.88
2015,195,34.58,26.84
2015,196,34.44,26.8
2015,197,34.3,26.75
2015,198,34.26,26.69
2015,199,34.21,26.65
2015,200,34.22,26.63
2015,201,34.17,26.6
2015,202,34.05,26.56
2015,203,33.94,26.51
2015,204,33.86,26.45
2015,205,33.82,26.4
2015,206,33.7,26.35
2015,207,33.6,26.3
2015,208,33.5,26.24
2015,209,33.43,26.2
2015,210,33.38,26.15
2015,211,33.34,26.1
2015,212,33.33,26.07
2015,213,33.31,26.03
2015,214,33.19,25.99
2015,215,33.05,25.94
2015,216,32.98,25.89
2015,217,33.01,25.85
2015,218,32.98,25.84
2015,219,32.86,25.83
2015,220,32.76,25.82
2015,221,32.73,25.81
2015,222,32.86,25.79
2015,223,33.03,25.8
2015,224,33.12,25.8
2015,225,33.19,25.8
2015,226,33.19,25.8
2015,227,33.31,25.8
2015,228,33.44,25.81
2015,229,33.55,25.81
2015,230,33.7,25.81
2015,231,33.79,25.81
2015,232,33.87,25.81
2015,233,34.05,25.79
2015,234,34.26,25.78
2015,235,34.4,25.76
2015,236,34.53,25.74
2015,237,34.61,25.73
2015,238,34.68,25.7
2015,239,34.71,25.7
2015,240,34.74,25.68
2015,241,34.86,25.68
2015,242,34.84,25.68
2015,243,34.81,25.65
2015,244,34.91,25.62
2015,245,34.93,25.6
2015,246,34.94,25.55
2015,247,35.01,25.52
2015,248,35.02,25.5
2015,249,35.11,25.5
2015,250,35.29,25.5
2015,251,35.48,25.5
2015,252,35.56,25.49
2015,253,35.63,25.48
2015,254,35.76,25.45
2015,255,35.93,25.43
2015,256,36.1,25.41
2015,257,36.32,25.4
2015,258,36.59,25.41
2015,259,36.75,25.43
2015,260,36.92,25.44
2015,261,37.07,25.46
2015,262,37.15,25.47
2015,263,37.33,25.48
2015,264,37.51,25.48
2015,265,37.67,25.5
2015,266,37.84,25.52
2015,267,38.01,25.52
2015,268,38.25,25.53
2015,269,38.47,25.54
2015,270,38.67,25.52
2015,271,38.83,25.48
2015,272,38.96,25.44
2015,273,39.07,25.39
2015,274,39.19,25.35
2015,275,39.33,25.33
2015,276,39.48,25.31
2015,277,39.68,25.29
2015,278,39.84,25.25
2015,279,39.91,25.18
2015,280,39.96,25.08
2015,281,40.0,24.97
2015,282,40.05,24.85
2015,283,40.03,24.72
2015,284,40.01,24.59
2015,285,39.98,24.43
2015,286,39.95,24.29
2015,287,39.94,24.15
2015,288,39.92,24.01
2015,289,39.9,23.84
2015,290,39.87,23.66
2015,291,39.86,23.5
2015,292,39.82,23.32
2015,293,39.75,23.15
2015,294,39.67,23.0
2015,295,39.56,22.86
2015,296,39.45,22.75
2015,297,39.31,22.65
2015,298,39.17,22.53
2015,299,39.05,22.45
2015,300,38.93,22.42
2015,301,38.8,22.37
2015,302,38.66,22.33
2015,303,38.54,22.27
2015,304,38.4,22.22
2015,305,38.28,22.17
2015,306,38.14,22.12
2015,307,37.98,22.08
2015,308,37.76,22.03
2015,309,37.58,21.96
2015,310,37.46,21.88
2015,311,37.34,21.79
2015,312,37.25,21.72
2015,313,37.14,21.66
2015,314,37.0,21.55
2015,315,36.87,21.43
2015,316,36.72,21.32
2015,317,36.57,21.17
2015,318,36.39,21.01
2015,319,36.2,20.84
2015,320,36.02,20.66
2015,321,35.88,20.49
2015,322,35.79,20.33
2015,323,35.73,20.18
2015,324,35.64,20.04
2015,325,35.47,19.89
2015,326,35.26,19.78
2015,327,35.06,19.62
2015,328,34.83,19.46
2015,329,34.61,19.32
2015,330,34.46,19.2
2015,331,34.35,19.08
2015,332,34.25,19.02
2015,333,34.17,18.98
2015,334,34.14,18.93
2015,335,34.12,18.88
2015,336,34.07,18.79
2015,337,33.96,18.67
2015,338,33.84,18.56
2015,339,33.69,18.44
2015,340,33.56,18.3
2015,341,33.48,18.14
2015,342,33.41,18.01
2015,343,33.35,17.91
2015,344,33.33,17.83
2015,345,33.25,17.73
2015,346,33.13,17.62
2015,347,32.96,17.5
2015,348,32.83,17.35
2015,349,32.68,17.23
2015,350,32.52,17.14
2015,351,32.35,17.03
2015,352,32.24,16.96
2015,353,32.14,16.88
2015,354,32.02,16.8
2015,355,31.92,16.74
2015,356,31.8,16.7
2015,357,31.7,16.65
2015,358,31.51,16.57
2015,359,31.29,16.46
2015,360,31.11,16.37
2015,361,30.97,16.29
2015,362,30.86,16.18
2015,363,30.76,16.12
2015,364,30.69,16.07
2015,365,30.59,16.03
2015,366,30.53,16.0
2016,1,30.41,16.02
2016,2,30.4,15.98
2016,3,30.35,15.95
2016,4,30.38,15.92
2016,5,30.43,15.92
2016,6,30.5,15.9
2016,7,30.54,15.9
2016,8,30.66,15.95
2016,9,30.87,16.0
2016,10,31.0,16.05
2016,11,31.04,16.04
2016,12,31.13,16.02
2016,13,31.19,16.04
2016,14,31.14,16.09
2016,15,31.2,16.1
2016,16,31.22,16.08
2016,17,31.18,16.07
2016,18,31.19,16.11
2016,19,31.18,16.14
2016,20,31.18,16.15
2016,21,31.17,16.16
2016,22,31.17,16.15
2016,23,31.15,16.17
2016,24,31.17,16.2
2016,25,31.26,16.21
2016,26,31.41,16.28
2016,27,31.54,16.4
2016,28,31.64,16.47
2016,29,31.84,16.51
2016,30,32.0,16.56
2016,31,32.09,16.63
2016,32,32.23,16.67
2016,33,32.35,16.69
2016,34,32.44,16.75
2016,35,32.56,16.84
2016,36,32.7,16.91
2016,37,32.83,17.04
2016,38,32.99,17.13
2016,39,33.09,17.21
2016,40,33.17,17.31
2016,41,33.24,17.4
2016,42,33.32,17.48
2016,43,33.52,17.59
2016,44,33.71,17.7
2016,45,33.91,17.87
2016,46,34.2,18.05
2016,47,34.45,18.25
2016,48,34.68,18.45
2016,49,34.95,18.65
2016,50,35.2,18.84
2016,51,35.44,19.0
2016,52,35.67,19.16
2016,53,35.82,19.29
2016,54,36.01,19.41
2016,55,36.16,19.54
2016,56,36.38,19.65
2016,57,36.61,19.78
2016,58,36.76,19.89
2016,59,36.85,20.0
2016,60,36.95,20.09
2016,61,36.99,20.17
2016,62,37.1,20.24
2016,63,37.28,20.35
2016,64,37.42,20.47
2016,65,37.51,20.58
2016,66,37.63,20.71
2016,67,37.8,20.82
2016,68,38.07,20.96
2016,69,38.37,21.12
2016,70,38.69,21.32
2016,71,38.98,21.55
2016,72,39.21,21.75
2016,73,39.4,21.95
2016,74,39.63,22.13
2016,75,39.84,22.29
2016,76,40.11,22.48
2016,77,40.34,22.7
2016,78,40.54,22.88
2016,79,40.74,23.04
2016,80,40.95,23.19
2016,81,41.08,23.35
2016,82,41.22,23.49
2016,83,41.31,23.61
2016,84,41.37,23.74
2016,85,41.44,23.84
2016,86,41.49,23.9
2016,87,41.59,23.97
2016,88,41.75,24.09
2016,89,41.94,24.24
2016,90,42.11,24.41
2016,91,42.18,24.52
2016,92,42.28,24.61
2016,93,42.37,24.69
2016,94,42.47,24.76
2016,95,42.57,24.84
2016,96,42.72,24.92
2016,97,42.84,25.06
2016,98,42.95,25.19
2016,99,43.07,25.32
2016,100,43.18,25.45
2016,101,43.29,25.6
2016,102,43.38,25.72
2016,103,43.44,25.82
2016,104,43.44,25.89
2016,105,43.5,25.95
2016,106,43.65,26.05
2016,107,43.77,26.15
2016,108,43.88,26.27
2016,109,44.05,26.39
2016,110,44.23,26.53
2016,111,44.4,26.69
2016,112,44.55,26.81
2016,113,44.69,26.91
2016,114,44.82,26.99
2016,115,44.96,27.08
2016,116,45.06,27.15
2016,117,45.16,27.22
2016,118,45.26,27.31
2016,119,45.37,27.38
2016,120,45.44,27.47
2016,121,45.47,27.57
2016,122,45.49,27.69
2016,123,45.51,27.8
2016,124,45.41,27.89
2016,125,45.32,27.93
2016,126,45.21,27.93
2016,127,45.09,27.96
2016,128,45.01,28.0
2016,129,44.94,28.05
2016,130,44.89,28.11
2016,131,44.87,28.2
2016,132,44.87,28.29
2016,133,44.84,28.38
2016,134,44.81,28.48
2016,135,44.77,28.56
2016,136,44.78,28.62
2016,137,44.8,28.65
2016,138,44.79,28.68
2016,139,44.82,28.71
2016,140,44.85,28.77
2016,141,44.86,28.85
2016,142,44.9,28.91
2016,143,44.91,28.95
2016,144,44.93,29.0
2016,145,44.85,29.05
2016,146,44.72,29.1
2016,147,44.58,29.14
2016,148,44.48,29.17
2016,149,44.41,29.18
2016,150,44.34,29.22
2016,151,44.19,29.25
2016,152,44.06,29.26
2016,153,43.95,29.27
2016,154,43.81,29.3
2016,155,43.6,29.32
2016,156,43.41,29.32
2016,157,43.24,29.32
2016,158,43.06,29.32
2016,159,42.74,29.29
2016,160,42.48,29.2
2016,161,42.14,29.1
2016,162,41.91,29.03
2016,163,41.69,28.97
2016,164,41.47,28.92
2016,165,41.19,28.85
2016,166,40.98,28.8
2016,167,40.69,28.77
2016,168,40.24,28.75
2016,169,39.89,28.69
2016,170,39.64,28.63
2016,171,39.37,28.56
2016,172,39.04,28.48
2016,173,38.75,28.4
2016,174,38.6,28.34
2016,175,38.42,28.33
2016,176,38.33,28.32
2016,177,38.07,28.27
2016,178,37.82,28.18
2016,179,37.58,28.08
2016,180,37.32,27.99
2016,181,37.07,27.89
2016,182,36.84,27.79
2016,183,36.66,27.68
2016,184,36.52,27.59
2016,185,36.31,27.51
2016,186,36.13,27.45
2016,187,35.96,27.38
2016,188,35.82,27.32
2016,189,35.66,27.26
2016,190,35.51,27.19
2016,191,35.42,27.13
2016,192,35.33,27.09
2016,193,35.15,27.06
2016,194,34.95,27.03
2016,195,34.86,26.99
2016,196,34.73,26.94
2016,197,34.64,26.88
2016,198,34.61,26.83
2016,199,34.53,26.78
2016,200,34.48,26.75
2016,201,34.37,26.71
2016,202,34.16,26.66
2016,203,33.98,26.59
2016,204,33.82,26.51
2016,205,33.71,26.44
2016,206,33.53,26.37
2016,207,33.4,26.3
2016,208,33.29,26.24
2016,209,33.22,26.19
2016,210,33.14,26.13
2016,211,33.09,26.08
2016,212,33.04,26.04
2016,213,32.99,26.01
2016,214,32.89,25.96
2016,215,32.8,25.9
2016,216,32.76,25.85
2016,217,32.86,25.82
2016,218,32.85,25.82
2016,219,32.77,25.81
2016,220,32.73,25.8
2016,221,32.73,25.8
2016,222,32.89,25.79
2016,223,33.08,25.8
2016,224,33.19,25.81
2016,225,33.27,25.82
2016,226,33.29,25.82
2016,227,33.4,25.82
2016,228,33.55,25.82
2016,229,33.65,25.84
2016,230,33.78,25.84
2016,231,33.86,25.84
2016,232,33.93,25.84
2016,233,34.11,25.82
2016,234,34.32,25.8
2016,235,34.43,25.78
2016,236,34.55,25.76
2016,237,34.63,25.75
2016,238,34.7,25.71
2016,239,34.75,25.7
2016,240,34.8,25.69
2016,241,34.93,25.68
2016,242,34.97,25.67
2016,243,34.93,25.64
2016,244,35.08,25.62
2016,245,35.15,25.6
2016,246,35.23,25.57
2016,247,35.33,25.56
2016,248,35.38,25.56
2016,249,35.49,25.57
2016,250,35.67,25.59
2016,251,35.84,25.6
2016,252,35.91,25.61
2016,253,35.97,25.62
2016,254,36.08,25.61
2016,255,36.22,25.61
2016,256,36.33,25.59
2016,257,36.45,25.58
2016,258,36.67,25.59
2016,259,36.76,25.6
2016,260,36.87,25.58
2016,261,36.95,25.57
2016,262,36.96,25.54
2016,263,37.08,25.51
2016,264,37.22,25.48
2016,265,37.35,25.47
2016,266,37.51,25.47
2016,267,37.67,25.45
2016,268,37.9,25.42
2016,269,38.11,25.4
2016,270,38.31,25.37
2016,271,38.5,25.32
2016,272,38.68,25.28
2016,273,38.82,25.23
2016,274,38.97,25.2
2016,275,39.13,25.18
2016,276,39.31,25.16
2016,277,39.54,25.16
2016,278,39.71,25.12
2016,279,39.8,25.06
2016,280,39.87,24.98
2016,281,39.93,24.87
2016,282,39.98,24.77
2016,283,39.95,24.66
2016,284,39.94,24.55
2016,285,39.92,24.42
2016,286,39.89,24.3
2016,287,39.88,24.16
2016,288,39.87,24.03
2016,289,39.86,23.87
2016,290,39.83,23.7
2016,291,39.83,23.55
2016,292,39.8,23.39
2016,293,39.72,23.23
2016,294,39.62,23.07
2016,295,39.48,22.93
2016,296,39.33,22.82
2016,297,39.17,22.71
2016,298,39.02,22.59
2016,299,38.89,22.5
2016,300,38.78,22.46
2016,301,38.65,22.41
2016,302,38.53,22.37
2016,303,38.41,22.31
2016,304,38.27,22.25
2016,305,38.13,22.22
2016,306,37.99,22.17
2016,307,37.83,22.12
2016,308,37.62,22.07
2016,309,37.46,22.01
2016,310,37.37,21.95
2016,311,37.29,21.87
2016,312,37.21,21.8
2016,313,37.12,21.72
2016,314,36.98,21.61
2016,315,36.84,21.47
2016,316,36.68,21.36
2016,317,36.53,21.21
2016,318,36.37,21.07
2016,319,36.19,20.91
2016,320,36.03,20.75
2016,321,35.89,20.63
2016,322,35.81,20.49
2016,323,35.76,20.36
2016,324,35.65,20.21
2016,325,35.47,20.06
2016,326,35.27,19.92
2016,327,35.09,19.78
2016,328,34.89,19.64
2016,329,34.69,19.51
2016,330,34.58,19.4
2016,331,34.49,19.29
2016,332,34.4,19.22
2016,333,34.32,19.18
2016,334,34.28,19.12
2016,335,34.26,19.04
2016,336,34.21,18.93
2016,337,34.08,18.8
2016,338,33.93,18.68
2016,339,33.77,18.55
2016,340,33.63,18.41
2016,341,33.52,18.25
2016,342,33.39,18.1
2016,343,33.31,17.98
2016,344,33.24,17.87
2016,345,33.11,17.75
2016,346,32.96,17.62
2016,347,32.76,17.48
2016,348,32.62,17.31
2016,349,32.46,17.17
2016,350,32.27,17.06
2016,351,32.07,16.95
2016,352,31.94,16.85
2016,353,31.84,16.76
2016,354,31.74,16.69
2016,355,31.66,16.64
2016,356,31.57,16.62
2016,357,31.52,16.59
2016,358,31.39,16.53
2016,359,31.16,16.43
2016,360,30.97,16.35
2016,361,30.83,16.28
2016,362,30.72,16.19
2016,363,30.6,16.14
2016,364,30.54,16.09
2016,365,30.45,16.05
2016,366,30.41,16.02
2017,1,30.58,16.13
2017,2,30.59,16.1
2017,3,30.56,16.07
2017,4,30.61,16.04
2017,5,30.68,16.05
2017,6,30.75,16.04
2017,7,30.77,16.06
2017,8,30.88,16.1
2017,9,31.05,16.15
2017,10,31.14,16.17
2017,11,31.13,16.13
2017,12,31.18,16.08
2017,13,31.19,16.08
2017,14,31.12,16.11
2017,15,31.18,16.08
2017,16,31.19,16.04
2017,17,31.14,16.03
2017,18,31.13,16.06
2017,19,31.12,16.1
2017,20,31.09,16.11
2017,21,31.08,16.12
2017,22,31.09,16.11
2017,23,31.08,16.14
2017,24,31.1,16.17
2017,25,31.21,16.19
2017,26,31.39,16.28
2017,27,31.53,16.42
2017,28,31.65,16.51
2017,29,31.87,16.58
2017,30,32.02,16.64
2017,31,32.11,16.72
2017,32,32.22,16.76
2017,33,32.34,16.78
2017,34,32.42,16.83
2017,35,32.54,16.91
2017,36,32.65,16.98
2017,37,32.76,17.1
2017,38,32.92,17.17
2017,39,33.01,17.25
2017,40,33.1,17.35
2017,41,33.17,17.46
2017,42,33.27,17.54
2017,43,33.46,17.65
2017,44,33.64,17.77
2017,45,33.84,17.92
2017,46,34.12,18.1
2017,47,34.38,18.29
2017,48,34.62,18.49
2017,49,34.91,18.69
2017,50,35.16,18.87
2017,51,35.41,19.04
2017,52,35.67,19.19
2017,53,35.84,19.34
2017,54,36.06,19.47
2017,55,36.22,19.61
2017,56,36.43,19.71
2017,57,36.67,19.83
2017,58,36.82,19.94
2017,59,36.92,20.05
2017,60,37.03,20.15
2017,61,37.08,20.24
2017,62,37.19,20.32
2017,63,37.37,20.44
2017,64,37.5,20.56
2017,65,37.59,20.68
2017,66,37.7,20.81
2017,67,37.85,20.91
2017,68,38.07,21.05
2017,69,38.34,21.19
2017,70,38.64,21.38
2017,71,38.91,21.61
2017,72,39.12,21.8
2017,73,39.32,21.99
2017,74,39.55,22.16
2017,75,39.78,22.32
2017,76,40.05,22.5
2017,77,40.3,22.71
2017,78,40.51,22.88
2017,79,40.7,23.04
2017,80,40.94,23.2
2017,81,41.12,23.37
2017,82,41.3,23.53
2017,83,41.41,23.66
2017,84,41.48,23.8
2017,85,41.56,23.89
2017,86,41.62,23.95
2017,87,41.71,24.04
2017,88,41.85,24.15
2017,89,42.03,24.31
2017,90,42.16,24.48
2017,91,42.21,24.6
2017,92,42.28,24.7
2017,93,42.36,24.78
2017,94,42.45,24.84
2017,95,42.52,24.93
2017,96,42.66,25.0
2017,97,42.76,25.13
2017,98,42.88,25.25
2017,99,43.01,25.38
2017,100,43.13,25.52
2017,101,43.26,25.65
2017,102,43.35,25.77
2017,103,43.44,25.86
2017,104,43.45,25.93
2017,105,43.52,25.99
2017,106,43.66,26.07
2017,107,43.77,26.17
2017,108,43.88,26.27
2017,109,44.03,26.39
2017,110,44.19,26.52
2017,111,44.35,26.68
2017,112,44.5,26.8
2017,113,44.63,26.91
2017,114,44.74,26.99
2017,115,44.85,27.07
2017,116,44.94,27.14
2017,117,45.04,27.21
2017,118,45.11,27.31
2017,119,45.2,27.38
2017,120,45.27,27.46
2017,121,45.32,27.58
2017,122,45.37,27.71
2017,123,45.42,27.83
2017,124,45.35,27.94
2017,125,45.29,27.98
2017,126,45.2,28.0
2017,127,45.09,28.03
2017,128,45.02,28.07
2017,129,45.0,28.12
2017,130,44.98,28.2
2017,131,45.0,28.29
2017,132,45.03,28.39
2017,133,45.07,28.49
2017,134,45.08,28.6
2017,135,45.07,28.68
2017,136,45.07,28.73
2017,137,45.07,28.74
2017,138,45.07,28.77
2017,139,45.1,28.8
2017,140,45.12,28.86
2017,141,45.15,28.94
2017,142,45.19,29.01
2017,143,45.2,29.05
2017,144,45.2,29.1
2017,145,45.12,29.15
2017,146,44.98,29.18
2017,147,44.82,29.22
2017,148,44.71,29.24
2017,149,44.64,29.26
2017,150,44.58,29.3
2017,151,44.47,29.35
2017,152,44.35,29.37
2017,153,44.24,29.38
2017,154,44.11,29.41
2017,155,43.91,29.43
2017,156,43.71,29.43
2017,157,43.54,29.43
2017,158,43.36,29.44
2017,159,43.04,29.42
2017,160,42.8,29.35
2017,161,42.48,29.27
2017,162,42.26,29.21
2017,163,42.04,29.15
2017,164,41.78,29.1
2017,165,41.51,29.04
2017,166,41.29,28.99
2017,167,41.01,28.97
2017,168,40.58,28.94
2017,169,40.24,28.89
2017,170,40.0,28.82
2017,171,39.72,28.75
2017,172,39.41,28.66
2017,173,39.11,28.57
2017,174,38.97,28.5
2017,175,38.75,28.47
2017,176,38.67,28.45
2017,177,38.41,28.4
2017,178,38.16,28.31
2017,179,37.95,28.22
2017,180,37.65,28.12
2017,181,37.37,28.02
2017,182,37.12,27.91
2017,183,36.94,27.81
2017,184,36.76,27.72
2017,185,36.54,27.64
2017,186,36.35,27.58
2017,187,36.14,27.51
2017,188,35.96,27.44
2017,189,35.82,27.38
2017,190,35.66,27.32
2017,191,35.54,27.24
2017,192,35.42,27.2
2017,193,35.21,27.15
2017,194,35.0,27.1
2017,195,34.93,27.06
2017,196,34.82,27.01
2017,197,34.73,26.95
2017,198,34.69,26.9
2017,199,34.61,26.84
2017,200,34.53,26.81
2017,201,34.42,26.76
2017,202,34.23,26.71
2017,203,34.04,26.63
2017,204,33.84,26.55
2017,205,33.72,26.47
2017,206,33.52,26.4
2017,207,33.38,26.32
2017,208,33.25,26.26
2017,209,33.13,26.21
2017,210,33.04,26.16
2017,211,32.98,26.1
2017,212,32.92,26.05
2017,213,32.84,26.01
2017,214,32.72,25.95
2017,215,32.6,25.89
2017,216,32.53,25.83
2017,217,32.62,25.8
2017,218,32.6,25.8
2017,219,32.52,25.8
2017,220,32.48,25.8
2017,221,32.5,25.8
2017,222,32.67,25.8
2017,223,32.89,25.8
2017,224,33.06,25.81
2017,225,33.11,25.82
2017,226,33.09,25.82
2017,227,33.2,25.82
2017,228,33.37,25.83
2017,229,33.46,25.84
2017,230,33.55,25.84
2017,231,33.67,25.84
2017,232,33.77,25.83
2017,233,33.98,25.81
2017,234,34.22,25.79
2017,235,34.35,25.77
2017,236,34.46,25.76
2017,237,34.53,25.74
2017,238,34.59,25.71
2017,239,34.62,25.69
2017,240,34.69,25.67
2017,241,34.85,25.66
2017,242,34.89,25.65
2017,243,34.85,25.61
2017,244,35.01,25.59
2017,245,35.12,25.57
2017,246,35.19,25.54
2017,247,35.29,25.53
2017,248,35.31,25.53
2017,249,35.38,25.53
2017,250,35.55,25.54
2017,251,35.71,25.55
2017,252,35.78,25.56
2017,253,35.81,25.57
2017,254,35.91,25.56
2017,255,36.03,25.57
2017,256,36.1,25.55
2017,257,36.2,25.54
2017,258,36.4,25.55
2017,259,36.5,25.55
2017,260,36.61,25.54
2017,261,36.68,25.52
2017,262,36.67,25.49
2017,263,36.78,25.46
2017,264,36.91,25.43
2017,265,37.02,25.42
2017,266,37.18,25.41
2017,267,37.32,25.38
2017,268,37.54,25.35
2017,269,37.75,25.32
2017,270,37.98,25.28
2017,271,38.17,25.23
2017,272,38.32,25.18
2017,273,38.45,25.12
2017,274,38.6,25.08
2017,275,38.78,25.05
2017,276,38.99,25.03
2017,277,39.23,25.03
2017,278,39.41,24.99
2017,279,39.5,24.92
2017,280,39.59,24.82
2017,281,39.66,24.71
2017,282,39.72,24.62
2017,283,39.73,24.52
2017,284,39.73,24.42
2017,285,39.69,24.3
2017,286,39.69,24.19
2017,287,39.73,24.07
2017,288,39.73,23.95
2017,289,39.73,23.79
2017,290,39.7,23.63
2017,291,39.66,23.48
2017,292,39.6,23.32
2017,293,39.53,23.17
2017,294,39.44,23.02
2017,295,39.3,22.88
2017,296,39.14,22.77
2017,297,38.97,22.64
2017,298,38.8,22.5
2017,299,38.66,22.39
2017,300,38.54,22.31
2017,301,38.42,22.26
2017,302,38.29,22.22
2017,303,38.17,22.15
2017,304,38.03,22.09
2017,305,37.92,22.05
2017,306,37.8,22.0
2017,307,37.67,21.95
2017,308,37.48,21.9
2017,309,37.33,21.84
2017,310,37.26,21.77
2017,311,37.19,21.7
2017,312,37.12,21.65
2017,313,37.04,21.59
2017,314,36.91,21.49
2017,315,36.76,21.35
2017,316,36.61,21.23
2017,317,36.47,21.08
2017,318,36.32,20.92
2017,319,36.14,20.78
2017,320,35.97,20.62
2017,321,35.83,20.5
2017,322,35.73,20.37
2017,323,35.68,20.24
2017,324,35.58,20.11
2017,325,35.41,19.97
2017,326,35.23,19.85
2017,327,35.08,19.71
2017,328,34.9,19.58
2017,329,34.72,19.47
2017,330,34.62,19.39
2017,331,34.55,19.31
2017,332,34.46,19.28
2017,333,34.38,19.26
2017,334,34.33,19.21
2017,335,34.3,19.14
2017,336,34.25,19.03
2017,337,34.12,18.9
2017,338,33.96,18.75
2017,339,33.79,18.61
2017,340,33.63,18.46
2017,341,33.5,18.29
2017,342,33.36,18.15
2017,343,33.26,18.02
2017,344,33.19,17.9
2017,345,33.06,17.76
2017,346,32.91,17.61
2017,347,32.72,17.44
2017,348,32.58,17.25
2017,349,32.45,17.11
2017,350,32.28,17.01
2017,351,32.1,16.9
2017,352,31.97,16.82
2017,353,31.87,16.74
2017,354,31.75,16.68
2017,355,31.67,16.63
2017,356,31.59,16.6
2017,357,31.55,16.56
2017,358,31.43,16.5
2017,359,31.24,16.42
2017,360,31.09,16.36
2017,361,30.97,16.31
2017,362,30.88,16.25
2017,363,30.78,16.22
2017,364,30.72,16.18
2017,365,30.62,16.15
2017,366,30.58,16.13
2018,1,30.63,16.08
2018,2,30.65,16.04
2018,3,30.61,16.0
2018,4,30.64,15.96
2018,5,30.68,15.96
2018,6,30.71,15.94
2018,7,30.7,15.95
2018,8,30.78,15.98
2018,9,30.95,16.01
2018,10,31.04,16.04
2018,11,31.04,16.0
2018,12,31.07,15.96
2018,13,31.07,15.99
2018,14,31.03,16.03
2018,15,31.11,16.01
2018,16,31.13,16.0
2018,17,31.12,16.03
2018,18,31.16,16.09
2018,19,31.15,16.17
2018,20,31.15,16.2
2018,21,31.18,16.23
2018,22,31.24,16.24
2018,23,31.26,16.29
2018,24,31.3,16.34
2018,25,31.42,16.37
2018,26,31.61,16.47
2018,27,31.79,16.61
2018,28,31.89,16.68
2018,29,32.07,16.74
2018,30,32.19,16.78
2018,31,32.27,16.83
2018,32,32.35,16.86
2018,33,32.45,16.86
2018,34,32.58,16.89
2018,35,32.72,16.98
2018,36,32.84,17.06
2018,37,32.93,17.17
2018,38,33.07,17.25
2018,39,33.15,17.34
2018,40,33.23,17.44
2018,41,33.29,17.55
2018,42,33.36,17.62
2018,43,33.57,17.73
2018,44,33.76,17.84
2018,45,33.94,18.0
2018,46,34.2,18.17
2018,47,34.44,18.34
2018,48,34.67,18.53
2018,49,34.94,18.73
2018,50,35.18,18.9
2018,51,35.42,19.04
2018,52,35.67,19.18
2018,53,35.83,19.32
2018,54,36.04,19.44
2018,55,36.21,19.56
2018,56,36.42,19.66
2018,57,36.64,19.79
2018,58,36.78,19.9
2018,59,36.89,20.01
2018,60,37.02,20.12
2018,61,37.07,20.21
2018,62,37.15,20.31
2018,63,37.31,20.41
2018,64,37.43,20.49
2018,65,37.49,20.58
2018,66,37.61,20.68
2018,67,37.75,20.78
2018,68,37.98,20.89
2018,69,38.23,21.03
2018,70,38.5,21.23
2018,71,38.74,21.44
2018,72,38.96,21.63
2018,73,39.16,21.8
2018,74,39.41,21.96
2018,75,39.63,22.13
2018,76,39.93,22.31
2018,77,40.23,22.53
2018,78,40.47,22.73
2018,79,40.68,22.94
2018,80,40.96,23.15
2018,81,41.13,23.37
2018,82,41.3,23.53
2018,83,41.42,23.68
2018,84,41.49,23.82
2018,85,41.58,23.9
2018,86,41.67,23.97
2018,87,41.76,24.07
2018,88,41.89,24.2
2018,89,42.05,24.36
2018,90,42.16,24.5
2018,91,42.2,24.6
2018,92,42.25,24.68
2018,93,42.31,24.75
2018,94,42.4,24.81
2018,95,42.47,24.88
2018,96,42.62,24.95
2018,97,42.74,25.08
2018,98,42.87,25.21
2018,99,43.03,25.36
2018,100,43.17,25.51
2018,101,43.3,25.65
2018,102,43.41,25.76
2018,103,43.5,25.84
2018,104,43.53,25.91
2018,105,43.62,25.99
2018,106,43.75,26.09
2018,107,43.84,26.19
2018,108,43.92,26.29
2018,109,44.06,26.4
2018,110,44.2,26.53
2018,111,44.33,26.67
2018,112,44.44,26.77
2018,113,44.53,26.87
2018,114,44.61,26.94
2018,115,44.7,27.0
2018,116,44.78,27.07
2018,117,44.86,27.15
2018,118,44.91,27.26
2018,119,45.01,27.33
2018,120,45.09,27.41
2018,121,45.16,27.53
2018,122,45.25,27.67
2018,123,45.32,27.79
2018,124,45.27,27.9
2018,125,45.23,27.95
2018,126,45.17,27.98
2018,127,45.09,28.03
2018,128,45.06,28.08
2018,129,45.04,28.13
2018,130,45.03,28.2
2018,131,45.05,28.29
2018,132,45.11,28.39
2018,133,45.15,28.48
2018,134,45.16,28.58
2018,135,45.15,28.66
2018,136,45.15,28.71
2018,137,45.15,28.74
2018,138,45.14,28.78
2018,139,45.18,28.82
2018,140,45.21,28.89
2018,141,45.23,28.96
2018,142,45.27,29.02
2018,143,45.29,29.07
2018,144,45.29,29.13
2018,145,45.23,29.18
2018,146,45.09,29.24
2018,147,44.94,29.29
2018,148,44.83,29.33
2018,149,44.77,29.36
2018,150,44.72,29.41
2018,151,44.6,29.46
2018,152,44.46,29.47
2018,153,44.33,29.48
2018,154,44.16,29.49
2018,155,43.94,29.5
2018,156,43.72,29.49
2018,157,43.56,29.47
2018,158,43.37,29.47
2018,159,43.06,29.45
2018,160,42.83,29.37
2018,161,42.52,29.29
2018,162,42.27,29.21
2018,163,42.06,29.15
2018,164,41.79,29.1
2018,165,41.51,29.03
2018,166,41.29,28.98
2018,167,41.02,28.96
2018,168,40.57,28.93
2018,169,40.28,28.88
2018,170,40.04,28.82
2018,171,39.77,28.75
2018,172,39.47,28.68
2018,173,39.17,28.59
2018,174,39.01,28.52
2018,175,38.74,28.48
2018,176,38.62,28.45
2018,177,38.35,28.39
2018,178,38.1,28.3
2018,179,37.89,28.2
2018,180,37.6,28.1
2018,181,37.32,27.99
2018,182,37.08,27.88
2018,183,36.93,27.78
2018,184,36.73,27.7
2018,185,36.5,27.62
2018,186,36.29,27.55
2018,187,36.02,27.47
2018,188,35.8,27.4
2018,189,35.61,27.33
2018,190,35.45,27.26
2018,191,35.34,27.18
2018,192,35.21,27.13
2018,193,35.02,27.08
2018,194,34.85,27.03
2018,195,34.78,26.99
2018,196,34.63,26.94
2018,197,34.48,26.87
2018,198,34.37,26.8
2018,199,34.25,26.74
2018,200,34.14,26.7
2018,201,34.02,26.65
2018,202,33.82,26.59
2018,203,33.67,26.52
2018,204,33.51,26.44
2018,205,33.38,26.37
2018,206,33.18,26.29
2018,207,33.06,26.23
2018,208,32.91,26.16
2018,209,32.74,26.11
2018,210,32.65,26.05
2018,211,32.65,26.0
2018,212,32.65,25.97
2018,213,32.66,25.94
2018,214,32.59,25.89
2018,215,32.52,25.85
2018,216,32.48,25.81
2018,217,32.6,25.78
2018,218,32.6,25.79
2018,219,32.54,25.8
2018,220,32.53,25.8
2018,221,32.58,25.8
2018,222,32.76,25.8
2018,223,33.0,25.81
2018,224,33.19,25.82
2018,225,33.22,25.83
2018,226,33.21,25.83
2018,227,33.3,25.81
2018,228,33.42,25.82
2018,229,33.5,25.83
2018,230,33.6,25.83
2018,231,33.73,25.84
2018,232,33.83,25.83
2018,233,34.05,25.82
2018,234,34.27,25.81
2018,235,34.38,25.79
2018,236,34.47,25.78
2018,237,34.55,25.77
2018,238,34.56,25.73
2018,239,34.61,25.71
2018,240,34.7,25.7
2018,241,34.86,25.7
2018,242,34.9,25.69
2018,243,34.91,25.66
2018,244,35.07,25.65
2018,245,35.18,25.64
2018,246,35.25,25.62
2018,247,35.35,25.61
2018,248,35.38,25.62
2018,249,35.48,25.64
2018,250,35.66,25.66
2018,251,35.83,25.68
2018,252,35.91,25.7
2018,253,35.97,25.72
2018,254,36.05,25.72
2018,255,36.14,25.73
2018,256,36.21,25.71
2018,257,36.3,25.71
2018,258,36.46,25.7
2018,259,36.53,25.69
2018,260,36.61,25.66
2018,261,36.66,25.62
2018,262,36.63,25.56
2018,263,36.72,25.51
2018,264,36.82,25.45
2018,265,36.92,25.42
2018,266,37.06,25.38
2018,267,37.19,25.34
2018,268,37.38,25.3
2018,269,37.58,25.27
2018,270,37.8,25.23
2018,271,37.98,25.19
2018,272,38.13,25.14
2018,273,38.27,25.08
2018,274,38.43,25.04
2018,275,38.61,25.01
2018,276,38.81,24.99
2018,277,39.04,25.0
2018,278,39.19,24.96
2018,279,39.27,24.91
2018,280,39.37,24.83
2018,281,39.46,24.73
2018,282,39.53,24.63
2018,283,39.56,24.53
2018,284,39.57,24.43
2018,285,39.54,24.3
2018,286,39.55,24.17
2018,287,39.6,24.04
2018,288,39.61,23.92
2018,289,39.61,23.78
2018,290,39.58,23.63
2018,291,39.55,23.48
2018,292,39.54,23.32
2018,293,39.49,23.17
2018,294,39.41,23.02
2018,295,39.27,22.88
2018,296,39.1,22.76
2018,297,38.93,22.64
2018,298,38.76,22.5
2018,299,38.6,22.37
2018,300,38.47,22.3
2018,301,38.33,22.25
2018,302,38.19,22.21
2018,303,38.07,22.14
2018,304,37.95,22.07
2018,305,37.83,22.03
2018,306,37.72,21.96
2018,307,37.59,21.91
2018,308,37.42,21.85
2018,309,37.28,21.79
2018,310,37.21,21.72
2018,311,37.14,21.65
2018,312,37.06,21.59
2018,313,36.98,21.53
2018,314,36.85,21.43
2018,315,36.7,21.3
2018,316,36.54,21.18
2018,317,36.4,21.03
2018,318,36.23,20.88
2018,319,36.04,20.74
2018,320,35.85,20.57
2018,321,35.7,20.44
2018,322,35.6,20.29
2018,323,35.52,20.17
2018,324,35.41,20.03
2018,325,35.25,19.9
2018,326,35.07,19.78
2018,327,34.93,19.65
2018,328,34.76,19.52
2018,329,34.58,19.42
2018,330,34.46,19.35
2018,331,34.36,19.28
2018,332,34.2,19.26
2018,333,34.07,19.24
2018,334,33.99,19.18
2018,335,33.96,19.12
2018,336,33.89,19.03
2018,337,33.75,18.93
2018,338,33.58,18.81
2018,339,33.4,18.68
2018,340,33.21,18.53
2018,341,33.05,18.34
2018,342,32.88,18.18
2018,343,32.76,18.05
2018,344,32.65,17.92
2018,345,32.53,17.77
2018,346,32.39,17.62
2018,347,32.27,17.43
2018,348,32.17,17.24
2018,349,32.05,17.12
2018,350,31.9,17.02
2018,351,31.75,16.9
2018,352,31.62,16.8
2018,353,31.54,16.7
2018,354,31.44,16.63
2018,355,31.38,16.58
2018,356,31.34,16.57
2018,357,31.33,16.54
2018,358,31.28,16.48
2018,359,31.14,16.4
2018,360,31.0,16.33
2018,361,30.91,16.28
2018,362,30.86,16.21
2018,363,30.8,16.18
2018,364,30.77,16.13
2018,365,30.67,16.1
2018,366,30.63,16.08
2019,1,30.6,15.99
2019,2,30.6,15.94
2019,3,30.57,15.91
2019,4,30.6,15.87
2019,5,30.63,15.88
2019,6,30.64,15.89
2019,7,30.66,15.91
2019,8,30.76,15.96
2019,9,30.9,15.98
2019,10,30.99,16.02
2019,11,31.0,15.98
2019,12,31.0,15.96
2019,13,31.02,15.99
2019,14,30.98,16.04
2019,15,31.08,16.03
2019,16,31.09,16.03
2019,17,31.08,16.05
2019,18,31.11,16.11
2019,19,31.09,16.17
2019,20,31.08,16.17
2019,21,31.13,16.17
2019,22,31.18,16.15
2019,23,31.2,16.18
2019,24,31.25,16.21
2019,25,31.37,16.23
2019,26,31.57,16.32
2019,27,31.78,16.45
2019,28,31.91,16.53
2019,29,32.1,16.6
2019,30,32.19,16.66
2019,31,32.29,16.72
2019,32,32.38,16.76
2019,33,32.49,16.76
2019,34,32.62,16.8
2019,35,32.77,16.9
2019,36,32.89,16.99
2019,37,32.96,17.12
2019,38,33.06,17.22
2019,39,33.11,17.31
2019,40,33.17,17.41
2019,41,33.23,17.51
2019,42,33.32,17.57
2019,43,33.54,17.67
2019,44,33.74,17.79
2019,45,33.98,17.96
2019,46,34.25,18.14
2019,47,34.51,18.31
2019,48,34.74,18.52
2019,49,35.02,18.74
2019,50,35.28,18.91
2019,51,35.53,19.06
2019,52,35.8,19.21
2019,53,35.99,19.35
2019,54,36.23,19.48
2019,55,36.43,19.61
2019,56,36.66,19.75
2019,57,36.86,19.92
2019,58,36.98,20.06
2019,59,37.07,20.17
2019,60,37.18,20.28
2019,61,37.22,20.38
2019,62,37.3,20.47
2019,63,37.46,20.57
2019,64,37.59,20.65
2019,65,37.64,20.74
2019,66,37.74,20.86
2019,67,37.87,20.95
2019,68,38.09,21.06
2019,69,38.33,21.2
2019,70,38.56,21.39
2019,71,38.77,21.58
2019,72,38.94,21.73
2019,73,39.1,21.88
2019,74,39.32,22.02
2019,75,39.53,22.16
2019,76,39.81,22.32
2019,77,40.1,22.54
2019,78,40.33,22.73
2019,79,40.53,22.92
2019,80,40.81,23.11
2019,81,41.02,23.32
2019,82,41.22,23.5
2019,83,41.33,23.64
2019,84,41.4,23.77
2019,85,41.49,23.84
2019,86,41.59,23.91
2019,87,41.7,24.0
2019,88,41.87,24.14
2019,89,42.04,24.3
2019,90,42.15,24.45
2019,91,42.18,24.54
2019,92,42.23,24.61
2019,93,42.3,24.68
2019,94,42.38,24.75
2019,95,42.44,24.82
2019,96,42.57,24.89
2019,97,42.69,25.03
2019,98,42.84,25.17
2019,99,43.01,25.34
2019,100,43.16,25.48
2019,101,43.3,25.63
2019,102,43.41,25.74
2019,103,43.5,25.83
2019,104,43.53,25.9
2019,105,43.61,25.97
2019,106,43.74,26.06
2019,107,43.84,26.16
2019,108,43.93,26.28
2019,109,44.07,26.39
2019,110,44.21,26.53
2019,111,44.33,26.67
2019,112,44.42,26.77
2019,113,44.49,26.86
2019,114,44.56,26.92
2019,115,44.66,27.0
2019,116,44.74,27.07
2019,117,44.82,27.16
2019,118,44.89,27.27
2019,119,45.02,27.36
2019,120,45.11,27.46
2019,121,45.2,27.59
2019,122,45.28,27.75
2019,123,45.34,27.87
2019,124,45.3,27.98
2019,125,45.25,28.03
2019,126,45.19,28.06
2019,127,45.11,28.1
2019,128,45.07,28.16
2019,129,45.05,28.21
2019,130,45.04,28.28
2019,131,45.07,28.38
2019,132,45.11,28.47
2019,133,45.16,28.55
2019,134,45.17,28.65
2019,135,45.17,28.73
2019,136,45.19,28.78
2019,137,45.21,28.8
2019,138,45.22,28.85
2019,139,45.28,28.9
2019,140,45.34,28.98
2019,141,45.39,29.06
2019,142,45.44,29.13
2019,143,45.46,29.18
2019,144,45.47,29.24
2019,145,45.4,29.3
2019,146,45.26,29.35
2019,147,45.1,29.4
2019,148,44.98,29.44
2019,149,44.91,29.47
2019,150,44.85,29.52
2019,151,44.72,29.56
2019,152,44.57,29.57
2019,153,44.43,29.58
2019,154,44.23,29.59
2019,155,44.0,29.59
2019,156,43.77,29.56
2019,157,43.61,29.55
2019,158,43.42,29.54
2019,159,43.11,29.51
2019,160,42.87,29.43
2019,161,42.59,29.35
2019,162,42.41,29.29
2019,163,42.25,29.24
2019,164,42.02,29.2
2019,165,41.77,29.14
2019,166,41.58,29.1
2019,167,41.33,29.09
2019,168,40.89,29.06
2019,169,40.6,29.01
2019,170,40.36,28.95
2019,171,40.11,28.89
2019,172,39.81,28.82
2019,173,39.52,28.74
2019,174,39.37,28.66
2019,175,39.12,28.62
2019,176,38.96,28.57
2019,177,38.59,28.49
2019,178,38.26,28.38
2019,179,38.01,28.27
2019,180,37.69,28.16
2019,181,37.39,28.06
2019,182,37.14,27.95
2019,183,37.01,27.85
2019,184,36.8,27.77
2019,185,36.57,27.69
2019,186,36.32,27.62
2019,187,36.03,27.52
2019,188,35.79,27.45
2019,189,35.56,27.39
2019,190,35.4,27.31
2019,191,35.28,27.24
2019,192,35.16,27.18
2019,193,35.01,27.13
2019,194,34.8,27.07
2019,195,34.71,27.01
2019,196,34.53,26.94
2019,197,34.35,26.87
2019,198,34.23,26.79
2019,199,34.1,26.72
2019,200,34.0,26.68
2019,201,33.89,26.63
2019,202,33.73,26.58
2019,203,33.58,26.51
2019,204,33.44,26.43
2019,205,33.31,26.37
2019,206,33.12,26.3
2019,207,33.02,26.23
2019,208,32.89,26.18
2019,209,32.77,26.14
2019,210,32.71,26.09
2019,211,32.71,26.05
2019,212,32.71,26.02
2019,213,32.68,25.99
2019,214,32.61,25.94
2019,215,32.56,25.9
2019,216,32.53,25.86
2019,217,32.61,25.84
2019,218,32.61,25.85
2019,219,32.55,25.85
2019,220,32.53,25.85
2019,221,32.58,25.86
2019,222,32.74,25.85
2019,223,32.95,25.85
2019,224,33.11,25.85
2019,225,33.14,25.85
2019,226,33.1,25.84
2019,227,33.17,25.81
2019,228,33.31,25.8
2019,229,33.43,25.82
2019,230,33.55,25.82
2019,231,33.7,25.82
2019,232,33.83,25.81
2019,233,34.06,25.8
2019,234,34.25,25.78
2019,235,34.37,25.76
2019,236,34.46,25.74
2019,237,34.54,25.73
2019,238,34.56,25.7
2019,239,34.61,25.68
2019,240,34.7,25.66
2019,241,34.89,25.66
2019,242,34.97,25.65
2019,243,34.99,25.63
2019,244,35.1,25.61
2019,245,35.17,25.6
2019,246,35.21,25.58
2019,247,35.3,25.57
2019,248,35.33,25.58
2019,249,35.45,25.6
2019,250,35.63,25.63
2019,251,35.8,25.65
2019,252,35.89,25.66
2019,253,35.95,25.68
2019,254,36.04,25.68
2019,255,36.14,25.69
2019,256,36.21,25.68
2019,257,36.32,25.68
2019,258,36.49,25.68
2019,259,36.56,25.66
2019,260,36.67,25.64
2019,261,36.73,25.6
2019,262,36.7,25.53
2019,263,36.8,25.47
2019,264,36.9,25.4
2019,265,37.0,25.36
2019,266,37.14,25.32
2019,267,37.27,25.28
2019,268,37.46,25.24
2019,269,37.67,25.21
2019,270,37.89,25.19
2019,271,38.09,25.16
2019,272,38.23,25.13
2019,273,38.37,25.09
2019,274,38.56,25.05
2019,275,38.73,25.02
2019,276,38.94,25.01
2019,277,39.15,25.03
2019,278,39.3,25.02
2019,279,39.38,24.99
2019,280,39.48,24.92
2019,281,39.56,24.84
2019,282,39.64,24.76
2019,283,39.67,24.67
2019,284,39.67,24.58
2019,285,39.63,24.44
2019,286,39.64,24.3
2019,287,39.67,24.16
2019,288,39.67,24.03
2019,289,39.65,23.88
2019,290,39.62,23.74
2019,291,39.61,23.59
2019,292,39.59,23.44
2019,293,39.55,23.29
2019,294,39.49,23.14
2019,295,39.34,23.0
2019,296,39.17,22.86
2019,297,38.98,22.73
2019,298,38.81,22.59
2019,299,38.66,22.46
2019,300,38.52,22.38
2019,301,38.38,22.32
2019,302,38.23,22.28
2019,303,38.09,22.19
2019,304,37.96,22.09
2019,305,37.83,22.02
2019,306,37.69,21.93
2019,307,37.55,21.84
2019,308,37.39,21.78
2019,309,37.24,21.7
2019,310,37.17,21.62
2019,311,37.1,21.56
2019,312,37.03,21.5
2019,313,36.94,21.44
2019,314,36.82,21.33
2019,315,36.68,21.19
2019,316,36.53,21.06
2019,317,36.4,20.92
2019,318,36.26,20.78
2019,319,36.09,20.67
2019,320,35.92,20.55
2019,321,35.78,20.44
2019,322,35.68,20.3
2019,323,35.58,20.17
2019,324,35.46,20.03
2019,325,35.28,19.9
2019,326,35.09,19.78
2019,327,34.94,19.64
2019,328,34.75,19.51
2019,329,34.56,19.41
2019,330,34.42,19.35
2019,331,34.31,19.3
2019,332,34.13,19.28
2019,333,33.99,19.25
2019,334,33.89,19.18
2019,335,33.84,19.09
2019,336,33.75,18.99
2019,337,33.6,18.89
2019,338,33.43,18.78
2019,339,33.23,18.66
2019,340,33.02,18.49
2019,341,32.84,18.29
2019,342,32.66,18.13
2019,343,32.53,17.99
2019,344,32.41,17.88
2019,345,32.28,17.73
2019,346,32.14,17.55
2019,347,32.02,17.35
2019,348,31.93,17.15
2019,349,31.82,17.02
2019,350,31.68,16.92
2019,351,31.54,16.81
2019,352,31.42,16.72
2019,353,31.33,16.61
2019,354,31.26,16.52
2019,355,31.23,16.47
2019,356,31.22,16.46
2019,357,31.22,16.43
2019,358,31.19,16.37
2019,359,31.1,16.3
2019,360,30.98,16.24
2019,361,30.9,16.2
2019,362,30.86,16.14
2019,363,30.8,16.1
2019,364,30.76,16.05
2019,365,30.64,16.01
2019,366,30.6,15.99
2020,1,30.52,15.8
2020,2,30.52,15.73
2020,3,30.48,15.7
2020,4,30.52,15.66
2020,5,30.56,15.68
2020,6,30.59,15.71
2020,7,30.61,15.75
2020,8,30.69,15.82
2020,9,30.78,15.85
2020,10,30.87,15.88
2020,11,30.87,15.84
2020,12,30.86,15.84
2020,13,30.87,15.89
2020,14,30.85,15.94
2020,15,30.95,15.96
2020,16,30.98,15.97
2020,17,30.97,16.01
2020,18,30.99,16.07
2020,19,30.96,16.13
2020,20,30.94,16.13
2020,21,30.97,16.11
2020,22,31.0,16.07
2020,23,31.03,16.08
2020,24,31.1,16.12
2020,25,31.25,16.15
2020,26,31.46,16.25
2020,27,31.68,16.38
2020,28,31.8,16.47
2020,29,32.0,16.57
2020,30,32.09,16.64
2020,31,32.13,16.71
2020,32,32.19,16.74
2020,33,32.28,16.73
2020,34,32.42,16.76
2020,35,32.58,16.87
2020,36,32.74,16.98
2020,37,32.85,17.13
2020,38,32.94,17.24
2020,39,32.97,17.34
2020,40,32.99,17.43
2020,41,33.02,17.52
2020,42,33.1,17.57
2020,43,33.3,17.65
2020,44,33.49,17.75
2020,45,33.73,17.91
2020,46,34.04,18.08
2020,47,34.31,18.27
2020,48,34.55,18.47
2020,49,34.82,18.69
2020,50,35.05,18.87
2020,51,35.25,19.01
2020,52,35.49,19.14
2020,53,35.68,19.27
2020,54,35.93,19.4
2020,55,36.12,19.54
2020,56,36.33,19.69
2020,57,36.51,19.84
2020,58,36.61,19.96
2020,59,36.68,20.05
2020,60,36.79,20.15
2020,61,36.81,20.24
2020,62,36.89,20.33
2020,63,37.04,20.45
2020,64,37.17,20.52
2020,65,37.23,20.6
2020,66,37.33,20.71
2020,67,37.46,20.81
2020,68,37.67,20.91
2020,69,37.88,21.03
2020,70,38.13,21.2
2020,71,38.34,21.38
2020,72,38.5,21.55
2020,73,38.67,21.71
2020,74,38.88,21.86
2020,75,39.09,22.0
2020,76,39.4,22.16
2020,77,39.7,22.37
2020,78,39.98,22.57
2020,79,40.23,22.8
2020,80,40.56,23.03
2020,81,40.83,23.27
2020,82,41.06,23.48
2020,83,41.22,23.65
2020,84,41.33,23.81
2020,85,41.47,23.91
2020,86,41.61,24.0
2020,87,41.77,24.11
2020,88,41.96,24.26
2020,89,42.16,24.43
2020,90,42.29,24.59
2020,91,42.33,24.7
2020,92,42.41,24.77
2020,93,42.47,24.84
2020,94,42.55,24.91
2020,95,42.6,24.98
2020,96,42.73,25.04
2020,97,42.85,25.18
2020,98,42.98,25.32
2020,99,43.12,25.47
2020,100,43.21,25.6
2020,101,43.31,25.73
2020,102,43.41,25.83
2020,103,43.5,25.91
2020,104,43.53,25.98
2020,105,43.61,26.05
2020,106,43.74,26.15
2020,107,43.83,26.26
2020,108,43.91,26.37
2020,109,44.03,26.47
2020,110,44.17,26.6
2020,111,44.28,26.73
2020,112,44.37,26.82
2020,113,44.46,26.9
2020,114,44.57,26.96
2020,115,44.72,27.06
2020,116,44.81,27.14
2020,117,44.87,27.23
2020,118,44.92,27.33
2020,119,45.03,27.42
2020,120,45.1,27.51
2020,121,45.17,27.62
2020,122,45.23,27.73
2020,123,45.28,27.83
2020,124,45.28,27.92
2020,125,45.25,27.96
2020,126,45.2,27.99
2020,127,45.15,28.03
2020,128,45.12,28.08
2020,129,45.09,28.13
2020,130,45.07,28.2
2020,131,45.09,28.28
2020,132,45.14,28.38
2020,133,45.21,28.48
2020,134,45.24,28.59
2020,135,45.28,28.69
2020,136,45.32,28.76
2020,137,45.36,28.83
2020,138,45.4,28.9
2020,139,45.43,28.97
2020,140,45.49,29.05
2020,141,45.53,29.15
2020,142,45.56,29.22
2020,143,45.57,29.27
2020,144,45.58,29.33
2020,145,45.54,29.4
2020,146,45.41,29.46
2020,147,45.27,29.5
2020,148,45.15,29.53
2020,149,45.09,29.55
2020,150,45.03,29.6
2020,151,44.91,29.64
2020,152,44.76,29.65
2020,153,44.62,29.66
2020,154,44.44,29.65
2020,155,44.21,29.66
2020,156,43.95,29.64
2020,157,43.76,29.62
2020,158,43.55,29.61
2020,159,43.22,29.58
2020,160,42.97,29.49
2020,161,42.71,29.42
2020,162,42.52,29.36
2020,163,42.37,29.31
2020,164,42.14,29.26
2020,165,41.9,29.21
2020,166,41.72,29.17
2020,167,41.49,29.17
2020,168,41.06,29.14
2020,169,40.76,29.1
2020,170,40.49,29.02
2020,171,40.27,28.95
2020,172,39.98,28.88
2020,173,39.71,28.79
2020,174,39.58,28.72
2020,175,39.33,28.67
2020,176,39.15,28.62
2020,177,38.77,28.53
2020,178,38.4,28.42
2020,179,38.09,28.3
2020,180,37.71,28.18
2020,181,37.39,28.07
2020,182,37.1,27.96
2020,183,36.97,27.85
2020,184,36.78,27.77
2020,185,36.55,27.69
2020,186,36.31,27.63
2020,187,36.04,27.55
2020,188,35.81,27.48
2020,189,35.59,27.43
2020,190,35.44,27.36
2020,191,35.32,27.29
2020,192,35.23,27.24
2020,193,35.14,27.21
2020,194,35.02,27.18
2020,195,34.98,27.13
2020,196,34.83,27.05
2020,197,34.65,26.98
2020,198,34.51,26.91
2020,199,34.35,26.84
2020,200,34.21,26.79
2020,201,34.09,26.72
2020,202,33.92,26.67
2020,203,33.73,26.59
2020,204,33.57,26.51
2020,205,33.44,26.44
2020,206,33.24,26.37
2020,207,33.15,26.31
2020,208,33.01,26.24
2020,209,32.84,26.18
2020,210,32.74,26.13
2020,211,32.71,26.1
2020,212,32.72,26.07
2020,213,32.69,26.04
2020,214,32.61,25.99
2020,215,32.56,25.95
2020,216,32.56,25.92
2020,217,32.66,25.89
2020,218,32.72,25.9
2020,219,32.71,25.91
2020,220,32.69,25.92
2020,221,32.74,25.92
2020,222,32.9,25.91
2020,223,33.08,25.92
2020,224,33.25,25.92
2020,225,33.3,25.92
2020,226,33.28,25.9
2020,227,33.33,25.87
2020,228,33.48,25.85
2020,229,33.66,25.87
2020,230,33.82,25.87
2020,231,33.92,25.87
2020,232,34.02,25.86
2020,233,34.22,25.84
2020,234,34.38,25.82
2020,235,34.53,25.8
2020,236,34.62,25.78
2020,237,34.7,25.78
2020,238,34.72,25.75
2020,239,34.75,25.73
2020,240,34.83,25.72
2020,241,35.02,25.71
2020,242,35.1,25.71
2020,243,35.11,25.69
2020,244,35.17,25.68
2020,245,35.19,25.66
2020,246,35.23,25.63
2020,247,35.31,25.63
2020,248,35.31,25.63
2020,249,35.41,25.65
2020,250,35.53,25.67
2020,251,35.65,25.68
2020,252,35.71,25.69
2020,253,35.79,25.71
2020,254,35.87,25.71
2020,255,35.97,25.72
2020,256,36.04,25.7
2020,257,36.11,25.68
2020,258,36.27,25.67
2020,259,36.33,25.64
2020,260,36.46,25.61
2020,261,36.51,25.56
2020,262,36.49,25.5
2020,263,36.56,25.43
2020,264,36.65,25.35
2020,265,36.72,25.3
2020,266,36.82,25.25
2020,267,36.95,25.2
2020,268,37.13,25.15
2020,269,37.35,25.11
2020,270,37.58,25.08
2020,271,37.77,25.05
2020,272,37.94,25.03
2020,273,38.08,24.99
2020,274,38.29,24.96
2020,275,38.48,24.94
2020,276,38.72,24.93
2020,277,38.98,24.94
2020,278,39.16,24.92
2020,279,39.29,24.91
2020,280,39.45,24.86
2020,281,39.61,24.8
2020,282,39.7,24.73
2020,283,39.75,24.65
2020,284,39.75,24.58
2020,285,39.7,24.45
2020,286,39.7,24.33
2020,287,39.71,24.2
2020,288,39.7,24.08
2020,289,39.66,23.94
2020,290,39.6,23.8
2020,291,39.55,23.67
2020,292,39.5,23.54
2020,293,39.41,23.41
2020,294,39.32,23.27
2020,295,39.15,23.14
2020,296,38.98,23.02
2020,297,38.79,22.9
2020,298,38.63,22.77
2020,299,38.44,22.65
2020,300,38.29,22.58
2020,301,38.16,22.51
2020,302,38.06,22.47
2020,303,37.94,22.38
2020,304,37.82,22.3
2020,305,37.71,22.23
2020,306,37.59,22.15
2020,307,37.46,22.07
2020,308,37.32,22.0
2020,309,37.18,21.9
2020,310,37.12,21.79
2020,311,37.04,21.72
2020,312,36.97,21.63
2020,313,36.87,21.55
2020,314,36.77,21.44
2020,315,36.65,21.28
2020,316,36.48,21.14
2020,317,36.33,20.99
2020,318,36.17,20.85
2020,319,36.01,20.74
2020,320,35.83,20.61
2020,321,35.69,20.49
2020,322,35.59,20.35
2020,323,35.51,20.21
2020,324,35.38,20.09
2020,325,35.21,19.96
2020,326,35.02,19.84
2020,327,34.87,19.71
2020,328,34.69,19.6
2020,329,34.49,19.5
2020,330,34.35,19.45
2020,331,34.22,19.42
2020,332,34.04,19.42
2020,333,33.86,19.4
2020,334,33.75,19.32
2020,335,33.68,19.23
2020,336,33.6,19.11
2020,337,33.45,19.0
2020,338,33.27,18.88
2020,339,33.07,18.74
2020,340,32.86,18.57
2020,341,32.67,18.35
2020,342,32.46,18.18
2020,343,32.29,18.03
2020,344,32.14,17.9
2020,345,32.0,17.73
2020,346,31.87,17.53
2020,347,31.78,17.32
2020,348,31.72,17.11
2020,349,31.62,16.98
2020,350,31.49,16.9
2020,351,31.35,16.81
2020,352,31.23,16.73
2020,353,31.14,16.62
2020,354,31.05,16.53
2020,355,31.0,16.46
2020,356,30.97,16.44
2020,357,30.98,16.39
2020,358,30.98,16.31
2020,359,30.97,16.23
2020,360,30.87,16.17
2020,361,30.8,16.13
2020,362,30.77,16.04
2020,363,30.72,15.99
2020,364,30.68,15.93
2020,365,30.57,15.86
2020,366,30.52,15.8
2021,1,30.37,15.86
2021,2,30.32,15.79
2021,3,30.25,15.74
2021,4,30.26,15.68
2021,5,30.34,15.71
2021,6,30.35,15.77
2021,7,30.37,15.83
2021,8,30.47,15.89
2021,9,30.55,15.9
2021,10,30.65,15.91
2021,11,30.65,15.88
2021,12,30.65,15.88
2021,13,30.7,15.94
2021,14,30.69,15.98
2021,15,30.8,15.99
2021,16,30.84,16.0
2021,17,30.89,16.05
2021,18,30.97,16.11
2021,19,30.96,16.17
2021,20,30.94,16.15
2021,21,30.99,16.12
2021,22,31.04,16.08
2021,23,31.11,16.09
2021,24,31.22,16.13
2021,25,31.35,16.17
2021,26,31.54,16.27
2021,27,31.76,16.41
2021,28,31.88,16.51
2021,29,32.04,16.6
2021,30,32.11,16.67
2021,31,32.16,16.72
2021,32,32.17,16.73
2021,33,32.2,16.71
2021,34,32.29,16.73
2021,35,32.45,16.82
2021,36,32.63,16.93
2021,37,32.72,17.06
2021,38,32.8,17.18
2021,39,32.82,17.28
2021,40,32.87,17.37
2021,41,32.96,17.46
2021,42,33.09,17.52
2021,43,33.34,17.62
2021,44,33.57,17.77
2021,45,33.86,17.96
2021,46,34.18,18.16
2021,47,34.5,18.38
2021,48,34.78,18.62
2021,49,35.09,18.87
2021,50,35.3,19.06
2021,51,35.5,19.2
2021,52,35.75,19.33
2021,53,35.93,19.46
2021,54,36.17,19.59
2021,55,36.34,19.73
2021,56,36.5,19.85
2021,57,36.63,19.99
2021,58,36.67,20.09
2021,59,36.69,20.14
2021,60,36.74,20.18
2021,61,36.74,20.23
2021,62,36.82,20.3
2021,63,36.96,20.39
2021,64,37.05,20.46
2021,65,37.09,20.53
2021,66,37.15,20.62
2021,67,37.27,20.71
2021,68,37.46,20.8
2021,69,37.66,20.92
2021,70,37.91,21.1
2021,71,38.13,21.29
2021,72,38.29,21.45
2021,73,38.48,21.6
2021,74,38.71,21.76
2021,75,38.94,21.92
2021,76,39.26,22.12
2021,77,39.56,22.36
2021,78,39.84,22.58
2021,79,40.11,22.82
2021,80,40.44,23.05
2021,81,40.73,23.3
2021,82,40.99,23.52
2021,83,41.19,23.7
2021,84,41.32,23.87
2021,85,41.45,23.98
2021,86,41.57,24.08
2021,87,41.73,24.2
2021,88,41.91,24.37
2021,89,42.09,24.54
2021,90,42.22,24.69
2021,91,42.27,24.79
2021,92,42.35,24.86
2021,93,42.45,24.93
2021,94,42.56,25.01
2021,95,42.66,25.12
2021,96,42.81,25.21
2021,97,42.96,25.36
2021,98,43.08,25.52
2021,99,43.21,25.7
2021,100,43.31,25.83
2021,101,43.42,25.98
2021,102,43.53,26.09
2021,103,43.62,26.18
2021,104,43.65,26.27
2021,105,43.73,26.35
2021,106,43.85,26.43
2021,107,43.92,26.53
2021,108,43.98,26.63
2021,109,44.07,26.71
2021,110,44.19,26.81
2021,111,44.29,26.92
2021,112,44.38,27.01
2021,113,44.48,27.07
2021,114,44.62,27.13
2021,115,44.78,27.23
2021,116,44.88,27.29
2021,117,44.96,27.37
2021,118,45.04,27.46
2021,119,45.17,27.55
2021,120,45.26,27.65
2021,121,45.34,27.76
2021,122,45.43,27.87
2021,123,45.49,27.97
2021,124,45.51,28.07
2021,125,45.49,28.13
2021,126,45.44,28.17
2021,127,45.39,28.22
2021,128,45.35,28.27
2021,129,45.3,28.32
2021,130,45.27,28.39
2021,131,45.29,28.48
2021,132,45.32,28.58
2021,133,45.37,28.68
2021,134,45.39,28.78
2021,135,45.41,28.87
2021,136,45.45,28.95
2021,137,45.46,29.0
2021,138,45.5,29.06
2021,139,45.52,29.13
2021,140,45.58,29.2
2021,141,45.63,29.27
2021,142,45.65,29.33
2021,143,45.66,29.37
2021,144,45.67,29.42
2021,145,45.61,29.47
2021,146,45.47,29.51
2021,147,45.32,29.56
2021,148,45.19,29.59
2021,149,45.09,29.62
2021,150,45.0,29.66
2021,151,44.84,29.69
2021,152,44.66,29.7
2021,153,44.49,29.7
2021,154,44.27,29.67
2021,155,44.01,29.67
2021,156,43.73,29.65
2021,157,43.52,29.62
2021,158,43.29,29.6
2021,159,42.94,29.56
2021,160,42.68,29.47
2021,161,42.42,29.37
2021,162,42.19,29.29
2021,163,42.04,29.22
2021,164,41.82,29.16
2021,165,41.62,29.1
2021,166,41.45,29.06
2021,167,41.27,29.07
2021,168,40.86,29.06
2021,169,40.61,29.03
2021,170,40.37,28.96
2021,171,40.21,28.9
2021,172,39.98,28.86
2021,173,39.78,28.8
2021,174,39.72,28.75
2021,175,39.55,28.74
2021,176,39.45,28.72
2021,177,39.17,28.66
2021,178,38.84,28.57
2021,179,38.59,28.47
2021,180,38.21,28.35
2021,181,37.87,28.24
2021,182,37.57,28.12
2021,183,37.43,28.02
2021,184,37.22,27.93
2021,185,36.98,27.85
2021,186,36.7,27.77
2021,187,36.38,27.67
2021,188,36.1,27.59
2021,189,35.86,27.51
2021,190,35.67,27.43
2021,191,35.48,27.33
2021,192,35.34,27.26
2021,193,35.21,27.21
2021,194,35.07,27.17
2021,195,35.03,27.13
2021,196,34.9,27.06
2021,197,34.75,26.98
2021,198,34.63,26.91
2021,199,34.48,26.84
2021,200,34.35,26.78
2021,201,34.25,26.73
2021,202,34.15,26.68
2021,203,34.0,26.62
2021,204,33.85,26.55
2021,205,33.7,26.48
2021,206,33.52,26.42
2021,207,33.49,26.37
2021,208,33.41,26.32
2021,209,33.28,26.27
2021,210,33.23,26.23
2021,211,33.24,26.21
2021,212,33.27,26.19
2021,213,33.22,26.16
2021,214,33.13,26.11
2021,215,33.06,26.08
2021,216,33.04,26.05
2021,217,33.09,26.02
2021,218,33.08,26.02
2021,219,33.0,26.01
2021,220,32.97,26.0
2021,221,33.0,26.0
2021,222,33.07,25.98
2021,223,33.18,25.97
2021,224,33.3,25.96
2021,225,33.28,25.95
2021,226,33.22,25.92
2021,227,33.24,25.88
2021,228,33.38,25.87
2021,229,33.52,25.87
2021,230,33.67,25.87
2021,231,33.77,25.87
2021,232,33.85,25.86
2021,233,34.05,25.84
2021,234,34.24,25.82
2021,235,34.37,25.8
2021,236,34.42,25.79
2021,237,34.49,25.78
2021,238,34.49,25.74
2021,239,34.53,25.71
2021,240,34.61,25.7
2021,241,34.79,25.69
2021,242,34.87,25.68
2021,243,34.89,25.65
2021,244,34.99,25.63
2021,245,35.05,25.61
2021,246,35.08,25.59
2021,247,35.17,25.58
2021,248,35.2,25.59
2021,249,35.3,25.61
2021,250,35.46,25.64
2021,251,35.66,25.66
2021,252,35.78,25.68
2021,253,35.91,25.71
2021,254,36.03,25.72
2021,255,36.15,25.74
2021,256,36.23,25.74
2021,257,36.3,25.73
2021,258,36.47,25.73
2021,259,36.58,25.71
2021,260,36.73,25.68
2021,261,36.82,25.65
2021,262,36.82,25.59
2021,263,36.88,25.53
2021,264,36.98,25.45
2021,265,37.03,25.4
2021,266,37.11,25.34
2021,267,37.2,25.29
2021,268,37.36,25.24
2021,269,37.56,25.2
2021,270,37.78,25.18
2021,271,37.95,25.15
2021,272,38.13,25.13
2021,273,38.27,25.1
2021,274,38.44,25.08
2021,275,38.61,25.05
2021,276,38.82,25.05
2021,277,39.05,25.07
2021,278,39.23,25.05
2021,279,39.37,25.04
2021,280,39.54,24.99
2021,281,39.69,24.93
2021,282,39.79,24.88
2021,283,39.83,24.83
2021,284,39.81,24.76
2021,285,39.77,24.65
2021,286,39.76,24.54
2021,287,39.77,24.42
2021,288,39.76,24.32
2021,289,39.73,24.19
2021,290,39.67,24.04
2021,291,39.61,23.89
2021,292,39.56,23.74
2021,293,39.47,23.61
2021,294,39.37,23.47
2021,295,39.2,23.34
2021,296,39.01,23.22
2021,297,38.83,23.08
2021,298,38.66,22.94
2021,299,38.47,22.81
2021,300,38.32,22.71
2021,301,38.2,22.64
2021,302,38.1,22.56
2021,303,37.98,22.44
2021,304,37.86,22.34
2021,305,37.74,22.27
2021,306,37.62,22.21
2021,307,37.5,22.14
2021,308,37.36,22.07
2021,309,37.22,21.97
2021,310,37.15,21.87
2021,311,37.07,21.8
2021,312,37.0,21.72
2021,313,36.91,21.66
2021,314,36.82,21.55
2021,315,36.7,21.41
2021,316,36.51,21.27
2021,317,36.33,21.13
2021,318,36.16,21.0
2021,319,35.98,20.88
2021,320,35.79,20.76
2021,321,35.65,20.64
2021,322,35.54,20.48
2021,323,35.45,20.35
2021,324,35.32,20.23
2021,325,35.14,20.12
2021,326,34.95,19.99
2021,327,34.81,19.87
2021,328,34.66,19.77
2021,329,34.48,19.67
2021,330,34.35,19.6
2021,331,34.25,19.55
2021,332,34.1,19.55
2021,333,33.96,19.54
2021,334,33.87,19.48
2021,335,33.83,19.39
2021,336,33.77,19.28
2021,337,33.64,19.19
2021,338,33.47,19.08
2021,339,33.26,18.95
2021,340,33.07,18.78
2021,341,32.89,18.57
2021,342,32.66,18.4
2021,343,32.45,18.23
2021,344,32.27,18.1
2021,345,32.11,17.94
2021,346,31.95,17.75
2021,347,31.83,17.55
2021,348,31.75,17.33
2021,349,31.64,17.18
2021,350,31.51,17.08
2021,351,31.37,16.98
2021,352,31.25,16.89
2021,353,31.15,16.78
2021,354,31.1,16.68
2021,355,31.04,16.61
2021,356,30.97,16.55
2021,357,30.95,16.48
2021,358,30.92,16.38
2021,359,30.89,16.28
2021,360,30.8,16.23
2021,361,30.73,16.18
2021,362,30.7,16.09
2021,363,30.64,16.03
2021,364,30.59,15.98
2021,365,30.46,15.92
2021,366,30.37,15.86
2022,1,30.29,15.82
2022,2,30.24,15.78
2022,3,30.2,15.76
2022,4,30.22,15.73
2022,5,30.3,15.77
2022,6,30.34,15.85
2022,7,30.39,15.91
2022,8,30.5,15.97
2022,9,30.57,15.98
2022,10,30.69,15.99
2022,11,30.71,15.96
2022,12,30.71,15.97
2022,13,30.77,16.02
2022,14,30.78,16.08
2022,15,30.9,16.11
2022,16,30.94,16.13
2022,17,30.99,16.16
2022,18,31.06,16.21
2022,19,31.03,16.24
2022,20,31.0,16.2
2022,21,31.05,16.17
2022,22,31.08,16.12
2022,23,31.13,16.13
2022,24,31.23,16.14
2022,25,31.32,16.15
2022,26,31.49,16.24
2022,27,31.7,16.36
2022,28,31.79,16.46
2022,29,31.92,16.54
2022,30,31.92,16.59
2022,31,31.93,16.62
2022,32,31.91,16.62
2022,33,31.94,16.6
2022,34,32.05,16.61
2022,35,32.21,16.71
2022,36,32.41,16.82
2022,37,32.54,16.97
2022,38,32.65,17.1
2022,39,32.69,17.23
2022,40,32.76,17.34
2022,41,32.86,17.44
2022,42,32.97,17.51
2022,43,33.21,17.61
2022,44,33.45,17.75
2022,45,33.75,17.94
2022,46,34.1,18.15
2022,47,34.43,18.37
2022,48,34.72,18.62
2022,49,35.01,18.87
2022,50,35.24,19.06
2022,51,35.44,19.2
2022,52,35.7,19.34
2022,53,35.88,19.46
2022,54,36.12,19.58
2022,55,36.29,19.71
2022,56,36.46,19.84
2022,57,36.63,20.0
2022,58,36.7,20.11
2022,59,36.75,20.18
2022,60,36.84,20.24
2022,61,36.89,20.31
2022,62,37.01,20.4
2022,63,37.18,20.52
2022,64,37.3,20.61
2022,65,37.36,20.71
2022,66,37.44,20.81
2022,67,37.56,20.91
2022,68,37.78,21.01
2022,69,37.99,21.16
2022,70,38.24,21.36
2022,71,38.45,21.55
2022,72,38.6,21.71
2022,73,38.77,21.84
2022,74,39.01,21.99
2022,75,39.24,22.15
2022,76,39.52,22.34
2022,77,39.8,22.56
2022,78,40.07,22.76
2022,79,40.35,23.01
2022,80,40.69,23.25
2022,81,40.97,23.51
2022,82,41.22,23.72
2022,83,41.41,23.91
2022,84,41.54,24.06
2022,85,41.68,24.16
2022,86,41.82,24.25
2022,87,41.99,24.38
2022,88,42.17,24.55
2022,89,42.35,24.72
2022,90,42.47,24.88
2022,91,42.52,24.98
2022,92,42.59,25.05
2022,93,42.68,25.11
2022,94,42.78,25.18
2022,95,42.88,25.27
2022,96,43.02,25.36
2022,97,43.15,25.51
2022,98,43.27,25.66
2022,99,43.4,25.82
2022,100,43.49,25.98
2022,101,43.6,26.14
2022,102,43.7,26.25
2022,103,43.77,26.34
2022,104,43.78,26.42
2022,105,43.86,26.49
2022,106,43.98,26.58
2022,107,44.06,26.68
2022,108,44.11,26.79
2022,109,44.21,26.87
2022,110,44.32,26.97
2022,111,44.43,27.08
2022,112,44.52,27.17
2022,113,44.62,27.24
2022,114,44.74,27.31
2022,115,44.88,27.4
2022,116,44.97,27.45
2022,117,45.02,27.52
2022,118,45.1,27.6
2022,119,45.24,27.69
2022,120,45.32,27.81
2022,121,45.39,27.93
2022,122,45.47,28.06
2022,123,45.51,28.15
2022,124,45.51,28.25
2022,125,45.48,28.29
2022,126,45.41,28.32
2022,127,45.35,28.35
2022,128,45.33,28.4
2022,129,45.3,28.46
2022,130,45.23,28.52
2022,131,45.15,28.59
2022,132,45.15,28.67
2022,133,45.21,28.75
2022,134,45.22,28.83
2022,135,45.24,28.89
2022,136,45.27,28.94
2022,137,45.27,28.97
2022,138,45.31,29.01
2022,139,45.33,29.07
2022,140,45.38,29.14
2022,141,45.43,29.21
2022,142,45.44,29.26
2022,143,45.42,29.3
2022,144,45.4,29.32
2022,145,45.4,29.36
2022,146,45.44,29.44
2022,147,45.37,29.51
2022,148,45.26,29.57
2022,149,45.18,29.63
2022,150,45.11,29.69
2022,151,44.98,29.74
2022,152,44.82,29.77
2022,153,44.67,29.79
2022,154,44.48,29.79
2022,155,44.24,29.81
2022,156,43.99,29.8
2022,157,43.81,29.78
2022,158,43.58,29.78
2022,159,43.26,29.75
2022,160,42.98,29.67
2022,161,42.62,29.57
2022,162,42.32,29.46
2022,163,42.08,29.36
2022,164,41.79,29.27
2022,165,41.53,29.18
2022,166,41.3,29.1
2022,167,41.05,29.08
2022,168,40.63,29.03
2022,169,40.36,28.98
2022,170,40.12,28.9
2022,171,39.92,28.82
2022,172,39.66,28.76
2022,173,39.47,28.69
2022,174,39.4,28.64
2022,175,39.24,28.62
2022,176,39.15,28.61
2022,177,38.91,28.56
2022,178,38.65,28.5
2022,179,38.48,28.41
2022,180,38.21,28.33
2022,181,37.97,28.25
2022,182,37.74,28.17
2022,183,37.64,28.09
2022,184,37.47,28.02
2022,185,37.24,27.95
2022,186,36.99,27.88
2022,187,36.69,27.78
2022,188,36.42,27.69
2022,189,36.19,27.6
2022,190,36.01,27.52
2022,191,35.85,27.42
2022,192,35.72,27.36
2022,193,35.6,27.31
2022,194,35.43,27.27
2022,195,35.35,27.22
2022,196,35.2,27.15
2022,197,35.04,27.08
2022,198,34.9,27.01
2022,199,34.68,26.93
2022,200,34.5,26.86
2022,201,34.38,26.8
2022,202,34.27,26.76
2022,203,34.14,26.71
2022,204,34.0,26.64
2022,205,33.84,26.58
2022,206,33.69,26.52
2022,207,33.66,26.47
2022,208,33.58,26.42
2022,209,33.44,26.37
2022,210,33.38,26.32
2022,211,33.37,26.3
2022,212,33.39,26.27
2022,213,33.36,26.24
2022,214,33.32,26.2
2022,215,33.29,26.18
2022,216,33.32,26.15
2022,217,33.4,26.13
2022,218,33.38,26.12
2022,219,33.3,26.11
2022,220,33.29,26.11
2022,221,33.32,26.11
2022,222,33.41,26.09
2022,223,33.54,26.09
2022,224,33.67,26.08
2022,225,33.68,26.07
2022,226,33.62,26.04
2022,227,33.65,25.99
2022,228,33.79,25.97
2022,229,33.94,25.98
2022,230,34.08,25.98
2022,231,34.16,25.97
2022,232,34.22,25.95
2022,233,34.43,25.93
2022,234,34.6,25.91
2022,235,34.73,25.89
2022,236,34.75,25.87
2022,237,34.8,25.86
2022,238,34.79,25.81
2022,239,34.81,25.78
2022,240,34.85,25.76
2022,241,35.02,25.76
2022,242,35.09,25.75
2022,243,35.14,25.73
2022,244,35.25,25.72
2022,245,35.26,25.69
2022,246,35.24,25.66
2022,247,35.28,25.66
2022,248,35.24,25.66
2022,249,35.31,25.68
2022,250,35.46,25.7
2022,251,35.62,25.71
2022,252,35.7,25.72
2022,253,35.77,25.74
2022,254,35.88,25.76
2022,255,35.99,25.77
2022,256,36.06,25.76
2022,257,36.08,25.74
2022,258,36.19,25.72
2022,259,36.25,25.69
2022,260,36.42,25.67
2022,261,36.53,25.63
2022,262,36.54,25.57
2022,263,36.62,25.5
2022,264,36.73,25.42
2022,265,36.74,25.37
2022,266,36.81,25.31
2022,267,36.93,25.25
2022,268,37.13,25.2
2022,269,37.33,25.16
2022,270,37.53,25.14
2022,271,37.73,25.11
2022,272,37.94,25.1
2022,273,38.1,25.09
2022,274,38.29,25.07
2022,275,38.46,25.06
2022,276,38.68,25.06
2022,277,38.92,25.08
2022,278,39.12,25.08
2022,279,39.25,25.06
2022,280,39.47,25.01
2022,281,39.64,24.96
2022,282,39.73,24.91
2022,283,39.75,24.85
2022,284,39.74,24.78
2022,285,39.7,24.66
2022,286,39.69,24.55
2022,287,39.69,24.42
2022,288,39.65,24.3
2022,289,39.59,24.16
2022,290,39.51,24.0
2022,291,39.45,23.84
2022,292,39.39,23.7
2022,293,39.29,23.55
2022,294,39.19,23.42
2022,295,39.01,23.28
2022,296,38.81,23.14
2022,297,38.63,23.0
2022,298,38.48,22.85
2022,299,38.3,22.72
2022,300,38.16,22.62
2022,301,38.04,22.54
2022,302,37.94,22.46
2022,303,37.81,22.34
2022,304,37.69,22.23
2022,305,37.58,22.16
2022,306,37.47,22.09
2022,307,37.34,22.01
2022,308,37.21,21.94
2022,309,37.05,21.84
2022,310,36.97,21.75
2022,311,36.9,21.69
2022,312,36.83,21.61
2022,313,36.72,21.56
2022,314,36.62,21.47
2022,315,36.48,21.34
2022,316,36.3,21.23
2022,317,36.13,21.11
2022,318,35.99,21.0
2022,319,35.82,20.91
2022,320,35.65,20.8
2022,321,35.53,20.67
2022,322,35.44,20.53
2022,323,35.38,20.41
2022,324,35.29,20.3
2022,325,35.14,20.21
2022,326,34.95,20.09
2022,327,34.82,19.99
2022,328,34.63,19.89
2022,329,34.38,19.78
2022,330,34.23,19.7
2022,331,34.12,19.64
2022,332,33.97,19.64
2022,333,33.82,19.61
2022,334,33.72,19.53
2022,335,33.66,19.44
2022,336,33.58,19.34
2022,337,33.44,19.25
2022,338,33.25,19.14
2022,339,33.03,19.02
2022,340,32.83,18.84
2022,341,32.64,18.63
2022,342,32.42,18.44
2022,343,32.25,18.26
2022,344,32.14,18.11
2022,345,31.99,17.95
2022,346,31.81,17.75
2022,347,31.66,17.53
2022,348,31.57,17.3
2022,349,31.48,17.13
2022,350,31.36,17.01
2022,351,31.22,16.89
2022,352,31.1,16.78
2022,353,30.99,16.65
2022,354,30.92,16.54
2022,355,30.84,16.45
2022,356,30.74,16.38
2022,357,30.68,16.3
2022,358,30.64,16.21
2022,359,30.64,16.15
2022,360,30.59,16.1
2022,361,30.56,16.07
2022,362,30.57,15.99
2022,363,30.52,15.95
2022,364,30.47,15.91
2022,365,30.35,15.86
2022,366,30.29,15.82
2023,1,30.24,15.89
2023,2,30.17,15.84
2023,3,30.11,15.82
2023,4,30.09,15.78
2023,5,30.15,15.81
2023,6,30.16,15.86
2023,7,30.19,15.88
2023,8,30.28,15.92
2023,9,30.35,15.93
2023,10,30.47,15.94
2023,11,30.48,15.9
2023,12,30.47,15.89
2023,13,30.52,15.93
2023,14,30.57,15.98
2023,15,30.67,16.02
2023,16,30.7,16.04
2023,17,30.78,16.07
2023,18,30.85,16.11
2023,19,30.82,16.13
2023,20,30.77,16.08
2023,21,30.79,16.02
2023,22,30.82,15.96
2023,23,30.88,15.93
2023,24,30.97,15.91
2023,25,31.06,15.92
2023,26,31.22,16.0
2023,27,31.41,16.13
2023,28,31.49,16.21
2023,29,31.61,16.28
2023,30,31.63,16.29
2023,31,31.66,16.32
2023,32,31.65,16.33
2023,33,31.67,16.33
2023,34,31.81,16.36
2023,35,32.01,16.46
2023,36,32.26,16.58
2023,37,32.44,16.76
2023,38,32.57,16.93
2023,39,32.65,17.09
2023,40,32.71,17.21
2023,41,32.82,17.31
2023,42,32.95,17.37
2023,43,33.21,17.49
2023,44,33.46,17.65
2023,45,33.75,17.84
2023,46,34.1,18.05
2023,47,34.43,18.27
2023,48,34.74,18.51
2023,49,35.05,18.77
2023,50,35.28,18.97
2023,51,35.47,19.13
2023,52,35.71,19.29
2023,53,35.91,19.42
2023,54,36.16,19.54
2023,55,36.33,19.69
2023,56,36.5,19.82
2023,57,36.66,19.98
2023,58,36.74,20.08
2023,59,36.83,20.17
2023,60,36.93,20.26
2023,61,37.01,20.35
2023,62,37.15,20.47
2023,63,37.33,20.6
2023,64,37.47,20.7
2023,65,37.56,20.8
2023,66,37.67,20.92
2023,67,37.82,21.04
2023,68,38.03,21.16
2023,69,38.23,21.33
2023,70,38.48,21.52
2023,71,38.7,21.72
2023,72,38.87,21.87
2023,73,39.06,22.02
2023,74,39.29,22.17
2023,75,39.52,22.33
2023,76,39.79,22.53
2023,77,40.02,22.75
2023,78,40.3,22.96
2023,79,40.57,23.21
2023,80,40.87,23.47
2023,81,41.13,23.71
2023,82,41.34,23.91
2023,83,41.52,24.07
2023,84,41.65,24.21
2023,85,41.79,24.3
2023,86,41.95,24.4
2023,87,42.11,24.55
2023,88,42.28,24.72
2023,89,42.44,24.88
2023,90,42.57,25.02
2023,91,42.63,25.12
2023,92,42.75,25.18
2023,93,42.82,25.23
2023,94,42.92,25.29
2023,95,43.02,25.38
2023,96,43.17,25.46
2023,97,43.31,25.61
2023,98,43.42,25.76
2023,99,43.53,25.91
2023,100,43.62,26.05
2023,101,43.72,26.19
2023,102,43.81,26.29
2023,103,43.86,26.37
2023,104,43.89,26.45
2023,105,43.97,26.53
2023,106,44.1,26.62
2023,107,44.18,26.72
2023,108,44.24,26.84
2023,109,44.33,26.93
2023,110,44.44,27.04
2023,111,44.55,27.15
2023,112,44.66,27.25
2023,113,44.78,27.32
2023,114,44.91,27.41
2023,115,45.04,27.5
2023,116,45.11,27.55
2023,117,45.17,27.62
2023,118,45.24,27.7
2023,119,45.36,27.79
2023,120,45.44,27.9
2023,121,45.51,28.02
2023,122,45.59,28.14
2023,123,45.64,28.24
2023,124,45.65,28.34
2023,125,45.63,28.4
2023,126,45.58,28.42
2023,127,45.52,28.46
2023,128,45.5,28.51
2023,129,45.48,28.57
2023,130,45.41,28.63
2023,131,45.34,28.71
2023,132,45.36,28.79
2023,133,45.44,28.87
2023,134,45.47,28.94
2023,135,45.49,29.01
2023,136,45.5,29.05
2023,137,45.5,29.07
2023,138,45.53,29.11
2023,139,45.53,29.15
2023,140,45.56,29.2
2023,141,45.59,29.27
2023,142,45.59,29.32
2023,143,45.56,29.34
2023,144,45.51,29.35
2023,145,45.51,29.38
2023,146,45.54,29.45
2023,147,45.48,29.51
2023,148,45.38,29.57
2023,149,45.31,29.62
2023,150,45.25,29.68
2023,151,45.13,29.72
2023,152,44.97,29.74
2023,153,44.82,29.75
2023,154,44.63,29.74
2023,155,44.39,29.76
2023,156,44.11,29.74
2023,157,43.89,29.72
2023,158,43.64,29.71
2023,159,43.32,29.69
2023,160,43.04,29.63
2023,161,42.7,29.54
2023,162,42.37,29.45
2023,163,42.09,29.34
2023,164,41.78,29.25
2023,165,41.5,29.17
2023,166,41.26,29.11
2023,167,41.0,29.07
2023,168,40.63,29.02
2023,169,40.42,28.98
2023,170,40.22,28.9
2023,171,40.06,28.83
2023,172,39.85,28.79
2023,173,39.69,28.74
2023,174,39.64,28.71
2023,175,39.46,28.69
2023,176,39.36,28.67
2023,177,39.17,28.61
2023,178,38.94,28.55
2023,179,38.77,28.47
2023,180,38.52,28.38
2023,181,38.29,28.3
2023,182,38.04,28.21
2023,183,37.9,28.14
2023,184,37.65,28.06
2023,185,37.36,27.98
2023,186,37.07,27.89
2023,187,36.78,27.78
2023,188,36.48,27.67
2023,189,36.23,27.57
2023,190,36.06,27.47
2023,191,35.9,27.37
2023,192,35.71,27.31
2023,193,35.53,27.25
2023,194,35.37,27.21
2023,195,35.28,27.16
2023,196,35.12,27.09
2023,197,34.96,27.02
2023,198,34.74,26.94
2023,199,34.53,26.86
2023,200,34.36,26.79
2023,201,34.24,26.72
2023,202,34.14,26.69
2023,203,34.02,26.64
2023,204,33.92,26.59
2023,205,33.74,26.53
2023,206,33.58,26.47
2023,207,33.57,26.42
2023,208,33.53,26.38
2023,209,33.39,26.33
2023,210,33.32,26.28
2023,211,33.33,26.26
2023,212,33.39,26.24
2023,213,33.47,26.22
2023,214,33.48,26.19
2023,215,33.48,26.18
2023,216,33.51,26.17
2023,217,33.57,26.15
2023,218,33.56,26.14
2023,219,33.47,26.12
2023,220,33.47,26.11
2023,221,33.49,26.11
2023,222,33.54,26.09
2023,223,33.65,26.08
2023,224,33.78,26.06
2023,225,33.79,26.05
2023,226,33.75,26.01
2023,227,33.73,25.97
2023,228,33.78,25.95
2023,229,33.86,25.95
2023,230,33.98,25.94
2023,231,34.03,25.93
2023,232,34.09,25.9
2023,233,34.3,25.87
2023,234,34.49,25.86
2023,235,34.63,25.85
2023,236,34.68,25.84
2023,237,34.78,25.83
2023,238,34.78,25.79
2023,239,34.83,25.77
2023,240,34.87,25.77
2023,241,35.0,25.76
2023,242,35.12,25.75
2023,243,35.24,25.73
2023,244,35.38,25.73
2023,245,35.43,25.72
2023,246,35.46,25.7
2023,247,35.52,25.71
2023,248,35.48,25.73
2023,249,35.55,25.75
2023,250,35.68,25.77
2023,251,35.82,25.78
2023,252,35.87,25.78
2023,253,35.93,25.8
2023,254,36.01,25.81
2023,255,36.1,25.8
2023,256,36.16,25.79
2023,257,36.17,25.77
2023,258,36.23,25.75
2023,259,36.25,25.71
2023,260,36.39,25.67
2023,261,36.52,25.62
2023,262,36.57,25.55
2023,263,36.66,25.48
2023,264,36.74,25.4
2023,265,36.76,25.35
2023,266,36.86,25.3
2023,267,36.98,25.25
2023,268,37.2,25.21
2023,269,37.41,25.19
2023,270,37.64,25.19
2023,271,37.85,25.19
2023,272,38.06,25.22
2023,273,38.2,25.23
2023,274,38.39,25.22
2023,275,38.56,25.21
2023,276,38.73,25.23
2023,277,38.93,25.26
2023,278,39.11,25.25
2023,279,39.25,25.24
2023,280,39.45,25.18
2023,281,39.61,25.12
2023,282,39.68,25.06
2023,283,39.7,25.0
2023,284,39.68,24.93
2023,285,39.64,24.8
2023,286,39.61,24.68
2023,287,39.61,24.54
2023,288,39.61,24.41
2023,289,39.58,24.27
2023,290,39.51,24.11
2023,291,39.44,23.94
2023,292,39.38,23.8
2023,293,39.29,23.66
2023,294,39.19,23.52
2023,295,39.01,23.39
2023,296,38.82,23.25
2023,297,38.65,23.1
2023,298,38.48,22.93
2023,299,38.3,22.78
2023,300,38.16,22.66
2023,301,38.04,22.54
2023,302,37.93,22.43
2023,303,37.81,22.3
2023,304,37.69,22.17
2023,305,37.57,22.09
2023,306,37.47,22.02
2023,307,37.34,21.93
2023,308,37.19,21.85
2023,309,37.02,21.74
2023,310,36.94,21.65
2023,311,36.87,21.59
2023,312,36.8,21.53
2023,313,36.7,21.48
2023,314,36.59,21.41
2023,315,36.44,21.3
2023,316,36.26,21.2
2023,317,36.08,21.09
2023,318,35.93,20.99
2023,319,35.76,20.91
2023,320,35.59,20.8
2023,321,35.45,20.68
2023,322,35.36,20.54
2023,323,35.3,20.43
2023,324,35.22,20.33
2023,325,35.08,20.24
2023,326,34.9,20.11
2023,327,34.77,20.02
2023,328,34.57,19.93
2023,329,34.34,19.81
2023,330,34.2,19.71
2023,331,34.11,19.66
2023,332,33.98,19.65
2023,333,33.85,19.62
2023,334,33.76,19.54
2023,335,33.71,19.46
2023,336,33.62,19.37
2023,337,33.49,19.28
2023,338,33.32,19.17
2023,339,33.13,19.07
2023,340,32.96,18.93
2023,341,32.79,18.76
2023,342,32.6,18.59
2023,343,32.48,18.44
2023,344,32.4,18.32
2023,345,32.26,18.19
2023,346,32.08,18.01
2023,347,31.94,17.81
2023,348,31.84,17.59
2023,349,31.74,17.42
2023,350,31.6,17.29
2023,351,31.47,17.16
2023,352,31.33,17.03
2023,353,31.2,16.88
2023,354,31.11,16.75
2023,355,31.0,16.62
2023,356,30.89,16.53
2023,357,30.8,16.44
2023,358,30.71,16.32
2023,359,30.66,16.23
2023,360,30.59,16.18
2023,361,30.56,16.13
2023,362,30.56,16.06
2023,363,30.51,16.01
2023,364,30.41,15.97
2023,365,30.32,15.92
2023,366,30.24,15.89
2024,1,30.18,15.98
2024,2,30.11,15.93
2024,3,30.06,15.9
2024,4,30.06,15.86
2024,5,30.11,15.88
2024,6,30.1,15.91
2024,7,30.11,15.92
2024,8,30.17,15.93
2024,9,30.22,15.91
2024,10,30.32,15.89
2024,11,30.33,15.84
2024,12,30.35,15.84
2024,13,30.46,15.89
2024,14,30.55,15.95
2024,15,30.66,16.0
2024,16,30.7,16.01
2024,17,30.79,16.05
2024,18,30.84,16.1
2024,19,30.8,16.12
2024,20,30.76,16.07
2024,21,30.79,16.05
2024,22,30.85,16.01
2024,23,30.94,16.0
2024,24,31.06,16.02
2024,25,31.16,16.06
2024,26,31.33,16.17
2024,27,31.54,16.29
2024,28,31.64,16.37
2024,29,31.79,16.45
2024,30,31.85,16.49
2024,31,31.93,16.54
2024,32,31.96,16.58
2024,33,32.03,16.6
2024,34,32.19,16.65
2024,35,32.4,16.75
2024,36,32.69,16.88
2024,37,32.87,17.06
2024,38,33.01,17.24
2024,39,33.1,17.4
2024,40,33.2,17.51
2024,41,33.32,17.63
2024,42,33.45,17.71
2024,43,33.69,17.83
2024,44,33.9,17.97
2024,45,34.15,18.15
2024,46,34.46,18.33
2024,47,34.75,18.53
2024,48,35.03,18.75
2024,49,35.31,18.99
2024,50,35.54,19.17
2024,51,35.72,19.33
2024,52,35.94,19.48
2024,53,36.13,19.62
2024,54,36.38,19.75
2024,55,36.56,19.91
2024,56,36.72,20.05
2024,57,36.87,20.21
2024,58,36.92,20.32
2024,59,36.99,20.41
2024,60,37.11,20.5
2024,61,37.17,20.6
2024,62,37.3,20.72
2024,63,37.48,20.84
2024,64,37.62,20.92
2024,65,37.72,21.02
2024,66,37.83,21.12
2024,67,37.94,21.22
2024,68,38.13,21.33
2024,69,38.29,21.47
2024,70,38.5,21.64
2024,71,38.69,21.8
2024,72,38.83,21.93
2024,73,39.02,22.06
2024,74,39.23,22.19
2024,75,39.44,22.36
2024,76,39.68,22.55
2024,77,39.89,22.75
2024,78,40.15,22.96
2024,79,40.39,23.21
2024,80,40.66,23.45
2024,81,40.9,23.68
2024,82,41.1,23.87
2024,83,41.27,24.03
2024,84,41.44,24.16
2024,85,41.62,24.26
2024,86,41.79,24.38
2024,87,41.98,24.54
2024,88,42.2,24.73
2024,89,42.39,24.91
2024,90,42.53,25.05
2024,91,42.64,25.15
2024,92,42.78,25.22
2024,93,42.87,25.29
2024,94,42.98,25.37
2024,95,43.09,25.48
2024,96,43.25,25.58
2024,97,43.44,25.72
2024,98,43.56,25.89
2024,99,43.66,26.05
2024,100,43.75,26.19
2024,101,43.84,26.33
2024,102,43.92,26.44
2024,103,43.94,26.54
2024,104,43.95,26.61
2024,105,44.03,26.68
2024,106,44.13,26.76
2024,107,44.21,26.86
2024,108,44.26,26.97
2024,109,44.32,27.05
2024,110,44.4,27.15
2024,111,44.5,27.25
2024,112,44.56,27.35
2024,113,44.66,27.41
2024,114,44.76,27.48
2024,115,44.87,27.55
2024,116,44.91,27.59
2024,117,44.96,27.64
2024,118,45.04,27.7
2024,119,45.15,27.79
2024,120,45.26,27.91
2024,121,45.35,28.04
2024,122,45.46,28.17
2024,123,45.54,28.27
2024,124,45.61,28.37
2024,125,45.64,28.44
2024,126,45.63,28.49
2024,127,45.63,28.53
2024,128,45.65,28.61
2024,129,45.66,28.69
2024,130,45.62,28.77
2024,131,45.59,28.85
2024,132,45.63,28.94
2024,133,45.73,29.03
2024,134,45.79,29.1
2024,135,45.8,29.15
2024,136,45.81,29.19
2024,137,45.8,29.21
2024,138,45.81,29.25
2024,139,45.78,29.3
2024,140,45.79,29.34
2024,141,45.78,29.4
2024,142,45.73,29.42
2024,143,45.66,29.43
2024,144,45.61,29.43
2024,145,45.61,29.45
2024,146,45.63,29.52
2024,147,45.56,29.57
2024,148,45.44,29.62
2024,149,45.37,29.66
2024,150,45.32,29.71
2024,151,45.22,29.76
2024,152,45.09,29.78
2024,153,44.94,29.8
2024,154,44.79,29.8
2024,155,44.6,29.82
2024,156,44.36,29.82
2024,157,44.17,29.81
2024,158,43.99,29.8
2024,159,43.69,29.79
2024,160,43.4,29.74
2024,161,43.05,29.65
2024,162,42.74,29.56
2024,163,42.47,29.47
2024,164,42.18,29.38
2024,165,41.91,29.31
2024,166,41.66,29.24
2024,167,41.4,29.21
2024,168,41.01,29.15
2024,169,40.77,29.09
2024,170,40.49,28.99
2024,171,40.29,28.9
2024,172,40.08,28.84
2024,173,39.86,28.79
2024,174,39.74,28.73
2024,175,39.54,28.7
2024,176,39.47,28.67
2024,177,39.31,28.62
2024,178,39.08,28.56
2024,179,38.9,28.47
2024,180,38.63,28.37
2024,181,38.39,28.28
2024,182,38.12,28.19
2024,183,37.97,28.11
2024,184,37.72,28.02
2024,185,37.47,27.94
2024,186,37.25,27.87
2024,187,36.98,27.77
2024,188,36.73,27.67
2024,189,36.51,27.58
2024,190,36.37,27.49
2024,191,36.21,27.4
2024,192,35.98,27.33
2024,193,35.79,27.27
2024,194,35.63,27.22
2024,195,35.54,27.17
2024,196,35.36,27.11
2024,197,35.2,27.04
2024,198,34.97,26.96
2024,199,34.74,26.87
2024,200,34.57,26.8
2024,201,34.39,26.72
2024,202,34.27,26.67
2024,203,34.14,26.63
2024,204,34.04,26.57
2024,205,33.86,26.51
2024,206,33.67,26.45
2024,207,33.68,26.39
2024,208,33.63,26.36
2024,209,33.5,26.32
2024,210,33.42,26.28
2024,211,33.42,26.26
2024,212,33.5,26.24
2024,213,33.59,26.23
2024,214,33.63,26.21
2024,215,33.64,26.2
2024,216,33.7,26.2
2024,217,33.77,26.18
2024,218,33.77,26.18
2024,219,33.72,26.17
2024,220,33.74,26.16
2024,221,33.78,26.16
2024,222,33.82,26.14
2024,223,33.93,26.13
2024,224,34.05,26.11
2024,225,34.06,26.09
2024,226,34.03,26.06
2024,227,34.02,26.02
2024,228,34.06,26.01
2024,229,34.12,26.01
2024,230,34.22,26.01
2024,231,34.26,26.0
2024,232,34.33,25.97
2024,233,34.52,25.94
2024,234,34.69,25.92
2024,235,34.82,25.91
2024,236,34.87,25.9
2024,237,34.99,25.9
2024,238,34.99,25.86
2024,239,35.02,25.85
2024,240,35.05,25.84
2024,241,35.18,25.82
2024,242,35.3,25.81
2024,243,35.43,25.78
2024,244,35.59,25.77
2024,245,35.63,25.76
2024,246,35.65,25.76
2024,247,35.67,25.77
2024,248,35.62,25.77
2024,249,35.66,25.79
2024,250,35.77,25.81
2024,251,35.89,25.83
2024,252,35.93,25.84
2024,253,35.95,25.85
2024,254,36.0,25.85
2024,255,36.1,25.85
2024,256,36.14,25.84
2024,257,36.15,25.81
2024,258,36.22,25.8
2024,259,36.24,25.76
2024,260,36.4,25.72
2024,261,36.54,25.67
2024,262,36.61,25.62
2024,263,36.71,25.56
2024,264,36.82,25.49
2024,265,36.85,25.44
2024,266,36.97,25.39
2024,267,37.12,25.34
2024,268,37.37,25.3
2024,269,37.6,25.27
2024,270,37.83,25.26
2024,271,38.04,25.24
2024,272,38.23,25.24
2024,273,38.34,25.24
2024,274,38.52,25.23
2024,275,38.69,25.21
2024,276,38.85,25.22
2024,277,39.02,25.23
2024,278,39.18,25.21
2024,279,39.3,25.18
2024,280,39.47,25.13
2024,281,39.59,25.08
2024,282,39.63,25.01
2024,283,39.64,24.95
2024,284,39.62,24.86
2024,285,39.58,24.76
2024,286,39.57,24.65
2024,287,39.57,24.54
2024,288,39.56,24.42
2024,289,39.53,24.29
2024,290,39.45,24.14
2024,291,39.38,23.97
2024,292,39.32,23.83
2024,293,39.24,23.68
2024,294,39.14,23.55
2024,295,38.97,23.41
2024,296,38.78,23.26
2024,297,38.61,23.11
2024,298,38.45,22.95
2024,299,38.27,22.82
2024,300,38.13,22.71
2024,301,38.02,22.58
2024,302,37.92,22.46
2024,303,37.79,22.33
2024,304,37.67,22.2
2024,305,37.56,22.12
2024,306,37.46,22.05
2024,307,37.33,21.96
2024,308,37.17,21.88
2024,309,37.0,21.78
2024,310,36.9,21.68
2024,311,36.84,21.62
2024,312,36.76,21.56
2024,313,36.66,21.52
2024,314,36.54,21.43
2024,315,36.4,21.31
2024,316,36.24,21.2
2024,317,36.08,21.09
2024,318,35.94,20.99
2024,319,35.79,20.92
2024,320,35.63,20.8
2024,321,35.49,20.69
2024,322,35.39,20.56
2024,323,35.31,20.48
2024,324,35.23,20.38
2024,325,35.08,20.29
2024,326,34.9,20.16
2024,327,34.78,20.05
2024,328,34.6,19.95
2024,329,34.38,19.83
2024,330,34.22,19.75
2024,331,34.08,19.7
2024,332,33.89,19.68
2024,333,33.72,19.63
2024,334,33.58,19.53
2024,335,33.5,19.44
2024,336,33.4,19.33
2024,337,33.26,19.21
2024,338,33.12,19.07
2024,339,32.94,18.94
2024,340,32.76,18.79
2024,341,32.58,18.62
2024,342,32.39,18.46
2024,343,32.25,18.3
2024,344,32.13,18.16
2024,345,31.97,18.01
2024,346,31.78,17.81
2024,347,31.66,17.61
2024,348,31.58,17.39
2024,349,31.5,17.23
2024,350,31.38,17.11
2024,351,31.26,16.99
2024,352,31.14,16.87
2024,353,31.02,16.74
2024,354,30.94,16.62
2024,355,30.85,16.52
2024,356,30.77,16.45
2024,357,30.68,16.38
2024,358,30.62,16.29
2024,359,30.59,16.23
2024,360,30.56,16.19
2024,361,30.56,16.16
2024,362,30.55,16.1
2024,363,30.48,16.07
2024,364,30.36,16.03
2024,365,30.26,16.0
2024,366,30.18,15.98
